
> mobily-transformation-hub@0.1.0 test /home/user/wt/dg4-be-r4
> vitest run --project unit-node --project unit-web && vitest run --project unit-formula-nocodegen


 RUN  v3.2.4 /home/user/wt/dg4-be-r4

 ✓ |unit-web| src/pages/render-time-language.test.tsx (28 tests) 24466ms
   ✓ sign-in (dev form), 'en' → 'ar' > an invalid user name: the inline message follows the switch  645ms
   ✓ sign-in (dev form), 'en' → 'ar' > a refused sign-in: the server's problem follows the switch  477ms
   ✓ sign-in (dev form), 'ar' → 'en' > an invalid user name: the inline message follows the switch  352ms
   ✓ sign-in (dev form), 'ar' → 'en' > a refused sign-in: the server's problem follows the switch  356ms
   ✓ journey step editor, 'en' → 'ar' > a field error on a step follows the switch  2439ms
   ✓ journey step editor, 'en' → 'ar' > the form-level "Step N:" error follows the switch (prefix and message)  1730ms
   ✓ journey step editor, 'ar' → 'en' > a field error on a step follows the switch  1955ms
   ✓ journey step editor, 'ar' → 'en' > the form-level "Step N:" error follows the switch (prefix and message)  2797ms
   ✓ row-action note and reason dialog, 'en' → 'ar' > the Finance validation note's 'required' follows the switch  1649ms
   ✓ row-action note and reason dialog, 'en' → 'ar' > the Finance validation choice's 'required' follows the switch  1100ms
   ✓ row-action note and reason dialog, 'en' → 'ar' > the archive reason's 'too short' follows the switch  1216ms
   ✓ row-action note and reason dialog, 'ar' → 'en' > the Finance validation note's 'required' follows the switch  913ms
   ✓ row-action note and reason dialog, 'ar' → 'en' > the Finance validation choice's 'required' follows the switch  1304ms
   ✓ row-action note and reason dialog, 'ar' → 'en' > the archive reason's 'too short' follows the switch  721ms
   ✓ gate dialogs, 'en' → 'ar' > the submission note's field error follows the switch  306ms
   ✓ gate dialogs, 'en' → 'ar' > the decision rationale's field error follows the switch  683ms
   ✓ gate dialogs, 'ar' → 'en' > the submission note's field error follows the switch  517ms
   ✓ gate dialogs, 'ar' → 'en' > the decision rationale's field error follows the switch  526ms
   ✓ North Star statement, 'en' → 'ar' > the statement's field error follows the switch  452ms
   ✓ North Star statement, 'ar' → 'en' > the statement's field error follows the switch  426ms
   ✓ evidence dialogs, 'en' → 'ar' > upload without a file: 'required' follows the switch  844ms
   ✓ evidence dialogs, 'en' → 'ar' > a link without a record type or record: both 'required' messages follow the switch  667ms
   ✓ evidence dialogs, 'ar' → 'en' > upload without a file: 'required' follows the switch  1041ms
   ✓ evidence dialogs, 'ar' → 'en' > a link without a record type or record: both 'required' messages follow the switch  1045ms
 ✓ |unit-web| src/pages/p2.test.tsx (56 tests) 47096ms
   ✓ Diagnose > shows the six T01 dimensions with Unknown for missing values, and value pools that are never 0  2060ms
   ✓ Diagnose > shows the totals as Unknown when no pool is quantified  591ms
   ✓ Diagnose > renders the six workstreams with their key questions  1130ms
   ✓ Diagnose > edits a T01 row with only the changed fields and If-Match  2050ms
   ✓ Diagnose > a 409 on save writes nothing, compares, and re-applies on the current version  855ms
   ✓ Diagnose > a 400 validation.blank shows a localized message on its field ('en')  1346ms
   ✓ Diagnose > a 400 validation.blank shows a localized message on its field ('ar')  993ms
   ✓ Diagnose > an invisible-only value is blocked client-side with validation.blank ('en')  2201ms
   ✓ Diagnose > an invisible-only value is blocked client-side with validation.blank ('ar')  1713ms
   ✓ Diagnose > a whitespace-only T01 value is an inline blank error and sends nothing ('en')  1011ms
   ✓ Diagnose > a whitespace-only T01 value is an inline blank error and sends nothing ('ar')  924ms
   ✓ Diagnose > T01: an emptied field is sent as an explicit null; visible text is sent verbatim  1410ms
   ✓ Diagnose > Arabic: RTL with Arabic labels and the unquantified label  502ms
   ✓ Define > shows the good outcome test per outcome with pass / fail / unknown and localized reasons  442ms
   ✓ Define > requires a target date on a T02 row before sending anything  492ms
   ✓ Define > sets the North Star with one sentence and no If-Match the first time  680ms
   ✓ Define: KPI activation (F-DG2-201) > offers Activate on a draft KPI, states the unmet precondition on 422, then activates with If-Match  795ms
   ✓ Define: KPI activation (F-DG2-201) > Arabic: the Activate action and the 422 reason are in Arabic  899ms
   ✓ Define: KPI activation (F-DG2-201) > an active KPI shows Active and offers no Activate  372ms
   ✓ Charter > shows the 14 fields, the thesis, the five scope checks with pre-checks and the top-outcomes warning  375ms
   ✓ Charter > scope pre-check: an empty Out of scope reads as failing (EN and AR)  868ms
   ✓ Charter > thesis: the four parts compose the B0037 sentence (EN and AR)  429ms
   ✓ Charter > North Star (field 5): the current statement; a superseded link is flagged Stale (F-DG2-204)  371ms
   ✓ Charter > North Star (field 5): a superseded statement is never shown as the current one  383ms
   ✓ Charter > compares a version with the previous one  324ms
   ✓ Charter > create: a whitespace Case for change is an inline blank error and creates nothing ('en')  408ms
   ✓ Charter > create: a whitespace Case for change is an inline blank error and creates nothing ('ar')  907ms
   ✓ Charter > edit: a whitespace Out of scope is an inline blank error, sends nothing and keeps the value (en)  950ms
   ✓ Charter > edit: a whitespace Out of scope is an inline blank error, sends nothing and keeps the value (ar)  698ms
   ✓ Charter > edit: emptying a filled field sends null; visible text is verbatim (en)  1424ms
   ✓ Charter > edit: emptying a filled field sends null; visible text is verbatim (ar)  1455ms
   ✓ Charter > edit: a change summary alone is not a change (never a content-free version)  1305ms
   ✓ Charter > offers to create the charter when none exists  383ms
   ✓ Design > shows the ten canvas boxes and the per-dimension view  1738ms
   ✓ Design > converts an unresolved workshop item into a design decision with If-Match  1999ms
   ✓ Decisions (T04) > reads the log with kind=design and shows D-codes, options A/B/C and Open status  461ms
   ✓ Decisions (T04) > creates a design decision with inline options and an idempotency key  1088ms
   ✓ Gates (business approval) > lists G1-G6 as business approvals with live readiness, and never mentions the engineering gates  922ms
   ✓ Gates (business approval) > shows unverified evidence as unverified, the failing outcome at G2, and submits with If-Match  903ms
   ✓ Gates (business approval) > lists outcomes failing the good outcome test at G2  510ms
   ✓ Gates (business approval) > the approver's decision: rationale required; 403 and 409 problems in words  1476ms
   ✓ Gates (business approval) > gate list titles: the verbatim B0023 name once, never the code twice (EN and AR)  467ms
   ✓ Gates (business approval) > gate detail heading: the verbatim B0023 name once (EN and AR)  1078ms
   ✓ Evidence > uploads a revision as octet-stream with a percent-encoded file name and If-Match  1356ms
   ✓ Evidence > never offers review to the creator; a filename reference can only be rejected  712ms
   ✓ read-only auditor (AUD) > diagnose: no write control and a read-only note  672ms
   ✓ read-only auditor (AUD) > charter: no write control and a read-only note  494ms
   ✓ read-only auditor (AUD) > define: no write control and a read-only note  502ms
   ✓ read-only auditor (AUD) > design: no write control and a read-only note  531ms
 ✓ |unit-web| src/pages/p2-blank-forms.test.tsx (52 tests) 49199ms
   ✓ gate submission note (en) > a whitespace-only note is refused inline and nothing is sent  1381ms
   ✓ gate submission note (en) > a invisible-only note is refused inline and nothing is sent  1286ms
   ✓ gate submission note (en) > visible text is sent verbatim; an empty note is omitted  1484ms
   ✓ gate submission note (ar) > a whitespace-only note is refused inline and nothing is sent  579ms
   ✓ gate submission note (ar) > a invisible-only note is refused inline and nothing is sent  900ms
   ✓ gate submission note (ar) > visible text is sent verbatim; an empty note is omitted  1760ms
   ✓ gate decision rationale and comments (en) > a whitespace-only rationale is refused inline and nothing is sent  1761ms
   ✓ gate decision rationale and comments (en) > a invisible-only rationale is refused inline and nothing is sent  1776ms
   ✓ gate decision rationale and comments (en) > a invisible (long enough for min 3)-only rationale is refused inline and nothing is sent  963ms
   ✓ gate decision rationale and comments (en) > a whitespace-only comment is refused inline (focus on it) and nothing is sent  913ms
   ✓ gate decision rationale and comments (en) > a invisible-only comment is refused inline (focus on it) and nothing is sent  1038ms
   ✓ gate decision rationale and comments (en) > visible text is sent verbatim; empty comments are omitted; an empty rationale stays 'too short'  577ms
   ✓ gate decision rationale and comments (en) > a server 400 validation.blank on /rationale lands on the field  466ms
   ✓ gate decision rationale and comments (ar) > a whitespace-only rationale is refused inline and nothing is sent  571ms
   ✓ gate decision rationale and comments (ar) > a invisible-only rationale is refused inline and nothing is sent  808ms
   ✓ gate decision rationale and comments (ar) > a invisible (long enough for min 3)-only rationale is refused inline and nothing is sent  585ms
   ✓ gate decision rationale and comments (ar) > a whitespace-only comment is refused inline (focus on it) and nothing is sent  566ms
   ✓ gate decision rationale and comments (ar) > a invisible-only comment is refused inline (focus on it) and nothing is sent  414ms
   ✓ gate decision rationale and comments (ar) > visible text is sent verbatim; empty comments are omitted; an empty rationale stays 'too short'  474ms
   ✓ gate decision rationale and comments (ar) > a server 400 validation.blank on /rationale lands on the field  765ms
   ✓ journey step editor (en) > a whitespace-only actor is refused inline (not turned into null) and nothing is sent  900ms
   ✓ journey step editor (en) > a invisible-only actor is refused inline (not turned into null) and nothing is sent  619ms
   ✓ journey step editor (en) > several blank fields: each gets the message and focus goes to the first (name)  879ms
   ✓ journey step editor (en) > visible text is sent verbatim; emptied optional text is null; an empty name is required  1018ms
   ✓ journey step editor (ar) > a whitespace-only actor is refused inline (not turned into null) and nothing is sent  1090ms
   ✓ journey step editor (ar) > a invisible-only actor is refused inline (not turned into null) and nothing is sent  853ms
   ✓ journey step editor (ar) > several blank fields: each gets the message and focus goes to the first (name)  844ms
   ✓ journey step editor (ar) > visible text is sent verbatim; emptied optional text is null; an empty name is required  1596ms
   ✓ Finance validation note and archive reason (en) > note: a whitespace-only note is refused inline and nothing is sent  640ms
   ✓ Finance validation note and archive reason (en) > note: a invisible-only note is refused inline and nothing is sent  1229ms
   ✓ Finance validation note and archive reason (en) > note: empty is 'required'; visible text is sent verbatim  1298ms
   ✓ Finance validation note and archive reason (en) > reason: a whitespace-only reason is refused inline and nothing is archived  889ms
   ✓ Finance validation note and archive reason (en) > reason: a invisible-only reason is refused inline and nothing is archived  568ms
   ✓ Finance validation note and archive reason (en) > reason: a server 400 validation.blank on /reason is the field message, not a generic error  1026ms
   ✓ Finance validation note and archive reason (en) > reason: a reason with U+0000 is refused inline with the localized message and nothing is archived  675ms
   ✓ Finance validation note and archive reason (en) > reason: a server 400 validation.invalid_character on /reason is the localized field message  997ms
   ✓ Finance validation note and archive reason (en) > reason: empty keeps 'too short'; visible text is sent verbatim  1489ms
   ✓ Finance validation note and archive reason (ar) > note: a whitespace-only note is refused inline and nothing is sent  1438ms
   ✓ Finance validation note and archive reason (ar) > note: a invisible-only note is refused inline and nothing is sent  770ms
   ✓ Finance validation note and archive reason (ar) > note: empty is 'required'; visible text is sent verbatim  1399ms
   ✓ Finance validation note and archive reason (ar) > reason: a whitespace-only reason is refused inline and nothing is archived  1365ms
   ✓ Finance validation note and archive reason (ar) > reason: a invisible-only reason is refused inline and nothing is archived  1279ms
   ✓ Finance validation note and archive reason (ar) > reason: a server 400 validation.blank on /reason is the field message, not a generic error  1442ms
   ✓ Finance validation note and archive reason (ar) > reason: a reason with U+0000 is refused inline with the localized message and nothing is archived  1139ms
   ✓ Finance validation note and archive reason (ar) > reason: a server 400 validation.invalid_character on /reason is the localized field message  1276ms
   ✓ Finance validation note and archive reason (ar) > reason: empty keeps 'too short'; visible text is sent verbatim  750ms
   ✓ North Star statement (en) > a whitespace-only statement is refused inline and nothing is sent  597ms
   ✓ North Star statement (en) > a invisible-only statement is refused inline and nothing is sent  553ms
   ✓ North Star statement (ar) > a whitespace-only statement is refused inline and nothing is sent  487ms
   ✓ North Star statement (ar) > a invisible-only statement is refused inline and nothing is sent  433ms
   ✓ P1 transformation edit: server validation.blank on /name (ar) > is the localized field message, not only a generic failure  436ms
 ✓ |unit-web| src/pages/portfolio/portfolio.test.tsx (32 tests) 25229ms
   ✓ Portfolio (en) > lists code, name, wave, owners and three separate columns: proposed rank, selection and funding  2444ms
   ✓ Portfolio (en) > the proposed rank is Unknown (never 0) when the prioritization view is unavailable  891ms
   ✓ Portfolio (en) > filters by status and wave on the server  474ms
   ✓ Portfolio (en) > creates a draft at any time: POST /initiatives with the transformation and an Idempotency-Key  2634ms
   ✓ Portfolio (en) > the read-only auditor sees the list with no enabled write control  798ms
   ✓ Portfolio (en) > outcome hierarchy: five levels, an Unknown target is Unknown (never 0)  305ms
   ✓ Portfolio (ar) > lists code, name, wave, owners and three separate columns: proposed rank, selection and funding  473ms
   ✓ Portfolio (ar) > the proposed rank is Unknown (never 0) when the prioritization view is unavailable  644ms
   ✓ Portfolio (ar) > filters by status and wave on the server  1097ms
   ✓ Portfolio (ar) > creates a draft at any time: POST /initiatives with the transformation and an Idempotency-Key  804ms
   ✓ Portfolio (ar) > the read-only auditor sees the list with no enabled write control  931ms
   ✓ Initiative Card (en) > shows all 14 T05 fields in the source order and the 3-7 deliverables warning (a warning, not a block)  769ms
   ✓ Initiative Card (en) > submit refused: 'Case for change not yet approved (G1)…' is the dialog's one translated alert  969ms
   ✓ Initiative Card (en) > submit refused: 'Outcome before activity…' (validation at /outcomeContributions) is translated  643ms
   ✓ Initiative Card (en) > launch refused: 'North Star, outcomes and target state not yet approved', then 'Selected - unfunded…'  888ms
   ✓ Initiative Card (en) > select is a labelled business approval: rationale required, If-Match, no 'on behalf of' control  887ms
   ✓ Initiative Card (en) > a 409 shows the conflict banner and reloads  682ms
   ✓ Initiative Card (en) > a gap link to another TOM record shows 'A project portfolio is not a Target Operating Model…'  1041ms
   ✓ Initiative Card (en) > an outcome contribution needs an outcome; the KPI is optional and labelled so  1109ms
   ✓ Initiative Card (en) > the read-only auditor sees the card with no enabled write control  491ms
   ✓ Initiative Card (en) > a cancelled initiative is read-only even for the lead  365ms
   ✓ Initiative Card (ar) > shows all 14 T05 fields in the source order and the 3-7 deliverables warning (a warning, not a block)  810ms
   ✓ Initiative Card (ar) > submit refused: 'Case for change not yet approved (G1)…' is the dialog's one translated alert  475ms
   ✓ Initiative Card (ar) > submit refused: 'Outcome before activity…' (validation at /outcomeContributions) is translated  468ms
   ✓ Initiative Card (ar) > launch refused: 'North Star, outcomes and target state not yet approved', then 'Selected - unfunded…'  750ms
   ✓ Initiative Card (ar) > select is a labelled business approval: rationale required, If-Match, no 'on behalf of' control  813ms
   ✓ Initiative Card (ar) > a 409 shows the conflict banner and reloads  481ms
   ✓ Initiative Card (ar) > a gap link to another TOM record shows 'A project portfolio is not a Target Operating Model…'  599ms
   ✓ Initiative Card (ar) > an outcome contribution needs an outcome; the KPI is optional and labelled so  510ms
   ✓ Initiative Card (ar) > a cancelled initiative is read-only even for the lead  400ms
 ✓ |unit-web| src/auth/session-bound.test.tsx (34 tests) 19299ms
   ✓ F-DG2-530/580 no effect of A's action after a further await once the tab is B's (en) > Y1: a create whose post-create GET /me returns B: B is not navigated and never sees A's code or name  1330ms
   ✓ F-DG2-530/580 no effect of A's action after a further await once the tab is B's (en) > Y1c: the same create under one identity still lands on the created record  778ms
   ✓ F-DG2-530/580 no effect of A's action after a further await once the tab is B's (en) > Y1c (not visible to the creator): the creator still gets 'created, but you cannot open it' with the 201's code  420ms
   ✓ F-DG2-530/580 no effect of A's action after a further await once the tab is B's (en) > router state left in history (Back/Forward) never shows A's created record to B  338ms
   ✓ F-DG2-530/580 no effect of A's action after a further await once the tab is B's (en) > an edit whose identity changes between its awaits: B is not navigated to A's record and keeps nothing of A's  709ms
   ✓ F-DG2-530/580 no effect of A's action after a further await once the tab is B's (en) > an organization create whose identity changes between its awaits: B is not navigated to A's new organization  1081ms
   ✓ F-DG2-530/580 no effect of A's action after a further await once the tab is B's (en) > a user create whose identity changes between its awaits: B is not navigated to A's new user  688ms
   ✓ F-DG2-530/580 no effect of A's action after a further await once the tab is B's (en) > sanity: the organization and user creates under one identity still navigate to the new record  1045ms
   ✓ F-DG2-530/580 no effect of A's action after a further await once the tab is B's (en) > sanity: an edit under one identity (a same-identity /me between its awaits) still updates the cache and navigates  323ms
   ✓ F-DG2-570 the header and the data of ONE identity on in-app navigation (en) > N1: B signed in elsewhere, no focus event: opening A's record asks GET /me first; B's header above B's answer  388ms
   ✓ F-DG2-570 the header and the data of ONE identity on in-app navigation (en) > N2: opening the list: B's header with B's list and B's permissions, never A's header or A's empty-state  438ms
   ✓ F-DG2-570 the header and the data of ONE identity on in-app navigation (en) > N0 (the reviewer's Y5): B signed in a moment ago, no time passes, no focus event: the next page is B's under B's header  333ms
   ✓ F-DG2-570 the header and the data of ONE identity on in-app navigation (en) > bounded: one GET /me per navigation, shared by the page's burst; other GETs only after the window; same identity kept  363ms
   ✓ F-DG2-530/580 no effect of A's action after a further await once the tab is B's (ar) > Y1: a create whose post-create GET /me returns B: B is not navigated and never sees A's code or name  787ms
   ✓ F-DG2-530/580 no effect of A's action after a further await once the tab is B's (ar) > Y1c: the same create under one identity still lands on the created record  698ms
   ✓ F-DG2-530/580 no effect of A's action after a further await once the tab is B's (ar) > an edit whose identity changes between its awaits: B is not navigated to A's record and keeps nothing of A's  590ms
   ✓ F-DG2-530/580 no effect of A's action after a further await once the tab is B's (ar) > an organization create whose identity changes between its awaits: B is not navigated to A's new organization  1311ms
   ✓ F-DG2-530/580 no effect of A's action after a further await once the tab is B's (ar) > a user create whose identity changes between its awaits: B is not navigated to A's new user  701ms
   ✓ F-DG2-530/580 no effect of A's action after a further await once the tab is B's (ar) > sanity: the organization and user creates under one identity still navigate to the new record  772ms
   ✓ F-DG2-530/580 no effect of A's action after a further await once the tab is B's (ar) > sanity: an edit under one identity (a same-identity /me between its awaits) still updates the cache and navigates  327ms
   ✓ F-DG2-570 the header and the data of ONE identity on in-app navigation (ar) > N1: B signed in elsewhere, no focus event: opening A's record asks GET /me first; B's header above B's answer  589ms
   ✓ F-DG2-570 the header and the data of ONE identity on in-app navigation (ar) > N2: opening the list: B's header with B's list and B's permissions, never A's header or A's empty-state  325ms
   ✓ F-DG2-570 the header and the data of ONE identity on in-app navigation (ar) > N0 (the reviewer's Y5): B signed in a moment ago, no time passes, no focus event: the next page is B's under B's header  392ms
   ✓ F-DG2-570 the header and the data of ONE identity on in-app navigation (ar) > bounded: one GET /me per navigation, shared by the page's burst; other GETs only after the window; same identity kept  390ms
   ✓ the convention: no raw navigate or cache write in app code (T-DG2-FE15) > the ESLint rule refuses a raw navigate, a raw cache write and a useNavigate import in a page  3250ms
 ✓ |unit-web| src/pages/prioritization/prioritization.test.tsx (20 tests) 18780ms
   ✓ prioritization (en) > ranked table: an incomplete score is 'incomplete' (never a number), 3.30 complete; 0–100 shows 57.5 with its label  1622ms
   ✓ prioritization (en) > scorecard: 6 is refused inline and nothing is sent; 4 is POSTed as the integer; the weighted score is read-only 'incomplete'  1618ms
   ✓ prioritization (en) > weight sets: the live total refuses 95% and 105%; 100% is accepted and POSTed as decimal strings  1092ms
   ✓ prioritization (en) > weight sets: the proposer is never offered approval; another approver's approval is a business approval with If-Match; 403 SoD is translated  1775ms
   ✓ prioritization (en) > weight set approval: a 409 shows the conflict banner and reloads  829ms
   ✓ prioritization (en) > ranking history: causes are translated from codes, including 'weight version 2', score change and the override reason  418ms
   ✓ prioritization (en) > overrides: a reason is required (missing and invisible-only are refused, nothing sent); with a reason it is POSTed  1031ms
   ✓ prioritization (en) > the read-only auditor sees the data and no enabled write control  524ms
   ✓ prioritization (en) > a portfolio above 500 eligible initiatives is the translated 422 state, not an empty table  321ms
   ✓ prioritization (en) > never mentions a delivery gate (DG0–DG7)  412ms
   ✓ prioritization (ar) > ranked table: an incomplete score is 'incomplete' (never a number), 3.30 complete; 0–100 shows 57.5 with its label  969ms
   ✓ prioritization (ar) > scorecard: 6 is refused inline and nothing is sent; 4 is POSTed as the integer; the weighted score is read-only 'incomplete'  1144ms
   ✓ prioritization (ar) > weight sets: the live total refuses 95% and 105%; 100% is accepted and POSTed as decimal strings  1088ms
   ✓ prioritization (ar) > weight sets: the proposer is never offered approval; another approver's approval is a business approval with If-Match; 403 SoD is translated  1589ms
   ✓ prioritization (ar) > weight set approval: a 409 shows the conflict banner and reloads  1101ms
   ✓ prioritization (ar) > overrides: a reason is required (missing and invisible-only are refused, nothing sent); with a reason it is POSTed  955ms
   ✓ prioritization (ar) > the read-only auditor sees the data and no enabled write control  1006ms
   ✓ prioritization (ar) > never mentions a delivery gate (DG0–DG7)  760ms
 ✓ |unit-web| src/pages/business-cases/business-cases.test.tsx (18 tests) 18638ms
   ✓ business cases (en) > register: levels, Finance baseline states with text (Stale is never green) and drafts  1859ms
   ✓ business cases (en) > detail: all ten sections, totals with gross / cost / net apart, net Unknown (never 0), roll-up by reference  1092ms
   ✓ business cases (en) > totals: a partial total says how many Unknown lines it leaves out  673ms
   ✓ business cases (en) > sections: saves only the changed section with If-Match; blank text is refused inline and nothing is sent  1300ms
   ✓ business cases (en) > sections: a 409 shows the standard conflict panel (nothing saved) with the current values  1477ms
   ✓ business cases (en) > lines: exactly one class from one select; the value basis follows the class; a 422 is translated  1314ms
   ✓ business cases (en) > Finance validation: a business approval for FIN who did not author the case; If-Match; translated 403  1633ms
   ✓ business cases (en) > Finance validation: the case author sees no validate action, only the separation-of-duties note  678ms
   ✓ business cases (ar) > register: levels, Finance baseline states with text (Stale is never green) and drafts  776ms
   ✓ business cases (ar) > detail: all ten sections, totals with gross / cost / net apart, net Unknown (never 0), roll-up by reference  916ms
   ✓ business cases (ar) > totals: a partial total says how many Unknown lines it leaves out  792ms
   ✓ business cases (ar) > sections: saves only the changed section with If-Match; blank text is refused inline and nothing is sent  2049ms
   ✓ business cases (ar) > sections: a 409 shows the standard conflict panel (nothing saved) with the current values  665ms
   ✓ business cases (ar) > lines: exactly one class from one select; the value basis follows the class; a 422 is translated  1128ms
   ✓ business cases (ar) > Finance validation: a business approval for FIN who did not author the case; If-Match; translated 403  848ms
   ✓ business cases (ar) > Finance validation: the case author sees no validate action, only the separation-of-duties note  566ms
   ✓ business cases (ar) > read-only auditor: the ten sections as text, no enabled write control, the read-only note  592ms
 ✓ |unit-web| src/pages/raid/raid.test.tsx (18 tests) 18496ms
   ✓ RAID and actions screens (en) > T15 register: nine columns, Probability n/a outside Risk, per-type mitigation header, Dependency links to T08  2030ms
   ✓ RAID and actions screens (en) > Dependency form: 'To' initiative required, no probability; nothing is sent without it  1187ms
   ✓ RAID and actions screens (en) > Dependency edit has no 'In progress'; a Risk edit offers it; a closed Dependency shows no closure fields  1305ms
   ✓ RAID and actions screens (en) > an Issue with a probability is refused by the server; the 422 is translated in one alert  699ms
   ✓ RAID and actions screens (en) > action register: source, follow-up date and overdue flag; edit sends If-Match  5561ms
   ✓ RAID and actions screens (en) > rules: a rule without a stored row is labelled Default; saving it creates the row (POST, no If-Match)  417ms
   ✓ RAID and actions screens (en) > the read-only auditor sees the register without any write control  1093ms
   ✓ RAID and actions screens (ar) > T15 register: nine columns, Probability n/a outside Risk, per-type mitigation header, Dependency links to T08  405ms
   ✓ RAID and actions screens (ar) > Dependency form: 'To' initiative required, no probability; nothing is sent without it  864ms
   ✓ RAID and actions screens (ar) > Dependency edit has no 'In progress'; a Risk edit offers it; a closed Dependency shows no closure fields  820ms
   ✓ RAID and actions screens (ar) > an Issue with a probability is refused by the server; the 422 is translated in one alert  426ms
   ✓ RAID and actions screens (ar) > action register: source, follow-up date and overdue flag; edit sends If-Match  2007ms
   ✓ RAID and actions screens (ar) > corrective case: source and benefit step, owner Unassigned, follow-up Unknown with reason, signals never green  348ms
   ✓ RAID and actions screens (ar) > rules: a rule without a stored row is labelled Default; saving it creates the row (POST, no If-Match)  553ms
   ✓ RAID and actions screens (ar) > the read-only auditor sees the register without any write control  458ms
 ✓ |unit-web| src/pages/gates/g5-g6.test.tsx (25 tests) 20674ms
   ✓ G5 view (en) > lists the G5 missing item translated with the risk code, and the exceptions with expiry and coverage  1216ms
   ✓ G5 view (en) > requests an exception with all five REQ-S04-013 fields; a missing expiry is refused before sending  1343ms
   ✓ G5 view (en) > a refused G5 submission lists 'Risk closure' by its translated label, never the English detail  788ms
   ✓ G5 view (en) > a G5 approval needs the scale scope: nothing is sent without one; the scope goes with the decision  2508ms
   ✓ G5 view (en) > a frozen submission shows its exception lines and the nine-field review table, Under review  1639ms
   ✓ G5 view (ar) > lists the G5 missing item translated with the risk code, and the exceptions with expiry and coverage  571ms
   ✓ G5 view (ar) > requests an exception with all five REQ-S04-013 fields; a missing expiry is refused before sending  1139ms
   ✓ G5 view (ar) > a refused G5 submission lists 'Risk closure' by its translated label, never the English detail  1016ms
   ✓ G5 view (ar) > a G5 approval needs the scale scope: nothing is sent without one; the scope goes with the decision  816ms
   ✓ G5 view (ar) > a frozen submission shows its exception lines and the nine-field review table, Under review  735ms
   ✓ Modular G3 waiver on the gate page (en) > the submission shows the missing-links items and the waiver used; a revoked waiver's refusal is translated  985ms
   ✓ Modular G3 waiver on the gate page (en) > a G3 submission refused for missing links lists each item translated  669ms
   ✓ Modular G3 waiver on the gate page (ar) > the submission shows the missing-links items and the waiver used; a revoked waiver's refusal is translated  1112ms
   ✓ Modular G3 waiver on the gate page (ar) > a G3 submission refused for missing links lists each item translated  724ms
   ✓ G5 scale transitions and risk dispositions (en) > scaling before G5 is approved shows the translated invalid-transition that names G5  534ms
   ✓ G5 scale transitions and risk dispositions (en) > an open High-impact risk without a disposition is flagged; proposing one sends the four fields  595ms
   ✓ G5 scale transitions and risk dispositions (en) > a pending disposition is shown as pending, not as closed; an approved one completes the row  679ms
   ✓ G5 scale transitions and risk dispositions (en) > scaling outside the approved G5 scope shows the translated scale.outside_approved_scope refusal  755ms
   ✓ G5 scale transitions and risk dispositions (ar) > scaling before G5 is approved shows the translated invalid-transition that names G5  517ms
   ✓ G5 scale transitions and risk dispositions (ar) > an open High-impact risk without a disposition is flagged; proposing one sends the four fields  743ms
   ✓ G5 scale transitions and risk dispositions (ar) > a pending disposition is shown as pending, not as closed; an approved one completes the row  542ms
   ✓ G5 scale transitions and risk dispositions (ar) > scaling outside the approved G5 scope shows the translated scale.outside_approved_scope refusal  1005ms
 ✓ |unit-web| src/pages/traceability/traceability.test.tsx (32 tests) 15493ms
   ✓ Traceability (en) > graph: clickable nodes, orphan flags, allocation totals, unseen links counted; orphan report  1112ms
   ✓ Traceability (en) > impact of a KPI definition: affected benefit (value affected), dashboards and areas, hidden count  776ms
   ✓ Traceability (en) > allocation set: 100 % total, 0 % unallocated; a 110 % share is refused with the translated message  1116ms
   ✓ Traceability (en) > creates a trace link with its statement and a decimal share  1168ms
   ✓ Traceability (en) > read-only users get no write control  505ms
   ✓ Traceability (ar) > graph: clickable nodes, orphan flags, allocation totals, unseen links counted; orphan report  426ms
   ✓ Traceability (ar) > impact of a KPI definition: affected benefit (value affected), dashboards and areas, hidden count  467ms
   ✓ Traceability (ar) > allocation set: 100 % total, 0 % unallocated; a 110 % share is refused with the translated message  702ms
   ✓ Traceability (ar) > creates a trace link with its statement and a decimal share  837ms
   ✓ Modular entry (en) > missing links with the waiver in force; G2 Inherited, never Approved; inherited records labelled  408ms
   ✓ Modular entry (en) > records an inherited evidence item and withdraws one with If-Match  654ms
   ✓ Modular entry (ar) > records an inherited evidence item and withdraws one with If-Match  593ms
   ✓ Portfolios and workstreams (en) > workstreams list WS-nn codes; assigning an initiative twice shows the translated refusal  1182ms
   ✓ Portfolios and workstreams (ar) > workstreams list WS-nn codes; assigning an initiative twice shows the translated refusal  747ms
   ✓ Portfolios and workstreams (ar) > portfolio: placing a transformation already in a portfolio shows the translated refusal  652ms
   ✓ RAG policy and transformation chip (en) > an invalid ratio is caught before sending; a threshold-order refusal is translated  484ms
   ✓ RAG policy and transformation chip (en) > the transformation chip is repeatable, offers readable transformations and sends each id  501ms
   ✓ RAG policy and transformation chip (ar) > first save of the default policy sends If-Match "0"; a stale save says nothing was saved  490ms
   ✓ RAG policy and transformation chip (ar) > an invalid ratio is caught before sending; a threshold-order refusal is translated  613ms
   ✓ RAG policy and transformation chip (ar) > the transformation chip is repeatable, offers readable transformations and sends each id  309ms
 ✓ |unit-web| src/pages/actions/BudgetPanel.test.tsx (18 tests) 12316ms
   ✓ budget panel (en) > lines in their own currency with Unknown for an empty amount; totals per currency, Unknown with reason  1845ms
   ✓ budget panel (en) > no active line: the budget is Unknown 'No budget lines' (no_budget_lines), never a total of 0  366ms
   ✓ budget panel (en) > create: decimal strings, empty amounts omitted (Unknown), an invalid amount is refused inline with the §11 text  1017ms
   ✓ budget panel (en) > a refusal is translated: 409 budget_line.duplicate on create keeps the dialog with the §11 text  821ms
   ✓ budget panel (en) > edit sends only the changed member with If-Match of the version seen; a stale version is a 409 (nothing saved, lines re-read)  892ms
   ✓ budget panel (en) > archive sends the reason with If-Match; 422 budget_line.archived is translated in the dialog  1061ms
   ✓ budget panel (en) > the auditor (no budget.edit) sees the panel read-only: no add, edit or archive control  884ms
   ✓ budget panel (ar) > lines in their own currency with Unknown for an empty amount; totals per currency, Unknown with reason  725ms
   ✓ budget panel (ar) > no active line: the budget is Unknown 'No budget lines' (no_budget_lines), never a total of 0  676ms
   ✓ budget panel (ar) > create: decimal strings, empty amounts omitted (Unknown), an invalid amount is refused inline with the §11 text  1225ms
   ✓ budget panel (ar) > a refusal is translated: 409 budget_line.duplicate on create keeps the dialog with the §11 text  754ms
   ✓ budget panel (ar) > edit sends only the changed member with If-Match of the version seen; a stale version is a 409 (nothing saved, lines re-read)  819ms
   ✓ budget panel (ar) > archive sends the reason with If-Match; 422 budget_line.archived is translated in the dialog  657ms
   ✓ budget panel (ar) > the auditor (no budget.edit) sees the panel read-only: no add, edit or archive control  477ms
 ✓ |unit-web| src/pages/kpi/kpi.test.tsx (27 tests) 11204ms
   ✓ KPI screens (en) > RAG panel: the seven elements, the threshold version named, and the override beside the calculated RAG  878ms
   ✓ KPI screens (en) > no actual for the current period: Unknown, grey and labelled, with its reason; never 0 and never green  401ms
   ✓ KPI screens (en) > four-step update: submits once, then lists downstream views, 'review pending' and 'Finance review pending'  1494ms
   ✓ KPI screens (en) > a second entry for the same KPI and period is value version 2 of the same slot (If-Match)  697ms
   ✓ KPI screens (en) > a 409 on submit is the form's one alert: nothing was saved, the latest data is loaded  675ms
   ✓ KPI screens (en) > no active version: the update explains it and links to the versions (no form)  311ms
   ✓ KPI screens (en) > review queue: the reviewer accepts with If-Match; the submitter of a value is not offered a decision  408ms
   ✓ KPI screens (en) > read-only viewer (auditor): no write action on the KPI page, labels say business approval  351ms
   ✓ KPI screens (en) > data quality: an open finding is resolved with a note and If-Match  913ms
   ✓ KPI screens (ar) > no actual for the current period: Unknown, grey and labelled, with its reason; never 0 and never green  313ms
   ✓ KPI screens (ar) > the status overview shows Unknown KPIs grey and labelled (no zero in the list)  315ms
   ✓ KPI screens (ar) > four-step update: submits once, then lists downstream views, 'review pending' and 'Finance review pending'  409ms
   ✓ KPI screens (ar) > a second entry for the same KPI and period is value version 2 of the same slot (If-Match)  500ms
   ✓ KPI screens (ar) > a 409 on submit is the form's one alert: nothing was saved, the latest data is loaded  429ms
   ✓ KPI screens (ar) > an actual: a submitted value says it is not used until accepted; a draft is labelled not submitted  585ms
   ✓ KPI screens (ar) > read-only viewer (auditor): no write action on the KPI page, labels say business approval  435ms
   ✓ KPI screens (ar) > data quality: an open finding is resolved with a note and If-Match  808ms
 ✓ |unit-web| src/auth/session-generation.test.tsx (26 tests) 16450ms
   ✓ F-DG2-530 a write in flight across an identity change (en) > X3: A's PATCH answered after B's /me is not written into B's cache, not shown, and does not navigate B  1467ms
   ✓ F-DG2-530 a write in flight across an identity change (en) > X3b: the same after a session END here and B's sign-in: A's late answer never lands  860ms
   ✓ F-DG2-530 a write in flight across an identity change (en) > an archive in flight across an identity change: A's archived record never lands in B's cache  999ms
   ✓ F-DG2-530 a write in flight across an identity change (en) > an organization save in flight across an identity change: A's change is never stored under B  891ms
   ✓ F-DG2-530 a write in flight across an identity change (en) > a user save in flight across an identity change: A's change is never stored under B  858ms
   ✓ F-DG2-530 a write in flight across an identity change (en) > a same-person new session: the in-flight save is dropped silently, the draft is kept and usable  724ms
   ✓ F-DG2-530 a write in flight across an identity change (en) > a language save retried after a 409 is never written for the identity that replaced A  596ms
   ✓ F-DG2-530 a write in flight across an identity change (en) > sanity: a write in flight that finishes under the SAME identity still updates the cache and navigates  610ms
   ✓ F-DG2-530 X6: refocus and reconnect revalidate GET /me first (en) > after B signs in elsewhere, a refocus within /me's staleTime shows B's header with B's data, never A's  1110ms
   ✓ F-DG2-530 X6: refocus and reconnect revalidate GET /me first (en) > the same identity: a refocus refetches /me once, then the stale page queries; nothing when all is fresh  761ms
   ✓ F-DG2-530 a write in flight across an identity change (ar) > X3: A's PATCH answered after B's /me is not written into B's cache, not shown, and does not navigate B  713ms
   ✓ F-DG2-530 a write in flight across an identity change (ar) > X3b: the same after a session END here and B's sign-in: A's late answer never lands  857ms
   ✓ F-DG2-530 a write in flight across an identity change (ar) > an archive in flight across an identity change: A's archived record never lands in B's cache  1067ms
   ✓ F-DG2-530 a write in flight across an identity change (ar) > an organization save in flight across an identity change: A's change is never stored under B  591ms
   ✓ F-DG2-530 a write in flight across an identity change (ar) > a user save in flight across an identity change: A's change is never stored under B  1116ms
   ✓ F-DG2-530 a write in flight across an identity change (ar) > a same-person new session: the in-flight save is dropped silently, the draft is kept and usable  552ms
   ✓ F-DG2-530 a write in flight across an identity change (ar) > a language save retried after a 409 is never written for the identity that replaced A  369ms
   ✓ F-DG2-530 a write in flight across an identity change (ar) > sanity: a write in flight that finishes under the SAME identity still updates the cache and navigates  300ms
   ✓ F-DG2-530 X6: refocus and reconnect revalidate GET /me first (ar) > after B signs in elsewhere, a refocus within /me's staleTime shows B's header with B's data, never A's  830ms
   ✓ F-DG2-530 X6: refocus and reconnect revalidate GET /me first (ar) > the same identity: a refocus refetches /me once, then the stale page queries; nothing when all is fresh  717ms
 ✓ |unit-web| src/pages/team/team.test.tsx (10 tests) 7231ms
   ✓ Team (English LTR) > shows the six governance roles with B0018 accountability text verbatim and who holds each  884ms
   ✓ Team (English LTR) > lists team members with the accountability on each assignment, sortable and filterable  471ms
   ✓ Team (English LTR) > a Transformation Lead assigns a Workstream Lead: Idempotency-Key, reason, accountability preview  539ms
   ✓ Team (English LTR) > shows a 403 from the server in words; nothing is assigned  696ms
   ✓ Team (Arabic RTL) > shows Arabic role names and the provisional Arabic accountability text  423ms
   ✓ Team assign dialog: accountability preview follows the selected role (F-DG2-430) > en: WL on open, then KDS, TD, none and WL again, in StrictMode with no React warning  880ms
   ✓ Team assign dialog: accountability preview follows the selected role (F-DG2-430) > ar: WL on open, then KDS, TD, none and WL again, in StrictMode with no React warning  1392ms
   ✓ Team: the success notice follows a language switch, 'en' → 'ar' > the notice is shown in the language now on screen, not the one it was created in  907ms
   ✓ Team: the success notice follows a language switch, 'ar' → 'en' > the notice is shown in the language now on screen, not the one it was created in  787ms
 ✓ |unit-web| src/pages/actions/ExecutionPanel.test.tsx (12 tests) 13855ms
   ✓ execution panel (en) > milestone slip in working days (+5, −5, 0) beside calendar days; a missing date is Unknown with its reason  1602ms
   ✓ execution panel (en) > deliverable acceptance, demand without capacity (Unknown), dependency without impact (Unknown), decisions  757ms
   ✓ execution panel (en) > critical-path membership: a label when computed; null is Unknown with no critical styling  1124ms
   ✓ execution panel (en) > the initiative page holds the slot: budget lines, execution and schedule network, in its on-this-page navigation  839ms
   ✓ execution panel (en) > an answer outside the contract is the panel's error state; the rest of the initiative page still renders  3691ms
   ✓ execution panel (ar) > milestone slip in working days (+5, −5, 0) beside calendar days; a missing date is Unknown with its reason  533ms
   ✓ execution panel (ar) > deliverable acceptance, demand without capacity (Unknown), dependency without impact (Unknown), decisions  498ms
   ✓ execution panel (ar) > critical-path membership: a label when computed; null is Unknown with no critical styling  884ms
   ✓ execution panel (ar) > the initiative page holds the slot: budget lines, execution and schedule network, in its on-this-page navigation  634ms
   ✓ execution panel (ar) > an answer outside the contract is the panel's error state; the rest of the initiative page still renders  3282ms
 ✓ |unit-web| src/pages/benefits/benefits.test.tsx (29 tests) 12402ms
   ✓ benefits screens (en) > T14 register: ten columns; Value (SAR) n/a and Unknown never 0; Realized kept apart with pending labelled  1628ms
   ✓ benefits screens (en) > totals: per class and state, pending overlap apart, cost and net Unknown (never 0), non-financial counted apart  503ms
   ✓ benefits screens (en) > allocations: percent and unallocated share; the replace sends fractions with If-Match  844ms
   ✓ benefits screens (en) > allocations above 100 %: the preview warns and the server's 422 is translated in the one form alert  614ms
   ✓ benefits screens (en) > measurements: a validated value offers no edit; the 409 validated_immutable is translated  460ms
   ✓ benefits screens (en) > Finance decision: six items, the decision body with If-Match; labelled Finance validation, never DG0-DG7  445ms
   ✓ benefits screens (en) > Finance decision: a missing item is left to the server, whose 422 names the six items; the submitter is never offered a decision  448ms
   ✓ benefits screens (en) > Finance decision: the content_incomplete 422 and a Business Owner's 403 are translated  560ms
   ✓ benefits screens (en) > read-only (auditor): Finance item without decide, register without create  551ms
   ✓ benefits screens (en) > measurement lineage: inputs with KPI value versions, a provisional basis labelled  321ms
   ✓ benefits screens (ar) > T14 register: ten columns; Value (SAR) n/a and Unknown never 0; Realized kept apart with pending labelled  339ms
   ✓ benefits screens (ar) > allocations: percent and unallocated share; the replace sends fractions with If-Match  323ms
   ✓ benefits screens (ar) > allocations above 100 %: the preview warns and the server's 422 is translated in the one form alert  704ms
   ✓ benefits screens (ar) > values: seven states apart; measurements before Measure are explained (a delivered enabler is not realized value)  407ms
   ✓ benefits screens (ar) > measurements: a validated value offers no edit; the 409 validated_immutable is translated  466ms
   ✓ benefits screens (ar) > Finance decision: six items, the decision body with If-Match; labelled Finance validation, never DG0-DG7  482ms
   ✓ benefits screens (ar) > Finance decision: the content_incomplete 422 and a Business Owner's 403 are translated  316ms
   ✓ benefits screens (ar) > read-only (auditor): Finance item without decide, register without create  1071ms
   ✓ benefits screens (ar) > scenarios: every value is labelled with its scenario kind  308ms
   ✓ benefits screens (ar) > measurement lineage: inputs with KPI value versions, a provisional basis labelled  361ms
 ✓ |unit-web| src/pages/transformations/transformations.test.tsx (21 tests) 14016ms
   ✓ after create (F-DG1-004) > shows the created record when the server lets the creator read it  1248ms
   ✓ after create (F-DG1-004) > explains, in English, that the draft was created but cannot be opened (server 404), instead of 'Not found'  707ms
   ✓ after create (F-DG1-004) > explains the same in Arabic (RTL), using the glossary term for Transformation  339ms
   ✓ after create (F-DG1-004) > treats a 403 for the just-created record the same way  520ms
   ✓ truly out-of-scope records keep the correct localized message > 403: 'You do not have access' rather than 'Not found'  345ms
   ✓ truly out-of-scope records keep the correct localized message > router state for a different id does not turn a 404 into the created message  312ms
   ✓ audit trail changes (F-DG1-005) > English: field and value labels, not raw keys or enum codes  454ms
   ✓ audit trail changes (F-DG1-005) > Arabic: the same changes with Arabic labels in the RTL layout  387ms
   ✓ derived creator assignment on the audit trail (F-DG1-008) > English: localized action, fields, role, user and scope; nothing raw or marked untranslated  747ms
   ✓ derived creator assignment on the audit trail (F-DG1-008) > Arabic (RTL): the same event with Arabic labels and the glossary role name  430ms
   ✓ derived creator assignment on the audit trail (F-DG1-008) > an action the catalogue does not know stays readable and is explicitly marked (en and ar)  912ms
   ✓ effective permissions refresh after create (F-DG1-210) > English: Edit, Archive and the audit trail appear after create, without a reload  2749ms
   ✓ effective permissions refresh after create (F-DG1-210) > Arabic (RTL): the same controls and the audit trail appear after create, without a reload  2407ms
   ✓ effective permissions refresh after create (F-DG1-210) > does not over-grant: if the refreshed server answer adds nothing, Archive and the audit trail stay hidden  1364ms
   ✓ effective permissions refresh after create (F-DG1-210) > a failed /me refresh never blocks the navigation; the UI stays fail-safe (no controls offered)  776ms
 ✓ |unit-web| src/pages/portfolio/fe-e.test.tsx (18 tests) 16465ms
   ✓ Funding decisions (en) > is a labelled business approval with no 'on behalf of' control; rationale required; POST with an Idempotency-Key  1742ms
   ✓ Funding decisions (en) > the BE-E 422s are the dialog's one translated alert; funding.amount_invalid is also inline at /amount  1233ms
   ✓ Funding decisions (en) > the history shows a missing amount as Unknown (never 0); a re-selected initiative explains the deselect rule  481ms
   ✓ Funding decisions (en) > an exact decimal amount is shown with its currency; the auditor sees no record control  394ms
   ✓ Funding decisions (ar) > is a labelled business approval with no 'on behalf of' control; rationale required; POST with an Idempotency-Key  1382ms
   ✓ Funding decisions (ar) > the BE-E 422s are the dialog's one translated alert; funding.amount_invalid is also inline at /amount  1549ms
   ✓ Funding decisions (ar) > the history shows a missing amount as Unknown (never 0); a re-selected initiative explains the deselect rule  494ms
   ✓ Funding decisions (ar) > an exact decimal amount is shown with its currency; the auditor sees no record control  522ms
   ✓ Deliverables and milestones on the card (en) > creates (Idempotency-Key), edits (If-Match) and archives (reason, If-Match) a deliverable  1535ms
   ✓ Deliverables and milestones on the card (en) > creates a milestone with its wave and forecast, and edits it with If-Match  941ms
   ✓ Deliverables and milestones on the card (en) > 422 initiative.read_only (a closure raced the edit) is translated as the dialog's one alert  564ms
   ✓ Deliverables and milestones on the card (en) > a cancelled initiative shows deliverables, milestones and funding with no write control  644ms
   ✓ Deliverables and milestones on the card (en) > the card edit form translates initiative.planned_range specifically (RecordDialog namespaces)  1192ms
   ✓ Deliverables and milestones on the card (ar) > creates (Idempotency-Key), edits (If-Match) and archives (reason, If-Match) a deliverable  1510ms
   ✓ Deliverables and milestones on the card (ar) > creates a milestone with its wave and forecast, and edits it with If-Match  859ms
   ✓ Deliverables and milestones on the card (ar) > 422 initiative.read_only (a closure raced the edit) is translated as the dialog's one alert  406ms
   ✓ Deliverables and milestones on the card (ar) > a cancelled initiative shows deliverables, milestones and funding with no write control  317ms
   ✓ Deliverables and milestones on the card (ar) > the card edit form translates initiative.planned_range specifically (RecordDialog namespaces)  671ms
 ✓ |unit-web| src/pages/benefits/plan-values.test.tsx (15 tests) 16674ms
   ✓ plan-value editing (en) > Edit reads getBenefitPlanValue, pre-fills the form and PATCHes the changed member with the read's If-Match  2175ms
   ✓ plan-value editing (en) > an unchanged form sends nothing and says so; Cancel closes  1641ms
   ✓ plan-value editing (en) > a 409 (changed by someone else after the read) is a conflict: the record is re-read, If-Match never moves under the typed values  1166ms
   ✓ plan-value editing (en) > a failed read (500) shows its state in the section and no form; Cancel removes it  3665ms
   ✓ plan-value editing (en) > a failed read (404) shows its state in the section and no form; Cancel removes it  506ms
   ✓ plan-value editing (ar) > Edit reads getBenefitPlanValue, pre-fills the form and PATCHes the changed member with the read's If-Match  949ms
   ✓ plan-value editing (ar) > an unchanged form sends nothing and says so; Cancel closes  757ms
   ✓ plan-value editing (ar) > a 409 (changed by someone else after the read) is a conflict: the record is re-read, If-Match never moves under the typed values  1226ms
   ✓ plan-value editing (ar) > a failed read (500) shows its state in the section and no form; Cancel removes it  3484ms
   ✓ plan-value editing (ar) > a failed read (404) shows its state in the section and no form; Cancel removes it  454ms
   ✓ plan-value editing (ar) > a reader (no benefit.edit) is offered no edit  324ms
 ✓ |unit-web| src/auth/session-identity.test.tsx (18 tests) 10572ms
   ✓ F-DG2-500 a session end on the sign-in page (en) > W5: Back to /login after A's session ends, B signs in with the development form: B never sees A's records  2001ms
   ✓ F-DG2-500 a session end on the sign-in page (en) > W5b (OIDC mode): B signs in in another tab and this tab's /me re-probe brings B: B never sees A's records  1028ms
   ✓ F-DG2-500 an identity change with no session end in this tab (en) > a refocus /me that returns another identity removes every session query before B renders, and drops A's drafts  538ms
   ✓ F-DG2-500 an identity change with no session end in this tab (en) > the same identity re-probed (window refocus) keeps the cache and the page state  501ms
   ✓ F-DG2-500 sign-out here and 403 (en) > signing out here clears everything; B signing in afterwards never sees A's records  1706ms
   ✓ F-DG2-500 a session end on the sign-in page (ar) > W5: Back to /login after A's session ends, B signs in with the development form: B never sees A's records  824ms
   ✓ F-DG2-500 a session end on the sign-in page (ar) > W5b (OIDC mode): B signs in in another tab and this tab's /me re-probe brings B: B never sees A's records  692ms
   ✓ F-DG2-500 an identity change with no session end in this tab (ar) > a refocus /me that returns another identity removes every session query before B renders, and drops A's drafts  532ms
   ✓ F-DG2-500 an identity change with no session end in this tab (ar) > a new session of the same person (signed in again elsewhere) refetches the queries but keeps their own draft  398ms
   ✓ F-DG2-500 an identity change with no session end in this tab (ar) > the same identity re-probed (window refocus) keeps the cache and the page state  423ms
   ✓ F-DG2-500 sign-out here and 403 (ar) > signing out here clears everything; B signing in afterwards never sees A's records  1179ms
 ✓ |unit-web| src/auth/session-end.test.tsx (12 tests) 13962ms
   ✓ session end while the app is open (en) > a 401 on navigation lands once on sign-in with the message; signing in again returns to the page  2489ms
   ✓ session end while the app is open (en) > a 401 on a dialog mutation (the commit-time upload refusal) closes the dialog and lands once on sign-in  1780ms
   ✓ session end while the app is open (en) > a sign-out elsewhere noticed by the next /me probe lands once on sign-in, never on the stale shell  604ms
   ✓ session end while the app is open (en) > a 403 (forbidden) is never treated as a session end  1132ms
   ✓ session end while the app is open (ar) > a 401 on navigation lands once on sign-in with the message; signing in again returns to the page  1657ms
   ✓ session end while the app is open (ar) > a 401 on a dialog mutation (the commit-time upload refusal) closes the dialog and lands once on sign-in  1788ms
   ✓ session end while the app is open (ar) > a sign-out elsewhere noticed by the next /me probe lands once on sign-in, never on the stale shell  685ms
   ✓ session end while the app is open (ar) > a 403 (forbidden) is never treated as a session end  859ms
   ✓ session end under <StrictMode> (as in production) > still lands exactly once on sign-in  1239ms
   ✓ sign-in page and the cached identity > decides 'already signed in' only from a fresh /me, never from a stale cache  440ms
   ✓ sign-in page and the cached identity > signing out here shows 'signed out', not 'session ended', and no /me loop  1238ms
 ✓ |unit-web| src/pages/benefit-formulas/benefit-formulas.test.tsx (18 tests) 12189ms
   ✓ T09 benefit formulas (en) > register: the six T09 columns with confidence H/M/L; examples marked illustrative with 100000 and 500000 SAR per year  1745ms
   ✓ T09 benefit formulas (en) > builder: an undefined variable shows translated, with its position, before saving; nothing is sent  1416ms
   ✓ T09 benefit formulas (en) > builder: monthly ARPU × annual customers is a period mismatch, translated, before saving  461ms
   ✓ T09 benefit formulas (en) > builder: a fraction is entered as percent and stored as a fraction; a version is saved with If-Match  720ms
   ✓ T09 benefit formulas (en) > builder: a fraction difference shows percentage points (translated suffix), never %  300ms
   ✓ T09 benefit formulas (en) > builder: a 409 shows the standard conflict panel; nothing was saved  829ms
   ✓ T09 benefit formulas (en) > Finance validation of a version: a business approval by FIN; the author cannot; translated refusal  895ms
   ✓ T09 benefit formulas (en) > Finance validation: the version's author sees the separation-of-duties note and no action  521ms
   ✓ T09 benefit formulas (ar) > register: the six T09 columns with confidence H/M/L; examples marked illustrative with 100000 and 500000 SAR per year  1070ms
   ✓ T09 benefit formulas (ar) > builder: an undefined variable shows translated, with its position, before saving; nothing is sent  931ms
   ✓ T09 benefit formulas (ar) > builder: monthly ARPU × annual customers is a period mismatch, translated, before saving  390ms
   ✓ T09 benefit formulas (ar) > builder: a fraction is entered as percent and stored as a fraction; a version is saved with If-Match  581ms
   ✓ T09 benefit formulas (ar) > builder: a 409 shows the standard conflict panel; nothing was saved  624ms
   ✓ T09 benefit formulas (ar) > Finance validation of a version: a business approval by FIN; the author cannot; translated refusal  629ms
 ✓ |unit-web| src/pages/gates/g4.test.tsx (16 tests) 11264ms
   ✓ G4 refusal item by item (en) > two initiatives without owners: two separate translated 'Owners' items, never the joined English message  1523ms
   ✓ G4 refusal item by item (en) > without a usable gate view: one translated line per refused criterion, never the English message  1330ms
   ✓ G4 refusal item by item (ar) > two initiatives without owners: two separate translated 'Owners' items, never the joined English message  1341ms
   ✓ G4 refusal item by item (ar) > without a usable gate view: one translated line per refused criterion, never the English message  671ms
   ✓ G4 view (en) > lists the eight G4 criteria with their missing items: 'Owners', 'Finance validation' and the initiative  379ms
   ✓ G4 view (en) > a refused submission shows the 422 list with the initiative names, translated  603ms
   ✓ G4 view (en) > the decision's 403 urn:mth:problem:forbidden is translated  770ms
   ✓ G4 view (en) > the decision's 403 urn:mth:problem:forbidden is translated  797ms
   ✓ G4 view (en) > the decision's 409 urn:mth:problem:version-conflict is translated  719ms
   ✓ G4 view (ar) > a refused submission shows the 422 list with the initiative names, translated  610ms
   ✓ G4 view (ar) > the decision's 403 urn:mth:problem:forbidden is translated  1070ms
   ✓ G4 view (ar) > the decision's 403 urn:mth:problem:forbidden is translated  386ms
   ✓ G4 view (ar) > the decision's 409 urn:mth:problem:version-conflict is translated  769ms
 ✓ |unit-web| src/pages/meetings/governance.test.tsx (20 tests) 12212ms
   ✓ governance screens (en) > forums: the five layers with their verbatim source cadence; Arabic labelled provisional  859ms
   ✓ governance screens (en) > series editor: 'future meetings only' must be confirmed; the result lists the kept meetings  1566ms
   ✓ governance screens (en) > meeting: the brief lists missing elements; quorum not configured is never 'met'; no engineering gate named  403ms
   ✓ governance screens (en) > publishing an incomplete ask shows the server's 422 once, translated  636ms
   ✓ governance screens (en) > published minutes are read-only and the meeting shows the frozen note  905ms
   ✓ governance screens (en) > T16 log: nine columns; an earlier record shows Unknown for what it lacks; the overdue filter asks the server  309ms
   ✓ governance screens (en) > raising an ask without 'why now': the server's 400 lands on its field  436ms
   ✓ governance screens (en) > recording an Outcome is labelled a business decision and sends If-Match  664ms
   ✓ governance screens (en) > escalations: a routing error is a visible row; a rule without a stored row is labelled Default  450ms
   ✓ governance screens (ar) > forums: the five layers with their verbatim source cadence; Arabic labelled provisional  408ms
   ✓ governance screens (ar) > series editor: 'future meetings only' must be confirmed; the result lists the kept meetings  841ms
   ✓ governance screens (ar) > meeting: the brief lists missing elements; quorum not configured is never 'met'; no engineering gate named  490ms
   ✓ governance screens (ar) > publishing an incomplete ask shows the server's 422 once, translated  686ms
   ✓ governance screens (ar) > published minutes are read-only and the meeting shows the frozen note  486ms
   ✓ governance screens (ar) > T16 log: nine columns; an earlier record shows Unknown for what it lacks; the overdue filter asks the server  1305ms
   ✓ governance screens (ar) > raising an ask without 'why now': the server's 400 lands on its field  471ms
   ✓ governance screens (ar) > recording an Outcome is labelled a business decision and sends If-Match  881ms
   ✓ governance screens (ar) > escalations: a routing error is a visible row; a rule without a stored row is labelled Default  359ms
 ✓ |unit-web| src/pages/adoption/adoption.test.tsx (18 tests) 12858ms
   ✓ adoption screens (en) > T13: the seven columns, influence separate from impact, closed lists, provisional Arabic flag  2060ms
   ✓ adoption screens (en) > a server 400 stakeholder_group.stance_invalid lands on the stance field, translated  892ms
   ✓ adoption screens (en) > interventions: below-trajectory row shows Unassigned and Unknown due date with its reason  413ms
   ✓ adoption screens (en) > indicators: all seven by name; a measure without data is Unknown, never 0  996ms
   ✓ adoption screens (en) > training vs proficiency: 100 % completion beside proficiency Unknown (not adopted)  533ms
   ✓ adoption screens (en) > T04 decision page lists a champion's constraint through ?decisionId=  510ms
   ✓ adoption screens (en) > form: a proficiency observation is submitted with its stakeholder group; the API derives the result  538ms
   ✓ adoption screens (en) > AUD sees the plan read-only (no write control)  715ms
   ✓ adoption screens (ar) > T13: the seven columns, influence separate from impact, closed lists, provisional Arabic flag  1335ms
   ✓ adoption screens (ar) > a server 400 stakeholder_group.stance_invalid lands on the stance field, translated  1060ms
   ✓ adoption screens (ar) > interventions: below-trajectory row shows Unassigned and Unknown due date with its reason  531ms
   ✓ adoption screens (ar) > indicators: all seven by name; a measure without data is Unknown, never 0  521ms
   ✓ adoption screens (ar) > training vs proficiency: 100 % completion beside proficiency Unknown (not adopted)  493ms
   ✓ adoption screens (ar) > T04 decision page lists a champion's constraint through ?decisionId=  630ms
   ✓ adoption screens (ar) > form: a proficiency observation is submitted with its stakeholder group; the API derives the result  544ms
   ✓ adoption screens (ar) > AUD sees the plan read-only (no write control)  947ms
 ✓ |unit-web| src/pages/bau/sustain.test.tsx (14 tests) 9087ms
   ✓ BAU and improvement screens (en) > handover checklist marks data access missing; submit 422 names it in the shown language  952ms
   ✓ BAU and improvement screens (en) > only the receiving owner is offered accept, labelled a business approval  932ms
   ✓ BAU and improvement screens (en) > after reopening, the area shows the original handover acceptance and closure date  840ms
   ✓ BAU and improvement screens (en) > a failed check links to its recovery action; an unknown review signal is Unknown, never on track  1547ms
   ✓ BAU and improvement screens (en) > CI backlog stays visible and editable after the transformation is closed  613ms
   ✓ BAU and improvement screens (en) > lesson search finds a published lesson of another transformation  371ms
   ✓ BAU and improvement screens (ar) > handover checklist marks data access missing; submit 422 names it in the shown language  690ms
   ✓ BAU and improvement screens (ar) > only the receiving owner is offered accept, labelled a business approval  1748ms
   ✓ BAU and improvement screens (ar) > a failed check links to its recovery action; an unknown review signal is Unknown, never on track  538ms
   ✓ BAU and improvement screens (ar) > CI backlog stays visible and editable after the transformation is closed  392ms
 ✓ |unit-web| src/pages/kpi/kpi-periods.test.tsx (6 tests) 10832ms
   ✓ KPI update periods (en) > a Lead or KPI owner chooses an open period that is not the current one, from the transformation's list  1455ms
   ✓ KPI update periods (en) > a transformation-scoped KPI owner (no organization.read) gets the same choice  948ms
   ✓ KPI update periods (en) > no open period of the KPI's frequency: the form says so; a failed list is an error, never an empty choice  3473ms
   ✓ KPI update periods (ar) > a Lead or KPI owner chooses an open period that is not the current one, from the transformation's list  670ms
   ✓ KPI update periods (ar) > a transformation-scoped KPI owner (no organization.read) gets the same choice  580ms
   ✓ KPI update periods (ar) > no open period of the KPI's frequency: the form says so; a failed list is an error, never an empty choice  3699ms
 ✓ |unit-web| src/pages/dashboards/dashboards.test.tsx (21 tests) 11197ms
   ✓ Dashboards (en) > transformation dashboard: six areas, distinct value states, provisional Arabic, drill-down  2316ms
   ✓ Dashboards (en) > Executive Overview: organizationId and the period filter reach the server; window and as-of shown  694ms
   ✓ Dashboards (en) > Finance dashboard: per-class lines, gross and net, an Unknown net is never 0, non-financial is n/a  364ms
   ✓ Dashboards (en) > workspace header: every element Unknown where data is missing; one click opens the RAID register  317ms
   ✓ Dashboards (en) > workspace header: known elements show their values; a known 0 validated value is 'Known zero', not Unknown  393ms
   ✓ Dashboards (en) > My Work: sections with totals, the KPI update under Missing updates, a draft labelled not submitted, deadlines  1241ms
   ✓ Dashboards (en) > the dashboards hub lists the six dashboards and /dashboards/executive opens the Executive Overview  913ms
   ✓ Dashboards (ar) > transformation dashboard: six areas, distinct value states, provisional Arabic, drill-down  1083ms
   ✓ Dashboards (ar) > Executive Overview: organizationId and the period filter reach the server; window and as-of shown  871ms
   ✓ Dashboards (ar) > Finance dashboard: per-class lines, gross and net, an Unknown net is never 0, non-financial is n/a  535ms
   ✓ Dashboards (ar) > workspace header: known elements show their values; a known 0 validated value is 'Known zero', not Unknown  340ms
   ✓ Dashboards (ar) > workspace header unavailable: every element is Unknown, with a retry (never a guessed value)  326ms
   ✓ Dashboards (ar) > My Work: sections with totals, the KPI update under Missing updates, a draft labelled not submitted, deadlines  817ms
   ✓ Dashboards (ar) > the dashboards hub lists the six dashboards and /dashboards/executive opens the Executive Overview  442ms
 ✓ |unit-web| src/pages/gates/g1-agreements.test.tsx (10 tests) 11930ms
   ✓ G1 agreements step (en) > approving G1 needs the three labelled confirmations; then sends agreements with all three true  2430ms
   ✓ G1 agreements step (en) > a non-approve outcome on G1 sends no agreements (even after ticking them)  1068ms
   ✓ G1 agreements step (en) > approving another gate (G2) shows no confirmations and sends no agreements  1673ms
   ✓ G1 agreements step (en) > the server's 422 gate.g1_agreements_required is the one form-level alert, with the missing confirmations  1493ms
   ✓ G1 agreements step (en) > the server's 422 gate.agreements_not_applicable is translated as the one form-level alert  398ms
   ✓ G1 agreements step (ar) > approving G1 needs the three labelled confirmations; then sends agreements with all three true  652ms
   ✓ G1 agreements step (ar) > a non-approve outcome on G1 sends no agreements (even after ticking them)  1029ms
   ✓ G1 agreements step (ar) > approving another gate (G2) shows no confirmations and sends no agreements  669ms
   ✓ G1 agreements step (ar) > the server's 422 gate.g1_agreements_required is the one form-level alert, with the missing confirmations  1423ms
   ✓ G1 agreements step (ar) > the server's 422 gate.agreements_not_applicable is translated as the one form-level alert  1090ms
 ✓ |unit-web| src/pages/dispensations/dispensations.test.tsx (12 tests) 9419ms
   ✓ Dispensations (en) > lists waivers and inherited approvals; unverified evidence is shown as unverified; recorder cannot decide  1193ms
   ✓ Dispensations (en) > a waiver needs a reason and an expiry: refused inline, nothing sent; then sent with its scope  1682ms
   ✓ Dispensations (en) > an inherited approval (Modular) needs the approving body, the date and evidence; 422s are translated  1483ms
   ✓ Dispensations (en) > deciding is a labelled business approval; the delegated-decision 422 and the recorder 403 are translated  863ms
   ✓ Dispensations (en) > revoking an accepted dispensation needs a reason and is a business approval  555ms
   ✓ Dispensations (en) > the read-only auditor sees the register with no enabled write control  1070ms
   ✓ Dispensations (ar) > lists waivers and inherited approvals; unverified evidence is shown as unverified; recorder cannot decide  559ms
   ✓ Dispensations (ar) > a waiver needs a reason and an expiry: refused inline, nothing sent; then sent with its scope  490ms
   ✓ Dispensations (ar) > an inherited approval (Modular) needs the approving body, the date and evidence; 422s are translated  582ms
   ✓ Dispensations (ar) > deciding is a labelled business approval; the delegated-decision 422 and the recorder 403 are translated  432ms
 ✓ |unit-web| src/pages/my-work/my-work.test.tsx (20 tests) 6953ms
   ✓ My Work (en) > renders tasks and reminders from messageKey + messageParams; Unknown due dates; system-managed tasks  1358ms
   ✓ My Work (en) > marks a task done and a reminder read with bodiless POSTs and If-Match  1160ms
   ✓ My Work (en) > an unknown message key renders a neutral text, never the raw key  338ms
   ✓ My Work (ar) > marks a task done and a reminder read with bodiless POSTs and If-Match  366ms
   ✓ Calendar, jobs and groups (en) > calendar: a technical administrator adds a holiday; a range error is caught before sending  386ms
   ✓ Calendar, jobs and groups (en) > jobs: no permission without job.read; job.configure edits a schedule with If-Match  822ms
   ✓ Calendar, jobs and groups (en) > groups: membership grants no permission (stated); group.manage creates a group  372ms
   ✓ Calendar, jobs and groups (ar) > calendar: a technical administrator adds a holiday; a range error is caught before sending  736ms
   ✓ Calendar, jobs and groups (ar) > jobs: no permission without job.read; job.configure edits a schedule with If-Match  345ms
 ✓ |unit-web| src/pages/actions/ScheduleNetworkPanel.test.tsx (11 tests) 9297ms
   ✓ schedule network panel (en) > computed (ADR-0031 §8 fixture): P = 18, path INI-01 → INI-02 → INI-04, INI-03 float 6 not critical  1380ms
   ✓ schedule network panel (en) > not computable (missing duration): the reason and INI-03 listed; no critical styling or label at all  615ms
   ✓ schedule network panel (en) > record a duration: POST without If-Match; 409 initiative_schedule.exists is translated and the next save is a PATCH  1542ms
   ✓ schedule network panel (en) > change a duration: a stale version is a 409 (nothing saved), the current value is re-read and shown, the next save sends the current version  1002ms
   ✓ schedule network panel (en) > the auditor (no roadmap.edit) sees the network read-only: no duration control  561ms
   ✓ schedule network panel (ar) > computed (ADR-0031 §8 fixture): P = 18, path INI-01 → INI-02 → INI-04, INI-03 float 6 not critical  652ms
   ✓ schedule network panel (ar) > not computable (missing duration): the reason and INI-03 listed; no critical styling or label at all  957ms
   ✓ schedule network panel (ar) > record a duration: POST without If-Match; 409 initiative_schedule.exists is translated and the next save is a PATCH  1184ms
   ✓ schedule network panel (ar) > change a duration: a stale version is a 409 (nothing saved), the current value is re-read and shown, the next save sends the current version  1013ms
   ✓ schedule network panel (ar) > the auditor (no roadmap.edit) sees the network read-only: no duration control  369ms
 ✓ |unit-web| src/pages/roadmap/roadmap.test.tsx (14 tests) 10505ms
   ✓ roadmap (en) > shows the four source waves verbatim (English source also shown in Arabic) with overlapping horizons  1291ms
   ✓ roadmap (en) > moving a milestone PATCHes the forecast with If-Match and the timeline, table and board all show the new date from one refetch  922ms
   ✓ roadmap (en) > a 409 on moving a milestone shows the conflict notice and reloads the roadmap  1328ms
   ✓ roadmap (en) > re-approving a date requires a reason; then it is POSTed with If-Match  1519ms
   ✓ roadmap (en) > deliverable acceptance sends the AcceptanceDecision with If-Match (no 'on behalf of' control)  822ms
   ✓ roadmap (en) > an Unknown schedule flag is shown as Unknown; missing dates are Unknown, never blank  634ms
   ✓ roadmap (en) > the read-only auditor sees no write control  342ms
   ✓ roadmap (ar) > moving a milestone PATCHes the forecast with If-Match and the timeline, table and board all show the new date from one refetch  662ms
   ✓ roadmap (ar) > a 409 on moving a milestone shows the conflict notice and reloads the roadmap  499ms
   ✓ roadmap (ar) > re-approving a date requires a reason; then it is POSTed with If-Match  643ms
   ✓ roadmap (ar) > deliverable acceptance sends the AcceptanceDecision with If-Match (no 'on behalf of' control)  873ms
   ✓ roadmap (ar) > an Unknown schedule flag is shown as Unknown; missing dates are Unknown, never blank  332ms
   ✓ roadmap (ar) > the read-only auditor sees no write control  459ms
 ✓ |unit-web| src/pages/roadmap/fe-e.test.tsx (8 tests) 7388ms
   ✓ wave editing (en) > edits planned dates (overlap accepted) with If-Match; the source text is read-only and never sent  1525ms
   ✓ wave editing (en) > 422 roadmap_wave.planned_range is inline at the planned end and translated  436ms
   ✓ wave editing (en) > adds a non-source wave with its bilingual texts (POST, Idempotency-Key)  1618ms
   ✓ wave editing (en) > the read-only auditor gets no wave control  390ms
   ✓ wave editing (ar) > edits planned dates (overlap accepted) with If-Match; the source text is read-only and never sent  384ms
   ✓ wave editing (ar) > 422 roadmap_wave.planned_range is inline at the planned end and translated  867ms
   ✓ wave editing (ar) > adds a non-source wave with its bilingual texts (POST, Idempotency-Key)  1879ms
 ✓ |unit-web| src/pages/approvals/approvals.test.tsx (16 tests) 6935ms
   ✓ Approvals (en) > lists my approvals; an Unknown due date shows Unknown with its reason, never a date  540ms
   ✓ Approvals (en) > offers exactly four outcomes; defer needs a date; the decision sends subjectVersion with If-Match  1272ms
   ✓ Approvals (en) > a blank rationale is refused before sending  329ms
   ✓ Approvals (en) > a stale 409 says the record changed, records nothing and links to the history  616ms
   ✓ Approvals (en) > offers 'on behalf of' only for an active delegation to me  385ms
   ✓ Approvals (ar) > offers exactly four outcomes; defer needs a date; the decision sends subjectVersion with If-Match  318ms
   ✓ Approvals (ar) > a blank rationale is refused before sending  386ms
   ✓ Approvals (ar) > offers 'on behalf of' only for an active delegation to me  334ms
   ✓ Delegations (en) > records a delegation with Asia/Riyadh wall-clock times sent as UTC; a loop 422 is translated  464ms
   ✓ Delegations (en) > revokes with a reason and If-Match; a read-only user sees no action  556ms
   ✓ Delegations (ar) > records a delegation with Asia/Riyadh wall-clock times sent as UTC; a loop 422 is translated  320ms
   ✓ Delegations (ar) > revokes with a reason and If-Match; a read-only user sees no action  411ms
 ✓ |unit-web| src/pages/raci/governance.test.tsx (15 tests) 6335ms
   ✓ Governance (en) > RACI: edits a row with the cell selects and saves it as one PATCH with If-Match  1169ms
   ✓ Governance (en) > RACI: an auditor sees the matrix read-only (no cell editor, no save)  348ms
   ✓ Governance (en) > decision rights: seeded rows; the due-date preview shows Unknown with its reason  397ms
   ✓ Governance (en) > decision rights: submits the matrix for business approval with If-Match  1008ms
   ✓ Governance (en) > decision rights: a field with an unknown party code is refused before sending  539ms
   ✓ Governance (ar) > decision rights: seeded rows; the due-date preview shows Unknown with its reason  460ms
   ✓ Governance (ar) > decision rights: submits the matrix for business approval with If-Match  401ms
   ✓ Governance (ar) > decision rights: a field with an unknown party code is refused before sending  777ms
 ✓ |unit-web| src/pages/dependencies/dependencies.test.tsx (12 tests) 8267ms
   ✓ dependencies (en) > shows the seven T08 columns, an External source, the type label and the needed-by conflict flag  1430ms
   ✓ dependencies (en) > a cycle is refused and shown as the translated message with the path INI-01 → INI-02 → INI-03 → INI-01  1448ms
   ✓ dependencies (en) > an External source is sent as {kind: external, label}  635ms
   ✓ dependencies (en) > dependency types: system types are undeletable; an administrator may retire a custom type  928ms
   ✓ dependencies (en) > a system type's 422 dependency_type.system_undeletable is translated  475ms
   ✓ dependencies (ar) > shows the seven T08 columns, an External source, the type label and the needed-by conflict flag  580ms
   ✓ dependencies (ar) > a cycle is refused and shown as the translated message with the path INI-01 → INI-02 → INI-03 → INI-01  530ms
   ✓ dependencies (ar) > an External source is sent as {kind: external, label}  761ms
   ✓ dependencies (ar) > dependency types: system types are undeletable; an administrator may retire a custom type  678ms
   ✓ dependencies (ar) > a system type's 422 dependency_type.system_undeletable is translated  399ms
 ✓ |unit-web| src/app/app.test.tsx (17 tests) 5354ms
   ✓ bilingual shell > renders Arabic RTL by default with the provisional wordmark  397ms
   ✓ bilingual shell > switches to English LTR and persists the preference with If-Match  594ms
   ✓ bilingual shell > shows all fourteen areas to an administrator  1016ms
   ✓ bilingual shell > hides Administration from a Workstream Lead, and the admin route shows no-permission  512ms
   ✓ bilingual shell > a partial area (Governance) leads into the Gates tab of each transformation; its portfolio view stays planned  552ms
   ✓ transformations > lists transformations with a sortable code column and removable filter chips  690ms
   ✓ transformations > detail shows the workspace header with Unknown for data from later stages  524ms
   ✓ transformations > edit: a 409 writes nothing, shows compare, and re-applies on the current version  472ms
 ✓ |unit-web| src/pages/capacity/fe-e.test.tsx (13 tests) 6295ms
   ✓ capacity editing (en) > creates a role; a taken code (409) is the form's translated alert; then the role is created  1050ms
   ✓ capacity editing (en) > edits a role's labels and archives it, each with If-Match  714ms
   ✓ capacity editing (en) > creates a capacity row with a decimal FTE string; a duplicate (409) is translated  788ms
   ✓ capacity editing (en) > creates a demand; after the save the plan is re-read and the conflict with its shortfall appears; Unknown stays Unknown  675ms
   ✓ capacity editing (en) > edits a planned demand with If-Match; 422 resource_demand.not_planned is translated  463ms
   ✓ capacity editing (ar) > creates a role; a taken code (409) is the form's translated alert; then the role is created  418ms
   ✓ capacity editing (ar) > edits a role's labels and archives it, each with If-Match  346ms
   ✓ capacity editing (ar) > creates a capacity row with a decimal FTE string; a duplicate (409) is translated  450ms
   ✓ capacity editing (ar) > creates a demand; after the save the plan is re-read and the conflict with its shortfall appears; Unknown stays Unknown  548ms
   ✓ capacity editing (ar) > edits a planned demand with If-Match; 422 resource_demand.not_planned is translated  303ms
 ✓ |unit-web| src/components/LanguageSwitch.test.tsx (10 tests) 5005ms
   ✓ a refused language save, 'en' → other ('403 csrf') > keeps ar on screen and says, in ar, that it was not saved  1398ms
   ✓ a refused language save, 'ar' → other ('403 csrf') > keeps en on screen and says, in en, that it was not saved  746ms
   ✓ a refused language save, 'en' → other ('403 forbidden') > keeps ar on screen and says, in ar, that it was not saved  681ms
   ✓ a refused language save, 'ar' → other ('503') > keeps en on screen and says, in en, that it was not saved  610ms
   ✓ the live region and the persisted preference > a successful save never flips back to the previous language while the PUT is in flight  323ms
   ✓ the live region and the persisted preference > if the persisted preference changes later and is re-applied, the notice says so in that language  388ms
   ✓ the live region and the persisted preference > en: the notice is a warning banner below the header, not inside it  330ms
 ✓ |unit-web| src/pages/change-requests/change-requests.test.tsx (15 tests) 5745ms
   ✓ change requests (en) > lists a draft as a saved draft and an automatic request by its origin; the policy reads 'no threshold'  380ms
   ✓ change requests (en) > the first policy save sends If-Match "0"; an out-of-range value shows the translated refusal  635ms
   ✓ change requests (en) > raising a schedule rebaseline: the forecast is shown separately, the preview names the preserved G4 approval  932ms
   ✓ change requests (en) > a KPI target change (REQ-S07-015): the draft version's diff is the change; the preview lists the benefit and the G2 approval  476ms
   ✓ change requests (ar) > the first policy save sends If-Match "0"; an out-of-range value shows the translated refusal  444ms
   ✓ change requests (ar) > raising a schedule rebaseline: the forecast is shown separately, the preview names the preserved G4 approval  1055ms
   ✓ change requests (ar) > a KPI target change (REQ-S07-015): the draft version's diff is the change; the preview lists the benefit and the G2 approval  429ms
   ✓ change requests (ar) > a returned request offers round 2; a non-requester is told so and the 403 is translated  389ms
 ✓ |unit-web| src/pages/closure/closure.test.tsx (11 tests) 5320ms
   ✓ closure page (en) > shows the four statuses side by side and the value-pending labels; never 'successful'  698ms
   ✓ closure page (en) > closing a value-pending initiative shows the translated 422 closure.value_validation_pending  630ms
   ✓ closure page (en) > closing the transformation without G6 shows the translated refusal  714ms
   ✓ closure page (en) > a returned decision offers 'Submit again (round 2)'; a non-requester's withdrawal is refused, translated  515ms
   ✓ closure page (en) > creates a transition decision with the residual owner and monitoring (a draft until submitted)  579ms
   ✓ closure page (ar) > closing a value-pending initiative shows the translated 422 closure.value_validation_pending  504ms
   ✓ closure page (ar) > closing the transformation without G6 shows the translated refusal  468ms
   ✓ closure page (ar) > a returned decision offers 'Submit again (round 2)'; a non-requester's withdrawal is refused, translated  435ms
   ✓ closure page (ar) > creates a transition decision with the residual owner and monitoring (a draft until submitted)  519ms
 ✓ |unit-web| src/app/p3-seams.test.tsx (10 tests) 4416ms
   ✓ P3 routes > workspace tabs (en) > the workspace tabs include the P3 tabs, labelled from their own namespaces  1031ms
   ✓ P3 routes > workspace tabs (ar) > the workspace tabs include the P3 tabs, labelled from their own namespaces  719ms
   ✓ P3 navigation areas > en /initiatives-roadmaps leads into the Initiatives and Roadmaps tab of each transformation  647ms
   ✓ P3 navigation areas > ar /initiatives-roadmaps leads into the المبادرات وخرائط الطريق tab of each transformation  613ms
   ✓ P3 navigation areas > en /benefits-finance leads into the Benefits and Finance tab of each transformation  761ms
   ✓ P3 navigation areas > ar /benefits-finance leads into the المنافع والمالية tab of each transformation  626ms
 ✓ |unit-web| src/pages/gates/inherited-approval.test.tsx (16 tests) 4718ms
   ✓ inherited-approval annotation (en) > Gates list: G1 pending_verification (counts false) is a badge next to 'Not submitted'  983ms
   ✓ inherited-approval annotation (en) > gate view: an accepted inherited approval is a labelled row beside the 'Not submitted' status  571ms
   ✓ inherited-approval annotation (ar) > gate view: an accepted inherited approval is a labelled row beside the 'Not submitted' status  335ms
 ✓ |unit-web| src/pages/phases/phases.test.tsx (6 tests) 4223ms
   ✓ phase workspace (en) > lists the six phases in order, the objective, Unknown owners and the review queue; never moves a gate  584ms
   ✓ phase workspace (en) > a step with no record is read with ETag "0" and its first save sends If-Match "0"  1585ms
   ✓ phase workspace (en) > requesting review with an unmet completion rule shows the translated 422  474ms
   ✓ phase workspace (ar) > lists the six phases in order, the objective, Unknown owners and the review queue; never moves a gate  309ms
   ✓ phase workspace (ar) > a step with no record is read with ETag "0" and its first save sends If-Match "0"  677ms
   ✓ phase workspace (ar) > requesting review with an unmet completion rule shows the translated 422  587ms
 ✓ |unit-web| src/pages/dispensations/modular-waiver.test.tsx (7 tests) 5050ms
   ✓ Modular G3 waiver (en) > labels a Modular G3 waiver as the waiver of the missing links; End-to-End keeps the DG3 label  802ms
   ✓ Modular G3 waiver (en) > offers the waiver with the Modular hint and sends a G3 waiver without an initiative  1885ms
   ✓ Modular G3 waiver (en) > any other Modular waiver shows the DG3 refusal, translated  444ms
   ✓ Modular G3 waiver (ar) > labels a Modular G3 waiver as the waiver of the missing links; End-to-End keeps the DG3 label  448ms
   ✓ Modular G3 waiver (ar) > offers the waiver with the Modular hint and sends a G3 waiver without an initiative  1003ms
   ✓ Modular G3 waiver (ar) > any other Modular waiver shows the DG3 refusal, translated  456ms
 ✓ |unit-web| src/pages/capacity/capacity.test.tsx (6 tests) 3688ms
   ✓ capacity (en) > the role × month grid shows decimal FTE, the conflict with its shortfall, and Unknown capacity as Unknown (never 0)  973ms
   ✓ capacity (en) > committing a demand POSTs with If-Match; a 409 shows the conflict notice and reloads  929ms
   ✓ capacity (en) > the read-only auditor sees the grid and no commit or release control  469ms
   ✓ capacity (ar) > the role × month grid shows decimal FTE, the conflict with its shortfall, and Unknown capacity as Unknown (never 0)  410ms
   ✓ capacity (ar) > committing a demand POSTs with If-Match; a 409 shows the conflict notice and reloads  493ms
   ✓ capacity (ar) > the read-only auditor sees the grid and no commit or release control  410ms
 ✓ |unit-web| src/components/RecordForm.alerts.test.tsx (16 tests) 3555ms
   ✓ record form: one alert per distinct form error (en) > dialog > a 400 whose only field error has pointer "" says its message once, in one live region  729ms
   ✓ record form: one alert per distinct form error (en) > dialog > two distinct form-level messages: each is said exactly once, one live region each  422ms
 ✓ |unit-web| src/pages/transformations/modeGuidance.test.tsx (5 tests) 2803ms
   ✓ New transformation: mode guidance (English LTR) > shows When to use and How for the selected mode and switches with the mode  1723ms
   ✓ New transformation: mode guidance (English LTR) > Modular requires an entry phase before anything is sent  502ms
   ✓ New transformation: mode guidance (English LTR) > a server validation error on the entry phase is shown on that field  362ms
 ✓ |unit-web| src/pages/readiness/readiness.test.tsx (4 tests) 2257ms
   ✓ Readiness (en) > lists the missing diagnostic areas by name, the gates and the translated sequencing blockers  1073ms
   ✓ Readiness (en) > an accepted, verified inherited approval counts, and the gate itself still is not approved  408ms
   ✓ Readiness (ar) > lists the missing diagnostic areas by name, the gates and the translated sequencing blockers  442ms
   ✓ Readiness (ar) > an accepted, verified inherited approval counts, and the gate itself still is not approved  331ms
 ✓ |unit-web| src/components/States.test.tsx (15 tests) 1009ms
 ✓ |unit-web| src/pages/my-work/message-keys.test.ts (83 tests) 249ms
 ✓ |unit-web| src/i18n/i18n.test.ts (11 tests) 317ms
 ✓ |unit-web| src/lib/auditChanges.test.ts (125 tests) 247ms
 ✓ |unit-web| src/i18n/problems-slices-hijk.test.ts (8 tests) 161ms
 ✓ |unit-web| src/test/react-warning-guard.test.tsx (4 tests) 181ms
 ✓ |unit-web| src/i18n/glossary.test.ts (8 tests) 107ms
 ✓ |unit-web| src/lib/lib.test.ts (24 tests) 165ms
 ✓ |unit-web| src/pages/business-cases/problem-codes.test.ts (4 tests) 67ms
 ✓ |unit-web| src/test/harness-config.test.ts (2 tests) 4ms
 ✓ |unit-web| src/styles/styles.test.ts (6 tests) 24ms
 ✓ |unit-node| apps/api/src/modules/kpi/kpi.test.ts (39 tests) 3403ms
   ✓ kpi module (P2) > its declared boundary holds, and a planted bypass or undeclared dependency would be caught  3148ms
 ✓ |unit-node| packages/shared/src/formula/fuzz.test.ts (111 tests) 17587ms
   ✓ fuzz: no uncaught exception, no code execution > 10 000 random byte strings (0–255, up to 80 bytes)  3723ms
   ✓ fuzz: no uncaught exception, no code execution > 10 000 random UTF-16 strings including astral code points and lone surrogates  2990ms
   ✓ fuzz: no uncaught exception, no code execution > 20 000 random strings over the grammar alphabet reach parser, type checker and evaluator  7107ms
   ✓ source scan: no dynamic code in packages/shared/src/formula (ADR-0024 §6) > every file of the engine's import closure gets the engine-source lint rules (eslint.config.js)  2743ms
   ✓ source scan: no dynamic code in packages/shared/src/formula (ADR-0024 §6) > ESLint refuses the round-5 handler forms (G1, G2, A1, A2), F1 and every lintable probe-table row in an engine source  828ms
 ✓ |unit-node| apps/api/src/modules/workflows/workflows.test.ts (14 tests) 2584ms
   ✓ workflows module (P2) > its declared boundary holds, and an undeclared dependency would be caught  2280ms
 ✓ |unit-node| apps/api/src/architecture.test.ts (138 tests) 23438ms
   ✓ API module boundaries (ADR-0002) > every import respects dependsOn, public surfaces and allowed packages  16518ms
   ✓ package dependency direction (ADR-0002 rule 5) > packages/shared imports no workspace package  894ms
   ✓ package dependency direction (ADR-0002 rule 5) > apps/web never imports @mth/db or @mth/config (browser bundle, no secrets)  4790ms
   ✓ package dependency direction (ADR-0002 rule 5) > apps/worker imports no API code  378ms
 ✓ |unit-node| packages/shared/src/kpi/property.test.ts (11 tests) 2082ms
   ✓ trajectory > linear expected values lie between the neighbouring points; step values are point values  444ms
   ✓ storage rounding > rounds once half-up: |stored − exact| ≤ 0.0000005 and the record is honest  353ms
 ✓ |unit-node| apps/api/src/modules/reporting/reporting.test.ts (4 tests) 1799ms
   ✓ reporting module (P1 scaffold, D-048) > its declared boundary holds, and a planted bypass or undeclared dependency would be caught  1657ms
 ✓ |unit-node| packages/shared/src/adoption/measures.test.ts (24 tests) 896ms
   ✓ properties (seeded) > never 0 for an empty denominator: Unknown with value null exactly when the denominator is 0  301ms
 ✓ |unit-node| packages/shared/src/scoring.test.ts (36 tests) 796ms
   ✓ property: all 5^5 integer score combinations under v1 equal an independent BigInt rational computation > stored value, 2-digit display and 0–100 view all match for 3125 combinations  715ms
 ✓ |unit-node| apps/api/src/server.test.ts (6 tests) 1415ms
   ✓ route registration > declares access on every /api route and on the health endpoints  649ms
   ✓ route registration > registers dev login only in AUTH_MODE=dev; production configuration refuses dev mode entirely  436ms
 ✓ |unit-node| apps/api/src/modules/evidence/evidence.test.ts (13 tests) 909ms
   ✓ evidence module (P2) > its declared boundary holds  475ms
 ✓ |unit-node| packages/shared/src/schemas/schemas.test.ts (69 tests) 357ms
 ✓ |unit-node| packages/config/src/load.test.ts (17 tests) 188ms
 ✓ |unit-node| apps/api/src/modules/reporting/dashboards/areas.test.ts (19 tests) 499ms
   ✓ combine (ADR-0037 §3 precedence) > property: Unknown or Stale inputs never combine to green, and the result is one of the inputs' ranks (2000 seeded sets)  391ms
 ✓ |unit-node| packages/shared/src/value.test.ts (29 tests) 330ms
 ✓ |unit-node| apps/api/src/modules/methodology/methodology.test.ts (4 tests) 364ms
   ✓ methodology module (P2) > its declared boundary holds, and an undeclared dependency would be caught  315ms
 ✓ |unit-node| apps/api/src/modules/platform/in-flight.test.ts (4 tests) 382ms
 ✓ |unit-node| apps/api/src/modules/platform/incomplete-body.test.ts (10 tests) 88ms
 ✓ |unit-node| apps/api/src/modules/platform/health.test.ts (2 tests) 50ms
 ✓ |unit-node| apps/api/src/modules/platform/media-types.test.ts (57 tests) 296ms
 ✓ |unit-node| packages/shared/src/formula/formula.test.ts (140 tests) 197ms
 ✓ |unit-node| apps/api/src/modules/platform/advisory-locks.test.ts (3 tests) 49ms
 ✓ |unit-node| apps/api/src/modules/platform/platform.test.ts (19 tests) 186ms
 ✓ |unit-node| packages/shared/src/kpi/purity.test.ts (14 tests) 27ms
 ✓ |unit-node| packages/shared/src/kpi/change.test.ts (22 tests) 35ms
 ✓ |unit-node| packages/shared/src/kpi/types.test.ts (40 tests) 38ms
 ✓ |unit-node| apps/api/src/request-encoding.test.ts (11 tests) 135ms
 ✓ |unit-node| packages/design-tokens/src/tokens.test.ts (15 tests) 39ms
(node:1793) [FSTDEP022] FastifyWarning: The router options for constraints property access is deprecated. Please use "options.routerOptions" instead for accessing router options. The router options will be removed in `fastify@6`.
(Use `node --trace-warnings ...` to show where the warning was created)
 ✓ |unit-node| apps/api/src/modules/platform/framework-errors.test.ts (6 tests) 68ms
 ✓ |unit-node| apps/api/src/modules/platform/connection-hygiene.test.ts (6 tests) 114ms
 ✓ |unit-node| apps/api/src/modules/sustainment/sustainment.test.ts (2 tests) 65ms
 ✓ |unit-node| apps/api/src/modules/governance/governance.test.ts (2 tests) 53ms
 ✓ |unit-node| apps/api/src/modules/raid/raid.test.ts (7 tests) 149ms
 ✓ |unit-node| apps/api/src/modules/portfolio/schedule.test.ts (14 tests) 37ms
 ✓ |unit-node| packages/db/src/seed.test.ts (34 tests) 89ms
 ✓ |unit-node| packages/shared/src/schemas/corrective.test.ts (10 tests) 44ms
 ✓ |unit-node| apps/api/src/modules/benefits/totals.test.ts (14 tests) 51ms
 ✓ |unit-node| apps/api/src/modules/benefits/d2-rules.test.ts (15 tests) 33ms
 ✓ |unit-node| packages/shared/src/kpi/a05.test.ts (17 tests) 47ms
 ✓ |unit-node| packages/shared/src/kpi/rag.test.ts (38 tests) 21ms
 ✓ |unit-node| packages/shared/src/time/working-days.test.ts (19 tests) 90ms
 ✓ |unit-node| apps/api/src/modules/kpi/rules.test.ts (30 tests) 68ms
 ✓ |unit-node| packages/shared/src/schedule/critical-path.test.ts (13 tests) 28ms
 ✓ |unit-node| packages/shared/src/kpi/aggregate.test.ts (20 tests) 12ms
 ✓ |unit-node| apps/api/src/modules/tasks/tasks.test.ts (5 tests) 26ms
 ✓ |unit-node| apps/api/src/modules/benefits/register-rules.test.ts (45 tests) 40ms
 ✓ |unit-node| apps/api/src/modules/kpi/formulas.test.ts (10 tests) 28ms
 ✓ |unit-node| apps/api/src/modules/portfolio/budget.test.ts (13 tests) 13ms
 ✓ |unit-node| tests/qa/unit/a05-calc-units.test.ts (15 tests) 83ms
 ✓ |unit-node| apps/api/src/modules/kpi/kbe-c.test.ts (9 tests) 44ms
 ✓ |unit-node| apps/api/src/modules/identity/oidc-claims.test.ts (5 tests) 6ms
 ✓ |unit-node| apps/api/src/modules/benefits/benefits.test.ts (2 tests) 81ms
 ✓ |unit-node| packages/shared/src/schemas/roadmap.test.ts (6 tests) 12ms
 ✓ |unit-node| apps/api/src/modules/adoption/adoption.test.ts (2 tests) 133ms
 ✓ |unit-node| apps/api/src/modules/workflows/g4.test.ts (5 tests) 10ms
 ✓ |unit-node| apps/api/src/modules/platform/db-errors-p4-meetings.test.ts (4 tests) 8ms
 ✓ |unit-node| apps/api/src/modules/kpi/totals.test.ts (20 tests) 12ms
 ✓ |unit-node| packages/shared/src/governance/recurrence.test.ts (19 tests) 16ms
 ✓ |unit-node| apps/api/src/modules/admin/branding.test.ts (4 tests) 52ms
 ✓ |unit-node| apps/api/src/modules/platform/db-errors.test.ts (7 tests) 23ms
 ✓ |unit-node| packages/shared/src/adoption/form-schema.test.ts (8 tests) 18ms
 ✓ |unit-node| packages/shared/src/schemas/missing-links.test.ts (10 tests) 19ms
 ✓ |unit-node| apps/api/src/modules/access/rules.test.ts (12 tests) 8ms
 ✓ |unit-node| apps/api/src/modules/platform/db-errors-p4.test.ts (5 tests) 9ms
 ✓ |unit-node| packages/shared/src/kpi/formula-binding.test.ts (26 tests) 17ms
 ✓ |unit-node| packages/shared/src/schedule/working-day-slip.test.ts (11 tests) 15ms
 ✓ |unit-node| apps/api/src/modules/reporting/dashboards/finance.test.ts (12 tests) 13ms
 ✓ |unit-node| apps/api/src/modules/transformations/good-outcome.test.ts (7 tests) 10ms
 ✓ |unit-node| apps/api/src/modules/kpi/p3-gate-facts.test.ts (9 tests) 15ms
 ✓ |unit-node| packages/shared/src/kpi/measures.test.ts (30 tests) 21ms
 ✓ |unit-node| apps/api/src/modules/raid/corrective.test.ts (4 tests) 21ms
 ✓ |unit-node| packages/shared/src/kpi/trajectory.test.ts (14 tests) 17ms
 ✓ |unit-node| apps/api/src/modules/governance/raci.test.ts (2 tests) 3ms
 ✓ |unit-node| packages/shared/src/kpi/status.test.ts (25 tests) 21ms
 ✓ |unit-node| packages/shared/src/kpi/periods.test.ts (26 tests) 15ms
 ✓ |unit-node| apps/api/src/modules/platform/request-encoding.test.ts (7 tests) 22ms
 ✓ |unit-node| apps/api/src/modules/portfolio/sequencing.test.ts (9 tests) 9ms
 ✓ |unit-node| apps/api/src/modules/transformations/thesis.test.ts (4 tests) 7ms
 ✓ |unit-node| apps/api/src/modules/portfolio/capacity.test.ts (4 tests) 6ms
 ✓ |unit-node| apps/api/src/modules/transformations/exclusions.test.ts (19 tests) 9ms
 ✓ |unit-node| apps/api/src/modules/workflows/t08-cycle-problem.test.ts (2 tests) 4ms
 ✓ |unit-node| apps/api/src/modules/transformations/transitions.test.ts (2 tests) 7ms
 ✓ |unit-node| apps/api/src/modules/portfolio/readiness-transform.test.ts (4 tests) 7ms

 Test Files  143 passed (143)
      Tests  2719 passed (2719)
   Start at  13:18:28
   Duration  392.65s (transform 20.52s, setup 17.93s, collect 319.25s, tests 680.17s, environment 73.86s, prepare 22.32s)


 RUN  v3.2.4 /home/user/wt/dg4-be-r4

 ✓ |unit-formula-nocodegen| packages/shared/src/formula/codegen.nocodegen.test.ts (10 tests) 9ms
 ✓ |unit-formula-nocodegen| packages/shared/src/formula/formula.test.ts (140 tests) 115ms
 ✓ |unit-formula-nocodegen| packages/shared/src/formula/fuzz.test.ts (111 tests | 2 skipped) 4941ms
   ✓ fuzz: no uncaught exception, no code execution > 10 000 random byte strings (0–255, up to 80 bytes)  1327ms
   ✓ fuzz: no uncaught exception, no code execution > 10 000 random UTF-16 strings including astral code points and lone surrogates  1120ms
   ✓ fuzz: no uncaught exception, no code execution > 20 000 random strings over the grammar alphabet reach parser, type checker and evaluator  2470ms

 Test Files  3 passed (3)
      Tests  259 passed | 2 skipped (261)
   Start at  13:25:01
   Duration  5.66s (transform 318ms, setup 0ms, collect 861ms, tests 5.06s, environment 1ms, prepare 288ms)

EXIT=0
