Fri Oct  9 01:39:05 UTC 2026
port-policy: PostgreSQL listening on port 23710 (attempt 1)
qa disposable cluster: PostgreSQL 16.13 (Ubuntu 16.13-0ubuntu0.24.04.1) on x86_64-pc-linux-gnu, compiled by gcc (Ubuntu 13.3.0-6ubuntu2~24.04.1) 13.3.0, 64-bit; server_encoding UTF8, lc_collate C, lc_ctype C

> mobily-transformation-hub@0.1.0 test:integration /home/user/My-owns
> vitest run --project integration


 RUN  v3.2.4 /home/user/My-owns

[integration] PostgreSQL 16.13 (Ubuntu 16.13-0ubuntu0.24.04.1); database mth_test_mv0arm1w_72ed11f0 (server_encoding UTF8); applied 31 migrations to a fresh database
stdout | apps/api/test/integration/connection-hygiene.test.ts > unmatched-route 404s are rate limited (audit round 10 observation P3) > a flood on unmatched routes gets 429 rate_limited after the limit (same key and limit as the routes); the SPA fallback still serves index.html
SWEEP {"path":"unmatched-route flood, limit 4/min","statuses":[404,404,404,429]}

 ❯ |integration| apps/api/test/integration/connection-hygiene.test.ts (13 tests | 12 failed) 820ms
   × an over-limit upload (413 evidence.too_large) closes its connection and never stalls app.close() > 30 MiB chunked, written without backpressure like the audit repro: 413, Connection: close, server closes, 0 connections, app.close() prompt 84ms
     → {"type":"urn:mth:problem:not-found","title":"Not found","status":404,"code":"not_found","requestId":"01a11e50-79c8-73f4-81e5-f83c37ab7f80"}: expected 404 to be 201 // Object.is equality
   × an over-limit upload (413 evidence.too_large) closes its connection and never stalls app.close() > 30 MiB content-length, written without backpressure like the audit repro: 413, Connection: close, server closes, 0 connections, app.close() prompt 41ms
     → {"type":"urn:mth:problem:not-found","title":"Not found","status":404,"code":"not_found","requestId":"01a11e50-7a0d-720a-bd05-6fe82cc12cf8"}: expected 404 to be 201 // Object.is equality
   × a response sent before the body is read closes the connection and never drains the (unbounded) body > upload route 401/403/404/409/428/400/422, JSON bodyLimit (CL and chunked), media type, unmatched 404, bad URL; then app.close() is prompt 37ms
     → {"type":"urn:mth:problem:not-found","title":"Not found","status":404,"code":"not_found","requestId":"01a11e50-7a32-77ae-84fe-17137a06ce40"}: expected 404 to be 201 // Object.is equality
   × a response sent before the body is read closes the connection and never drains the (unbounded) body > app.close() while a refused client (403, no CSRF token) KEEPS SENDING its body completes promptly 36ms
     → {"type":"urn:mth:problem:not-found","title":"Not found","status":404,"code":"not_found","requestId":"01a11e50-7a57-74ad-9a49-69b08b010f4b"}: expected 404 to be 201 // Object.is equality
   × a response sent before the body is read closes the connection and never drains the (unbounded) body > a small refused body that arrived completely keeps the keep-alive connection (it is bounded and already read) 7ms
     → {"type":"urn:mth:problem:not-found","title":"Not found","status":404,"code":"not_found","requestId":"01a11e50-7a5e-717c-94be-9fb65cfc9eb8"}: expected 404 to be 201 // Object.is equality
   × a client that aborts mid-upload leaves no partial object and no leaked socket > content-length: 2 MiB of a 10 MiB upload, then the client destroys the socket 7ms
     → {"type":"urn:mth:problem:not-found","title":"Not found","status":404,"code":"not_found","requestId":"01a11e50-7a66-7290-9da4-521d5644409c"}: expected 404 to be 201 // Object.is equality
   × a client that aborts mid-upload leaves no partial object and no leaked socket > chunked: 2 MiB of a 10 MiB upload, then the client destroys the socket 7ms
     → {"type":"urn:mth:problem:not-found","title":"Not found","status":404,"code":"not_found","requestId":"01a11e50-7a6c-723b-861f-fd47ef7961b4"}: expected 404 to be 201 // Object.is equality
   × normal traffic is unchanged > a valid 3 MiB upload over a real socket is stored byte-exact with its sha256, and the keep-alive connection serves the next request 7ms
     → {"type":"urn:mth:problem:not-found","title":"Not found","status":404,"code":"not_found","requestId":"01a11e50-7a74-760d-b5b7-a0769a1bb37d"}: expected 404 to be 201 // Object.is equality
   × shutdown is bounded > app.close() with a STALLED upload in flight completes within the grace period (default 5 s); the stalled socket is closed by the server 43ms
     → {"type":"urn:mth:problem:not-found","title":"Not found","status":404,"code":"not_found","requestId":"01a11e50-7a96-764d-aad9-e63173491834"}: expected 404 to be 201 // Object.is equality
   × shutdown is bounded > an in-flight upload that finishes within the grace period completes normally (200, stored byte-exact, Connection: close), then app.close() returns 33ms
     → {"type":"urn:mth:problem:not-found","title":"Not found","status":404,"code":"not_found","requestId":"01a11e50-7abf-71a0-8d00-ef1b89fec9dc"}: expected 404 to be 201 // Object.is equality
   × shutdown is bounded > a body that stalls outside shutdown is cut by Node's requestTimeout (408, connection closed), nothing stored, no error log 33ms
     → {"type":"urn:mth:problem:not-found","title":"Not found","status":404,"code":"not_found","requestId":"01a11e50-7ae1-73dc-b8ce-5ee008c717f1"}: expected 404 to be 201 // Object.is equality
   × shutdown is bounded > SIGTERM: the API process (src/main.ts) exits 0 within the grace period with a stalled upload in flight 6ms
     → {"type":"urn:mth:problem:not-found","title":"Not found","status":404,"code":"not_found","requestId":"01a11e50-7ae8-7364-834d-fdab011ccb5d"}: expected 404 to be 201 // Object.is equality
   ✓ unmatched-route 404s are rate limited (audit round 10 observation P3) > a flood on unmatched routes gets 429 rate_limited after the limit (same key and limit as the routes); the SPA fallback still serves index.html 71ms
stdout | apps/api/test/integration/shutdown-cleanup.test.ts > F-DG2-460 defence in depth: the start-up sweep of stale temporaries > removes a .part last written over an hour ago, logs it at info (no content), and keeps a fresh .part and every final object
BE18A sweep {"after":["01a11e50-8b0b-757a-ab5c-914a07503397/01a11e50-8b0b-757a-ab5c-9794fb85ce78/01a11e50-8b0b-757a-ab5c-9a4d1d01eba8/01a11e50-8b0b-757a-ab5c-a25436f232c8.part (46 B)","01a11e50-8b0b-757a-ab5c-914a07503397/01a11e50-8b0b-757a-ab5c-9794fb85ce78/01a11e50-8b0b-757a-ab5c-9a4d1d01eba8/01a11e50-8b0c-74de-8454-df8220d0b15f (46 B)","01a11e50-8b0b-757a-ab5c-914a07503397/01a11e50-8b0b-757a-ab5c-9794fb85ce78/01a11e50-8b0b-757a-ab5c-9a4d1d01eba8/01a11e50-8b0c-74de-8454-e0d4246a1cfa (46 B)","01a11e50-8b0b-757a-ab5c-914a07503397/01a11e50-8b0b-757a-ab5c-9794fb85ce78/01a11e50-8b0b-757a-ab5c-9a4d1d01eba8/notes.part (46 B)","01a11e50-8b0c-74de-8454-e4d70ddcf1f0/01a11e50-8b0c-74de-8454-ea19f15cc993.part (46 B)"],"removals":[{"level":30,"time":1791509958316,"pid":220,"hostname":"vm","key":"01a11e50-8b0b-757a-ab5c-914a07503397/01a11e50-8b0b-757a-ab5c-9794fb85ce78/01a11e50-8b0b-757a-ab5c-9a4d1d01eba8/01a11e50-8b0b-757a-ab5c-9ca4aa99c104.part","sizeBytes":46,"ageMs":7200928,"msg":"evidence store: stale temporary object removed"}],"summary":{"level":30,"time":1791509958316,"pid":220,"hostname":"vm","removed":1,"keptFresh":1,"olderThanMs":3600000,"msg":"evidence store: start-up sweep of stale temporary objects finished"}}

 ❯ |integration| apps/api/test/integration/shutdown-cleanup.test.ts (4 tests | 3 failed) 4248ms
   × F-DG2-460: SIGTERM with an upload in flight leaves no temporary and no final object > R12-07: 2 MiB of a declared 10 MiB upload, then the client stalls; SIGTERM -> exit 0 within grace + backstop; the store is empty 938ms
     → {"type":"urn:mth:problem:not-found","title":"Not found","status":404,"code":"not_found","requestId":"01a11e50-82a4-7548-a346-7076a67664ec"}: expected 404 to be 201 // Object.is equality
   × F-DG2-460: SIGTERM with an upload in flight leaves no temporary and no final object > an upload that is ACTIVELY streaming through the whole grace period: SIGTERM -> exit 0 within grace + backstop; the store is empty 1077ms
     → {"type":"urn:mth:problem:not-found","title":"Not found","status":404,"code":"not_found","requestId":"01a11e50-86e0-764c-a4b0-e022bf9fd2ec"}: expected 404 to be 201 // Object.is equality
   × F-DG2-460: SIGTERM with an upload in flight leaves no temporary and no final object > positive control: an upload that completes before SIGTERM is kept (one final object, its content row), then shutdown is prompt 1057ms
     → {"type":"urn:mth:problem:not-found","title":"Not found","status":404,"code":"not_found","requestId":"01a11e50-8b02-766e-b360-fb51c93de2f6"}: expected 404 to be 201 // Object.is equality
   ✓ F-DG2-460 defence in depth: the start-up sweep of stale temporaries > removes a .part last written over an hour ago, logs it at info (no content), and keeps a fresh .part and every final object  960ms
 ❯ |integration| apps/api/test/integration/contract/contract.test.ts (25 tests | 9 failed) 7687ms
   ✓ route coverage > maps every governed Fastify route to an OpenAPI operation with the same method, and back 2ms
   ✓ route coverage > declares access on every governed route (public or a permission) 5ms
   ✓ every operation, validated against the contract and the zod mirrors > health 9ms
   ✓ every operation, validated against the contract and the zod mirrors > auth + me 149ms
   ✓ every operation, validated against the contract and the zod mirrors > organizations and business units 115ms
   ✓ every operation, validated against the contract and the zod mirrors > users, roles, permissions and assignments 135ms
   ✓ every operation, validated against the contract and the zod mirrors > transformations and audit 152ms
   ✓ every operation, validated against the contract and the zod mirrors > branding tokens (getBrandingTokens): authenticated-only, provisional provenance, contract + zod valid 8ms
   ✓ every operation, validated against the contract and the zod mirrors > kpi module operations (P2; kpi-exercises.ts, owned by kpi-benefits-engineer)  675ms
   × every operation, validated against the contract and the zod mirrors > P2 backend operations (p2-exercises.ts): every routed operation exercised with a success 123ms
     → getTransformationMethodology: {"type":"urn:mth:problem:not-found","title":"Not found","status":404,"code":"not_found","requestId":"01a11e50-983b-75e8-b73f-691054ad1b06"}: expected 404 to be 200 // Object.is equality
   × every operation, validated against the contract and the zod mirrors > P3 BE-A operations (p3-exercises-be-a.ts): readiness, outcome hierarchy, gate dispensations 130ms
     → expected 404 to be 200 // Object.is equality
   × every operation, validated against the contract and the zod mirrors > P3 BE-B operations (p3-exercises-be-b.ts) 88ms
     → POST /api/v1/initiatives: {"type":"urn:mth:problem:forbidden","title":"Forbidden","status":403,"detail":"Your access to this record changed while the request was in progress.","code":"forbidden","requestId":"01a11e50-9915-71ba-8880-0bd501d8b756"}: expected 403 to be 201 // Object.is equality
   × every operation, validated against the contract and the zod mirrors > P3 BE-C operations (p3-exercises-be-c.ts) 123ms
     → {"type":"urn:mth:problem:not-found","title":"Not found","status":404,"code":"not_found","requestId":"01a11e50-998a-71b0-aac1-c27ce49cbf1f"}: expected 404 to be 201 // Object.is equality
   × every operation, validated against the contract and the zod mirrors > P3 BE-D operations (p3-exercises-be-d.ts) 112ms
     → expected [ 403, 'forbidden' ] to deeply equal [ 422, 'prioritization.weights_total' ]
   × every operation, validated against the contract and the zod mirrors > P3 BE-E operations (p3-exercises-be-e.ts) 105ms
     → createResourceRole: {"type":"urn:mth:problem:forbidden","title":"Forbidden","status":403,"detail":"Your access to this record changed while the request was in progress.","code":"forbidden","requestId":"01a11e50-9a6e-732f-a995-e1b5e3427411"}: expected 403 to be 201 // Object.is equality
   × every operation, validated against the contract and the zod mirrors > P3 KBE-B operations (p3-exercises-kbe-b.ts) 130ms
     → {"type":"urn:mth:problem:forbidden","title":"Forbidden","status":403,"detail":"Your access to this record changed while the request was in progress.","code":"forbidden","requestId":"01a11e50-9aec-703b-9af7-090b98f15894"}: expected 403 to be 201 // Object.is equality
   × every operation, validated against the contract and the zod mirrors > P3 KBE-C operations (p3-exercises-kbe-c.ts) 129ms
     → {"type":"urn:mth:problem:forbidden","title":"Forbidden","status":403,"detail":"Your access to this record changed while the request was in progress.","code":"forbidden","requestId":"01a11e50-9b6e-775c-aacc-2faf717fd990"}: expected 403 to be 201 // Object.is equality
   ✓ every operation, validated against the contract and the zod mirrors > every GET operation with a path parameter: a malformed id is a declared 400 at /params/<name>; nothing written  648ms
   ✓ every operation, validated against the contract and the zod mirrors > the contract: every operation but the OIDC callback declares 400 (ADR-0007 §5a) 0ms
   ✓ every operation, validated against the contract and the zod mirrors > every operation but the OIDC callback: U+0000 in the query is a declared 400 invalid_character  1388ms
   ✓ every operation, validated against the contract and the zod mirrors > the contract: every route accepts exactly the request media types its operation declares 9ms
   ✓ every operation, validated against the contract and the zod mirrors > every operation: an undeclared request media type is a declared 400 validation.content_type; nothing written  2193ms
   ✓ every operation, validated against the contract and the zod mirrors > the contract: every operation declares each platform status derived from its route (ADR-0007 §5b) 26ms
   ✓ every operation, validated against the contract and the zod mirrors > every operation: the rate limiter's 429 is a declared RateLimited problem (live, limits of 1 per minute)  1097ms
   × every operation, validated against the contract and the zod mirrors > covers every operation with at least one success and every successful body with its zod mirror 4ms
     → expected [ 'listStrategicGuardrails', …(205) ] to deeply equal []
stdout | apps/api/test/integration/request-io.test.ts > F-DG2-411: a stalled upload holds no pooled connection and no row lock > defence in depth: an exhausted pool answers 503 after the bounded checkout wait (and /readyz 503), never a hang
BE17 pool-exhausted: {"me":{"status":503,"ms":405},"meCode":"unavailable","ready":{"status":503,"ms":402},"meAfter":{"status":200,"ms":10},"closeMs":0}

 ❯ |integration| apps/api/test/integration/request-io.test.ts (10 tests | 9 failed) 2029ms
   × F-DG2-411: a stalled upload holds no pooled connection and no row lock > reviewer's R8: N stalled uploads (N = pool size) leave /me and /readyz answering promptly; nothing is stored 44ms
     → {"type":"urn:mth:problem:not-found","title":"Not found","status":404,"code":"not_found","requestId":"01a11e50-b44d-77cd-a92d-fb91acfac903"}: expected 404 to be 201 // Object.is equality
   × F-DG2-411: a stalled upload holds no pooled connection and no row lock > an upload whose If-Match goes stale during the body: 409 version_conflict, no content row, no object 37ms
     → {"type":"urn:mth:problem:not-found","title":"Not found","status":404,"code":"not_found","requestId":"01a11e50-b477-777b-a125-8dfafc855d60"}: expected 404 to be 201 // Object.is equality
   × F-DG2-411: a stalled upload holds no pooled connection and no row lock > valid uploads stay byte-exact with their sha256 (stored, recorded and downloaded), no temporary object left 47ms
     → {"type":"urn:mth:problem:not-found","title":"Not found","status":404,"code":"not_found","requestId":"01a11e50-b49c-7209-9f1e-e2141464b89f"}: expected 404 to be 201 // Object.is equality
   × F-DG2-411: a stalled upload holds no pooled connection and no row lock > sweep: downloads to slow readers (N+1 paused readers, pool size N) hold no pooled connection 35ms
     → {"type":"urn:mth:problem:not-found","title":"Not found","status":404,"code":"not_found","requestId":"01a11e50-b4ca-7398-9ca5-7f8d481765d9"}: expected 404 to be 201 // Object.is equality
   ✓ F-DG2-411: a stalled upload holds no pooled connection and no row lock > defence in depth: an exhausted pool answers 503 after the bounded checkout wait (and /readyz 503), never a hang  1449ms
   × F-DG2-412: an aborted or stalled body is never a 500 and never an error-level log > R6a stalled JSON body, requestTimeout 408: answered (if at all) below 500, logged below error level, nothing stored 43ms
     → {"type":"urn:mth:problem:not-found","title":"Not found","status":404,"code":"not_found","requestId":"01a11e50-ba92-74b5-9271-ebb682866635"}: expected 404 to be 201 // Object.is equality
   × F-DG2-412: an aborted or stalled body is never a 500 and never an error-level log > R6d JSON body aborted by the client: answered (if at all) below 500, logged below error level, nothing stored 31ms
     → {"type":"urn:mth:problem:not-found","title":"Not found","status":404,"code":"not_found","requestId":"01a11e50-babd-747c-b3d9-a3f88858b7df"}: expected 404 to be 201 // Object.is equality
   × F-DG2-412: an aborted or stalled body is never a 500 and never an error-level log > R6c stalled upload body, requestTimeout 408: answered (if at all) below 500, logged below error level, nothing stored 30ms
     → {"type":"urn:mth:problem:not-found","title":"Not found","status":404,"code":"not_found","requestId":"01a11e50-badb-741b-98a8-f7b51ce5a264"}: expected 404 to be 201 // Object.is equality
   × F-DG2-412: an aborted or stalled body is never a 500 and never an error-level log > R6e upload body aborted by the client: answered (if at all) below 500, logged below error level, nothing stored 41ms
     → {"type":"urn:mth:problem:not-found","title":"Not found","status":404,"code":"not_found","requestId":"01a11e50-bafa-76d2-be9e-2d880ee1ee89"}: expected 404 to be 201 // Object.is equality
   × F-DG2-412: an aborted or stalled body is never a 500 and never an error-level log > no over-match: a database-side ECONNRESET while the request body is still arriving is a 500 with an error log 47ms
     → {"type":"urn:mth:problem:not-found","title":"Not found","status":404,"code":"not_found","requestId":"01a11e50-bb32-75fa-a9b3-86100e99ecfc"}: expected 404 to be 201 // Object.is equality
stdout | apps/api/test/integration/commit-time-auth.test.ts > F-DG2-440: an upload is authorised again at commit time (session re-resolved, grants reloaded) > Q1 the uploader's only grant is revoked while the body streams: 403 forbidden, audited as authorization.denied, nothing committed or stored
BE18 Q1 {"during":["01a11e50-bf2c-7406-9e06-7461b5bf66e3.part"],"revoked":1,"response":{"status":403,"code":"forbidden"},"after":{"rows":[],"version":1,"current":null,"files":[],"uploads":0},"denials":[{"record_type":"transformation","record_id":"01a11e50-be5b-73fe-98f1-73cdbdea27c4","reason":"POST /api/v1/transformations/:transformationId/evidence/:evidenceId/content requires transformation.read"}]}

stdout | apps/api/test/integration/commit-time-auth.test.ts > F-DG2-441: no transaction is open while the API waits on the IdP > Q7 never-answering IdP, pool max 3: three concurrent logins hold no connection or transaction; a signed-in user's /me stays prompt; the logins end in 302 idp_unavailable
BE18 Q7 {"pgActivityAt1s":[{"state":"idle","n":3}],"me":200,"meMs":6,"logins":[{"status":302,"location":"/login?error=idp_unavailable","ms":4004},{"status":302,"location":"/login?error=idp_unavailable","ms":4004},{"status":302,"location":"/login?error=idp_unavailable","ms":4004}]}

 ❯ |integration| apps/api/test/integration/commit-time-auth.test.ts (8 tests | 3 failed) 6274ms
   ✓ F-DG2-440: an upload is authorised again at commit time (session re-resolved, grants reloaded) > Q1 the uploader's only grant is revoked while the body streams: 403 forbidden, audited as authorization.denied, nothing committed or stored  519ms
   × F-DG2-440: an upload is authorised again at commit time (session re-resolved, grants reloaded) > Q1b the uploading session is logged out while the body streams: 401 unauthenticated, nothing committed or stored 45ms
     → {"type":"urn:mth:problem:not-found","title":"Not found","status":404,"code":"not_found","requestId":"01a11e50-c0f7-7022-84c3-2617cb340cba"}: expected 404 to be 201 // Object.is equality
   × F-DG2-440: an upload is authorised again at commit time (session re-resolved, grants reloaded) > the uploading session reaches its idle expiry while the body streams: 401 unauthenticated, nothing committed or stored 58ms
     → {"type":"urn:mth:problem:not-found","title":"Not found","status":404,"code":"not_found","requestId":"01a11e50-c124-71cc-b2b2-2a582333c7bd"}: expected 404 to be 201 // Object.is equality
   × F-DG2-440: an upload is authorised again at commit time (session re-resolved, grants reloaded) > the uploading session reaches its absolute expiry while the body streams: 401 unauthenticated, nothing committed or stored 34ms
     → {"type":"urn:mth:problem:not-found","title":"Not found","status":404,"code":"not_found","requestId":"01a11e50-c15b-758d-bfd8-35a06efa4450"}: expected 404 to be 201 // Object.is equality
   ✓ F-DG2-440: an upload is authorised again at commit time (session re-resolved, grants reloaded) > the uploader's user account is disabled while the body streams: 401, nothing committed  482ms
   ✓ F-DG2-440: an upload is authorised again at commit time (session re-resolved, grants reloaded) > positive control: an upload whose session and grant stay valid commits (200), byte-exact, audited once  398ms
   ✓ F-DG2-440: an upload is authorised again at commit time (session re-resolved, grants reloaded) > a grant revoked and granted again (a new assignment) while the body streams: the commit sees the CURRENT grants and succeeds  424ms
   ✓ F-DG2-441: no transaction is open while the API waits on the IdP > Q7 never-answering IdP, pool max 3: three concurrent logins hold no connection or transaction; a signed-in user's /me stays prompt; the logins end in 302 idp_unavailable  4058ms
 ❯ |integration| apps/api/test/integration/portfolio/transitions.test.ts (21 tests | 21 failed) 1769ms
   × submit (draft -> submitted) > REQ-PB-007/REQ-PB-022: before G1 -> 422 invalid-transition with the exact G1 text; errors[] lists every failing precondition; nothing written 188ms
     → POST /api/v1/transformations/01a11e50-da33-733b-a05d-22c767b77a77/outcomes: {"type":"urn:mth:problem:not-found","title":"Not found","status":404,"code":"not_found","requestId":"01a11e50-daab-75aa-a880-b5e2ed212eaf"}: expected 404 to be 201 // Object.is equality
   × submit (draft -> submitted) > REQ-PB-006: without an outcome/KPI link -> 'Outcome before activity' validation error at /outcomeContributions; accepted once a link exists 133ms
     → POST /api/v1/transformations/01a11e50-daca-7628-9f5b-b9040bc550dc/outcomes: {"type":"urn:mth:problem:not-found","title":"Not found","status":404,"code":"not_found","requestId":"01a11e50-db29-71c0-8f58-bfb4301b45bc"}: expected 404 to be 201 // Object.is equality
   × submit (draft -> submitted) > Modular: an accepted inherited approval of G1 with verified evidence satisfies submit (never a gate decision) 113ms
     → POST /api/v1/transformations/01a11e50-db4e-733c-a58c-582fc0bc2c3c/outcomes: {"type":"urn:mth:problem:not-found","title":"Not found","status":404,"code":"not_found","requestId":"01a11e50-dba8-71b9-af20-2f7f79a0e02e"}: expected 404 to be 201 // Object.is equality
   × withdraw and cancel > withdraw: submitted or ranked -> draft with a reason; draft -> 422 not_withdrawable; no reason -> 400 73ms
     → POST /api/v1/transformations/01a11e50-dbbd-72db-a2a5-7af93c46b341/outcomes: {"type":"urn:mth:problem:not-found","title":"Not found","status":404,"code":"not_found","requestId":"01a11e50-dbef-7749-a88d-65c2fd79adf7"}: expected 404 to be 201 // Object.is equality
   × withdraw and cancel > cancel: any non-terminal status -> cancelled with reason and stamps; launched or cancelled -> 422 not_cancellable 74ms
     → POST /api/v1/transformations/01a11e50-dc05-720d-bd0a-1ce7c0fcaeaf/outcomes: {"type":"urn:mth:problem:not-found","title":"Not found","status":404,"code":"not_found","requestId":"01a11e50-dc3b-74ed-9c0a-d471793f551e"}: expected 404 to be 201 // Object.is equality
   × selection (REQ-S09-003): a recorded business approval; ranking never selects; selection never funds > ranking never selects; select writes a portfolio_selection row and shows 'Selected - unfunded' 69ms
     → POST /api/v1/transformations/01a11e50-dc50-72dd-a276-e60e5677718b/outcomes: {"type":"urn:mth:problem:not-found","title":"Not found","status":404,"code":"not_found","requestId":"01a11e50-dc80-76a6-bfbf-d8156889ba88"}: expected 404 to be 201 // Object.is equality
   × selection (REQ-S09-003): a recorded business approval; ranking never selects; selection never funds > deselect: selected or funded -> ranked with a rationale; ranked or launched -> 422 not_deselectable 68ms
     → POST /api/v1/transformations/01a11e50-dc95-7371-b3c6-f7f65e6459a1/outcomes: {"type":"urn:mth:problem:not-found","title":"Not found","status":404,"code":"not_found","requestId":"01a11e50-dcc5-7439-8523-598d56169cf7"}: expected 404 to be 201 // Object.is equality
   × selection (REQ-S09-003): a recorded business approval; ranking never selects; selection never funds > ADR-0021 §6 (T-DG3-ARCH-03): select/deselect on someone's behalf -> 422 selection.on_behalf_not_supported, even under an active delegation; nothing written 63ms
     → POST /api/v1/transformations/01a11e50-dcd6-76d6-aa33-ac52bd3adade/outcomes: {"type":"urn:mth:problem:not-found","title":"Not found","status":404,"code":"not_found","requestId":"01a11e50-dd04-72de-b052-e2ec5be397d8"}: expected 404 to be 201 // Object.is equality
   × launch (funded -> launched) > REQ-PB-004 (acceptance): End-to-End launch -> 422 'North Star, outcomes and target state not yet approved'; after G2 and G3 approval the same call succeeds 72ms
     → POST /api/v1/transformations/01a11e50-dd19-76b8-bf8b-0025e1173884/outcomes: {"type":"urn:mth:problem:not-found","title":"Not found","status":404,"code":"not_found","requestId":"01a11e50-dd4b-74e9-bfd7-8b17abf15fe7"}: expected 404 to be 201 // Object.is equality
   × launch (funded -> launched) > direction is checked BEFORE funding: a selected-unfunded End-to-End initiative gets the sequencing reason, errors[] lists both 71ms
     → POST /api/v1/transformations/01a11e50-dd5e-704b-a341-2ea238d4be10/outcomes: {"type":"urn:mth:problem:not-found","title":"Not found","status":404,"code":"not_found","requestId":"01a11e50-dd92-753b-b120-7b6f5713e48a"}: expected 404 to be 201 // Object.is equality
   × launch (funded -> launched) > 'Selected - unfunded' cannot launch (also after a rejected/deferred or revoked funding decision); other statuses are not launchable 70ms
     → POST /api/v1/transformations/01a11e50-dda5-765c-96cd-951b6000aa9b/outcomes: {"type":"urn:mth:problem:not-found","title":"Not found","status":404,"code":"not_found","requestId":"01a11e50-ddd7-765d-bdb1-25cd926d272d"}: expected 404 to be 201 // Object.is equality
   × launch (funded -> launched) > a draft launched before G1 reports G1 first (precondition 1) 67ms
     → POST /api/v1/transformations/01a11e50-dde9-7769-b1d5-b9130bcdeb0e/outcomes: {"type":"urn:mth:problem:not-found","title":"Not found","status":404,"code":"not_found","requestId":"01a11e50-de1a-77a8-8996-06c4ff3a302f"}: expected 404 to be 201 // Object.is equality
   × launch (funded -> launched) > End-to-End: an accepted waiver of G3 (G2 approved) satisfies the direction rule for launch; the gate stays unapproved 74ms
     → POST /api/v1/transformations/01a11e50-de2f-7519-95dd-c0264f136088/outcomes: {"type":"urn:mth:problem:not-found","title":"Not found","status":404,"code":"not_found","requestId":"01a11e50-de64-77f4-b8ea-5af8d24eab2a"}: expected 404 to be 201 // Object.is equality
   × launch (funded -> launched) > Modular: a funded initiative launches without G2/G3 (not held to the End-to-End rule); WL (no initiative.launch) gets 403 68ms
     → POST /api/v1/transformations/01a11e50-de78-772b-8d7f-17e4a9fc8039/outcomes: {"type":"urn:mth:problem:not-found","title":"Not found","status":404,"code":"not_found","requestId":"01a11e50-dea9-74b6-b2fa-4835c8d6a362"}: expected 404 to be 201 // Object.is equality
   × every transition: If-Match 428/409 and AUD 403 (audited denial, nothing written) > submit: 428 without If-Match, 409 stale, 403 for AUD, 404 for an unknown id 71ms
     → POST /api/v1/transformations/01a11e50-debb-77b0-93e9-d5cc47fb15b0/outcomes: {"type":"urn:mth:problem:not-found","title":"Not found","status":404,"code":"not_found","requestId":"01a11e50-def0-7278-b5a8-39d40f3bbd5a"}: expected 404 to be 201 // Object.is equality
   × every transition: If-Match 428/409 and AUD 403 (audited denial, nothing written) > withdraw: 428 without If-Match, 409 stale, 403 for AUD, 404 for an unknown id 68ms
     → POST /api/v1/transformations/01a11e50-df03-74ce-b22d-7224dc551858/outcomes: {"type":"urn:mth:problem:not-found","title":"Not found","status":404,"code":"not_found","requestId":"01a11e50-df34-70de-a696-92c98b2d6d0c"}: expected 404 to be 201 // Object.is equality
   × every transition: If-Match 428/409 and AUD 403 (audited denial, nothing written) > select: 428 without If-Match, 409 stale, 403 for AUD, 404 for an unknown id 67ms
     → POST /api/v1/transformations/01a11e50-df47-737e-af79-849bade5fcf5/outcomes: {"type":"urn:mth:problem:not-found","title":"Not found","status":404,"code":"not_found","requestId":"01a11e50-df77-7571-a589-9c4a61803be1"}: expected 404 to be 201 // Object.is equality
   × every transition: If-Match 428/409 and AUD 403 (audited denial, nothing written) > deselect: 428 without If-Match, 409 stale, 403 for AUD, 404 for an unknown id 65ms
     → POST /api/v1/transformations/01a11e50-df89-7425-9555-48d82d77f777/outcomes: {"type":"urn:mth:problem:not-found","title":"Not found","status":404,"code":"not_found","requestId":"01a11e50-dfb8-742f-9b2d-a7c3ee529891"}: expected 404 to be 201 // Object.is equality
   × every transition: If-Match 428/409 and AUD 403 (audited denial, nothing written) > launch: 428 without If-Match, 409 stale, 403 for AUD, 404 for an unknown id 67ms
     → POST /api/v1/transformations/01a11e50-dfcb-738a-b8bb-255aa801ffd8/outcomes: {"type":"urn:mth:problem:not-found","title":"Not found","status":404,"code":"not_found","requestId":"01a11e50-dffb-7123-b1b9-2950927fe69d"}: expected 404 to be 201 // Object.is equality
   × every transition: If-Match 428/409 and AUD 403 (audited denial, nothing written) > cancel: 428 without If-Match, 409 stale, 403 for AUD, 404 for an unknown id 84ms
     → POST /api/v1/transformations/01a11e50-e011-7232-bb41-f54392df19cc/outcomes: {"type":"urn:mth:problem:not-found","title":"Not found","status":404,"code":"not_found","requestId":"01a11e50-e04f-71ed-b6e4-4219abbc6b15"}: expected 404 to be 201 // Object.is equality
   × latestFundingState() (ADR-0023 §7): the latest funding decision decides, fail closed > none -> unfunded; approved -> funded; deferred after approved -> unfunded; revoked -> revoked 77ms
     → POST /api/v1/transformations/01a11e50-e064-7053-a246-f620c258a700/outcomes: {"type":"urn:mth:problem:not-found","title":"Not found","status":404,"code":"not_found","requestId":"01a11e50-e09b-73fa-b31d-1e0e9200f741"}: expected 404 to be 201 // Object.is equality
 ✓ |integration| apps/worker/test/integration/outbox.test.ts (10 tests) 5703ms
   ✓ worker runtime: end to end, restarts and the dead-letter queue > relays and handles a created transformation, and survives a restart without losing the job  3664ms
   ✓ worker runtime: end to end, restarts and the dead-letter queue > moves a job that keeps failing to ops.failed after the bounded retries  1037ms
 ❯ |integration| apps/api/test/integration/portfolio/prioritization.test.ts (17 tests | 14 failed) 2701ms
   × scores (REQ-PB-047, REQ-PB-048, REQ-S09-001) > score 6 -> 400; 0, 2.5 and '4' -> 400; a weightedScore property -> 400 (read-only); nothing written 155ms
     → score 6: expected 403 to be 400 // Object.is equality
   × scores (REQ-PB-047, REQ-PB-048, REQ-S09-001) > 5,4,3,2,1 under v1 -> stored 3.3000, shown 3.30, 0-100 view 57.5 with its label; appended with its cause; audited 101ms
     → {"type":"urn:mth:problem:forbidden","title":"Forbidden","status":403,"detail":"Your access to this record changed while the request was in progress.","code":"forbidden","requestId":"01a11e50-fb91-708c-b587-60757b96709f"}: expected 403 to be 201 // Object.is equality
   × scores (REQ-PB-047, REQ-PB-048, REQ-S09-001) > a missing score -> 'incomplete' with weightedScore null (never a number, never 0) 76ms
     → {"type":"urn:mth:problem:forbidden","title":"Forbidden","status":403,"detail":"Your access to this record changed while the request was in progress.","code":"forbidden","requestId":"01a11e50-fbde-7339-9a3e-c33509fbd382"}: expected 403 to be 201 // Object.is equality
   × scores (REQ-PB-047, REQ-PB-048, REQ-S09-001) > PATCH: If-Match 428/409; clearing (null) makes it incomplete again; duplicate POST 409; AUD 403 on POST and PATCH 244ms
     → Cannot read properties of undefined (reading 'weightedScore')
   × weight sets (REQ-PB-049) > 95% and 105% -> 422 prioritization.weights_total, nothing written; 0 -> 422 weight_range; bad pattern -> 400 75ms
     → expected 403 to be 422 // Object.is equality
   × weight sets (REQ-PB-049) > v2 with risk_compliance 10 and strategic fit 15 is accepted as version 2; the proposer cannot approve; the Sponsor does; AUD 403; If-Match 428/409; audited 76ms
     → {"type":"urn:mth:problem:forbidden","title":"Forbidden","status":403,"detail":"You do not have permission for this action.","code":"forbidden","requestId":"01a11e50-fd6c-70b9-8c83-436a1c75bbca"}: expected 403 to be 201 // Object.is equality
   × weight sets (REQ-PB-049) > the v2 set is used for rescoring; v1 results keep v1; a set is immutable (DB guard) 76ms
     → {"type":"urn:mth:problem:forbidden","title":"Forbidden","status":403,"detail":"Your access to this record changed while the request was in progress.","code":"forbidden","requestId":"01a11e50-fdb7-717f-8ce5-f486b08b2465"}: expected 403 to be 201 // Object.is equality
   × weight sets (REQ-PB-049) > withdraw: proposed -> withdrawn with a reason (If-Match 428/409, AUD 403, audited); an active set cannot be withdrawn 84ms
     → expected 403 to be 428 // Object.is equality
   × rankings and history (REQ-S09-005, REQ-S09-003) > snapshot: deterministic tie-break, incomplete unranked, submitted -> ranked with audit; v2 activation -> history shows 'weight version 2' as the cause of the rank change 90ms
     → {"type":"urn:mth:problem:forbidden","title":"Forbidden","status":403,"detail":"Your access to this record changed while the request was in progress.","code":"forbidden","requestId":"01a11e50-fe66-704f-abdb-72d189aeee76"}: expected 403 to be 201 // Object.is equality
   × rankings and history (REQ-S09-005, REQ-S09-003) > score cause lists the criteria; relative cause when another initiative moved 81ms
     → {"type":"urn:mth:problem:forbidden","title":"Forbidden","status":403,"detail":"Your access to this record changed while the request was in progress.","code":"forbidden","requestId":"01a11e50-feb4-769c-a47a-aeacd699dd88"}: expected 403 to be 201 // Object.is equality
   ✓ rankings and history (REQ-S09-005, REQ-S09-003) > rankOrder: score desc, code asc, overrides move to their position (pure) 1ms
   × overrides (REQ-S09-005) > an override without a reason is rejected (missing/empty -> 400 at /reason; blank/invisible -> 422); the proposer cannot approve; approved applies with 'override: <reason>'; revoke; AUD 403; If-Match 83ms
     → {"type":"urn:mth:problem:forbidden","title":"Forbidden","status":403,"detail":"You do not have permission for this action.","code":"forbidden","requestId":"01a11e50-ff0a-747c-af16-f463213f8284"}: expected 403 to be 201 // Object.is equality
   × overrides (REQ-S09-005) > the DB refuses an approval by the proposer even without the API (ranking_override_approver_not_proposer) 91ms
     → promise resolved "[ UpdateResult{ …(2) } ]" instead of rejecting
   × every BE-D mutation re-authorises inside its transaction (BE18A) > weight sets, scores, rankings and overrides: 403 at commit and nothing changes 82ms
     → expected 403 to be 201 // Object.is equality
   ✓ every BE-D mutation re-authorises inside its transaction (BE18A) > control: the same pause WITHOUT a revocation commits (so the 403 above comes from the commit-time check) 102ms
   × comparison view (REQ-S09-004) > axes, filters (status, completeness, funding, flag) and injected sequencing/capacity flags 89ms
     → {"type":"urn:mth:problem:forbidden","title":"Forbidden","status":403,"detail":"Your access to this record changed while the request was in progress.","code":"forbidden","requestId":"01a11e51-0076-71b9-8c39-4fb944e9b698"}: expected 403 to be 201 // Object.is equality
   ✓ comparison view (REQ-S09-004) > more than 500 initiatives -> 422 prioritization.portfolio_too_large  1140ms
 ✓ |integration| packages/db/test/integration/scratch-drop.test.ts (3 tests) 3888ms
   ✓ dropScratchDatabase never terminates a live client (F-DG1-009) > a drop right after pool.end() raises no 57P01 on the closing pool (40 rounds, 8 clients each)  3476ms
   ✓ dropScratchDatabase never terminates a live client (F-DG1-009) > a client that is still connected is NOT terminated: the drop refuses, names it, and succeeds once it ends  411ms
 ✓ |integration| tests/qa/integration/a13-job-idempotency.test.ts (5 tests) 3654ms
   ✓ A13 running worker: a duplicate delivery is a no-op > consumes the event once; an extra job with the same message completes as 'duplicate'  2609ms
 ❯ |integration| apps/api/test/integration/kpi/business-cases.test.ts (17 tests | 17 failed) 1771ms
   × transformation case: the ten B0085 sections (REQ-PB-053) > all ten sections persist and read back; missingSections clears once lines and owners exist 147ms
     → {"type":"urn:mth:problem:forbidden","title":"Forbidden","status":403,"detail":"Your access to this record changed while the request was in progress.","code":"forbidden","requestId":"01a11e51-2886-76ec-915b-bf0c92d23c22"}: expected 403 to be 201 // Object.is equality
   × transformation case: the ten B0085 sections (REQ-PB-053) > one active transformation case per transformation (409); configurable currency; blank text 400 113ms
     → {"type":"urn:mth:problem:forbidden","title":"Forbidden","status":403,"detail":"Your access to this record changed while the request was in progress.","code":"forbidden","requestId":"01a11e51-28fa-7189-87f4-e6f2a4c664fe"}: expected 403 to be 201 // Object.is equality
   × initiative cases and the roll-up (REQ-PB-054, REQ-S05-005) > an initiative case links to the one transformation case and fills the lighter set 95ms
     → expected [ 403, 'forbidden' ] to deeply equal [ 422, …(1) ]
   × initiative cases and the roll-up (REQ-PB-054, REQ-S05-005) > the total equals the distinct lines once; editing an initiative line changes the roll-up without duplication 114ms
     → {"type":"urn:mth:problem:forbidden","title":"Forbidden","status":403,"detail":"Your access to this record changed while the request was in progress.","code":"forbidden","requestId":"01a11e51-29ca-7679-944e-bbb8902b60a3"}: expected 403 to be 201 // Object.is equality
   × initiative cases and the roll-up (REQ-PB-054, REQ-S05-005) > Unknown is never 0; per currency; revenue vs margin and non-financial kept apart 76ms
     → {"type":"urn:mth:problem:forbidden","title":"Forbidden","status":403,"detail":"Your access to this record changed while the request was in progress.","code":"forbidden","requestId":"01a11e51-2a17-7558-9722-d32addf36e6e"}: expected 403 to be 201 // Object.is equality
   × lines: exactly one class (REQ-PB-053, REQ-S05-005) > two classes -> 400 at /class; class/kind and class/value-basis mismatch -> 422; value rules 80ms
     → {"type":"urn:mth:problem:forbidden","title":"Forbidden","status":403,"detail":"Your access to this record changed while the request was in progress.","code":"forbidden","requestId":"01a11e51-2a67-7748-9629-389a875f1ee5"}: expected 403 to be 201 // Object.is equality
   × lines: exactly one class (REQ-PB-053, REQ-S05-005) > one benefit formula backs at most one active line in the transformation (409) 71ms
     → {"type":"urn:mth:problem:forbidden","title":"Forbidden","status":403,"detail":"Your access to this record changed while the request was in progress.","code":"forbidden","requestId":"01a11e51-2aad-779b-a0f9-13610090b275"}: expected 403 to be 201 // Object.is equality
   × Finance validation of the baseline (REQ-PB-055 part) > FIN validates; the author is refused 403; the hash is stored; a baseline change shows Stale 331ms
     → {"type":"urn:mth:problem:forbidden","title":"Forbidden","status":403,"detail":"Your access to this record changed while the request was in progress.","code":"forbidden","requestId":"01a11e51-2bf9-76e8-b9d8-40e785ba8a23"}: expected 403 to be 201 // Object.is equality
   × every mutation: AUD 403, If-Match 428/409, audit, WL record-level > the read-only auditor gets 403 (audited) on all seven mutations, whatever the body 80ms
     → {"type":"urn:mth:problem:forbidden","title":"Forbidden","status":403,"detail":"Your access to this record changed while the request was in progress.","code":"forbidden","requestId":"01a11e51-2c49-7101-8022-425a298e9423"}: expected 403 to be 201 // Object.is equality
   × every mutation: AUD 403, If-Match 428/409, audit, WL record-level > If-Match: 428 without, 409 stale, on update/archive of cases and lines; each success audited 82ms
     → {"type":"urn:mth:problem:forbidden","title":"Forbidden","status":403,"detail":"Your access to this record changed while the request was in progress.","code":"forbidden","requestId":"01a11e51-2c9c-70bc-9fe9-39a03db5dbd3"}: expected 403 to be 201 // Object.is equality
   × every mutation: AUD 403, If-Match 428/409, audit, WL record-level > WL edits only the initiative cases of initiatives they lead (record-level, 403 otherwise) 90ms
     → {"type":"urn:mth:problem:forbidden","title":"Forbidden","status":403,"detail":"Your access to this record changed while the request was in progress.","code":"forbidden","requestId":"01a11e51-2cf6-725b-ad73-35aed9400a78"}: expected 403 to be 201 // Object.is equality
   × every mutation: AUD 403, If-Match 428/409, audit, WL record-level > authorization is re-checked at commit time (update case): a grant revoked after authentication -> 403, nothing written 77ms
     → {"type":"urn:mth:problem:forbidden","title":"Forbidden","status":403,"detail":"Your access to this record changed while the request was in progress.","code":"forbidden","requestId":"01a11e51-2d43-77da-a865-0d83effa87c4"}: expected 403 to be 201 // Object.is equality
   × every mutation: AUD 403, If-Match 428/409, audit, WL record-level > authorization is re-checked at commit time (archive case): a grant revoked after authentication -> 403, nothing written 71ms
     → {"type":"urn:mth:problem:forbidden","title":"Forbidden","status":403,"detail":"Your access to this record changed while the request was in progress.","code":"forbidden","requestId":"01a11e51-2d8c-7577-a367-8bc3d22119a9"}: expected 403 to be 201 // Object.is equality
   × every mutation: AUD 403, If-Match 428/409, audit, WL record-level > authorization is re-checked at commit time (validate baseline): a grant revoked after authentication -> 403, nothing written 71ms
     → {"type":"urn:mth:problem:forbidden","title":"Forbidden","status":403,"detail":"Your access to this record changed while the request was in progress.","code":"forbidden","requestId":"01a11e51-2dd3-7117-9ffb-2983541eb9fd"}: expected 403 to be 201 // Object.is equality
   × every mutation: AUD 403, If-Match 428/409, audit, WL record-level > authorization is re-checked at commit time (create line): a grant revoked after authentication -> 403, nothing written 78ms
     → {"type":"urn:mth:problem:forbidden","title":"Forbidden","status":403,"detail":"Your access to this record changed while the request was in progress.","code":"forbidden","requestId":"01a11e51-2e1f-770f-9195-500357083785"}: expected 403 to be 201 // Object.is equality
   × every mutation: AUD 403, If-Match 428/409, audit, WL record-level > authorization is re-checked at commit time (update line): a grant revoked after authentication -> 403, nothing written 69ms
     → {"type":"urn:mth:problem:forbidden","title":"Forbidden","status":403,"detail":"Your access to this record changed while the request was in progress.","code":"forbidden","requestId":"01a11e51-2e65-7359-b24d-85c412a4bc50"}: expected 403 to be 201 // Object.is equality
   × every mutation: AUD 403, If-Match 428/409, audit, WL record-level > authorization is re-checked at commit time (archive line): a grant revoked after authentication -> 403, nothing written 69ms
     → {"type":"urn:mth:problem:forbidden","title":"Forbidden","status":403,"detail":"Your access to this record changed while the request was in progress.","code":"forbidden","requestId":"01a11e51-2eaa-71ce-aafc-3d7b7751dd4f"}: expected 403 to be 201 // Object.is equality
 ❯ |integration| apps/api/test/integration/kpi/benefit-formulas.test.ts (16 tests | 15 failed) 1471ms
   × T09 register (REQ-PB-056) > the six T09 columns persist; BF-nn codes; the formula is the current version's expression 143ms
     → {"type":"urn:mth:problem:forbidden","title":"Forbidden","status":403,"detail":"Your access to this record changed while the request was in progress.","code":"forbidden","requestId":"01a11e51-31fd-751d-950f-bbfabf011c33"}: expected 403 to be 201 // Object.is equality
   × T09 register (REQ-PB-056) > confidence outside H/M/L -> 400 (create and PATCH), nothing written; the DB CHECK refuses it too 101ms
     → X: expected [ 403, undefined ] to deeply equal [ 400, '/confidence' ]
   × T09 register (REQ-PB-056) > an undefined variable -> 422 'Undefined variable: {name}'; an invalid expression writes nothing 92ms
     → Cannot read properties of undefined (reading '0')
   ✓ the two seeded B0087 examples (REQ-PB-057, REQ-S08-007) > reading the examples shows the B0087 text verbatim, marked illustrative 81ms
   × the two seeded B0087 examples (REQ-PB-057, REQ-S08-007) > instantiating revenue_uplift and previewing gives exactly 100000 SAR per year; cost_reduction 500000 81ms
     → {"type":"urn:mth:problem:forbidden","title":"Forbidden","status":403,"detail":"Your access to this record changed while the request was in progress.","code":"forbidden","requestId":"01a11e51-3364-73a3-8d6e-7f93a0238985"}: expected 403 to be 201 // Object.is equality
   × the two seeded B0087 examples (REQ-PB-057, REQ-S08-007) > changing arpu to period = month while eligible_customers stays year -> 422 formula.period_mismatch 75ms
     → Cannot read properties of undefined (reading 'variables')
   × calculations and lineage > records inputs with kind/unit/currency/period/source, assumptions and period; Unknown never 0; append-only 71ms
     → {"type":"urn:mth:problem:forbidden","title":"Forbidden","status":403,"detail":"Your access to this record changed while the request was in progress.","code":"forbidden","requestId":"01a11e51-33f7-7018-b058-ccd5597e130d"}: expected 403 to be 201 // Object.is equality
   × Finance validation of the benefit logic (REQ-PB-055) > FIN validates or rejects with a note; the author gets 403; final once recorded; If-Match 428/409 145ms
     → {"type":"urn:mth:problem:forbidden","title":"Forbidden","status":403,"detail":"Your access to this record changed while the request was in progress.","code":"forbidden","requestId":"01a11e51-3486-704a-99c8-f048fea2fe14"}: expected 403 to be 201 // Object.is equality
   × every mutation: AUD 403, If-Match, audit, archive > the read-only auditor gets 403 (audited) on every T09 mutation, whatever the body 75ms
     → {"type":"urn:mth:problem:forbidden","title":"Forbidden","status":403,"detail":"Your access to this record changed while the request was in progress.","code":"forbidden","requestId":"01a11e51-34d2-76eb-be17-a94b842b6f9a"}: expected 403 to be 201 // Object.is equality
   × every mutation: AUD 403, If-Match, audit, archive > If-Match: 428 without, 409 stale on PATCH, archive and new version; archive guards; audit events 75ms
     → {"type":"urn:mth:problem:forbidden","title":"Forbidden","status":403,"detail":"Your access to this record changed while the request was in progress.","code":"forbidden","requestId":"01a11e51-351e-70af-b89f-205f84220f30"}: expected 403 to be 201 // Object.is equality
   × every mutation: AUD 403, If-Match, audit, archive > authorization is re-checked at commit time (update): a grant revoked after authentication -> 403, nothing written 74ms
     → {"type":"urn:mth:problem:forbidden","title":"Forbidden","status":403,"detail":"Your access to this record changed while the request was in progress.","code":"forbidden","requestId":"01a11e51-3567-748f-b4b0-917df8b20ac9"}: expected 403 to be 201 // Object.is equality
   × every mutation: AUD 403, If-Match, audit, archive > authorization is re-checked at commit time (archive): a grant revoked after authentication -> 403, nothing written 79ms
     → {"type":"urn:mth:problem:forbidden","title":"Forbidden","status":403,"detail":"Your access to this record changed while the request was in progress.","code":"forbidden","requestId":"01a11e51-35b6-76fb-9995-2d2beed8d4a8"}: expected 403 to be 201 // Object.is equality
   × every mutation: AUD 403, If-Match, audit, archive > authorization is re-checked at commit time (new version): a grant revoked after authentication -> 403, nothing written 76ms
     → {"type":"urn:mth:problem:forbidden","title":"Forbidden","status":403,"detail":"Your access to this record changed while the request was in progress.","code":"forbidden","requestId":"01a11e51-3603-746a-ab93-29bda4529762"}: expected 403 to be 201 // Object.is equality
   × every mutation: AUD 403, If-Match, audit, archive > authorization is re-checked at commit time (calculation): a grant revoked after authentication -> 403, nothing written 69ms
     → {"type":"urn:mth:problem:forbidden","title":"Forbidden","status":403,"detail":"Your access to this record changed while the request was in progress.","code":"forbidden","requestId":"01a11e51-364a-7315-a329-1eefb154acfb"}: expected 403 to be 201 // Object.is equality
   × every mutation: AUD 403, If-Match, audit, archive > authorization is re-checked at commit time (validation): a grant revoked after authentication -> 403, nothing written 74ms
     → {"type":"urn:mth:problem:forbidden","title":"Forbidden","status":403,"detail":"Your access to this record changed while the request was in progress.","code":"forbidden","requestId":"01a11e51-3693-774e-a3aa-9fdb9158d882"}: expected 403 to be 201 // Object.is equality
   × loadKpiP3GateFacts: the kpi half of the G4 GateFactsProvider > cases with sections and baseline state (incl. Stale); each financial benefit line's current version state 101ms
     → {"type":"urn:mth:problem:forbidden","title":"Forbidden","status":403,"detail":"Your access to this record changed while the request was in progress.","code":"forbidden","requestId":"01a11e51-36f8-754f-8887-e6ec4f79a19c"}: expected 403 to be 201 // Object.is equality
 ❯ |integration| apps/api/test/integration/blank-text.test.ts (29 tests | 20 failed | 9 skipped) 1585ms
   ↓ blank free text is rejected (400 + pointer), nothing is written and nothing is audited > charter inScope
   ↓ blank free text is rejected (400 + pointer), nothing is written and nothing is audited > charter caseForChange
   ↓ blank free text is rejected (400 + pointer), nothing is written and nothing is audited > charter thesisBecause
   ↓ blank free text is rejected (400 + pointer), nothing is written and nothing is audited > charter create with a blank field writes no charter
   ↓ blank free text is rejected (400 + pointer), nothing is written and nothing is audited > T01 diagnostic item currentState
   ↓ blank free text is rejected (400 + pointer), nothing is written and nothing is audited > T03 TOM gap (create and update)
   ↓ blank free text is rejected (400 + pointer), nothing is written and nothing is audited > T04 decision (create title, update context)
   ↓ blank free text is rejected (400 + pointer), nothing is written and nothing is audited > KPI definition name
   ↓ blank free text is rejected (400 + pointer), nothing is written and nothing is audited > evidence note body
   × valid text still succeeds (stored as entered) and null still clears > charter: text with surrounding spaces is kept verbatim; null clears; each change is audited once 90ms
     → expected 404 to be 201 // Object.is equality
   × valid text still succeeds (stored as entered) and null still clears > T01: valid currentState saves, then null clears it 8ms
     → Cannot read properties of undefined (reading '1')
   × defense in depth: blank text already in the database is never 'present' (G1 readiness, pre-checks, thesis) > blank In scope, Case for change, thesis part and T01 texts read as missing 95ms
     → expected 404 to be 201 // Object.is equality
   × invisible-only free text is blank (F-DG2-160) > Out of scope "‏" is 400 validation.blank at /outOfScope; nothing written, no audit 99ms
     → {"type":"urn:mth:problem:not-found","title":"Not found","status":404,"code":"not_found","requestId":"01a11e51-3b3e-71ca-ab8d-514935730da2"}: expected 404 to be 400 // Object.is equality
   × invisible-only free text is blank (F-DG2-160) > Out of scope "" is 400 validation.blank at /outOfScope; nothing written, no audit 79ms
     → {"type":"urn:mth:problem:not-found","title":"Not found","status":404,"code":"not_found","requestId":"01a11e51-3b8e-762a-b0e5-9d5b3660d939"}: expected 404 to be 400 // Object.is equality
   × invisible-only free text is blank (F-DG2-160) > Out of scope "⁠⁠⁠" is 400 validation.blank at /outOfScope; nothing written, no audit 78ms
     → {"type":"urn:mth:problem:not-found","title":"Not found","status":404,"code":"not_found","requestId":"01a11e51-3bdb-75ce-8b3d-434bae717640"}: expected 404 to be 400 // Object.is equality
   × invisible-only free text is blank (F-DG2-160) > Out of scope "؜" is 400 validation.blank at /outOfScope; nothing written, no audit 85ms
     → {"type":"urn:mth:problem:not-found","title":"Not found","status":404,"code":"not_found","requestId":"01a11e51-3c30-75ff-b1a5-a7e851a41831"}: expected 404 to be 400 // Object.is equality
   × invisible-only free text is blank (F-DG2-160) > Out of scope "️͏" is 400 validation.blank at /outOfScope; nothing written, no audit 77ms
     → {"type":"urn:mth:problem:not-found","title":"Not found","status":404,"code":"not_found","requestId":"01a11e51-3c7e-741e-ab53-623ec9eb19ef"}: expected 404 to be 400 // Object.is equality
   × invisible-only free text is blank (F-DG2-160) > Out of scope "᠋᠏" is 400 validation.blank at /outOfScope; nothing written, no audit 71ms
     → {"type":"urn:mth:problem:not-found","title":"Not found","status":404,"code":"not_found","requestId":"01a11e51-3cc5-7143-b032-120cac87fa20"}: expected 404 to be 400 // Object.is equality
   × invisible-only free text is blank (F-DG2-160) > Out of scope "\u0001" is 400 validation.blank at /outOfScope; nothing written, no audit 72ms
     → {"type":"urn:mth:problem:not-found","title":"Not found","status":404,"code":"not_found","requestId":"01a11e51-3d0d-726b-bded-c996bd2f5911"}: expected 404 to be 400 // Object.is equality
   × invisible-only free text is blank (F-DG2-160) > Out of scope "󠄀 ឴឵" is 400 validation.blank at /outOfScope; nothing written, no audit 74ms
     → {"type":"urn:mth:problem:not-found","title":"Not found","status":404,"code":"not_found","requestId":"01a11e51-3d58-70ac-a9fe-cdc6d1999437"}: expected 404 to be 400 // Object.is equality
   × invisible-only free text is blank (F-DG2-160) > Out of scope "𖿤" is 400 validation.blank at /outOfScope; nothing written, no audit 73ms
     → {"type":"urn:mth:problem:not-found","title":"Not found","status":404,"code":"not_found","requestId":"01a11e51-3da0-72b5-9750-3f01cb209778"}: expected 404 to be 400 // Object.is equality
   × invisible-only free text is blank (F-DG2-160) > Out of scope "𝅙" is 400 validation.blank at /outOfScope; nothing written, no audit 75ms
     → {"type":"urn:mth:problem:not-found","title":"Not found","status":404,"code":"not_found","requestId":"01a11e51-3deb-733e-bfec-66fad1270f6a"}: expected 404 to be 400 // Object.is equality
   × invisible-only free text is blank (F-DG2-160) > Out of scope "𝅙𝅙" is 400 validation.blank at /outOfScope; nothing written, no audit 79ms
     → {"type":"urn:mth:problem:not-found","title":"Not found","status":404,"code":"not_found","requestId":"01a11e51-3e3a-70fe-b50a-9bcb922883a0"}: expected 404 to be 400 // Object.is equality
   × invisible-only free text is blank (F-DG2-160) > Out of scope " 𖿤\t𝅙 " is 400 validation.blank at /outOfScope; nothing written, no audit 79ms
     → {"type":"urn:mth:problem:not-found","title":"Not found","status":404,"code":"not_found","requestId":"01a11e51-3e89-74fb-bbef-44f6161f13ab"}: expected 404 to be 400 // Object.is equality
   × invisible-only free text is blank (F-DG2-160) > visible text that contains U+16FE4 or U+1D159 is accepted verbatim and counts as documented (F-DG2-230) 80ms
     → {"type":"urn:mth:problem:not-found","title":"Not found","status":404,"code":"not_found","requestId":"01a11e51-3ed9-7753-abc8-f3542517248e"}: expected 404 to be 201 // Object.is equality
   × invisible-only free text is blank (F-DG2-160) > an Arabic Out of scope with RLM marks is accepted verbatim, the pre-check reads pass and G1 does not list it 77ms
     → {"type":"urn:mth:problem:not-found","title":"Not found","status":404,"code":"not_found","requestId":"01a11e51-3f27-7704-a64b-b3adf0330392"}: expected 404 to be 201 // Object.is equality
   × invisible-only reasons are blank on every reason endpoint (F-DG2-160, T-DG2-BE7) > P2 register archive (T03 TOM gap): invisible reason is 400 at /reason; a valid reason archives 8ms
     → expected 404 to be 201 // Object.is equality
   × invisible-only reasons are blank on every reason endpoint (F-DG2-160, T-DG2-BE7) > evidence-link removal: invisible reason is 400 at /reason; a valid reason removes 8ms
     → expected 404 to be 201 // Object.is equality
   × invisible-only reasons are blank on every reason endpoint (F-DG2-160, T-DG2-BE7) > P1 transformation archive (reasonRequest): invisible reason is 400 at /reason; a valid reason archives 83ms
     → expected 404 to be 200 // Object.is equality
 ❯ |integration| apps/api/test/integration/gates/g4.test.ts (5 tests | 5 failed) 879ms
   × G4 submission refused with the missing items named (ADR-0021 §7) > 422 gate_criteria_incomplete names 'Owners', 'Finance validation', the initiative without a gap link, the missing funding and capacity commitment; nothing written 267ms
     → POST /api/v1/transformations/01a11e51-4369-7258-8196-7f0e1ee934f0/outcomes: {"type":"urn:mth:problem:not-found","title":"Not found","status":404,"code":"not_found","requestId":"01a11e51-4432-7048-bed6-b0d35f35857e"}: expected 404 to be 201 // Object.is equality
   × G4 submission refused with the missing items named (ADR-0021 §7) > an empty portfolio is 'Initiative cards' (g4.portfolio_empty); a capacity over-allocation and Unknown are conflicts 156ms
     → expected 404 to be 200 // Object.is equality
   × G4 treats an Unknown schedule as a missing item (D-079; ADR-0021 §7, §11 item 3) > 'Schedule unknown: DEP-nn' refuses the submission; a mitigation or the missing date clears it 115ms
     → POST /api/v1/transformations/01a11e51-44eb-77ac-b52b-cc3fad742730/outcomes: {"type":"urn:mth:problem:not-found","title":"Not found","status":404,"code":"not_found","requestId":"01a11e51-4548-715c-ba94-20a8c89ba4db"}: expected 404 to be 201 // Object.is equality
   × G4 end to end with distinct synthetic TL, FIN, SP and capacity-owner users > TL submits; FIN validates and funds; the capacity owner commits; 403/403/409 hold; SP approves -> phase transform 156ms
     → POST /api/v1/transformations/01a11e51-455c-7104-9cc6-4a16eba11f54/outcomes: {"type":"urn:mth:problem:not-found","title":"Not found","status":404,"code":"not_found","requestId":"01a11e51-45e5-774b-b5b9-d9f655607cbb"}: expected 404 to be 201 // Object.is equality
   × G4 end to end with distinct synthetic TL, FIN, SP and capacity-owner users > the submitter cannot decide G4, even holding the approver role (403 gate.submitter_cannot_decide) 115ms
     → POST /api/v1/transformations/01a11e51-45f7-72a4-a0aa-5d9fd9d45919/outcomes: {"type":"urn:mth:problem:not-found","title":"Not found","status":404,"code":"not_found","requestId":"01a11e51-4658-733a-acfa-8142193dd872"}: expected 404 to be 201 // Object.is equality
 ❯ |integration| apps/api/test/integration/dependencies/t08.test.ts (19 tests | 13 failed) 14786ms
   × T08 columns, From external, types > the seven T08 columns round-trip; version 1, ETag and Location; audited; listed and read 239ms
     → {"type":"urn:mth:problem:not-found","title":"Not found","status":404,"code":"not_found","requestId":"01a11e51-4a80-7085-aab8-96a21e079070"}: expected 404 to be 201 // Object.is equality
   × T08 columns, From external, types > From `external` with a label is accepted (no edge); a label-less external From is 400 82ms
     → {"type":"urn:mth:problem:not-found","title":"Not found","status":404,"code":"not_found","requestId":"01a11e51-4ad6-7539-9fe8-23487e431b80"}: expected 404 to be 201 // Object.is equality
   × T08 columns, From external, types > an unknown or retired type is 422 dependency.unknown_type; nothing written 85ms
     → expected 404 to be 422 // Object.is equality
   × T08 columns, From external, types > a self-dependency is 422; an initiative of another transformation is 422; From initiative needs its id (400) 191ms
     → expected [ 404, 'not_found' ] to deeply equal [ 422, 'dependency.self' ]
   ✓ dependency types (REQ-PB-052) > the five system types are listed; a system type DELETE is 422 and changes nothing 115ms
   ✓ dependency types (REQ-PB-052) > add, relabel, retire a custom type: configure only (AUD and TL 403), If-Match 428/409, audited, duplicate 409 177ms
   ✓ dependency types (REQ-PB-052) > commit-time authorisation: a configure grant revoked while the write waits is 403 (audited); nothing written 32ms
   × cycles (REQ-S09-008, REQ-PB-051) > A→B→C→A is 422 naming the cycle exactly (ADR-0023 §5); nothing written 100ms
     → expected 404 to be 201 // Object.is equality
   × cycles (REQ-S09-008, REQ-PB-051) > A→B→A is reported the same way ('INI-01 → INI-02 → INI-01'); an archived edge no longer counts 87ms
     → expected 404 to be 201 // Object.is equality
   × cycles (REQ-S09-008, REQ-PB-051) > PATCH re-runs the check when an endpoint changes (422, nothing written); other edits pass 137ms
     → expected [ 404, 404, 404 ] to deeply equal [ 201, 201, 201 ]
   × cycles (REQ-S09-008, REQ-PB-051) > two API requests A→B and B→A at once: exactly one commits, the other is 422 dependency.cycle 6396ms
     → the two requests never queued on the graph lock
   ✓ cycles (REQ-S09-008, REQ-PB-051) > two DATABASE connections inserting A→B and B→A concurrently: exactly one commits (dependency_acyclic) 177ms
   ✓ cycles (REQ-S09-008, REQ-PB-051) > findCycle (the friendly search) agrees with the database's shortest cycle 0ms
   × authorisation, concurrency and audit of every T08 mutation > AUD 403 on create, update, archive (audited as authorization.denied); 428/409 on update and archive 86ms
     → expected 404 to be 201 // Object.is equality
   ✓ authorisation, concurrency and audit of every T08 mutation > commit-time authorisation: a grant revoked while the create waits for the graph lock is 403; nothing written 121ms
   × authorisation, concurrency and audit of every T08 mutation > commit-time authorisation on update and archive: the row lock wait, then 403 on reloaded grants 6421ms
     → the request never waited on the held lock: expected 0 to be greater than 0
   × schedule flags on T08 (ADR-0023 §5) > a predecessor finishing after the needed-by date is flagged; moving its milestone earlier clears it 95ms
     → expected [ 404, undefined ] to deeply equal [ 201, [] ]
   × schedule flags on T08 (ADR-0023 §5) > missing dates are schedule.unknown, never an empty (no conflict) list 89ms
     → Cannot read properties of undefined (reading 'map')
   × the DG2 paths stay stable (ADR-0023 §4) > a custom type is shown as 'other' on the DG2 path; a DG2 PATCH of the kinds is 422 dependency.managed_by_t08 101ms
     → expected 404 to be 201 // Object.is equality
 ❯ |integration| apps/api/test/integration/gates.test.ts (12 tests | 5 failed | 7 skipped) 665ms
   × starter structure and live readiness > a new transformation has six gate instances (G1-G6), draft, approver SP; G5-G6 are not submittable (G4 opens in P3, 0026) 158ms
     → expected 404 to be 200 // Object.is equality
   × starter structure and live readiness > G1 submission without an initial charter is refused (422 gate_criteria_incomplete) and writes nothing 82ms
     → expected 404 to be 200 // Object.is equality
   × starter structure and live readiness > REQ-S13-012: evidence that is only a filename (or an inaccessible link) leaves g1.diagnostic incomplete 107ms
     → expected 404 to be 201 // Object.is equality
   ↓ submission and decision (business approval by a person) > all G1 criteria are complete live; AUD cannot submit (403) and nothing is written
   ↓ submission and decision (business approval by a person) > stale If-Match on submit is 409; a valid submit freezes submission 1 with its criteria and charter version
   ↓ submission and decision (business approval by a person) > a non-configured approver (TO, technical admin, auditor) gets 403 gate.not_approver; nothing is written
   ↓ submission and decision (business approval by a person) > the submitter cannot decide, even when they hold the approver role (403 gate.submitter_cannot_decide)
   ↓ submission and decision (business approval by a person) > a decision on a superseded submission is 409 (gate.submission_superseded) and writes nothing
   ↓ submission and decision (business approval by a person) > the configured approver (SP) approves the current submission: decision recorded, G1 approved, phase -> define
   ↓ submission and decision (business approval by a person) > configuring the approver: allowed roles only, refused while a submission is pending, needs gate.configure
   × G2 Direction readiness (REQ-PB-036 failing outcomes, REQ-PB-037 guardrails) > lists every outcome whose good outcome test is not passing (ids + criteria); zero guardrails blocks submission 80ms
     → createCharter: {"type":"urn:mth:problem:not-found","title":"Not found","status":404,"code":"not_found","requestId":"01a11e51-884e-779f-8f04-1dcd7170a2a2"}: expected 404 to be 201 // Object.is equality
   × decision outcome text is cut on a code-point boundary (F-DG2-260) > a rationale with an emoji at the 8000 boundary: the decision is recorded and outcome_text has no U+FFFD 79ms
     → createCharter: {"type":"urn:mth:problem:not-found","title":"Not found","status":404,"code":"not_found","requestId":"01a11e51-889c-758d-bf2d-a7adb30edb9c"}: expected 404 to be 201 // Object.is equality
 ❯ |integration| apps/api/test/integration/portfolio/funding.test.ts (8 tests | 8 failed) 933ms
   × recording a funding decision (business approval) > approved: decision (executive, DEC-nn) + funding_decision + selected -> funded in one transaction, each audited 169ms
     → POST /api/v1/transformations/01a11e51-8b73-73a9-a10d-8e440664d8d1/outcomes: {"type":"urn:mth:problem:not-found","title":"Not found","status":404,"code":"not_found","requestId":"01a11e51-8be4-706a-87b1-092022429348"}: expected 404 to be 201 // Object.is equality
   × recording a funding decision (business approval) > rejected / deferred leave 'Selected - unfunded'; revoked returns funded -> selected; revoking unfunded or launched -> 422 102ms
     → POST /api/v1/transformations/01a11e51-8bfa-71e2-b916-53db3b05594a/outcomes: {"type":"urn:mth:problem:not-found","title":"Not found","status":404,"code":"not_found","requestId":"01a11e51-8c4c-73bf-9ef3-1af5db763997"}: expected 404 to be 201 // Object.is equality
   × recording a funding decision (business approval) > an initiative that is not selected -> 422 funding.not_selected with the exact text; nothing written 112ms
     → POST /api/v1/initiatives: {"type":"urn:mth:problem:forbidden","title":"Forbidden","status":403,"detail":"Your access to this record changed while the request was in progress.","code":"forbidden","requestId":"01a11e51-8cba-716b-9542-867c7c529373"}: expected 403 to be 201 // Object.is equality
   × delegation is refused (ADR-0021 §6) > onBehalfOfUserId -> 422 funding.on_behalf_not_supported at /onBehalfOfUserId, before the business preconditions; nothing written 110ms
     → POST /api/v1/transformations/01a11e51-8cd0-7509-9d6b-fba455a07e89/outcomes: {"type":"urn:mth:problem:not-found","title":"Not found","status":404,"code":"not_found","requestId":"01a11e51-8d2a-71a6-9e9c-4a442ee5c605"}: expected 404 to be 201 // Object.is equality
   × the deselect rule: deselecting voids funding > funded -> deselected -> re-selected is 'Selected - unfunded' and cannot launch; a new approved decision funds it 108ms
     → POST /api/v1/transformations/01a11e51-8d3e-74ef-b718-83dbb6fa299f/outcomes: {"type":"urn:mth:problem:not-found","title":"Not found","status":404,"code":"not_found","requestId":"01a11e51-8d96-76aa-a3bd-a3b291cb6aa5"}: expected 404 to be 201 // Object.is equality
   × validation, authorization and idempotency > 400 for malformed bodies; 422 for amounts numeric(20,4) cannot hold; unknown business case 422 90ms
     → POST /api/v1/transformations/01a11e51-8da8-72fa-be37-12f12f027e99/outcomes: {"type":"urn:mth:problem:not-found","title":"Not found","status":404,"code":"not_found","requestId":"01a11e51-8df0-76b1-aeac-ba3898536012"}: expected 404 to be 201 // Object.is equality
   × validation, authorization and idempotency > FIN and SP may record; TL, WL, TO and AUD get 403 (audited as authorization.denied); BE18A at commit 91ms
     → POST /api/v1/transformations/01a11e51-8e00-77cf-8999-d3d0827c8b74/outcomes: {"type":"urn:mth:problem:not-found","title":"Not found","status":404,"code":"not_found","requestId":"01a11e51-8e4b-731d-bae6-79da738b66b8"}: expected 404 to be 201 // Object.is equality
   × validation, authorization and idempotency > Idempotency-Key: the same key and body replays the first response and writes once 101ms
     → POST /api/v1/transformations/01a11e51-8e5c-751a-a0de-831d3e896820/outcomes: {"type":"urn:mth:problem:not-found","title":"Not found","status":404,"code":"not_found","requestId":"01a11e51-8eb0-7760-98cf-68248f22e521"}: expected 404 to be 201 // Object.is equality
 ✓ |integration| packages/db/test/integration/pool-bounds.test.ts (7 tests) 2841ms
   ✓ bounded checkout (connectionTimeoutMillis) > a checkout from an exhausted pool fails after the timeout (never hangs) and is recognised  304ms
   ✓ bounded checkout (connectionTimeoutMillis) > through Kysely the same error reaches the caller  305ms
   ✓ bounded idle-in-transaction time (idle_in_transaction_session_timeout) > PostgreSQL ends a transaction left idle past the limit, releasing its row lock; the pool recovers  1210ms
   ✓ bounded idle-in-transaction time (idle_in_transaction_session_timeout) > a transaction that keeps running statements is not affected  1013ms
 ❯ |integration| apps/api/test/integration/portfolio/capacity.test.ts (7 tests | 7 failed) 743ms
   × the conflict rule (ADR-0023 §6) > over-allocated with the decimal shortfall; Unknown without a capacity row; a cancelled initiative's demand does not count 149ms
     → role: {"type":"urn:mth:problem:forbidden","title":"Forbidden","status":403,"detail":"Your access to this record changed while the request was in progress.","code":"forbidden","requestId":"01a11e51-9d4e-7682-b583-12b6b9932ae5"}: expected 403 to be 201 // Object.is equality
   × the conflict rule (ADR-0023 §6) > the prioritization view carries the capacity flags (DEFAULT_FLAG_SOURCES wired), on the item and its initiative 84ms
     → role: {"type":"urn:mth:problem:forbidden","title":"Forbidden","status":403,"detail":"Your access to this record changed while the request was in progress.","code":"forbidden","requestId":"01a11e51-9da7-770d-ae01-4b50d93f0b4a"}: expected 403 to be 201 // Object.is equality
   × validation, authorization, If-Match and audit of every capacity mutation > roles: create/update with 400, 403 (AUD, no capacity.edit), 409 duplicate code, 428/409 If-Match, audit 98ms
     → expected 403 to be 400 // Object.is equality
   × validation, authorization, If-Match and audit of every capacity mutation > capacity: FTE is a decimal string (numbers, 3 decimals, negatives -> 400), month is YYYY-MM-01, one active row per role and month 85ms
     → role: {"type":"urn:mth:problem:forbidden","title":"Forbidden","status":403,"detail":"Your access to this record changed while the request was in progress.","code":"forbidden","requestId":"01a11e51-9e5e-7296-9fd2-e82591f48f10"}: expected 403 to be 201 // Object.is equality
   × validation, authorization, If-Match and audit of every capacity mutation > demand: planned -> committed -> released; 422s for the wrong state; commit needs capacity.commit (TL 403, TO 200); audit 93ms
     → role: {"type":"urn:mth:problem:forbidden","title":"Forbidden","status":403,"detail":"Your access to this record changed while the request was in progress.","code":"forbidden","requestId":"01a11e51-9eba-762a-b360-e6da41752bfc"}: expected 403 to be 201 // Object.is equality
   × validation, authorization, If-Match and audit of every capacity mutation > a cancelled initiative's demand is read-only: create, update, commit and release -> 422 initiative.read_only 94ms
     → role: {"type":"urn:mth:problem:forbidden","title":"Forbidden","status":403,"detail":"Your access to this record changed while the request was in progress.","code":"forbidden","requestId":"01a11e51-9f18-75ac-bb5d-96deaf74e468"}: expected 403 to be 201 // Object.is equality
   × validation, authorization, If-Match and audit of every capacity mutation > BE18A: every capacity mutation re-authorises at commit - a grant revoked while the request waits is 403, nothing written 87ms
     → role: {"type":"urn:mth:problem:forbidden","title":"Forbidden","status":403,"detail":"Your access to this record changed while the request was in progress.","code":"forbidden","requestId":"01a11e51-9f6f-772c-8558-a5bce0722436"}: expected 403 to be 201 // Object.is equality
 ❯ |integration| apps/api/test/integration/portfolio/roadmap.test.ts (12 tests | 11 failed) 7864ms
   ✓ roadmap waves (T07, REQ-PB-050) > a new transformation shows the four B0079 waves verbatim, bilingual, source-seeded 172ms
   × roadmap waves (T07, REQ-PB-050) > editable columns only: dates, owner, notes with If-Match (428/409), audited; source text 400 and DB-immutable; AUD 403; seeded not archivable 102ms
     → Cannot read properties of undefined (reading '1')
   × roadmap waves (T07, REQ-PB-050) > teams add non-source waves (201, version 1, audited); overlapping horizons and dates are accepted; duplicate code 409; AUD 403 119ms
     → expected [ 404, 'not_found' ] to deeply equal [ 409, 'roadmap_wave.duplicate_code' ]
   × roadmap waves (T07, REQ-PB-050) > commit-time authorisation on wave create and update (403 after the lock wait, audited, nothing written) 146ms
     → Cannot read properties of undefined (reading 'map')
   × deliverables: submit and acceptance (ADR-0023 §2) > create (version 1, audited, AUD 403), list with the 3-7 count warning, read, edit with If-Match, archive 116ms
     → expected 404 to be 400 // Object.is equality
   × deliverables: submit and acceptance (ADR-0023 §2) > submit (initiative.edit, If-Match, audited) then acceptance by the executive owner; never the submitter; not-owner 403; AUD 403 107ms
     → expected 400 to be 403 // Object.is equality
   × deliverables: submit and acceptance (ADR-0023 §2) > a delegate of the executive owner accepts on their behalf (audited as such); never for the submitter 109ms
     → expected [ 400, 'validation' ] to deeply equal [ 403, 'deliverable.not_owner' ]
   × deliverables: submit and acceptance (ADR-0023 §2) > commit-time authorisation on deliverable create, update, submit and acceptance 140ms
     → expected undefined to deeply equal []
   × milestones: approved vs forecast (ADR-0023 §2-§3, REQ-S09-006) > create (initiative.edit or roadmap.edit; no approved date), approve-date (roadmap.approve, reason), re-approval audited, variance computed 112ms
     → expected 404 to be 400 // Object.is equality
   × milestones: approved vs forecast (ADR-0023 §2-§3, REQ-S09-006) > moving the forecast: If-Match 428, stale 409 with currentVersion, AUD 403, achieved needs an actual date, audited 94ms
     → expected 400 to be 403 // Object.is equality
   × milestones: approved vs forecast (ADR-0023 §2-§3, REQ-S09-006) > commit-time authorisation on milestone create, update and approve-date 6500ms
     → the request never waited on the held lock: expected 0 to be greater than 0
   × GET /transformations/{id}/roadmap: one read model (REQ-S09-006) > waves, initiatives, milestones, deliverables and initiative dependencies with versions and flags; a moved milestone shows at once 88ms
     → Cannot read properties of undefined (reading '1')
 ✓ |integration| packages/db/test/integration/bootstrap.test.ts (5 tests) 3512ms
   ✓ mth-db bootstrap > creates the first organization and a technical/access admin with no business permission, fully audited  1091ms
   ✓ mth-db bootstrap > refuses to run twice  1019ms
   ✓ mth-db bootstrap > validates its input and refuses the dev-login issuer  648ms
   ✓ mth-db seed-dev (synthetic, development only) > seeds synthetic users bound to urn:mth:dev-local once, idempotently  637ms
 ❯ |integration| apps/api/test/integration/registers.test.ts (23 tests | 21 failed) 1260ms
   ✓ starter structure (ADR-0016 §4; REQ-S12-004, REQ-PB-003) > both End-to-End and Modular creates get the pin, six T01 rows, ten canvas boxes and six gates, each audited 197ms
   × charter (ADR-0017; REQ-PB-029/030/031/035) > 404 charter_not_found until created; create writes version 1 and its snapshot; a second create is 409 11ms
     → expected 'not_found' to be 'charter_not_found' // Object.is equality
   × charter (ADR-0017; REQ-PB-029/030/031/035) > an invalid baseline date is 400; a horizon without its unit is 400/422; nothing is written 10ms
     → expected 404 to be 400 // Object.is equality
   × charter (ADR-0017; REQ-PB-029/030/031/035) > every save is a new immutable version; a stale If-Match is 409; both versions stay retrievable 26ms
     → expected 404 to be 200 // Object.is equality
   ✓ charter (ADR-0017; REQ-PB-029/030/031/035) > a read-only auditor gets 403 on charter create/update and on the North Star 26ms
   × F-DG2-150: the exclusions pre-check fails on an empty or blank Out of scope (REQ-PB-031 A01, B0041) > empty (never set) gives attention with the failing detail, never unknown 9ms
     → expected 404 to be 201 // Object.is equality
   × F-DG2-150: the exclusions pre-check fails on an empty or blank Out of scope (REQ-PB-031 A01, B0041) > whitespace-only is refused (400 validation.blank, T-DG2-BE5); nothing is written and the check still fails 6ms
     → Cannot read properties of undefined (reading '0')
   × F-DG2-150: the exclusions pre-check fails on an empty or blank Out of scope (REQ-PB-031 A01, B0041) > a real exclusion text gives pass 6ms
     → expected 404 to be 200 // Object.is equality
   × F-DG2-150: the exclusions pre-check fails on an empty or blank Out of scope (REQ-PB-031 A01, B0041) > clearing it again (PATCH with If-Match) gives attention; a stale If-Match is 409 and changes nothing 6ms
     → expected [ 404, undefined ] to deeply equal [ 409, 2 ]
   × North Star (REQ-PB-033) > one sentence, no line break; refining supersedes (never overwrites); If-Match rules 98ms
     → expected 404 to be 400 // Object.is equality
   × T01 / T03 template rules and record-level rules > T01: confidence outside H/M/L is 400; amount without currency 422; seeded rows cannot be archived 8ms
     → Cannot read properties of undefined (reading '0')
   × T01 / T03 template rules and record-level rules > T03: a gap without a TOM dimension is 422 (pointer /dimensionCode); the design decision must be T04 of this transformation 9ms
     → expected 404 to be 422 // Object.is equality
   × T01 / T03 template rules and record-level rules > a contributor (WL) creates and edits only their own rows; status transitions are enforced 42ms
     → expected 400 to be 403 // Object.is equality
   × T01 / T03 template rules and record-level rules > an archived transformation is read-only for its registers (422) 144ms
     → expected [ 404, 'not_found' ] to deeply equal [ 422, 'transformation.archived' ]
   × decisions (T04) and workshop mode > D-nn codes per transformation; only the owner (or a delegate) decides; the decided record is final 14ms
     → Cannot read properties of undefined (reading 'map')
   × decisions (T04) and workshop mode > an unresolved workshop item blocks closing until it is converted into an owned action (one transaction) 15ms
     → expected 400 to be 'open' // Object.is equality
   × TOM canvas, methodology labels and the team > the canvas aggregates the gaps, design decisions, dependencies and evidence of a dimension; ready needs target+owner 20ms
     → Target cannot be null or undefined.
   × TOM canvas, methodology labels and the team > methodology labels: only label/translation fields, versioned and audited; others get 403 7ms
     → Cannot read properties of undefined (reading 'find')
   × TOM canvas, methodology labels and the team > team: accountabilities (B0018 verbatim for source roles); team.assign only non-approver roles, never self 19ms
     → expected 404 to be 400 // Object.is equality
   × outcomes: the good outcome test (B0051, REQ-PB-036), computed server-side on every Outcome response > A01: 'Launch new app' with no KPI fails the test with reasons (create, get and list agree); it is not stored 7ms
     → expected 404 to be 201 // Object.is equality
   × outcomes: the good outcome test (B0051, REQ-PB-036), computed server-side on every Outcome response > the computed fields are not writable: create and update with goodOutcomeTest/goodOutcomePass are 400, nothing written 6ms
     → expected 404 to be 400 // Object.is equality
   × outcomes: the good outcome test (B0051, REQ-PB-036), computed server-side on every Outcome response > pass: confirmations, an active owner, a causal chain and a linked KPI; update and archive of the KPI re-evaluate 6ms
     → expected 404 to be 201 // Object.is equality
   × outcomes: the good outcome test (B0051, REQ-PB-036), computed server-side on every Outcome response > explicit negatives fail; activity wording fails 'specific' even when attested; the read-only auditor gets 403 7ms
     → expected 404 to be 201 // Object.is equality
 ❯ |integration| apps/api/test/integration/aud-write-deny.test.ts (179 tests | 179 skipped) 244ms
   ↓ read-only auditor (AUD) write-deny over every P2 mutating operation (generated from the contract) > the generated list covers the P2 mutations (128 P2 operations in the contract)
   ↓ read-only auditor (AUD) write-deny over every P2 mutating operation (generated from the contract) > createStrategicGuardrail (POST /api/v1/transformations/{transformationId}/strategic-guardrails): AUD gets 403 and nothing is written
   ↓ read-only auditor (AUD) write-deny over every P2 mutating operation (generated from the contract) > updateStrategicGuardrail (PATCH /api/v1/transformations/{transformationId}/strategic-guardrails/{strategicGuardrailId}): AUD gets 403 and nothing is written
   ↓ read-only auditor (AUD) write-deny over every P2 mutating operation (generated from the contract) > archiveStrategicGuardrail (POST /api/v1/transformations/{transformationId}/strategic-guardrails/{strategicGuardrailId}/archive): AUD gets 403 and nothing is written
   ↓ read-only auditor (AUD) write-deny over every P2 mutating operation (generated from the contract) > createOutcome (POST /api/v1/transformations/{transformationId}/outcomes): AUD gets 403 and nothing is written
   ↓ read-only auditor (AUD) write-deny over every P2 mutating operation (generated from the contract) > updateOutcome (PATCH /api/v1/transformations/{transformationId}/outcomes/{outcomeId}): AUD gets 403 and nothing is written
   ↓ read-only auditor (AUD) write-deny over every P2 mutating operation (generated from the contract) > archiveOutcome (POST /api/v1/transformations/{transformationId}/outcomes/{outcomeId}/archive): AUD gets 403 and nothing is written
   ↓ read-only auditor (AUD) write-deny over every P2 mutating operation (generated from the contract) > createKpiDefinition (POST /api/v1/transformations/{transformationId}/kpi-definitions): AUD gets 403 and nothing is written
   ↓ read-only auditor (AUD) write-deny over every P2 mutating operation (generated from the contract) > updateKpiDefinition (PATCH /api/v1/transformations/{transformationId}/kpi-definitions/{kpiDefinitionId}): AUD gets 403 and nothing is written
   ↓ read-only auditor (AUD) write-deny over every P2 mutating operation (generated from the contract) > archiveKpiDefinition (POST /api/v1/transformations/{transformationId}/kpi-definitions/{kpiDefinitionId}/archive): AUD gets 403 and nothing is written
   ↓ read-only auditor (AUD) write-deny over every P2 mutating operation (generated from the contract) > activateKpiDefinition (POST /api/v1/transformations/{transformationId}/kpi-definitions/{kpiDefinitionId}/activate): AUD gets 403 and nothing is written
   ↓ read-only auditor (AUD) write-deny over every P2 mutating operation (generated from the contract) > createBaseline (POST /api/v1/transformations/{transformationId}/baselines): AUD gets 403 and nothing is written
   ↓ read-only auditor (AUD) write-deny over every P2 mutating operation (generated from the contract) > updateBaseline (PATCH /api/v1/transformations/{transformationId}/baselines/{baselineId}): AUD gets 403 and nothing is written
   ↓ read-only auditor (AUD) write-deny over every P2 mutating operation (generated from the contract) > archiveBaseline (POST /api/v1/transformations/{transformationId}/baselines/{baselineId}/archive): AUD gets 403 and nothing is written
   ↓ read-only auditor (AUD) write-deny over every P2 mutating operation (generated from the contract) > createOutcomeKpi (POST /api/v1/transformations/{transformationId}/outcome-kpis): AUD gets 403 and nothing is written
   ↓ read-only auditor (AUD) write-deny over every P2 mutating operation (generated from the contract) > updateOutcomeKpi (PATCH /api/v1/transformations/{transformationId}/outcome-kpis/{outcomeKpiId}): AUD gets 403 and nothing is written
   ↓ read-only auditor (AUD) write-deny over every P2 mutating operation (generated from the contract) > archiveOutcomeKpi (POST /api/v1/transformations/{transformationId}/outcome-kpis/{outcomeKpiId}/archive): AUD gets 403 and nothing is written
   ↓ read-only auditor (AUD) write-deny over every P2 mutating operation (generated from the contract) > createValuePool (POST /api/v1/transformations/{transformationId}/value-pools): AUD gets 403 and nothing is written
   ↓ read-only auditor (AUD) write-deny over every P2 mutating operation (generated from the contract) > updateValuePool (PATCH /api/v1/transformations/{transformationId}/value-pools/{valuePoolId}): AUD gets 403 and nothing is written
   ↓ read-only auditor (AUD) write-deny over every P2 mutating operation (generated from the contract) > archiveValuePool (POST /api/v1/transformations/{transformationId}/value-pools/{valuePoolId}/archive): AUD gets 403 and nothing is written
   ↓ read-only auditor (AUD) write-deny over every P2 mutating operation (generated from the contract) > createDiagnosticItem (POST /api/v1/transformations/{transformationId}/diagnostic-items): AUD gets 403 and nothing is written
   ↓ read-only auditor (AUD) write-deny over every P2 mutating operation (generated from the contract) > updateDiagnosticItem (PATCH /api/v1/transformations/{transformationId}/diagnostic-items/{diagnosticItemId}): AUD gets 403 and nothing is written
   ↓ read-only auditor (AUD) write-deny over every P2 mutating operation (generated from the contract) > archiveDiagnosticItem (POST /api/v1/transformations/{transformationId}/diagnostic-items/{diagnosticItemId}/archive): AUD gets 403 and nothing is written
   ↓ read-only auditor (AUD) write-deny over every P2 mutating operation (generated from the contract) > createDiagnosticFinding (POST /api/v1/transformations/{transformationId}/diagnostic-findings): AUD gets 403 and nothing is written
   ↓ read-only auditor (AUD) write-deny over every P2 mutating operation (generated from the contract) > updateDiagnosticFinding (PATCH /api/v1/transformations/{transformationId}/diagnostic-findings/{diagnosticFindingId}): AUD gets 403 and nothing is written
   ↓ read-only auditor (AUD) write-deny over every P2 mutating operation (generated from the contract) > archiveDiagnosticFinding (POST /api/v1/transformations/{transformationId}/diagnostic-findings/{diagnosticFindingId}/archive): AUD gets 403 and nothing is written
   ↓ read-only auditor (AUD) write-deny over every P2 mutating operation (generated from the contract) > createWorkstreamOutput (POST /api/v1/transformations/{transformationId}/workstream-outputs): AUD gets 403 and nothing is written
   ↓ read-only auditor (AUD) write-deny over every P2 mutating operation (generated from the contract) > updateWorkstreamOutput (PATCH /api/v1/transformations/{transformationId}/workstream-outputs/{diagnosticWorkstreamOutputId}): AUD gets 403 and nothing is written
   ↓ read-only auditor (AUD) write-deny over every P2 mutating operation (generated from the contract) > archiveWorkstreamOutput (POST /api/v1/transformations/{transformationId}/workstream-outputs/{diagnosticWorkstreamOutputId}/archive): AUD gets 403 and nothing is written
   ↓ read-only auditor (AUD) write-deny over every P2 mutating operation (generated from the contract) > createTomGap (POST /api/v1/transformations/{transformationId}/tom-gaps): AUD gets 403 and nothing is written
   ↓ read-only auditor (AUD) write-deny over every P2 mutating operation (generated from the contract) > updateTomGap (PATCH /api/v1/transformations/{transformationId}/tom-gaps/{tomGapId}): AUD gets 403 and nothing is written
   ↓ read-only auditor (AUD) write-deny over every P2 mutating operation (generated from the contract) > archiveTomGap (POST /api/v1/transformations/{transformationId}/tom-gaps/{tomGapId}/archive): AUD gets 403 and nothing is written
   ↓ read-only auditor (AUD) write-deny over every P2 mutating operation (generated from the contract) > createCapabilityHeatmapEntry (POST /api/v1/transformations/{transformationId}/capability-heatmap): AUD gets 403 and nothing is written
   ↓ read-only auditor (AUD) write-deny over every P2 mutating operation (generated from the contract) > updateCapabilityHeatmapEntry (PATCH /api/v1/transformations/{transformationId}/capability-heatmap/{capabilityId}): AUD gets 403 and nothing is written
   ↓ read-only auditor (AUD) write-deny over every P2 mutating operation (generated from the contract) > archiveCapabilityHeatmapEntry (POST /api/v1/transformations/{transformationId}/capability-heatmap/{capabilityId}/archive): AUD gets 403 and nothing is written
   ↓ read-only auditor (AUD) write-deny over every P2 mutating operation (generated from the contract) > createJourney (POST /api/v1/transformations/{transformationId}/journeys): AUD gets 403 and nothing is written
   ↓ read-only auditor (AUD) write-deny over every P2 mutating operation (generated from the contract) > updateJourney (PATCH /api/v1/transformations/{transformationId}/journeys/{journeyId}): AUD gets 403 and nothing is written
   ↓ read-only auditor (AUD) write-deny over every P2 mutating operation (generated from the contract) > archiveJourney (POST /api/v1/transformations/{transformationId}/journeys/{journeyId}/archive): AUD gets 403 and nothing is written
   ↓ read-only auditor (AUD) write-deny over every P2 mutating operation (generated from the contract) > createDependency (POST /api/v1/transformations/{transformationId}/dependencies): AUD gets 403 and nothing is written
   ↓ read-only auditor (AUD) write-deny over every P2 mutating operation (generated from the contract) > updateDependency (PATCH /api/v1/transformations/{transformationId}/dependencies/{dependencyId}): AUD gets 403 and nothing is written
   ↓ read-only auditor (AUD) write-deny over every P2 mutating operation (generated from the contract) > archiveDependency (POST /api/v1/transformations/{transformationId}/dependencies/{dependencyId}/archive): AUD gets 403 and nothing is written
   ↓ read-only auditor (AUD) write-deny over every P2 mutating operation (generated from the contract) > createActionItem (POST /api/v1/transformations/{transformationId}/actions): AUD gets 403 and nothing is written
   ↓ read-only auditor (AUD) write-deny over every P2 mutating operation (generated from the contract) > updateActionItem (PATCH /api/v1/transformations/{transformationId}/actions/{actionItemId}): AUD gets 403 and nothing is written
   ↓ read-only auditor (AUD) write-deny over every P2 mutating operation (generated from the contract) > createTomWorkshop (POST /api/v1/transformations/{transformationId}/tom-workshops): AUD gets 403 and nothing is written
   ↓ read-only auditor (AUD) write-deny over every P2 mutating operation (generated from the contract) > updateTomWorkshop (PATCH /api/v1/transformations/{transformationId}/tom-workshops/{workshopId}): AUD gets 403 and nothing is written
   ↓ read-only auditor (AUD) write-deny over every P2 mutating operation (generated from the contract) > createEvidence (POST /api/v1/transformations/{transformationId}/evidence): AUD gets 403 and nothing is written
   ↓ read-only auditor (AUD) write-deny over every P2 mutating operation (generated from the contract) > updateEvidence (PATCH /api/v1/transformations/{transformationId}/evidence/{evidenceId}): AUD gets 403 and nothing is written
   ↓ read-only auditor (AUD) write-deny over every P2 mutating operation (generated from the contract) > archiveEvidence (POST /api/v1/transformations/{transformationId}/evidence/{evidenceId}/archive): AUD gets 403 and nothing is written
   ↓ read-only auditor (AUD) write-deny over every P2 mutating operation (generated from the contract) > updateTomDimensionLabels (PATCH /api/v1/methodology/tom-dimensions/{dimensionCode}): AUD gets 403 and nothing is written
   ↓ read-only auditor (AUD) write-deny over every P2 mutating operation (generated from the contract) > createCharter (POST /api/v1/transformations/{transformationId}/charter): AUD gets 403 and nothing is written
   ↓ read-only auditor (AUD) write-deny over every P2 mutating operation (generated from the contract) > updateCharter (PATCH /api/v1/transformations/{transformationId}/charter): AUD gets 403 and nothing is written
   ↓ read-only auditor (AUD) write-deny over every P2 mutating operation (generated from the contract) > setNorthStar (PUT /api/v1/transformations/{transformationId}/north-star): AUD gets 403 and nothing is written
   ↓ read-only auditor (AUD) write-deny over every P2 mutating operation (generated from the contract) > validateBaseline (POST /api/v1/transformations/{transformationId}/baselines/{baselineId}/validation): AUD gets 403 and nothing is written
   ↓ read-only auditor (AUD) write-deny over every P2 mutating operation (generated from the contract) > validateValuePool (POST /api/v1/transformations/{transformationId}/value-pools/{valuePoolId}/validation): AUD gets 403 and nothing is written
   ↓ read-only auditor (AUD) write-deny over every P2 mutating operation (generated from the contract) > approveOutcomeKpiTrajectory (POST /api/v1/transformations/{transformationId}/outcome-kpis/{outcomeKpiId}/trajectory-approval): AUD gets 403 and nothing is written
   ↓ read-only auditor (AUD) write-deny over every P2 mutating operation (generated from the contract) > updateTomCanvasCell (PATCH /api/v1/transformations/{transformationId}/tom-canvas/{dimensionCode}): AUD gets 403 and nothing is written
   ↓ read-only auditor (AUD) write-deny over every P2 mutating operation (generated from the contract) > createJourneyPainPoint (POST /api/v1/transformations/{transformationId}/journeys/{journeyId}/pain-points): AUD gets 403 and nothing is written
   ↓ read-only auditor (AUD) write-deny over every P2 mutating operation (generated from the contract) > updateJourneyPainPoint (PATCH /api/v1/transformations/{transformationId}/journeys/{journeyId}/pain-points/{painPointId}): AUD gets 403 and nothing is written
   ↓ read-only auditor (AUD) write-deny over every P2 mutating operation (generated from the contract) > archiveJourneyPainPoint (POST /api/v1/transformations/{transformationId}/journeys/{journeyId}/pain-points/{painPointId}/archive): AUD gets 403 and nothing is written
   ↓ read-only auditor (AUD) write-deny over every P2 mutating operation (generated from the contract) > addTomWorkshopParticipant (POST /api/v1/transformations/{transformationId}/tom-workshops/{workshopId}/participants): AUD gets 403 and nothing is written
   ↓ read-only auditor (AUD) write-deny over every P2 mutating operation (generated from the contract) > removeTomWorkshopParticipant (POST /api/v1/transformations/{transformationId}/tom-workshops/{workshopId}/participants/{participantId}/remove): AUD gets 403 and nothing is written
   ↓ read-only auditor (AUD) write-deny over every P2 mutating operation (generated from the contract) > createTomWorkshopItem (POST /api/v1/transformations/{transformationId}/tom-workshops/{workshopId}/items): AUD gets 403 and nothing is written
   ↓ read-only auditor (AUD) write-deny over every P2 mutating operation (generated from the contract) > convertTomWorkshopItem (POST /api/v1/transformations/{transformationId}/tom-workshops/{workshopId}/items/{itemId}/convert): AUD gets 403 and nothing is written
   ↓ read-only auditor (AUD) write-deny over every P2 mutating operation (generated from the contract) > createDecision (POST /api/v1/decisions): AUD gets 403 and nothing is written
   ↓ read-only auditor (AUD) write-deny over every P2 mutating operation (generated from the contract) > updateDecision (PATCH /api/v1/decisions/{decisionId}): AUD gets 403 and nothing is written
   ↓ read-only auditor (AUD) write-deny over every P2 mutating operation (generated from the contract) > addDecisionOption (POST /api/v1/decisions/{decisionId}/options): AUD gets 403 and nothing is written
   ↓ read-only auditor (AUD) write-deny over every P2 mutating operation (generated from the contract) > updateDecisionOption (PATCH /api/v1/decisions/{decisionId}/options/{optionId}): AUD gets 403 and nothing is written
   ↓ read-only auditor (AUD) write-deny over every P2 mutating operation (generated from the contract) > decideDecision (POST /api/v1/decisions/{decisionId}/decide): AUD gets 403 and nothing is written
   ↓ read-only auditor (AUD) write-deny over every P2 mutating operation (generated from the contract) > configureGateApprover (PATCH /api/v1/transformations/{transformationId}/gates/{gateCode}): AUD gets 403 and nothing is written
   ↓ read-only auditor (AUD) write-deny over every P2 mutating operation (generated from the contract) > submitGate (POST /api/v1/transformations/{transformationId}/gates/{gateCode}/submissions): AUD gets 403 and nothing is written
   ↓ read-only auditor (AUD) write-deny over every P2 mutating operation (generated from the contract) > decideGate (POST /api/v1/transformations/{transformationId}/gates/{gateCode}/decision): AUD gets 403 and nothing is written
   ↓ read-only auditor (AUD) write-deny over every P2 mutating operation (generated from the contract) > uploadEvidenceContent (POST /api/v1/transformations/{transformationId}/evidence/{evidenceId}/content): AUD gets 403 and nothing is written
   ↓ read-only auditor (AUD) write-deny over every P2 mutating operation (generated from the contract) > reviewEvidence (POST /api/v1/transformations/{transformationId}/evidence/{evidenceId}/review): AUD gets 403 and nothing is written
   ↓ read-only auditor (AUD) write-deny over every P2 mutating operation (generated from the contract) > createEvidenceLink (POST /api/v1/transformations/{transformationId}/evidence-links): AUD gets 403 and nothing is written
   ↓ read-only auditor (AUD) write-deny over every P2 mutating operation (generated from the contract) > removeEvidenceLink (POST /api/v1/transformations/{transformationId}/evidence-links/{linkId}/remove): AUD gets 403 and nothing is written
   ↓ read-only auditor (AUD) write-deny over every P2 mutating operation (generated from the contract) > assignTransformationTeamRole (POST /api/v1/transformations/{transformationId}/scoped-assignments): AUD gets 403 and nothing is written
   ↓ read-only auditor (AUD) write-deny over every P2 mutating operation (generated from the contract) > createBusinessCalendar (POST /api/v1/organizations/{organizationId}/calendars): AUD gets 403 and nothing is written
   ↓ read-only auditor (AUD) write-deny over every P2 mutating operation (generated from the contract) > updateBusinessCalendar (PATCH /api/v1/calendars/{calendarId}): AUD gets 403 and nothing is written
   ↓ read-only auditor (AUD) write-deny over every P2 mutating operation (generated from the contract) > createCalendarHoliday (POST /api/v1/calendars/{calendarId}/holidays): AUD gets 403 and nothing is written
   ↓ read-only auditor (AUD) write-deny over every P2 mutating operation (generated from the contract) > updateCalendarHoliday (PATCH /api/v1/calendars/{calendarId}/holidays/{holidayId}): AUD gets 403 and nothing is written
   ↓ read-only auditor (AUD) write-deny over every P2 mutating operation (generated from the contract) > updateJobSchedule (PATCH /api/v1/admin/job-schedules/{jobCode}): AUD gets 403 and nothing is written
   ↓ read-only auditor (AUD) write-deny over every P2 mutating operation (generated from the contract) > completeWorkItem (POST /api/v1/work-items/{workItemId}/complete): AUD gets 403 and nothing is written
   ↓ read-only auditor (AUD) write-deny over every P2 mutating operation (generated from the contract) > markInboxNotificationRead (POST /api/v1/me/inbox/{notificationId}/read): AUD gets 403 and nothing is written
   ↓ read-only auditor (AUD) write-deny over every P2 mutating operation (generated from the contract) > createGroup (POST /api/v1/organizations/{organizationId}/groups): AUD gets 403 and nothing is written
   ↓ read-only auditor (AUD) write-deny over every P2 mutating operation (generated from the contract) > updateGroup (PATCH /api/v1/groups/{groupId}): AUD gets 403 and nothing is written
   ↓ read-only auditor (AUD) write-deny over every P2 mutating operation (generated from the contract) > addGroupMember (POST /api/v1/groups/{groupId}/members): AUD gets 403 and nothing is written
   ↓ read-only auditor (AUD) write-deny over every P2 mutating operation (generated from the contract) > removeGroupMember (POST /api/v1/groups/{groupId}/members/{memberId}/remove): AUD gets 403 and nothing is written
   ↓ read-only auditor (AUD) write-deny over every P2 mutating operation (generated from the contract) > createRoleMapping (POST /api/v1/transformations/{transformationId}/role-mappings): AUD gets 403 and nothing is written
   ↓ read-only auditor (AUD) write-deny over every P2 mutating operation (generated from the contract) > endRoleMapping (POST /api/v1/transformations/{transformationId}/role-mappings/{mappingId}/end): AUD gets 403 and nothing is written
   ↓ read-only auditor (AUD) write-deny over every P2 mutating operation (generated from the contract) > createDelegation (POST /api/v1/delegations): AUD gets 403 and nothing is written
   ↓ read-only auditor (AUD) write-deny over every P2 mutating operation (generated from the contract) > revokeDelegation (POST /api/v1/delegations/{delegationId}/revoke): AUD gets 403 and nothing is written
   ↓ read-only auditor (AUD) write-deny over every P2 mutating operation (generated from the contract) > requestApproval (POST /api/v1/transformations/{transformationId}/approvals): AUD gets 403 and nothing is written
   ↓ read-only auditor (AUD) write-deny over every P2 mutating operation (generated from the contract) > decideApproval (POST /api/v1/approvals/{approvalId}/decisions): AUD gets 403 and nothing is written
   ↓ read-only auditor (AUD) write-deny over every P2 mutating operation (generated from the contract) > resubmitApproval (POST /api/v1/approvals/{approvalId}/resubmit): AUD gets 403 and nothing is written
   ↓ read-only auditor (AUD) write-deny over every P2 mutating operation (generated from the contract) > withdrawApproval (POST /api/v1/approvals/{approvalId}/withdraw): AUD gets 403 and nothing is written
   ↓ read-only auditor (AUD) write-deny over every P2 mutating operation (generated from the contract) > createDecisionRight (POST /api/v1/transformations/{transformationId}/decision-rights): AUD gets 403 and nothing is written
   ↓ read-only auditor (AUD) write-deny over every P2 mutating operation (generated from the contract) > updateDecisionRight (PATCH /api/v1/transformations/{transformationId}/decision-rights/{decisionRightId}): AUD gets 403 and nothing is written
   ↓ read-only auditor (AUD) write-deny over every P2 mutating operation (generated from the contract) > createRaciDeliverable (POST /api/v1/transformations/{transformationId}/raci/deliverables): AUD gets 403 and nothing is written
   ↓ read-only auditor (AUD) write-deny over every P2 mutating operation (generated from the contract) > updateRaciDeliverable (PATCH /api/v1/transformations/{transformationId}/raci/deliverables/{deliverableId}): AUD gets 403 and nothing is written
   ↓ read-only auditor (AUD) write-deny over every P2 mutating operation (generated from the contract) > submitGovernanceMatrix (POST /api/v1/transformations/{transformationId}/governance-matrices/{matrixKind}/submit): AUD gets 403 and nothing is written
   ↓ the same auditor can read every P2 resource > listStrategicGuardrails (GET /api/v1/transformations/{transformationId}/strategic-guardrails): 200
   ↓ the same auditor can read every P2 resource > getStrategicGuardrail (GET /api/v1/transformations/{transformationId}/strategic-guardrails/{strategicGuardrailId}): 200
   ↓ the same auditor can read every P2 resource > listOutcomes (GET /api/v1/transformations/{transformationId}/outcomes): 200
   ↓ the same auditor can read every P2 resource > getOutcome (GET /api/v1/transformations/{transformationId}/outcomes/{outcomeId}): 200
   ↓ the same auditor can read every P2 resource > listKpiDefinitions (GET /api/v1/transformations/{transformationId}/kpi-definitions): 200
   ↓ the same auditor can read every P2 resource > getKpiDefinition (GET /api/v1/transformations/{transformationId}/kpi-definitions/{kpiDefinitionId}): 200
   ↓ the same auditor can read every P2 resource > listBaselines (GET /api/v1/transformations/{transformationId}/baselines): 200
   ↓ the same auditor can read every P2 resource > getBaseline (GET /api/v1/transformations/{transformationId}/baselines/{baselineId}): 200
   ↓ the same auditor can read every P2 resource > listOutcomeKpis (GET /api/v1/transformations/{transformationId}/outcome-kpis): 200
   ↓ the same auditor can read every P2 resource > getOutcomeKpi (GET /api/v1/transformations/{transformationId}/outcome-kpis/{outcomeKpiId}): 200
   ↓ the same auditor can read every P2 resource > listValuePools (GET /api/v1/transformations/{transformationId}/value-pools): 200
   ↓ the same auditor can read every P2 resource > getValuePool (GET /api/v1/transformations/{transformationId}/value-pools/{valuePoolId}): 200
   ↓ the same auditor can read every P2 resource > listDiagnosticItems (GET /api/v1/transformations/{transformationId}/diagnostic-items): 200
   ↓ the same auditor can read every P2 resource > getDiagnosticItem (GET /api/v1/transformations/{transformationId}/diagnostic-items/{diagnosticItemId}): 200
   ↓ the same auditor can read every P2 resource > listDiagnosticFindings (GET /api/v1/transformations/{transformationId}/diagnostic-findings): 200
   ↓ the same auditor can read every P2 resource > getDiagnosticFinding (GET /api/v1/transformations/{transformationId}/diagnostic-findings/{diagnosticFindingId}): 200
   ↓ the same auditor can read every P2 resource > listWorkstreamOutputs (GET /api/v1/transformations/{transformationId}/workstream-outputs): 200
   ↓ the same auditor can read every P2 resource > getWorkstreamOutput (GET /api/v1/transformations/{transformationId}/workstream-outputs/{diagnosticWorkstreamOutputId}): 200
   ↓ the same auditor can read every P2 resource > listTomGaps (GET /api/v1/transformations/{transformationId}/tom-gaps): 200
   ↓ the same auditor can read every P2 resource > getTomGap (GET /api/v1/transformations/{transformationId}/tom-gaps/{tomGapId}): 200
   ↓ the same auditor can read every P2 resource > listCapabilityHeatmapEntries (GET /api/v1/transformations/{transformationId}/capability-heatmap): 200
   ↓ the same auditor can read every P2 resource > getCapabilityHeatmapEntry (GET /api/v1/transformations/{transformationId}/capability-heatmap/{capabilityId}): 200
   ↓ the same auditor can read every P2 resource > listJourneies (GET /api/v1/transformations/{transformationId}/journeys): 200
   ↓ the same auditor can read every P2 resource > getJourney (GET /api/v1/transformations/{transformationId}/journeys/{journeyId}): 200
   ↓ the same auditor can read every P2 resource > listDependencies (GET /api/v1/transformations/{transformationId}/dependencies): 200
   ↓ the same auditor can read every P2 resource > getDependency (GET /api/v1/transformations/{transformationId}/dependencies/{dependencyId}): 200
   ↓ the same auditor can read every P2 resource > listActionItems (GET /api/v1/transformations/{transformationId}/actions): 200
   ↓ the same auditor can read every P2 resource > getActionItem (GET /api/v1/transformations/{transformationId}/actions/{actionItemId}): 200
   ↓ the same auditor can read every P2 resource > listTomWorkshops (GET /api/v1/transformations/{transformationId}/tom-workshops): 200
   ↓ the same auditor can read every P2 resource > getTomWorkshop (GET /api/v1/transformations/{transformationId}/tom-workshops/{workshopId}): 200
   ↓ the same auditor can read every P2 resource > listEvidence (GET /api/v1/transformations/{transformationId}/evidence): 200
   ↓ the same auditor can read every P2 resource > getEvidence (GET /api/v1/transformations/{transformationId}/evidence/{evidenceId}): 200
   ↓ the same auditor can read every P2 resource > getTransformationMethodology (GET /api/v1/transformations/{transformationId}/methodology): 200
   ↓ the same auditor can read every P2 resource > listRoleAccountabilities (GET /api/v1/role-accountabilities): 200
   ↓ the same auditor can read every P2 resource > getCharter (GET /api/v1/transformations/{transformationId}/charter): 200
   ↓ the same auditor can read every P2 resource > listCharterVersions (GET /api/v1/transformations/{transformationId}/charter/versions): 200
   ↓ the same auditor can read every P2 resource > getCharterVersion (GET /api/v1/transformations/{transformationId}/charter/versions/{versionNo}): 200
   ↓ the same auditor can read every P2 resource > getNorthStar (GET /api/v1/transformations/{transformationId}/north-star): 200
   ↓ the same auditor can read every P2 resource > listNorthStarHistory (GET /api/v1/transformations/{transformationId}/north-star/history): 200
   ↓ the same auditor can read every P2 resource > getTomCanvas (GET /api/v1/transformations/{transformationId}/tom-canvas): 200
   ↓ the same auditor can read every P2 resource > getTomCanvasCell (GET /api/v1/transformations/{transformationId}/tom-canvas/{dimensionCode}): 200
   ↓ the same auditor can read every P2 resource > listJourneyPainPoints (GET /api/v1/transformations/{transformationId}/journeys/{journeyId}/pain-points): 200
   ↓ the same auditor can read every P2 resource > listTomWorkshopParticipants (GET /api/v1/transformations/{transformationId}/tom-workshops/{workshopId}/participants): 200
   ↓ the same auditor can read every P2 resource > listTomWorkshopItems (GET /api/v1/transformations/{transformationId}/tom-workshops/{workshopId}/items): 200
   ↓ the same auditor can read every P2 resource > listDecisions (GET /api/v1/decisions): 200
   ↓ the same auditor can read every P2 resource > getDecision (GET /api/v1/decisions/{decisionId}): 200
   ↓ the same auditor can read every P2 resource > listGates (GET /api/v1/transformations/{transformationId}/gates): 200
   ↓ the same auditor can read every P2 resource > getGate (GET /api/v1/transformations/{transformationId}/gates/{gateCode}): 200
   ↓ the same auditor can read every P2 resource > listGateSubmissions (GET /api/v1/transformations/{transformationId}/gates/{gateCode}/submissions): 200
   ↓ the same auditor can read every P2 resource > downloadEvidenceContent (GET /api/v1/transformations/{transformationId}/evidence/{evidenceId}/content): 200
   ↓ the same auditor can read every P2 resource > listEvidenceLinks (GET /api/v1/transformations/{transformationId}/evidence-links): 200
   ↓ the same auditor can read every P2 resource > listTransformationTeam (GET /api/v1/transformations/{transformationId}/scoped-assignments): 200
   ↓ the same auditor can read every P2 resource > listBusinessCalendars (GET /api/v1/organizations/{organizationId}/calendars): 200
   ↓ the same auditor can read every P2 resource > getBusinessCalendar (GET /api/v1/calendars/{calendarId}): 200
   ↓ the same auditor can read every P2 resource > listCalendarHolidays (GET /api/v1/calendars/{calendarId}/holidays): 200
   ↓ the same auditor can read every P2 resource > computeWorkingDayDueDate (GET /api/v1/calendars/{calendarId}/working-days): 200
   ↓ the same auditor can read every P2 resource > listJobSchedules (GET /api/v1/admin/job-schedules): 200
   ↓ the same auditor can read every P2 resource > listMyWorkItems (GET /api/v1/me/work-items): 200
   ↓ the same auditor can read every P2 resource > getWorkItem (GET /api/v1/work-items/{workItemId}): 200
   ↓ the same auditor can read every P2 resource > listMyInbox (GET /api/v1/me/inbox): 200
   ↓ the same auditor can read every P2 resource > listGroups (GET /api/v1/organizations/{organizationId}/groups): 200
   ↓ the same auditor can read every P2 resource > getGroup (GET /api/v1/groups/{groupId}): 200
   ↓ the same auditor can read every P2 resource > listGroupMembers (GET /api/v1/groups/{groupId}/members): 200
   ↓ the same auditor can read every P2 resource > listGovernanceParties (GET /api/v1/governance-parties): 200
   ↓ the same auditor can read every P2 resource > listRoleMappings (GET /api/v1/transformations/{transformationId}/role-mappings): 200
   ↓ the same auditor can read every P2 resource > resolveGovernanceParty (GET /api/v1/transformations/{transformationId}/role-mappings/resolve): 200
   ↓ the same auditor can read every P2 resource > listDelegations (GET /api/v1/delegations): 200
   ↓ the same auditor can read every P2 resource > getDelegation (GET /api/v1/delegations/{delegationId}): 200
   ↓ the same auditor can read every P2 resource > listMyApprovals (GET /api/v1/approvals): 200
   ↓ the same auditor can read every P2 resource > getApproval (GET /api/v1/approvals/{approvalId}): 200
   ↓ the same auditor can read every P2 resource > listApprovalDecisionRecords (GET /api/v1/transformations/{transformationId}/approval-decisions): 200
   ↓ the same auditor can read every P2 resource > listDecisionRightTemplates (GET /api/v1/decision-right-templates): 200
   ↓ the same auditor can read every P2 resource > listDecisionRights (GET /api/v1/transformations/{transformationId}/decision-rights): 200
   ↓ the same auditor can read every P2 resource > getDecisionRight (GET /api/v1/transformations/{transformationId}/decision-rights/{decisionRightId}): 200
   ↓ the same auditor can read every P2 resource > previewDecisionRightDueDate (GET /api/v1/transformations/{transformationId}/decision-rights/{decisionRightId}/due-date): 200
   ↓ the same auditor can read every P2 resource > getRaciTemplate (GET /api/v1/raci-template): 200
   ↓ the same auditor can read every P2 resource > getTransformationRaci (GET /api/v1/transformations/{transformationId}/raci): 200
   ↓ the same auditor can read every P2 resource > listGovernanceMatrices (GET /api/v1/transformations/{transformationId}/governance-matrices): 200
   ↓ the same auditor can read every P2 resource > getTransformReadiness (GET /api/v1/transformations/{transformationId}/readiness/transform): 200
 ✓ |integration| packages/db/test/integration/encoding.test.ts (8 tests) 2404ms
   ✓ a SQL_ASCII database is refused before anything is created > mth-db migrate: exit 1, the message on stderr, nothing applied, no schema_migration table  315ms
   ✓ a SQL_ASCII database is refused before anything is created > mth-db status: exit 1 with the same message, nothing written  300ms
   ✓ a SQL_ASCII database is refused before anything is created > mth-db seed-dev: exit 1 with the same message, nothing written  313ms
   ✓ a SQL_ASCII database is refused before anything is created > control: the same CLI migrates a UTF8 scratch database created the same way  1063ms
 ❯ |integration| apps/api/test/integration/dg2-repairs.test.ts (13 tests | 12 failed) 1008ms
   × F-DG2-140 evidence separation of duties (REQ-S13-012) > repro (note): a TL can no longer replace a WL's note text (403 + denial audit), so cannot verify own text 36ms
     → expected 404 to be 403 // Object.is equality
   × F-DG2-140 evidence separation of duties (REQ-S13-012) > repro (file): a TL can no longer upload a revision to a WL's file evidence (403) 17ms
     → expected 404 to be 403 // Object.is equality
   × F-DG2-140 evidence separation of duties (REQ-S13-012) > the author of the current note/URL text (the named owner who edited it) cannot verify it: 403 reviewer_is_author 15ms
     → note: expected 404 to be 200 // Object.is equality
   × F-DG2-140 evidence separation of duties (REQ-S13-012) > the uploader of the current file revision cannot verify it: 403 reviewer_is_author; another reviewer can 15ms
     → expected 404 to be 200 // Object.is equality
   × F-DG2-140 evidence separation of duties (REQ-S13-012) > the creator still cannot review (403 reviewer_is_creator, now with a denial audit) 13ms
     → expected [ 400, 'validation' ] to deeply equal [ 403, 'evidence.reviewer_is_creator' ]
   × F-DG2-140 evidence separation of duties (REQ-S13-012) > database guard (0019): content_authored_by is trigger-maintained, and a self-review is refused even bypassing the API 13ms
     → expected 404 to be 200 // Object.is equality
   × F-DG2-142 evidence-link removal needs edit rights on the record (REQ-S10-001) > repro: a WL cannot remove the TL's link on a T01 row they may not edit (403 + denial audit); the TL can 102ms
     → Cannot read properties of undefined (reading '0')
   × charter thesis (F-DG2-203) and current North Star (F-DG2-204) > REQ-PB-033: after a refinement the charter shows the CURRENT North Star, flags the stale link, and a save re-links it 21ms
     → expected 404 to be 201 // Object.is equality
   × charter thesis (F-DG2-203) and current North Star (F-DG2-204) > REQ-PB-030: an empty thesis part is flagged on the charter and keeps G2 g2.outcome_tree incomplete 7ms
     → Cannot read properties of undefined (reading 'filter')
   × F-DG2-205 sequential product gates (REQ-S04-005, B0009, B0023) > End-to-End: G2 and G3 cannot be submitted before their predecessor is approved (422 gate.out_of_sequence), nothing written 95ms
     → expected 404 to be 200 // Object.is equality
   × F-DG2-205 sequential product gates (REQ-S04-005, B0009, B0023) > repro: a pending G3 cannot be APPROVED while G2 is unapproved (422), the phase does not jump, nothing is written 112ms
     → expected undefined to be 'diagnose' // Object.is equality
   ✓ F-DG2-205 sequential product gates (REQ-S04-005, B0009, B0023) > an approval advances exactly one step from the gate's own phase; it never skips (define -> mobilize refused) 87ms
   × F-DG2-205 sequential product gates (REQ-S04-005, B0009, B0023) > Modular entry stays valid: entering at design, G3 is not blocked by the earlier gates (only by its own criteria) 146ms
     → expected 404 to be 200 // Object.is equality
 ❯ |integration| apps/api/test/integration/portfolio/dispensations.test.ts (7 tests | 6 failed) 1125ms
   × waivers (End-to-End launch sequencing) > create: 201 pending, version 1, audited; reason/expiry required, G1 never waived, no past expiry, AUD 403 183ms
     → {"type":"urn:mth:problem:forbidden","title":"Forbidden","status":403,"detail":"Your access to this record changed while the request was in progress.","code":"forbidden","requestId":"01a11e51-edda-77ea-a34d-322fedf950c0"}: expected 403 to be 201 // Object.is equality
   × waivers (End-to-End launch sequencing) > decide: 428/409, AUD 403, not the recorder (403), only the gate's approver (403); accepted unblocks launch 160ms
     → expected 400 to be 428 // Object.is equality
   ✓ waivers (End-to-End launch sequencing) > separation of duties: the recorder can never accept their own dispensation (403), even holding gate.decide 160ms
   × waivers (End-to-End launch sequencing) > revoke: only accepted ones, by the approver with a reason; If-Match; AUD 403; the blocker returns 159ms
     → expected [ 400, 'validation' ] to deeply equal [ 422, 'dispensation.not_revocable' ]
   × inherited approvals (Modular entry) > need body, date and evidence; count only when the evidence is VERIFIED and another person accepted them 109ms
     → expected [ 403, 'forbidden' ] to deeply equal [ 422, …(1) ]
   × the gate list and gate view inheritedApproval annotation (ADR-0021 §5; F-DG3-120) > pending_verification → accepted (counts) → revoked; G1 stays draft and no gate decision is ever written 177ms
     → expected 404 to be 200 // Object.is equality
   × the gate list and gate view inheritedApproval annotation (ADR-0021 §5; F-DG3-120) > an End-to-End transformation's gates carry inheritedApproval null (the DG2 shape otherwise unchanged) 124ms
     → expected 404 to be 200 // Object.is equality
 ❯ |integration| apps/api/test/integration/invalid-character.test.ts (20 tests | 8 failed) 1319ms
   ✓ U+0000 in a JSON body string is 400 validation.invalid_character; nothing is written or audited > charter create (outOfScope, freeText): no charter is created 129ms
   × U+0000 in a JSON body string is 400 validation.invalid_character; nothing is written or audited > charter update (inScope): version, value and audit trail unchanged 118ms
     → {"type":"urn:mth:problem:not-found","title":"Not found","status":404,"code":"not_found","requestId":"01a11e51-f5ea-764c-94bd-913e04e019da"}: expected 404 to be 201 // Object.is equality
   × U+0000 in a JSON body string is 400 validation.invalid_character; nothing is written or audited > T03 TOM gap create and update (gap): no gap is created, the existing one is unchanged 16ms
     → {"type":"urn:mth:problem:not-found","title":"Not found","status":404,"code":"not_found","requestId":"01a11e51-f5fa-7176-9587-aed91aff926a"}: expected 404 to be 201 // Object.is equality
   × U+0000 in a JSON body string is 400 validation.invalid_character; nothing is written or audited > T03 TOM gap archive reason: the gap stays open; a valid reason still archives (audited once) 6ms
     → expected 404 to be 201 // Object.is equality
   ✓ U+0000 in a JSON body string is 400 validation.invalid_character; nothing is written or audited > P1 transformation name (shared name): no transformation is created 8ms
   ✓ U+0000 in a JSON body string is 400 validation.invalid_character; nothing is written or audited > a NUL in an object key is reported at that key's pointer 93ms
   ✓ U+0000 in a query or path parameter is 400 validation.invalid_character at /query or /params > GET /transformations?q= (a text filter the database queries) 17ms
   ✓ U+0000 in a query or path parameter is 400 validation.invalid_character at /query or /params > GET /users?q= (admin user search) 13ms
   ✓ U+0000 in a query or path parameter is 400 validation.invalid_character at /query or /params > a path parameter (TOM gap id on archive) 9ms
   ✓ authentication and CSRF keep their precedence over the invalid-character check > no session: 401, not 400 3ms
   ✓ authentication and CSRF keep their precedence over the invalid-character check > missing CSRF token: 403 csrf, not 400 5ms
   ✓ authentication and CSRF keep their precedence over the invalid-character check > a user without write permission on a NUL body gets the 400 before any data access, and nothing is written 10ms
   × text without NUL is unaffected > visible text with other control-like marks (U+0001 inside, RLM) is accepted verbatim 98ms
     → {"type":"urn:mth:problem:not-found","title":"Not found","status":404,"code":"not_found","requestId":"01a11e51-f703-71a7-816a-af7da44c3a5c"}: expected 404 to be 201 // Object.is equality
   ✓ a lone UTF-16 surrogate in a JSON body string is 400 validation.invalid_character (F-DG2-260) > charter create (outOfScope, text column): no charter is created, nothing is stored as U+FFFD 107ms
   × a lone UTF-16 surrogate in a JSON body string is 400 validation.invalid_character (F-DG2-260) > charter update (inScope): version, value and audit trail unchanged 97ms
     → {"type":"urn:mth:problem:not-found","title":"Not found","status":404,"code":"not_found","requestId":"01a11e51-f7cf-7078-ae5d-bb084632ab31"}: expected 404 to be 201 // Object.is equality
   ✓ a lone UTF-16 surrogate in a JSON body string is 400 validation.invalid_character (F-DG2-260) > journey step name (reaches jsonb directly): 400 at /steps/0/name, not validation.format at '' 110ms
   × a lone UTF-16 surrogate in a JSON body string is 400 validation.invalid_character (F-DG2-260) > archive reason (shared reason schema): the TOM gap stays open 6ms
     → {"type":"urn:mth:problem:not-found","title":"Not found","status":404,"code":"not_found","requestId":"01a11e51-f844-722c-acb3-aecea1d783bd"}: expected 404 to be 201 // Object.is equality
   ✓ a lone UTF-16 surrogate in a JSON body string is 400 validation.invalid_character (F-DG2-260) > a lone surrogate in an object key is reported at that key's pointer 94ms
   × a lone UTF-16 surrogate in a JSON body string is 400 validation.invalid_character (F-DG2-260) > a percent-encoded lone surrogate (CESU-8 bytes %ED%A0%80) in a query or path never decodes to one, never a 5xx 20ms
     → expected { …(5) } to deeply equal { …(5) }
   × a lone UTF-16 surrogate in a JSON body string is 400 validation.invalid_character (F-DG2-260) > emoji (valid surrogate pairs) and Arabic are accepted and stored verbatim, in text and in jsonb 99ms
     → {"type":"urn:mth:problem:not-found","title":"Not found","status":404,"code":"not_found","requestId":"01a11e51-f918-74ee-8303-4195d0a74ac7"}: expected 404 to be 201 // Object.is equality
 ❯ |integration| apps/api/test/integration/invalid-utf8.test.ts (14 tests | 5 failed) 1013ms
   × a JSON body with invalid UTF-8 is 400 validation.json, the same with Content-Length and chunked > charter create: 400 for every invalid sequence and framing; no charter, no audit row, no U+FFFD stored 253ms
     → {"type":"urn:mth:problem:not-found","title":"Not found","status":404,"code":"not_found","requestId":"01a11e51-fd57-7259-8dd3-f56aa9312d98"}: expected 404 to be 201 // Object.is equality
   × a JSON body with invalid UTF-8 is 400 validation.json, the same with Content-Length and chunked > charter update (PATCH, If-Match): version, value and audit trail unchanged 119ms
     → {"type":"urn:mth:problem:not-found","title":"Not found","status":404,"code":"not_found","requestId":"01a11e51-fdd0-7235-a973-da171719f22c"}: expected 404 to be 201 // Object.is equality
   ✓ a JSON body with invalid UTF-8 is 400 validation.json, the same with Content-Length and chunked > T03 TOM gap create: no gap is created 9ms
   ✓ a JSON body with invalid UTF-8 is 400 validation.json, the same with Content-Length and chunked > unauthenticated (no cookie, no CSRF token): the declared 400, never 500 8ms
   ✓ over a real socket (the framing the reviewer probed), unauthenticated and authenticated > 400 validation.json for both framings, with and without a session; nothing stored 108ms
   × valid UTF-8 round-trips verbatim; one BOM is accepted and stripped > Arabic and emoji text, with Content-Length and chunked: stored and audited byte for byte 96ms
     → {"type":"urn:mth:problem:not-found","title":"Not found","status":404,"code":"not_found","requestId":"01a11e51-feae-7628-94ea-1029d6495fc6"}: expected 404 to be 201 // Object.is equality
   × valid UTF-8 round-trips verbatim; one BOM is accepted and stripped > a leading BOM (EF BB BF) is stripped: the charter is created with the exact text 94ms
     → {"type":"urn:mth:problem:not-found","title":"Not found","status":404,"code":"not_found","requestId":"01a11e51-ff0c-77c9-abe3-49624ae21877"}: expected 404 to be 201 // Object.is equality
   ✓ a query component that is not percent-encoded UTF-8 is 400 validation.format > GET /transformations?q=%FF and ?q=%ED%A0%80: 400 at /query/q (it used to search for the literal text) 21ms
   ✓ a query component that is not percent-encoded UTF-8 is 400 validation.format > authentication keeps its precedence: without a session the answer is 401 4ms
   ✓ a query component that is not percent-encoded UTF-8 is 400 validation.format > the OIDC callback (exempt; declares only its redirect) is unchanged: never a 400 problem 1ms
   × X-File-Name with a percent escape that is not UTF-8 > is 400 validation.file_name; no revision is stored and nothing is audited 8ms
     → {"type":"urn:mth:problem:not-found","title":"Not found","status":404,"code":"not_found","requestId":"01a11e51-ff2c-74c8-87f9-68a72002a144"}: expected 404 to be 201 // Object.is equality
   ✓ rate limiting still applies to the refused requests > invalid-UTF-8 bodies count against the limit: 400 until the limit, then 429 43ms
   ✓ cookie and header values (sweep): byte-faithful, never rewritten, never a 500 > a session cookie with an undecodable escape or high bytes is no session (401); a CSRF token with them is 403 10ms
   ✓ cookie and header values (sweep): byte-faithful, never rewritten, never a 500 > an X-Request-Id with high bytes or percent escapes is never adopted (a UUIDv7 is generated) 12ms
 ❯ |integration| apps/api/test/integration/portfolio/links.test.ts (12 tests | 12 skipped) 212ms
   ↓ gap links (REQ-PB-040, REQ-PB-046) > accepts 1..n links to a TOM gap and a diagnosed finding, each audited; no_gap_link clears and returns
   ↓ gap links (REQ-PB-040, REQ-PB-046) > targetType tom_canvas_cell (TOM record) -> 422 initiative.not_tom_evidence with the exact text; nothing written
   ↓ gap links (REQ-PB-040, REQ-PB-046) > targetType capability (TOM record) -> 422 initiative.not_tom_evidence with the exact text; nothing written
   ↓ gap links (REQ-PB-040, REQ-PB-046) > targetType journey (TOM record) -> 422 initiative.not_tom_evidence with the exact text; nothing written
   ↓ gap links (REQ-PB-040, REQ-PB-046) > targetType tom_dimension (TOM record) -> 422 initiative.not_tom_evidence with the exact text; nothing written
   ↓ gap links (REQ-PB-040, REQ-PB-046) > other target types are 422, a malformed one 400; a foreign or archived target 422; a duplicate active link 409
   ↓ gap links (REQ-PB-040, REQ-PB-046) > G3 completeness is identical with and without initiatives and gap links (TOM is not the portfolio)
   ↓ outcome contributions (REQ-PB-032) > needs an outcome (400 at /outcomeId) and a statement; the KPI must belong to the outcome (422)
   ↓ outcome contributions (REQ-PB-032) > the database trigger refuses a KPI of another outcome (defence in depth) and maps to a 422 problem
   ↓ decision links (T05 'Required decisions', one decision model) > links a canonical decision of the transformation; foreign 422, duplicate 409; removable
   ↓ authorization on every link mutation > AUD gets 403 on the three creates and the three removes (audited denial, nothing written); a 404 for no access
   ↓ authorization on every link mutation > links of a cancelled initiative are read-only (422 initiative.read_only)
 ❯ |integration| apps/api/test/integration/portfolio/g1-agreements.test.ts (7 tests | 1 failed) 1253ms
   ✓ G1 approval needs the three B0032 leadership agreements (ADR-0021 §8) > approve without agreements -> 422 gate.g1_agreements_required with the three pointers; nothing written 176ms
   ✓ G1 approval needs the three B0032 leadership agreements (ADR-0021 §8) > partial or false confirmations -> 422 naming only the missing ones; nothing written 159ms
   ✓ G1 approval needs the three B0032 leadership agreements (ADR-0021 §8) > with all three -> 201, three agreement rows confirmed by the decider, agreements in the response and audit diff 165ms
   ✓ G1 approval needs the three B0032 leadership agreements (ADR-0021 §8) > agreements on G2, or with a non-approve G1 outcome -> 422 gate.agreements_not_applicable; nothing written 264ms
   × G1 approval needs the three B0032 leadership agreements (ADR-0021 §8) > 403 not-approver, 403 submitter and 409 superseded keep their precedence over the agreement rule 113ms
     → expected [ 404, 'not_found' ] to deeply equal [ 403, 'gate.not_approver' ]
   ✓ migration 0025: the deferred guard refuses an approved G1 decision without three agreements at COMMIT > no agreement rows -> the COMMIT fails with gate_decision_g1_agreements and nothing persists 105ms
   ✓ migration 0025: the deferred guard refuses an approved G1 decision without three agreements at COMMIT > two of three -> refused at COMMIT; all three -> commits 221ms
 ❯ |integration| apps/api/test/integration/media-types.test.ts (21 tests | 14 failed) 582ms
   × uploadEvidenceContent accepts only application/octet-stream (F-DG2-320) > every undeclared media type, in each framing: 400 validation.content_type; nothing stored, no audit row 11ms
     → {"type":"urn:mth:problem:not-found","title":"Not found","status":404,"code":"not_found","requestId":"01a11e52-0d6c-74d1-9559-6e598b419e1c"}: expected 404 to be 201 // Object.is equality
   × uploadEvidenceContent accepts only application/octet-stream (F-DG2-320) > the refusal precedes authentication, like any body the framework cannot parse (no session: 400, not 401) 7ms
     → {"type":"urn:mth:problem:not-found","title":"Not found","status":404,"code":"not_found","requestId":"01a11e52-0d77-7748-a841-b254148ba854"}: expected 404 to be 201 // Object.is equality
   × uploadEvidenceContent accepts only application/octet-stream (F-DG2-320) > a valid application/octet-stream upload stores exactly the bytes sent, in both framings (sha256 of the raw input) 7ms
     → {"type":"urn:mth:problem:not-found","title":"Not found","status":404,"code":"not_found","requestId":"01a11e52-0d7e-7748-93f6-268d3c429167"}: expected 404 to be 201 // Object.is equality
   × uploadEvidenceContent accepts only application/octet-stream (F-DG2-320) > the size limit still applies to octet-stream uploads (unchanged): the declared 413 evidence.too_large 6ms
     → {"type":"urn:mth:problem:not-found","title":"Not found","status":404,"code":"not_found","requestId":"01a11e52-0d85-74fb-b0ad-3161e67cc0c0"}: expected 404 to be 201 // Object.is equality
   ✓ JSON operations accept only application/json (F-DG2-320) > createEvidence sent text/plain or application/octet-stream, in each framing: 400; nothing created 25ms
   × JSON operations accept only application/json (F-DG2-320) > an If-Match update (PATCH) sent application/octet-stream: 400; the record is unchanged 7ms
     → {"type":"urn:mth:problem:not-found","title":"Not found","status":404,"code":"not_found","requestId":"01a11e52-0da4-721a-a61c-d7e22158ccfb"}: expected 404 to be 201 // Object.is equality
   × JSON operations accept only application/json (F-DG2-320) > a valid JSON request still works (application/json, with and without a charset) 7ms
     → {"type":"urn:mth:problem:not-found","title":"Not found","status":404,"code":"not_found","requestId":"01a11e52-0dab-73b8-82b3-ae6385b914bb"}: expected 404 to be 201 // Object.is equality
   × bodiless requests behave as before (F-DG2-320 sweep) > GET with a Content-Type (and even a body) is never refused: the body is not read 9ms
     → expected 404 to be 200 // Object.is equality
   × bodiless requests behave as before (F-DG2-320 sweep) > a bodiless POST with no Content-Type and no body reaches its handler; an empty JSON body keeps its 400 8ms
     → {"type":"urn:mth:problem:not-found","title":"Not found","status":404,"code":"not_found","requestId":"01a11e52-0dbb-739b-925d-a8ca3c496a94"}: expected 404 to be 201 // Object.is equality
   ✓ bodiless requests behave as before (F-DG2-320 sweep) > an unknown route keeps its 404, whatever the media type 1ms
   ✓ an unmatched route is 404 not_found whatever its body (F-DG2-350) > S10 (code-security round 9) regression: POST/PUT/DELETE x text/plain, JSON, octet-stream x with/without a session 20ms
   ✓ an unmatched route is 404 not_found whatever its body (F-DG2-350) > every method x body class x session: 404 not_found (problem+json), the connection closes, nothing parsed or logged as an error 127ms
   ✓ an unmatched route is 404 not_found whatever its body (F-DG2-350) > on a real keep-alive socket the unread body never becomes the next request: the server closes after the 404 18ms
   × the media-type check and the parser lookup agree for every spelling (F-DG2-351) > S11 (code-security round 9) regression: the tab-before-';' upload is accepted and stored byte-exact 7ms
     → {"type":"urn:mth:problem:not-found","title":"Not found","status":404,"code":"not_found","requestId":"01a11e52-0e6a-75e8-96ec-345917faa900"}: expected 404 to be 201 // Object.is equality
   × the media-type check and the parser lookup agree for every spelling (F-DG2-351) > S11: every refusal on uploadEvidenceContent names application/octet-stream (never a hard-coded JSON text) 6ms
     → {"type":"urn:mth:problem:not-found","title":"Not found","status":404,"code":"not_found","requestId":"01a11e52-0e70-715b-a1d5-a50671cfdd2a"}: expected 404 to be 201 // Object.is equality
   × the media-type check and the parser lookup agree for every spelling (F-DG2-351) > every OWS/whitespace spelling of octet-stream reaches the octet parser: stored byte-exact (sha256), downloadable 6ms
     → {"type":"urn:mth:problem:not-found","title":"Not found","status":404,"code":"not_found","requestId":"01a11e52-0e76-707e-adbc-20f33cec7ded"}: expected 404 to be 201 // Object.is equality
   × the media-type check and the parser lookup agree for every spelling (F-DG2-351) > every OWS/whitespace spelling of application/json reaches the JSON parser: accepted and stored verbatim 6ms
     → {"type":"urn:mth:problem:not-found","title":"Not found","status":404,"code":"not_found","requestId":"01a11e52-0e7c-73b4-b4c8-330dbd50c02f"}: expected [ …(3) ] to deeply equal [ …(3) ]
   ✓ the media-type check and the parser lookup agree for every spelling (F-DG2-351) > every refusal on a JSON operation names application/json: malformed, other charsets, octet-stream spellings 35ms
   × on a real socket (T-DG2-BE15B) > S11 over llhttp: an HTAB before ';' reaches the octet parser (stored byte-exact) and the JSON parser 5ms
     → {"type":"urn:mth:problem:not-found","title":"Not found","status":404,"code":"not_found","requestId":"01a11e52-0ea6-767c-bfcf-d33d5ba7e266"}: expected 404 to be 201 // Object.is equality
   × on a real socket (T-DG2-BE15B) > two Content-Type lines are refused on a matched route (declared set named) and a 404 on an unmatched one 11ms
     → {"type":"urn:mth:problem:not-found","title":"Not found","status":404,"code":"not_found","requestId":"01a11e52-0eb1-769b-b98e-fb6b712a24f1"}: expected 404 to be 201 // Object.is equality
   ✓ on a real socket (T-DG2-BE15B) > after an unmatched 404 closes its connection, the client's next keep-alive connection is served normally 3ms
 ✓ |integration| apps/api/test/integration/transformations.test.ts (30 tests) 1320ms
 ❯ |integration| apps/api/test/integration/portfolio/initiatives.test.ts (12 tests | 12 failed) 659ms
   × create and read an Initiative through the API (REQ-S16-016, REQ-PB-045) > creates a draft with every T05 card field, INI-nn, version 1, ETag/Location and one audit event; reads it back 13ms
     → {"type":"urn:mth:problem:forbidden","title":"Forbidden","status":403,"detail":"Your access to this record changed while the request was in progress.","code":"forbidden","requestId":"01a11e52-1a5d-7319-9a91-29a614041e98"}: expected 403 to be 201 // Object.is equality
   × create and read an Initiative through the API (REQ-S16-016, REQ-PB-045) > codes are sequential per transformation and a minimal draft carries all three warnings (before G1: drafting is allowed) 8ms
     → POST /api/v1/initiatives: {"type":"urn:mth:problem:forbidden","title":"Forbidden","status":403,"detail":"Your access to this record changed while the request was in progress.","code":"forbidden","requestId":"01a11e52-1a69-71cb-a411-f66bdcb42265"}: expected 403 to be 201 // Object.is equality
   × create and read an Initiative through the API (REQ-S16-016, REQ-PB-045) > a caller without access to the transformation gets 404 (existence never disclosed); no session -> 401 7ms
     → POST /api/v1/initiatives: {"type":"urn:mth:problem:forbidden","title":"Forbidden","status":403,"detail":"Your access to this record changed while the request was in progress.","code":"forbidden","requestId":"01a11e52-1a71-7079-8c6b-c5ce7d25d935"}: expected 403 to be 201 // Object.is equality
   × create and read an Initiative through the API (REQ-S16-016, REQ-PB-045) > lists newest change first, filters by status, and pages with a cursor 7ms
     → POST /api/v1/initiatives: {"type":"urn:mth:problem:forbidden","title":"Forbidden","status":403,"detail":"Your access to this record changed while the request was in progress.","code":"forbidden","requestId":"01a11e52-1a78-71f6-835e-07b1ac352572"}: expected 403 to be 201 // Object.is equality
   × validation (nothing written on a refusal) > 400 for schema errors (missing or blank name, unknown field, status in the body) 7ms
     → {"transformationId":"01a11e52-19d7-75a0-8d1b-d911afb6d834"}: expected 403 to be 400 // Object.is equality
   × validation (nothing written on a refusal) > 422 initiative.planned_range when plannedEnd < plannedStart (create and PATCH) 8ms
     → Cannot read properties of undefined (reading '0')
   × validation (nothing written on a refusal) > 422 for a named person outside the organization and for a wave of another transformation 148ms
     → Cannot read properties of undefined (reading '0')
   × PATCH: If-Match, audit diff, warnings move, read-only once cancelled > 428 without If-Match, 409 stale, 200 with version + 1 and the field diff; setting the owner clears no_owner 8ms
     → POST /api/v1/initiatives: {"type":"urn:mth:problem:forbidden","title":"Forbidden","status":403,"detail":"Your access to this record changed while the request was in progress.","code":"forbidden","requestId":"01a11e52-1b21-70b5-8c17-3ad6f073bf6d"}: expected 403 to be 201 // Object.is equality
   × PATCH: If-Match, audit diff, warnings move, read-only once cancelled > a cancelled initiative is read-only (archive, never delete; no DELETE route) 9ms
     → POST /api/v1/initiatives: {"type":"urn:mth:problem:forbidden","title":"Forbidden","status":403,"detail":"Your access to this record changed while the request was in progress.","code":"forbidden","requestId":"01a11e52-1b29-712b-acce-1e7a260b4b84"}: expected 403 to be 201 // Object.is equality
   × authorization on every initiative mutation > AUD gets 403 on create and PATCH, the denial is audited and nothing is written 8ms
     → POST /api/v1/initiatives: {"type":"urn:mth:problem:forbidden","title":"Forbidden","status":403,"detail":"Your access to this record changed while the request was in progress.","code":"forbidden","requestId":"01a11e52-1b32-740d-804e-d436b226c297"}: expected 403 to be 201 // Object.is equality
   × authorization on every initiative mutation > the Sponsor (no initiative.edit) gets 403; the workstream lead (WL, initiative.edit) may edit 8ms
     → POST /api/v1/initiatives: {"type":"urn:mth:problem:forbidden","title":"Forbidden","status":403,"detail":"Your access to this record changed while the request was in progress.","code":"forbidden","requestId":"01a11e52-1b3a-709d-aae6-1d1ba04b5844"}: expected 403 to be 201 // Object.is equality
   × authorization on every initiative mutation > BE18A: the write gate is re-checked at commit - a grant revoked while the request waits is 403, nothing written 187ms
     → POST /api/v1/initiatives: {"type":"urn:mth:problem:forbidden","title":"Forbidden","status":403,"detail":"Your access to this record changed while the request was in progress.","code":"forbidden","requestId":"01a11e52-1bf4-749a-a385-0a5847985244"}: expected 403 to be 201 // Object.is equality
 ✓ |integration| apps/api/test/integration/oidc.test.ts (33 tests) 1500ms
 ❯ |integration| apps/api/test/integration/portfolio/readiness.test.ts (6 tests | 4 failed) 888ms
   ✓ POST /transformations uses p3_instantiate_transformation (T-DG3-BE-A) > a new transformation gets the four B0079 waves and the T06 weight set v1 at the source defaults, audited 154ms
   × GET /transformations/{id}/readiness (REQ-PB-007) > a fresh transformation: every B0012 area missing, both blockers with the exact §3 texts, gates G1-G4 draft 124ms
     → expected 404 to be 200 // Object.is equality
   × GET /transformations/{id}/readiness (REQ-PB-007) > T01 content covers areas (content half of g1.diagnostic; technology needs technology AND data) 117ms
     → Cannot read properties of undefined (reading 'filter')
   × GET /transformations/{id}/readiness (REQ-PB-007) > G1 approved clears the submit blocker; G2+G3 approved clear the launch blocker (End-to-End) 116ms
     → expected undefined to match object { canSubmitInitiatives: true, …(1) }
   ✓ GET /transformations/{id}/readiness (REQ-PB-007) > read access only: the auditor reads it; a user outside the transformation gets 404; a malformed id 400 180ms
   × GET /transformations/{id}/outcome-hierarchy (REQ-PB-032) > returns North Star -> outcomes -> KPIs -> targets -> contributions as one tree (read only) 141ms
     → expected { …(5) } to deeply equal { northStar: null, outcomes: [] }
 ✓ |integration| apps/api/test/integration/kpi/kpi-resources.test.ts (23 tests) 1025ms
 ❯ |integration| apps/api/test/integration/access-derived-race.test.ts (4 tests | 4 failed) 22233ms
   × a create racing the revocation of its source BU grant leaves no active derived assignment (F-DG1-115) > A. revoke first: the create waits for the revoke, sees the source revoked and is refused (nothing persists) 5292ms
     → timed out waiting for 1 backend(s) blocked on a row lock: [{"pid":914,"state":null,"wait_event_type":null,"wait_event":null,"query":"<insufficient privilege>"},{"pid":915,"state":null,"wait_event_type":null,"wait_event":null,"query":"<insufficient privilege>"},{"pid":916,"state":null,"wait_event_type":null,"wait_event":null,"query":"<insufficient privilege>"},{"pid":917,"state":null,"wait_event_type":null,"wait_event":null,"query":"<insufficient privilege>"}]
   × a create racing the revocation of its source BU grant leaves no active derived assignment (F-DG1-115) > B. create first: the revoke waits for the create and its cascade revokes the new derived assignment 5351ms
     → timed out waiting for 1 backend(s) blocked on a advisory lock: [{"pid":914,"state":null,"wait_event_type":null,"wait_event":null,"query":"<insufficient privilege>"},{"pid":915,"state":null,"wait_event_type":null,"wait_event":null,"query":"<insufficient privilege>"},{"pid":916,"state":null,"wait_event_type":null,"wait_event":null,"query":"<insufficient privilege>"},{"pid":917,"state":null,"wait_event_type":null,"wait_event":null,"query":"<insufficient privilege>"}]
   × a create racing the revocation of its source BU grant leaves no active derived assignment (F-DG1-115) > C. one of two source grants revoked concurrently: the create succeeds and derives only from the survivor 5308ms
     → timed out waiting for 1 backend(s) blocked on a row lock: [{"pid":914,"state":null,"wait_event_type":null,"wait_event":null,"query":"<insufficient privilege>"},{"pid":915,"state":null,"wait_event_type":null,"wait_event":null,"query":"<insufficient privilege>"},{"pid":916,"state":null,"wait_event_type":null,"wait_event":null,"query":"<insufficient privilege>"},{"pid":917,"state":null,"wait_event_type":null,"wait_event":null,"query":"<insufficient privilege>"}]
   × a create racing the revocation of its source BU grant leaves no active derived assignment (F-DG1-115) > D. the only source revoked concurrently, another (approval-holding, non-source) grant still authorizes create 5259ms
     → timed out waiting for 1 backend(s) blocked on a row lock: [{"pid":914,"state":null,"wait_event_type":null,"wait_event":null,"query":"<insufficient privilege>"},{"pid":915,"state":null,"wait_event_type":null,"wait_event":null,"query":"<insufficient privilege>"},{"pid":916,"state":null,"wait_event_type":null,"wait_event":null,"query":"<insufficient privilege>"},{"pid":917,"state":null,"wait_event_type":null,"wait_event":null,"query":"<insufficient privilege>"}]
 ✓ |integration| packages/db/test/integration/migrate.test.ts (7 tests) 1095ms
   ✓ mth-db migrate on a fresh database > applies every shipped migration, then reports up to date  744ms
 ✓ |integration| apps/api/test/integration/bu-hierarchy-guard.test.ts (7 tests) 1359ms
 ✓ |integration| apps/api/test/integration/kpi/kpi-dg2-repairs.test.ts (11 tests) 985ms
 ❯ |integration| apps/api/test/integration/access-scope.test.ts (18 tests | 3 failed) 836ms
   ✓ cross-scope READ is denied by the policy function (404, existence not disclosed) > TO of organization A reads every transformation in A (inherits downward), none in B 27ms
   ✓ cross-scope READ is denied by the policy function (404, existence not disclosed) > TO of organization B cannot read organization A's records 12ms
   ✓ cross-scope READ is denied by the policy function (404, existence not disclosed) > TL granted at BU a1 (non-inheriting) sees no transformation below a1, and none in the sibling a2 15ms
   ✓ cross-scope READ is denied by the policy function (404, existence not disclosed) > a transformation-scope grant covers exactly that transformation 14ms
   ✓ cross-scope READ is denied by the policy function (404, existence not disclosed) > technical administrators cannot read business records at all 16ms
   ✓ cross-scope READ is denied by the policy function (404, existence not disclosed) > a user without grants sees nothing, and an unknown id is indistinguishable from a forbidden one 10ms
   ✓ list filtering happens in SQL through the same rules > returns exactly the readable set per principal 12ms
   ✓ cross-scope WRITE is denied (404 when unreadable, 403 when readable but not permitted) > TO of B cannot update or archive A's transformation, and nothing is written 18ms
   ✓ cross-scope WRITE is denied (404 when unreadable, 403 when readable but not permitted) > an auditor can read but not update (403) and the denial itself is audited 15ms
   ✓ cross-scope WRITE is denied (404 when unreadable, 403 when readable but not permitted) > TL at BU a1 may create in a1 but not in the sibling a2 (BU unreadable -> 404) nor in org B 105ms
   ✓ cross-scope WRITE is denied (404 when unreadable, 403 when readable but not permitted) > an auditor can read the BU but may not create in it (403) 8ms
   ✓ revocation applies to the next request (grants are loaded per request) > revoking the TO grant removes access immediately 19ms
   ✓ revocation applies to the next request (grants are loaded per request) > future-dated and expired grants do not apply 24ms
   × a business-unit-scoped creator can work on what it created, and nothing more (F-DG1-106) > TL @ BU a1: create -> read -> list -> update -> audit -> archive all succeed (explicit, audited assignment) 83ms
     → expected 404 to be 200 // Object.is equality
   × a business-unit-scoped creator can work on what it created, and nothing more (F-DG1-106) > still denies the BU-scoped creator every OTHER transformation, cross-BU and cross-organization 120ms
     → expected [] to have a length of 1 but got +0
   ✓ a business-unit-scoped creator can work on what it created, and nothing more (F-DG1-106) > adds no assignment when the creator can already read the record (TO inherits downward) 60ms
   ✓ a business-unit-scoped creator can work on what it created, and nothing more (F-DG1-106) > never carries over a role that holds an approval permission (no approver is manufactured by a create) 70ms
   × a business-unit-scoped creator can work on what it created, and nothing more (F-DG1-106) > revoking the source BU grant also revokes the derived assignment (same transaction, audited) 80ms
     → expected 404 to be 200 // Object.is equality
 ❯ |integration| apps/api/test/integration/evidence.test.ts (6 tests | 6 failed) 441ms
   × evidence items and the payload of each kind > validates the payload against the kind (400 from the schema), http(s) only, and audits the create 10ms
     → expected 404 to be 400 // Object.is equality
   × review (verification) rules > the creator cannot review their own evidence (403); a reviewer verifies only accessible content (422 otherwise) 11ms
     → expected [ 400, 'validation' ] to deeply equal [ 403, 'evidence.reviewer_is_creator' ]
   × review (verification) rules > a bare filename reference can never be verified (422) and stays unverified 9ms
     → expected [ 400, 'validation' ] to deeply equal [ 422, …(1) ]
   × review (verification) rules > a file needs uploaded content before it can be verified; a new revision resets it to unverified 8ms
     → expected [ 400, 'validation' ] to deeply equal [ 422, 'evidence.no_content' ]
   × links > links only to a record of the same transformation (422 otherwise); duplicate active link 409; remove keeps the row 130ms
     → Cannot read properties of undefined (reading '0')
   × links > a read-only auditor gets 403 on every evidence mutation, and only the denial is audited 30ms
     → expected 400 to be 403 // Object.is equality
 ✓ |integration| apps/api/test/integration/platform.test.ts (12 tests) 785ms
   ✓ readiness requires a UTF8 database (ADR-0003 'Database encoding', T-DG2-BE9) > reports 503 database: fail on a SQL_ASCII database, and database: ok on a UTF8 one created the same way  356ms
 ✓ |integration| apps/worker/test/integration/maintenance.test.ts (2 tests) 1093ms
 ✓ |integration| tests/qa/integration/a12-cross-scope.test.ts (14 tests) 593ms
 ❯ |integration| apps/api/test/integration/portfolio/hierarchy.test.ts (3 tests | 3 skipped) 259ms
   ↓ GET /transformations/{id}/outcome-hierarchy, full nested shape (REQ-PB-032) > returns all five levels, linked, field by field
   ↓ GET /transformations/{id}/outcome-hierarchy, full nested shape (REQ-PB-032) > refuses a contribution without an outcome (400 at /outcomeId) and the tree is unchanged
   ↓ GET /transformations/{id}/outcome-hierarchy, full nested shape (REQ-PB-032) > is readable by AUD (same tree) and not by another organization or an unscoped user
 ✓ |integration| apps/api/test/integration/admin.test.ts (11 tests) 523ms
 ✓ |integration| tests/qa/integration/a14-concurrency.test.ts (5 tests) 467ms
 ✓ |integration| apps/api/test/integration/kpi/kpi-aud-write-deny.test.ts (18 tests) 535ms
 ❯ |integration| apps/api/test/integration/portfolio/closed-initiatives.test.ts (1 test | 1 failed) 288ms
   × a cancelled initiative's scores, deliverables and milestones are read-only (422 initiative.read_only) > every write is refused after cancellation and nothing is written; the same writes succeed while open 218ms
     → POST /api/v1/initiatives: {"type":"urn:mth:problem:forbidden","title":"Forbidden","status":403,"detail":"Your access to this record changed while the request was in progress.","code":"forbidden","requestId":"01a11e52-c927-71dc-b777-cfcb27ddcb3e"}: expected 403 to be 201 // Object.is equality
 ✓ |integration| apps/api/test/integration/organizations.test.ts (10 tests) 387ms
 ❯ |integration| apps/api/test/integration/framework-errors.test.ts (11 tests | 2 failed) 425ms
   × FST_ERR_BAD_URL (undecodable percent escape in the path) is the declared 400 ValidationError > GET /api/v1/transformations/%ZZ: 400 problem+json validation.format with requestId; nothing written 8ms
     → expected 404 to be 200 // Object.is equality
   × FST_ERR_BAD_URL (undecodable percent escape in the path) is the declared 400 ValidationError > GET-by-id paths with %ED%A0%80 (CESU-8 lone surrogate bytes) answer the same; nothing written 25ms
     → expected { …(5) } to deeply equal { …(5) }
   ✓ FST_ERR_BAD_URL (undecodable percent escape in the path) is the declared 400 ValidationError > an unsafe method with a bad path (POST tom-gap archive) writes nothing and is not audited 5ms
   ✓ FST_ERR_BAD_URL (undecodable percent escape in the path) is the declared 400 ValidationError > keeps a well-formed inbound X-Request-Id, and answers without a session too (the router runs before auth) 3ms
   ✓ the non-API SPA fallback with a bad URL > answers a problem+json 400 with the security headers (not a plain JSON body), and still serves good paths 40ms
   ✓ other framework-level answers on /api/** are already problems > an unsupported method on a known path is a 404 problem (Fastify does not answer 405) 1ms
   ✓ other framework-level answers on /api/** are already problems > OPTIONS (CORS preflight) is a 404 problem: same-origin only, no CORS headers are granted 1ms
   ✓ connection-level parser errors (Node clientError) are 400 problems with the security headers > a request header that is too large: 400 validation.headers_too_large (was a plain-JSON 431) 12ms
   ✓ connection-level parser errors (Node clientError) are 400 problems with the security headers > a URL that is too long: 400 validation.headers_too_large (was a plain-JSON 431) 6ms
   ✓ connection-level parser errors (Node clientError) are 400 problems with the security headers > a malformed request line: 400 validation.malformed_request (was a plain-JSON 400) 1ms
   ✓ connection-level parser errors (Node clientError) are 400 problems with the security headers > over the real socket, a bad path is the same problem as through inject 2ms
 ❯ |integration| apps/api/test/integration/portfolio/unpaged-lists.test.ts (1 test | 1 failed) 222ms
   × unpaged P3 lists refuse limit; paged lists accept it (ADR-0021 §11 item 6) > 400 on limit for every unpaged list; 200 with {items} and no nextCursor without it 167ms
     → expected [ …(4) ] to deeply equal [ …(4) ]
 ❯ |integration| apps/api/test/integration/identity.test.ts (13 tests | 1 failed) 326ms
   ✓ dev login (AUTH_MODE=dev) > signs in a synthetic user: 204, HttpOnly SameSite=Lax cookie, only the SHA-256 of the token stored, audited 12ms
   ✓ dev login (AUTH_MODE=dev) > refuses unknown and disabled users with 401 and audits the failure 10ms
   ✓ dev login (AUTH_MODE=dev) > needs a same-origin Origin header (login CSRF) and a valid body 7ms
   ✓ dev login (AUTH_MODE=dev) > rotates the session: a login presented with an existing session revokes it 43ms
   ✓ dev login (AUTH_MODE=dev) > does not exist (404) when AUTH_MODE=oidc 33ms
   × GET /api/v1/me > returns the user, CSRF token, product name, home organization, active assignments and permissions per scope 14ms
     → expected [ { scope: { …(2) }, …(2) } ] to deeply equal [ { scope: { …(2) }, …(2) } ]
   ✓ GET /api/v1/me > answers 401 without a session, with a forged cookie, after logout and after expiry 23ms
   ✓ GET /api/v1/me > stops accepting a session as soon as its user is disabled 9ms
   ✓ PUT /api/v1/me/preferences > persists the language and time zone with If-Match (428, 409, 200) and audits the change 48ms
   ✓ PUT /api/v1/me/preferences > needs the CSRF token 10ms
   ✓ logout > needs CSRF, revokes the session, clears the cookie, audits, and returns no end-session URL in dev mode 25ms
   ✓ logout > uses the __Host- cookie with Secure on an https base URL 36ms
   ✓ request IDs > echoes a well-formed X-Request-Id and replaces a malformed one 3ms
 ✓ |integration| packages/db/test/integration/protection.test.ts (17 tests) 108ms
 ✓ |integration| packages/db/test/integration/catalogue.test.ts (13 tests) 54ms

⎯⎯⎯⎯⎯⎯ Failed Suites 5 ⎯⎯⎯⎯⎯⎯⎯

 FAIL  |integration| apps/api/test/integration/aud-write-deny.test.ts [ apps/api/test/integration/aud-write-deny.test.ts ]
AssertionError: POST /api/v1/transformations/01a11e51-da07-729d-8788-b14567d6c974/charter: {"type":"urn:mth:problem:not-found","title":"Not found","status":404,"code":"not_found","requestId":"01a11e51-da77-76da-89c3-fb23c2a009c3"}: expected 404 to be less than 300
 ❯ created apps/api/test/integration/aud-write-deny.test.ts:70:85
     68| ): Promise<{ id: string } & Record<string, unknown>> {
     69|   const res = await call(api.app, method, url, { session, body });
     70|   expect(res.status, `${method} ${url}: ${JSON.stringify(res.body).sli…
       |                                                                                     ^
     71|   return res.body;
     72| }
 ❯ apps/api/test/integration/aud-write-deny.test.ts:83:3

⎯⎯⎯⎯⎯⎯⎯⎯⎯⎯⎯⎯⎯⎯⎯⎯⎯⎯⎯⎯⎯⎯[1/278]⎯

 FAIL  |integration| apps/api/test/integration/blank-text.test.ts > blank free text is rejected (400 + pointer), nothing is written and nothing is audited
AssertionError: expected 404 to be 201 // Object.is equality

[32m- Expected[39m
[31m+ Received[39m

[32m- 201[39m
[31m+ 404[39m

 ❯ apps/api/test/integration/blank-text.test.ts:92:28
     90|       body: { transformationName: "Synthetic charter", inScope: "Retai…
     91|     });
     92|     expect(created.status).toBe(201);
       |                            ^
     93|     charterId = created.body.charter.id;
     94|   });

⎯⎯⎯⎯⎯⎯⎯⎯⎯⎯⎯⎯⎯⎯⎯⎯⎯⎯⎯⎯⎯⎯[2/278]⎯

 FAIL  |integration| apps/api/test/integration/gates.test.ts > submission and decision (business approval by a person)
AssertionError: createCharter: {"type":"urn:mth:problem:not-found","title":"Not found","status":404,"code":"not_found","requestId":"01a11e51-87fa-72c2-b253-b82970fe17e5"}: expected 404 to be 201 // Object.is equality

[32m- Expected[39m
[31m+ Received[39m

[32m- 201[39m
[31m+ 404[39m

 ❯ ok apps/api/test/support/p2-fixtures.ts:78:76
     76| 
     77| const ok = (res: Res, status: number, what: string) => {
     78|   expect(res.status, `${what}: ${JSON.stringify(res.body).slice(0, 600…
       |                                                                            ^
     79|   return res.body as { id: string; version: number } & Record<string, …
     80| };
 ❯ makeG1Ready apps/api/test/support/p2-fixtures.ts:92:3
 ❯ apps/api/test/integration/gates.test.ts:151:5

⎯⎯⎯⎯⎯⎯⎯⎯⎯⎯⎯⎯⎯⎯⎯⎯⎯⎯⎯⎯⎯⎯[3/278]⎯

 FAIL  |integration| apps/api/test/integration/portfolio/hierarchy.test.ts [ apps/api/test/integration/portfolio/hierarchy.test.ts ]
AssertionError: /api/v1/transformations/01a11e52-b8d5-7359-8be7-7b1697e14595/north-star: {"type":"urn:mth:problem:not-found","title":"Not found","status":404,"code":"not_found","requestId":"01a11e52-b949-70ad-8d6c-8220cf62243a"}: expected [ 200, 201 ] to include 404
 ❯ made apps/api/test/integration/portfolio/hierarchy.test.ts:23:61
     21| async function made(url: string, body: unknown, session = p.lead.sessi…
     22|   const res = await send(url.endsWith("/north-star") ? "PUT" : "POST",…
     23|   expect([200, 201], `${url}: ${JSON.stringify(res.body)}`).toContain(…
       |                                                             ^
     24|   return res.body as { id: string; version: number } & Record<string, …
     25| }
 ❯ apps/api/test/integration/portfolio/hierarchy.test.ts:44:18

⎯⎯⎯⎯⎯⎯⎯⎯⎯⎯⎯⎯⎯⎯⎯⎯⎯⎯⎯⎯⎯⎯[4/278]⎯

 FAIL  |integration| apps/api/test/integration/portfolio/links.test.ts [ apps/api/test/integration/portfolio/links.test.ts ]
AssertionError: /api/v1/transformations/01a11e52-0238-756a-8550-4ded37fdb753/tom-gaps: {"type":"urn:mth:problem:not-found","title":"Not found","status":404,"code":"not_found","requestId":"01a11e52-02a8-70d8-8846-e75c6f12a845"}: expected 404 to be 201 // Object.is equality

[32m- Expected[39m
[31m+ Received[39m

[32m- 201[39m
[31m+ 404[39m

 ❯ made apps/api/test/integration/portfolio/links.test.ts:39:61
     37| async function made(url: string, body: unknown, session = p.lead.sessi…
     38|   const res = await send("POST", url, { session, body });
     39|   expect(res.status, `${url}: ${JSON.stringify(res.body)}`).toBe(201);
       |                                                             ^
     40|   return res.body as { id: string; version: number } & Record<string, …
     41| }
 ❯ apps/api/test/integration/portfolio/links.test.ts:50:12

⎯⎯⎯⎯⎯⎯⎯⎯⎯⎯⎯⎯⎯⎯⎯⎯⎯⎯⎯⎯⎯⎯[5/278]⎯


⎯⎯⎯⎯⎯⎯ Failed Tests 273 ⎯⎯⎯⎯⎯⎯

 FAIL  |integration| apps/api/test/integration/access-derived-race.test.ts > a create racing the revocation of its source BU grant leaves no active derived assignment (F-DG1-115) > A. revoke first: the create waits for the revoke, sees the source revoked and is refused (nothing persists)
Error: timed out waiting for 1 backend(s) blocked on a row lock: [{"pid":914,"state":null,"wait_event_type":null,"wait_event":null,"query":"<insufficient privilege>"},{"pid":915,"state":null,"wait_event_type":null,"wait_event":null,"query":"<insufficient privilege>"},{"pid":916,"state":null,"wait_event_type":null,"wait_event":null,"query":"<insufficient privilege>"},{"pid":917,"state":null,"wait_event_type":null,"wait_event":null,"query":"<insufficient privilege>"}]
 ❯ waitForWaiters apps/api/test/integration/access-derived-race.test.ts:107:9
    105|        FROM pg_stat_activity a WHERE a.datname = current_database() AN…
    106|   );
    107|   throw new Error(`timed out waiting for ${n} backend(s) blocked on a …
       |         ^
    108| }
    109| 
 ❯ apps/api/test/integration/access-derived-race.test.ts:151:7

⎯⎯⎯⎯⎯⎯⎯⎯⎯⎯⎯⎯⎯⎯⎯⎯⎯⎯⎯⎯⎯⎯[6/278]⎯

 FAIL  |integration| apps/api/test/integration/access-derived-race.test.ts > a create racing the revocation of its source BU grant leaves no active derived assignment (F-DG1-115) > B. create first: the revoke waits for the create and its cascade revokes the new derived assignment
Error: timed out waiting for 1 backend(s) blocked on a advisory lock: [{"pid":914,"state":null,"wait_event_type":null,"wait_event":null,"query":"<insufficient privilege>"},{"pid":915,"state":null,"wait_event_type":null,"wait_event":null,"query":"<insufficient privilege>"},{"pid":916,"state":null,"wait_event_type":null,"wait_event":null,"query":"<insufficient privilege>"},{"pid":917,"state":null,"wait_event_type":null,"wait_event":null,"query":"<insufficient privilege>"}]
 ❯ waitForWaiters apps/api/test/integration/access-derived-race.test.ts:107:9
    105|        FROM pg_stat_activity a WHERE a.datname = current_database() AN…
    106|   );
    107|   throw new Error(`timed out waiting for ${n} backend(s) blocked on a …
       |         ^
    108| }
    109| 
 ❯ apps/api/test/integration/access-derived-race.test.ts:195:7

⎯⎯⎯⎯⎯⎯⎯⎯⎯⎯⎯⎯⎯⎯⎯⎯⎯⎯⎯⎯⎯⎯[7/278]⎯

 FAIL  |integration| apps/api/test/integration/access-derived-race.test.ts > a create racing the revocation of its source BU grant leaves no active derived assignment (F-DG1-115) > C. one of two source grants revoked concurrently: the create succeeds and derives only from the survivor
Error: timed out waiting for 1 backend(s) blocked on a row lock: [{"pid":914,"state":null,"wait_event_type":null,"wait_event":null,"query":"<insufficient privilege>"},{"pid":915,"state":null,"wait_event_type":null,"wait_event":null,"query":"<insufficient privilege>"},{"pid":916,"state":null,"wait_event_type":null,"wait_event":null,"query":"<insufficient privilege>"},{"pid":917,"state":null,"wait_event_type":null,"wait_event":null,"query":"<insufficient privilege>"}]
 ❯ waitForWaiters apps/api/test/integration/access-derived-race.test.ts:107:9
    105|        FROM pg_stat_activity a WHERE a.datname = current_database() AN…
    106|   );
    107|   throw new Error(`timed out waiting for ${n} backend(s) blocked on a …
       |         ^
    108| }
    109| 
 ❯ raceRevokeFirst apps/api/test/integration/access-derived-race.test.ts:245:7
 ❯ apps/api/test/integration/access-derived-race.test.ts:268:36
 ❯ withCreatePermission apps/api/test/integration/access-derived-race.test.ts:227:14
 ❯ apps/api/test/integration/access-derived-race.test.ts:256:5

⎯⎯⎯⎯⎯⎯⎯⎯⎯⎯⎯⎯⎯⎯⎯⎯⎯⎯⎯⎯⎯⎯[8/278]⎯

 FAIL  |integration| apps/api/test/integration/access-derived-race.test.ts > a create racing the revocation of its source BU grant leaves no active derived assignment (F-DG1-115) > D. the only source revoked concurrently, another (approval-holding, non-source) grant still authorizes create
Error: timed out waiting for 1 backend(s) blocked on a row lock: [{"pid":914,"state":null,"wait_event_type":null,"wait_event":null,"query":"<insufficient privilege>"},{"pid":915,"state":null,"wait_event_type":null,"wait_event":null,"query":"<insufficient privilege>"},{"pid":916,"state":null,"wait_event_type":null,"wait_event":null,"query":"<insufficient privilege>"},{"pid":917,"state":null,"wait_event_type":null,"wait_event":null,"query":"<insufficient privilege>"}]
 ❯ waitForWaiters apps/api/test/integration/access-derived-race.test.ts:107:9
    105|        FROM pg_stat_activity a WHERE a.datname = current_database() AN…
    106|   );
    107|   throw new Error(`timed out waiting for ${n} backend(s) blocked on a …
       |         ^
    108| }
    109| 
 ❯ raceRevokeFirst apps/api/test/integration/access-derived-race.test.ts:245:7
 ❯ apps/api/test/integration/access-derived-race.test.ts:298:36
 ❯ withCreatePermission apps/api/test/integration/access-derived-race.test.ts:227:14
 ❯ apps/api/test/integration/access-derived-race.test.ts:286:5

⎯⎯⎯⎯⎯⎯⎯⎯⎯⎯⎯⎯⎯⎯⎯⎯⎯⎯⎯⎯⎯⎯[9/278]⎯

 FAIL  |integration| apps/api/test/integration/access-scope.test.ts > a business-unit-scoped creator can work on what it created, and nothing more (F-DG1-106) > TL @ BU a1: create -> read -> list -> update -> audit -> archive all succeed (explicit, audited assignment)
AssertionError: expected 404 to be 200 // Object.is equality

[32m- Expected[39m
[31m+ Received[39m

[32m- 200[39m
[31m+ 404[39m

 ❯ apps/api/test/integration/access-scope.test.ts:231:25
    229|     const id = created.body.id;
    230|     const read = await call(api.app, "GET", `/api/v1/transformations/$…
    231|     expect(read.status).toBe(200);
       |                         ^
    232|     const listed = await call<{ items: { id: string }[] }>(api.app, "G…
    233|       session,

⎯⎯⎯⎯⎯⎯⎯⎯⎯⎯⎯⎯⎯⎯⎯⎯⎯⎯⎯⎯⎯[10/278]⎯

 FAIL  |integration| apps/api/test/integration/access-scope.test.ts > a business-unit-scoped creator can work on what it created, and nothing more (F-DG1-106) > still denies the BU-scoped creator every OTHER transformation, cross-BU and cross-organization
AssertionError: expected [] to have a length of 1 but got +0

[32m- Expected[39m
[31m+ Received[39m

[32m- 1[39m
[31m+ 0[39m

 ❯ apps/api/test/integration/access-scope.test.ts:293:38
    291|     }
    292|     for (const bu of [w.a2, w.b1]) expect((await createAs(session, bu,…
    293|     expect(await derivedOf(lead.id)).toHaveLength(1);
       |                                      ^
    294|   });
    295| 

⎯⎯⎯⎯⎯⎯⎯⎯⎯⎯⎯⎯⎯⎯⎯⎯⎯⎯⎯⎯⎯[11/278]⎯

 FAIL  |integration| apps/api/test/integration/access-scope.test.ts > a business-unit-scoped creator can work on what it created, and nothing more (F-DG1-106) > revoking the source BU grant also revokes the derived assignment (same transaction, audited)
AssertionError: expected 404 to be 200 // Object.is equality

[32m- Expected[39m
[31m+ Received[39m

[32m- 200[39m
[31m+ 404[39m

 ❯ apps/api/test/integration/access-scope.test.ts:329:95
    327|     const session = await signIn(api.app, lead.subject);
    328|     const id = (await createAs(session, w.a1, "Before revocation")).bo…
    329|     expect((await call(api.app, "GET", `/api/v1/transformations/${id}`…
       |                                                                                               ^
    330| 
    331|     const revoke = await call(api.app, "POST", `/api/v1/role-assignmen…

⎯⎯⎯⎯⎯⎯⎯⎯⎯⎯⎯⎯⎯⎯⎯⎯⎯⎯⎯⎯⎯[12/278]⎯

 FAIL  |integration| apps/api/test/integration/blank-text.test.ts > valid text still succeeds (stored as entered) and null still clears > charter: text with surrounding spaces is kept verbatim; null clears; each change is audited once
AssertionError: expected 404 to be 201 // Object.is equality

[32m- Expected[39m
[31m+ Received[39m

[32m- 201[39m
[31m+ 404[39m

 ❯ apps/api/test/integration/blank-text.test.ts:229:28
    227|       body: { transformationName: "Synthetic", inScope: "  Retail onbo…
    228|     });
    229|     expect(created.status).toBe(201);
       |                            ^
    230|     expect(created.body.charter.inScope).toBe("  Retail onboarding (sy…
    231|     const cleared = await call(api.app, "PATCH", QC, {

⎯⎯⎯⎯⎯⎯⎯⎯⎯⎯⎯⎯⎯⎯⎯⎯⎯⎯⎯⎯⎯[13/278]⎯

 FAIL  |integration| apps/api/test/integration/blank-text.test.ts > valid text still succeeds (stored as entered) and null still clears > T01: valid currentState saves, then null clears it
TypeError: Cannot read properties of undefined (reading '1')
 ❯ apps/api/test/integration/blank-text.test.ts:247:29
    245|   it("T01: valid currentState saves, then null clears it", async () =>…
    246|     const items = await call(api.app, "GET", `${T}/diagnostic-items`, …
    247|     const item = items.body.items[1] as { id: string; version: number …
       |                             ^
    248|     const set = await call(api.app, "PATCH", `${T}/diagnostic-items/${…
    249|       session: p.lead.session,

⎯⎯⎯⎯⎯⎯⎯⎯⎯⎯⎯⎯⎯⎯⎯⎯⎯⎯⎯⎯⎯[14/278]⎯

 FAIL  |integration| apps/api/test/integration/blank-text.test.ts > defense in depth: blank text already in the database is never 'present' (G1 readiness, pre-checks, thesis) > blank In scope, Case for change, thesis part and T01 texts read as missing
AssertionError: expected 404 to be 201 // Object.is equality

[32m- Expected[39m
[31m+ Received[39m

[32m- 201[39m
[31m+ 404[39m

 ❯ apps/api/test/integration/blank-text.test.ts:284:28
    282|       },
    283|     });
    284|     expect(created.status).toBe(201);
       |                            ^
    285|     const g1 = async () =>
    286|       (await call<{ criteria: Criterion[] }>(api.app, "GET", `${Q}/gat…

⎯⎯⎯⎯⎯⎯⎯⎯⎯⎯⎯⎯⎯⎯⎯⎯⎯⎯⎯⎯⎯[15/278]⎯

 FAIL  |integration| apps/api/test/integration/blank-text.test.ts > invisible-only free text is blank (F-DG2-160) > Out of scope "‏" is 400 validation.blank at /outOfScope; nothing written, no audit
AssertionError: {"type":"urn:mth:problem:not-found","title":"Not found","status":404,"code":"not_found","requestId":"01a11e51-3b3e-71ca-ab8d-514935730da2"}: expected 404 to be 400 // Object.is equality

[32m- Expected[39m
[31m+ Received[39m

[32m- 400[39m
[31m+ 404[39m

 ❯ expectBlankRejected apps/api/test/integration/blank-text.test.ts:41:48
     39| /** A 400 validation problem pointing at `pointer` with `validation.bl…
     40| async function expectBlankRejected(res: Res, pointer: string) {
     41|   expect(res.status, JSON.stringify(res.body)).toBe(400);
       |                                                ^
     42|   const body = res.body as { code: string; errors: { pointer: string; …
     43|   expect(body.code).toBe("validation");
 ❯ apps/api/test/integration/blank-text.test.ts:392:13

⎯⎯⎯⎯⎯⎯⎯⎯⎯⎯⎯⎯⎯⎯⎯⎯⎯⎯⎯⎯⎯[16/278]⎯

 FAIL  |integration| apps/api/test/integration/blank-text.test.ts > invisible-only free text is blank (F-DG2-160) > Out of scope "" is 400 validation.blank at /outOfScope; nothing written, no audit
AssertionError: {"type":"urn:mth:problem:not-found","title":"Not found","status":404,"code":"not_found","requestId":"01a11e51-3b8e-762a-b0e5-9d5b3660d939"}: expected 404 to be 400 // Object.is equality

[32m- Expected[39m
[31m+ Received[39m

[32m- 400[39m
[31m+ 404[39m

 ❯ expectBlankRejected apps/api/test/integration/blank-text.test.ts:41:48
     39| /** A 400 validation problem pointing at `pointer` with `validation.bl…
     40| async function expectBlankRejected(res: Res, pointer: string) {
     41|   expect(res.status, JSON.stringify(res.body)).toBe(400);
       |                                                ^
     42|   const body = res.body as { code: string; errors: { pointer: string; …
     43|   expect(body.code).toBe("validation");
 ❯ apps/api/test/integration/blank-text.test.ts:392:13

⎯⎯⎯⎯⎯⎯⎯⎯⎯⎯⎯⎯⎯⎯⎯⎯⎯⎯⎯⎯⎯[17/278]⎯

 FAIL  |integration| apps/api/test/integration/blank-text.test.ts > invisible-only free text is blank (F-DG2-160) > Out of scope "⁠⁠⁠" is 400 validation.blank at /outOfScope; nothing written, no audit
AssertionError: {"type":"urn:mth:problem:not-found","title":"Not found","status":404,"code":"not_found","requestId":"01a11e51-3bdb-75ce-8b3d-434bae717640"}: expected 404 to be 400 // Object.is equality

[32m- Expected[39m
[31m+ Received[39m

[32m- 400[39m
[31m+ 404[39m

 ❯ expectBlankRejected apps/api/test/integration/blank-text.test.ts:41:48
     39| /** A 400 validation problem pointing at `pointer` with `validation.bl…
     40| async function expectBlankRejected(res: Res, pointer: string) {
     41|   expect(res.status, JSON.stringify(res.body)).toBe(400);
       |                                                ^
     42|   const body = res.body as { code: string; errors: { pointer: string; …
     43|   expect(body.code).toBe("validation");
 ❯ apps/api/test/integration/blank-text.test.ts:392:13

⎯⎯⎯⎯⎯⎯⎯⎯⎯⎯⎯⎯⎯⎯⎯⎯⎯⎯⎯⎯⎯[18/278]⎯

 FAIL  |integration| apps/api/test/integration/blank-text.test.ts > invisible-only free text is blank (F-DG2-160) > Out of scope "؜" is 400 validation.blank at /outOfScope; nothing written, no audit
AssertionError: {"type":"urn:mth:problem:not-found","title":"Not found","status":404,"code":"not_found","requestId":"01a11e51-3c30-75ff-b1a5-a7e851a41831"}: expected 404 to be 400 // Object.is equality

[32m- Expected[39m
[31m+ Received[39m

[32m- 400[39m
[31m+ 404[39m

 ❯ expectBlankRejected apps/api/test/integration/blank-text.test.ts:41:48
     39| /** A 400 validation problem pointing at `pointer` with `validation.bl…
     40| async function expectBlankRejected(res: Res, pointer: string) {
     41|   expect(res.status, JSON.stringify(res.body)).toBe(400);
       |                                                ^
     42|   const body = res.body as { code: string; errors: { pointer: string; …
     43|   expect(body.code).toBe("validation");
 ❯ apps/api/test/integration/blank-text.test.ts:392:13

⎯⎯⎯⎯⎯⎯⎯⎯⎯⎯⎯⎯⎯⎯⎯⎯⎯⎯⎯⎯⎯[19/278]⎯

 FAIL  |integration| apps/api/test/integration/blank-text.test.ts > invisible-only free text is blank (F-DG2-160) > Out of scope "️͏" is 400 validation.blank at /outOfScope; nothing written, no audit
AssertionError: {"type":"urn:mth:problem:not-found","title":"Not found","status":404,"code":"not_found","requestId":"01a11e51-3c7e-741e-ab53-623ec9eb19ef"}: expected 404 to be 400 // Object.is equality

[32m- Expected[39m
[31m+ Received[39m

[32m- 400[39m
[31m+ 404[39m

 ❯ expectBlankRejected apps/api/test/integration/blank-text.test.ts:41:48
     39| /** A 400 validation problem pointing at `pointer` with `validation.bl…
     40| async function expectBlankRejected(res: Res, pointer: string) {
     41|   expect(res.status, JSON.stringify(res.body)).toBe(400);
       |                                                ^
     42|   const body = res.body as { code: string; errors: { pointer: string; …
     43|   expect(body.code).toBe("validation");
 ❯ apps/api/test/integration/blank-text.test.ts:392:13

⎯⎯⎯⎯⎯⎯⎯⎯⎯⎯⎯⎯⎯⎯⎯⎯⎯⎯⎯⎯⎯[20/278]⎯

 FAIL  |integration| apps/api/test/integration/blank-text.test.ts > invisible-only free text is blank (F-DG2-160) > Out of scope "᠋᠏" is 400 validation.blank at /outOfScope; nothing written, no audit
AssertionError: {"type":"urn:mth:problem:not-found","title":"Not found","status":404,"code":"not_found","requestId":"01a11e51-3cc5-7143-b032-120cac87fa20"}: expected 404 to be 400 // Object.is equality

[32m- Expected[39m
[31m+ Received[39m

[32m- 400[39m
[31m+ 404[39m

 ❯ expectBlankRejected apps/api/test/integration/blank-text.test.ts:41:48
     39| /** A 400 validation problem pointing at `pointer` with `validation.bl…
     40| async function expectBlankRejected(res: Res, pointer: string) {
     41|   expect(res.status, JSON.stringify(res.body)).toBe(400);
       |                                                ^
     42|   const body = res.body as { code: string; errors: { pointer: string; …
     43|   expect(body.code).toBe("validation");
 ❯ apps/api/test/integration/blank-text.test.ts:392:13

⎯⎯⎯⎯⎯⎯⎯⎯⎯⎯⎯⎯⎯⎯⎯⎯⎯⎯⎯⎯⎯[21/278]⎯

 FAIL  |integration| apps/api/test/integration/blank-text.test.ts > invisible-only free text is blank (F-DG2-160) > Out of scope "\u0001" is 400 validation.blank at /outOfScope; nothing written, no audit
AssertionError: {"type":"urn:mth:problem:not-found","title":"Not found","status":404,"code":"not_found","requestId":"01a11e51-3d0d-726b-bded-c996bd2f5911"}: expected 404 to be 400 // Object.is equality

[32m- Expected[39m
[31m+ Received[39m

[32m- 400[39m
[31m+ 404[39m

 ❯ expectBlankRejected apps/api/test/integration/blank-text.test.ts:41:48
     39| /** A 400 validation problem pointing at `pointer` with `validation.bl…
     40| async function expectBlankRejected(res: Res, pointer: string) {
     41|   expect(res.status, JSON.stringify(res.body)).toBe(400);
       |                                                ^
     42|   const body = res.body as { code: string; errors: { pointer: string; …
     43|   expect(body.code).toBe("validation");
 ❯ apps/api/test/integration/blank-text.test.ts:392:13

⎯⎯⎯⎯⎯⎯⎯⎯⎯⎯⎯⎯⎯⎯⎯⎯⎯⎯⎯⎯⎯[22/278]⎯

 FAIL  |integration| apps/api/test/integration/blank-text.test.ts > invisible-only free text is blank (F-DG2-160) > Out of scope "󠄀 ឴឵" is 400 validation.blank at /outOfScope; nothing written, no audit
AssertionError: {"type":"urn:mth:problem:not-found","title":"Not found","status":404,"code":"not_found","requestId":"01a11e51-3d58-70ac-a9fe-cdc6d1999437"}: expected 404 to be 400 // Object.is equality

[32m- Expected[39m
[31m+ Received[39m

[32m- 400[39m
[31m+ 404[39m

 ❯ expectBlankRejected apps/api/test/integration/blank-text.test.ts:41:48
     39| /** A 400 validation problem pointing at `pointer` with `validation.bl…
     40| async function expectBlankRejected(res: Res, pointer: string) {
     41|   expect(res.status, JSON.stringify(res.body)).toBe(400);
       |                                                ^
     42|   const body = res.body as { code: string; errors: { pointer: string; …
     43|   expect(body.code).toBe("validation");
 ❯ apps/api/test/integration/blank-text.test.ts:392:13

⎯⎯⎯⎯⎯⎯⎯⎯⎯⎯⎯⎯⎯⎯⎯⎯⎯⎯⎯⎯⎯[23/278]⎯

 FAIL  |integration| apps/api/test/integration/blank-text.test.ts > invisible-only free text is blank (F-DG2-160) > Out of scope "𖿤" is 400 validation.blank at /outOfScope; nothing written, no audit
AssertionError: {"type":"urn:mth:problem:not-found","title":"Not found","status":404,"code":"not_found","requestId":"01a11e51-3da0-72b5-9750-3f01cb209778"}: expected 404 to be 400 // Object.is equality

[32m- Expected[39m
[31m+ Received[39m

[32m- 400[39m
[31m+ 404[39m

 ❯ expectBlankRejected apps/api/test/integration/blank-text.test.ts:41:48
     39| /** A 400 validation problem pointing at `pointer` with `validation.bl…
     40| async function expectBlankRejected(res: Res, pointer: string) {
     41|   expect(res.status, JSON.stringify(res.body)).toBe(400);
       |                                                ^
     42|   const body = res.body as { code: string; errors: { pointer: string; …
     43|   expect(body.code).toBe("validation");
 ❯ apps/api/test/integration/blank-text.test.ts:392:13

⎯⎯⎯⎯⎯⎯⎯⎯⎯⎯⎯⎯⎯⎯⎯⎯⎯⎯⎯⎯⎯[24/278]⎯

 FAIL  |integration| apps/api/test/integration/blank-text.test.ts > invisible-only free text is blank (F-DG2-160) > Out of scope "𝅙" is 400 validation.blank at /outOfScope; nothing written, no audit
AssertionError: {"type":"urn:mth:problem:not-found","title":"Not found","status":404,"code":"not_found","requestId":"01a11e51-3deb-733e-bfec-66fad1270f6a"}: expected 404 to be 400 // Object.is equality

[32m- Expected[39m
[31m+ Received[39m

[32m- 400[39m
[31m+ 404[39m

 ❯ expectBlankRejected apps/api/test/integration/blank-text.test.ts:41:48
     39| /** A 400 validation problem pointing at `pointer` with `validation.bl…
     40| async function expectBlankRejected(res: Res, pointer: string) {
     41|   expect(res.status, JSON.stringify(res.body)).toBe(400);
       |                                                ^
     42|   const body = res.body as { code: string; errors: { pointer: string; …
     43|   expect(body.code).toBe("validation");
 ❯ apps/api/test/integration/blank-text.test.ts:392:13

⎯⎯⎯⎯⎯⎯⎯⎯⎯⎯⎯⎯⎯⎯⎯⎯⎯⎯⎯⎯⎯[25/278]⎯

 FAIL  |integration| apps/api/test/integration/blank-text.test.ts > invisible-only free text is blank (F-DG2-160) > Out of scope "𝅙𝅙" is 400 validation.blank at /outOfScope; nothing written, no audit
AssertionError: {"type":"urn:mth:problem:not-found","title":"Not found","status":404,"code":"not_found","requestId":"01a11e51-3e3a-70fe-b50a-9bcb922883a0"}: expected 404 to be 400 // Object.is equality

[32m- Expected[39m
[31m+ Received[39m

[32m- 400[39m
[31m+ 404[39m

 ❯ expectBlankRejected apps/api/test/integration/blank-text.test.ts:41:48
     39| /** A 400 validation problem pointing at `pointer` with `validation.bl…
     40| async function expectBlankRejected(res: Res, pointer: string) {
     41|   expect(res.status, JSON.stringify(res.body)).toBe(400);
       |                                                ^
     42|   const body = res.body as { code: string; errors: { pointer: string; …
     43|   expect(body.code).toBe("validation");
 ❯ apps/api/test/integration/blank-text.test.ts:392:13

⎯⎯⎯⎯⎯⎯⎯⎯⎯⎯⎯⎯⎯⎯⎯⎯⎯⎯⎯⎯⎯[26/278]⎯

 FAIL  |integration| apps/api/test/integration/blank-text.test.ts > invisible-only free text is blank (F-DG2-160) > Out of scope " 𖿤\t𝅙 " is 400 validation.blank at /outOfScope; nothing written, no audit
AssertionError: {"type":"urn:mth:problem:not-found","title":"Not found","status":404,"code":"not_found","requestId":"01a11e51-3e89-74fb-bbef-44f6161f13ab"}: expected 404 to be 400 // Object.is equality

[32m- Expected[39m
[31m+ Received[39m

[32m- 400[39m
[31m+ 404[39m

 ❯ expectBlankRejected apps/api/test/integration/blank-text.test.ts:41:48
     39| /** A 400 validation problem pointing at `pointer` with `validation.bl…
     40| async function expectBlankRejected(res: Res, pointer: string) {
     41|   expect(res.status, JSON.stringify(res.body)).toBe(400);
       |                                                ^
     42|   const body = res.body as { code: string; errors: { pointer: string; …
     43|   expect(body.code).toBe("validation");
 ❯ apps/api/test/integration/blank-text.test.ts:392:13

⎯⎯⎯⎯⎯⎯⎯⎯⎯⎯⎯⎯⎯⎯⎯⎯⎯⎯⎯⎯⎯[27/278]⎯

 FAIL  |integration| apps/api/test/integration/blank-text.test.ts > invisible-only free text is blank (F-DG2-160) > visible text that contains U+16FE4 or U+1D159 is accepted verbatim and counts as documented (F-DG2-230)
AssertionError: {"type":"urn:mth:problem:not-found","title":"Not found","status":404,"code":"not_found","requestId":"01a11e51-3ed9-7753-abc8-f3542517248e"}: expected 404 to be 201 // Object.is equality

[32m- Expected[39m
[31m+ Received[39m

[32m- 201[39m
[31m+ 404[39m

 ❯ apps/api/test/integration/blank-text.test.ts:425:60
    423|         body: { transformationName: "Synthetic", outOfScope: text },
    424|       });
    425|       expect(created.status, JSON.stringify(created.body)).toBe(201);
       |                                                            ^
    426|       expect(created.body.charter.outOfScope).toBe(text);
    427|       const view = await call(api.app, "GET", `${Q}/charter`, { sessio…

⎯⎯⎯⎯⎯⎯⎯⎯⎯⎯⎯⎯⎯⎯⎯⎯⎯⎯⎯⎯⎯[28/278]⎯

 FAIL  |integration| apps/api/test/integration/blank-text.test.ts > invisible-only free text is blank (F-DG2-160) > an Arabic Out of scope with RLM marks is accepted verbatim, the pre-check reads pass and G1 does not list it
AssertionError: {"type":"urn:mth:problem:not-found","title":"Not found","status":404,"code":"not_found","requestId":"01a11e51-3f27-7704-a64b-b3adf0330392"}: expected 404 to be 201 // Object.is equality

[32m- Expected[39m
[31m+ Received[39m

[32m- 201[39m
[31m+ 404[39m

 ❯ apps/api/test/integration/blank-text.test.ts:443:58
    441|       body: { transformationName: "Synthetic", outOfScope: arabic },
    442|     });
    443|     expect(created.status, JSON.stringify(created.body)).toBe(201);
       |                                                          ^
    444|     expect(created.body.charter.outOfScope).toBe(arabic);
    445|     const view = await call(api.app, "GET", `${Q}/charter`, { session:…

⎯⎯⎯⎯⎯⎯⎯⎯⎯⎯⎯⎯⎯⎯⎯⎯⎯⎯⎯⎯⎯[29/278]⎯

 FAIL  |integration| apps/api/test/integration/blank-text.test.ts > invisible-only reasons are blank on every reason endpoint (F-DG2-160, T-DG2-BE7) > P2 register archive (T03 TOM gap): invisible reason is 400 at /reason; a valid reason archives
AssertionError: expected 404 to be 201 // Object.is equality

[32m- Expected[39m
[31m+ Received[39m

[32m- 201[39m
[31m+ 404[39m

 ❯ apps/api/test/integration/blank-text.test.ts:493:24
    491|       body: { dimensionCode: "technology", gap: "Synthetic gap to arch…
    492|     });
    493|     expect(gap.status).toBe(201);
       |                        ^
    494|     const before = await auditOf(api.db, gap.body.id);
    495|     for (const reason of INVISIBLE_REASONS) {

⎯⎯⎯⎯⎯⎯⎯⎯⎯⎯⎯⎯⎯⎯⎯⎯⎯⎯⎯⎯⎯[30/278]⎯

 FAIL  |integration| apps/api/test/integration/blank-text.test.ts > invisible-only reasons are blank on every reason endpoint (F-DG2-160, T-DG2-BE7) > evidence-link removal: invisible reason is 400 at /reason; a valid reason removes
AssertionError: expected 404 to be 201 // Object.is equality

[32m- Expected[39m
[31m+ Received[39m

[32m- 201[39m
[31m+ 404[39m

 ❯ apps/api/test/integration/blank-text.test.ts:525:22
    523|       body: { kind: "note", title: "Synthetic linked note", noteBody: …
    524|     });
    525|     expect(e.status).toBe(201);
       |                      ^
    526|     const items = await call(api.app, "GET", `${T}/diagnostic-items`, …
    527|     const link = await call(api.app, "POST", `${T}/evidence-links`, {

⎯⎯⎯⎯⎯⎯⎯⎯⎯⎯⎯⎯⎯⎯⎯⎯⎯⎯⎯⎯⎯[31/278]⎯

 FAIL  |integration| apps/api/test/integration/blank-text.test.ts > invisible-only reasons are blank on every reason endpoint (F-DG2-160, T-DG2-BE7) > P1 transformation archive (reasonRequest): invisible reason is 400 at /reason; a valid reason archives
AssertionError: expected 404 to be 200 // Object.is equality

[32m- Expected[39m
[31m+ Received[39m

[32m- 200[39m
[31m+ 404[39m

 ❯ apps/api/test/integration/blank-text.test.ts:565:28
    563|     const TR = `/api/v1/transformations/${q.transformationId}`;
    564|     const current = await call(api.app, "GET", TR, { session: q.lead.s…
    565|     expect(current.status).toBe(200);
       |                            ^
    566|     const before = await auditOf(api.db, q.transformationId);
    567|     for (const reason of INVISIBLE_REASONS) {

⎯⎯⎯⎯⎯⎯⎯⎯⎯⎯⎯⎯⎯⎯⎯⎯⎯⎯⎯⎯⎯[32/278]⎯

 FAIL  |integration| apps/api/test/integration/commit-time-auth.test.ts > F-DG2-440: an upload is authorised again at commit time (session re-resolved, grants reloaded) > Q1b the uploading session is logged out while the body streams: 401 unauthenticated, nothing committed or stored
AssertionError: {"type":"urn:mth:problem:not-found","title":"Not found","status":404,"code":"not_found","requestId":"01a11e50-c0f7-7022-84c3-2617cb340cba"}: expected 404 to be 201 // Object.is equality

[32m- Expected[39m
[31m+ Received[39m

[32m- 201[39m
[31m+ 404[39m

 ❯ newFile apps/api/test/integration/commit-time-auth.test.ts:128:44
    126|     body: { ownerUserId: ownerId, kind: "file", title },
    127|   });
    128|   expect(c.status, JSON.stringify(c.body)).toBe(201);
       |                                            ^
    129|   return { id: c.body.id as string, version: c.body.version as number,…
    130| }
 ❯ apps/api/test/integration/commit-time-auth.test.ts:266:17

⎯⎯⎯⎯⎯⎯⎯⎯⎯⎯⎯⎯⎯⎯⎯⎯⎯⎯⎯⎯⎯[33/278]⎯

 FAIL  |integration| apps/api/test/integration/commit-time-auth.test.ts > F-DG2-440: an upload is authorised again at commit time (session re-resolved, grants reloaded) > the uploading session reaches its idle expiry while the body streams: 401 unauthenticated, nothing committed or stored
AssertionError: {"type":"urn:mth:problem:not-found","title":"Not found","status":404,"code":"not_found","requestId":"01a11e50-c124-71cc-b2b2-2a582333c7bd"}: expected 404 to be 201 // Object.is equality

[32m- Expected[39m
[31m+ Received[39m

[32m- 201[39m
[31m+ 404[39m

 ❯ newFile apps/api/test/integration/commit-time-auth.test.ts:128:44
    126|     body: { ownerUserId: ownerId, kind: "file", title },
    127|   });
    128|   expect(c.status, JSON.stringify(c.body)).toBe(201);
       |                                            ^
    129|   return { id: c.body.id as string, version: c.body.version as number,…
    130| }
 ❯ apps/api/test/integration/commit-time-auth.test.ts:295:19

⎯⎯⎯⎯⎯⎯⎯⎯⎯⎯⎯⎯⎯⎯⎯⎯⎯⎯⎯⎯⎯[34/278]⎯

 FAIL  |integration| apps/api/test/integration/commit-time-auth.test.ts > F-DG2-440: an upload is authorised again at commit time (session re-resolved, grants reloaded) > the uploading session reaches its absolute expiry while the body streams: 401 unauthenticated, nothing committed or stored
AssertionError: {"type":"urn:mth:problem:not-found","title":"Not found","status":404,"code":"not_found","requestId":"01a11e50-c15b-758d-bfd8-35a06efa4450"}: expected 404 to be 201 // Object.is equality

[32m- Expected[39m
[31m+ Received[39m

[32m- 201[39m
[31m+ 404[39m

 ❯ newFile apps/api/test/integration/commit-time-auth.test.ts:128:44
    126|     body: { ownerUserId: ownerId, kind: "file", title },
    127|   });
    128|   expect(c.status, JSON.stringify(c.body)).toBe(201);
       |                                            ^
    129|   return { id: c.body.id as string, version: c.body.version as number,…
    130| }
 ❯ apps/api/test/integration/commit-time-auth.test.ts:295:19

⎯⎯⎯⎯⎯⎯⎯⎯⎯⎯⎯⎯⎯⎯⎯⎯⎯⎯⎯⎯⎯[35/278]⎯

 FAIL  |integration| apps/api/test/integration/connection-hygiene.test.ts > an over-limit upload (413 evidence.too_large) closes its connection and never stalls app.close() > 30 MiB chunked, written without backpressure like the audit repro: 413, Connection: close, server closes, 0 connections, app.close() prompt
AssertionError: {"type":"urn:mth:problem:not-found","title":"Not found","status":404,"code":"not_found","requestId":"01a11e50-79c8-73f4-81e5-f83c37ab7f80"}: expected 404 to be 201 // Object.is equality

[32m- Expected[39m
[31m+ Received[39m

[32m- 201[39m
[31m+ 404[39m

 ❯ newEvidence apps/api/test/integration/connection-hygiene.test.ts:234:44
    232|     body: { ownerUserId: p.lead.id, kind, title, ...(kind === "note" ?…
    233|   });
    234|   expect(c.status, JSON.stringify(c.body)).toBe(201);
       |                                            ^
    235|   return { id: c.body.id as string, version: c.body.version as number …
    236| }
 ❯ apps/api/test/integration/connection-hygiene.test.ts:326:19

⎯⎯⎯⎯⎯⎯⎯⎯⎯⎯⎯⎯⎯⎯⎯⎯⎯⎯⎯⎯⎯[36/278]⎯

 FAIL  |integration| apps/api/test/integration/connection-hygiene.test.ts > an over-limit upload (413 evidence.too_large) closes its connection and never stalls app.close() > 30 MiB content-length, written without backpressure like the audit repro: 413, Connection: close, server closes, 0 connections, app.close() prompt
AssertionError: {"type":"urn:mth:problem:not-found","title":"Not found","status":404,"code":"not_found","requestId":"01a11e50-7a0d-720a-bd05-6fe82cc12cf8"}: expected 404 to be 201 // Object.is equality

[32m- Expected[39m
[31m+ Received[39m

[32m- 201[39m
[31m+ 404[39m

 ❯ newEvidence apps/api/test/integration/connection-hygiene.test.ts:234:44
    232|     body: { ownerUserId: p.lead.id, kind, title, ...(kind === "note" ?…
    233|   });
    234|   expect(c.status, JSON.stringify(c.body)).toBe(201);
       |                                            ^
    235|   return { id: c.body.id as string, version: c.body.version as number …
    236| }
 ❯ apps/api/test/integration/connection-hygiene.test.ts:326:19

⎯⎯⎯⎯⎯⎯⎯⎯⎯⎯⎯⎯⎯⎯⎯⎯⎯⎯⎯⎯⎯[37/278]⎯

 FAIL  |integration| apps/api/test/integration/connection-hygiene.test.ts > a response sent before the body is read closes the connection and never drains the (unbounded) body > upload route 401/403/404/409/428/400/422, JSON bodyLimit (CL and chunked), media type, unmatched 404, bad URL; then app.close() is prompt
AssertionError: {"type":"urn:mth:problem:not-found","title":"Not found","status":404,"code":"not_found","requestId":"01a11e50-7a32-77ae-84fe-17137a06ce40"}: expected 404 to be 201 // Object.is equality

[32m- Expected[39m
[31m+ Received[39m

[32m- 201[39m
[31m+ 404[39m

 ❯ newEvidence apps/api/test/integration/connection-hygiene.test.ts:234:44
    232|     body: { ownerUserId: p.lead.id, kind, title, ...(kind === "note" ?…
    233|   });
    234|   expect(c.status, JSON.stringify(c.body)).toBe(201);
       |                                            ^
    235|   return { id: c.body.id as string, version: c.body.version as number …
    236| }
 ❯ apps/api/test/integration/connection-hygiene.test.ts:361:17

⎯⎯⎯⎯⎯⎯⎯⎯⎯⎯⎯⎯⎯⎯⎯⎯⎯⎯⎯⎯⎯[38/278]⎯

 FAIL  |integration| apps/api/test/integration/connection-hygiene.test.ts > a response sent before the body is read closes the connection and never drains the (unbounded) body > app.close() while a refused client (403, no CSRF token) KEEPS SENDING its body completes promptly
AssertionError: {"type":"urn:mth:problem:not-found","title":"Not found","status":404,"code":"not_found","requestId":"01a11e50-7a57-74ad-9a49-69b08b010f4b"}: expected 404 to be 201 // Object.is equality

[32m- Expected[39m
[31m+ Received[39m

[32m- 201[39m
[31m+ 404[39m

 ❯ newEvidence apps/api/test/integration/connection-hygiene.test.ts:234:44
    232|     body: { ownerUserId: p.lead.id, kind, title, ...(kind === "note" ?…
    233|   });
    234|   expect(c.status, JSON.stringify(c.body)).toBe(201);
       |                                            ^
    235|   return { id: c.body.id as string, version: c.body.version as number …
    236| }
 ❯ apps/api/test/integration/connection-hygiene.test.ts:524:17

⎯⎯⎯⎯⎯⎯⎯⎯⎯⎯⎯⎯⎯⎯⎯⎯⎯⎯⎯⎯⎯[39/278]⎯

 FAIL  |integration| apps/api/test/integration/connection-hygiene.test.ts > a response sent before the body is read closes the connection and never drains the (unbounded) body > a small refused body that arrived completely keeps the keep-alive connection (it is bounded and already read)
AssertionError: {"type":"urn:mth:problem:not-found","title":"Not found","status":404,"code":"not_found","requestId":"01a11e50-7a5e-717c-94be-9fb65cfc9eb8"}: expected 404 to be 201 // Object.is equality

[32m- Expected[39m
[31m+ Received[39m

[32m- 201[39m
[31m+ 404[39m

 ❯ newEvidence apps/api/test/integration/connection-hygiene.test.ts:234:44
    232|     body: { ownerUserId: p.lead.id, kind, title, ...(kind === "note" ?…
    233|   });
    234|   expect(c.status, JSON.stringify(c.body)).toBe(201);
       |                                            ^
    235|   return { id: c.body.id as string, version: c.body.version as number …
    236| }
 ❯ apps/api/test/integration/connection-hygiene.test.ts:542:15

⎯⎯⎯⎯⎯⎯⎯⎯⎯⎯⎯⎯⎯⎯⎯⎯⎯⎯⎯⎯⎯[40/278]⎯

 FAIL  |integration| apps/api/test/integration/connection-hygiene.test.ts > a client that aborts mid-upload leaves no partial object and no leaked socket > content-length: 2 MiB of a 10 MiB upload, then the client destroys the socket
AssertionError: {"type":"urn:mth:problem:not-found","title":"Not found","status":404,"code":"not_found","requestId":"01a11e50-7a66-7290-9da4-521d5644409c"}: expected 404 to be 201 // Object.is equality

[32m- Expected[39m
[31m+ Received[39m

[32m- 201[39m
[31m+ 404[39m

 ❯ newEvidence apps/api/test/integration/connection-hygiene.test.ts:234:44
    232|     body: { ownerUserId: p.lead.id, kind, title, ...(kind === "note" ?…
    233|   });
    234|   expect(c.status, JSON.stringify(c.body)).toBe(201);
       |                                            ^
    235|   return { id: c.body.id as string, version: c.body.version as number …
    236| }
 ❯ apps/api/test/integration/connection-hygiene.test.ts:567:17

⎯⎯⎯⎯⎯⎯⎯⎯⎯⎯⎯⎯⎯⎯⎯⎯⎯⎯⎯⎯⎯[41/278]⎯

 FAIL  |integration| apps/api/test/integration/connection-hygiene.test.ts > a client that aborts mid-upload leaves no partial object and no leaked socket > chunked: 2 MiB of a 10 MiB upload, then the client destroys the socket
AssertionError: {"type":"urn:mth:problem:not-found","title":"Not found","status":404,"code":"not_found","requestId":"01a11e50-7a6c-723b-861f-fd47ef7961b4"}: expected 404 to be 201 // Object.is equality

[32m- Expected[39m
[31m+ Received[39m

[32m- 201[39m
[31m+ 404[39m

 ❯ newEvidence apps/api/test/integration/connection-hygiene.test.ts:234:44
    232|     body: { ownerUserId: p.lead.id, kind, title, ...(kind === "note" ?…
    233|   });
    234|   expect(c.status, JSON.stringify(c.body)).toBe(201);
       |                                            ^
    235|   return { id: c.body.id as string, version: c.body.version as number …
    236| }
 ❯ apps/api/test/integration/connection-hygiene.test.ts:567:17

⎯⎯⎯⎯⎯⎯⎯⎯⎯⎯⎯⎯⎯⎯⎯⎯⎯⎯⎯⎯⎯[42/278]⎯

 FAIL  |integration| apps/api/test/integration/connection-hygiene.test.ts > normal traffic is unchanged > a valid 3 MiB upload over a real socket is stored byte-exact with its sha256, and the keep-alive connection serves the next request
AssertionError: {"type":"urn:mth:problem:not-found","title":"Not found","status":404,"code":"not_found","requestId":"01a11e50-7a74-760d-b5b7-a0769a1bb37d"}: expected 404 to be 201 // Object.is equality

[32m- Expected[39m
[31m+ Received[39m

[32m- 201[39m
[31m+ 404[39m

 ❯ newEvidence apps/api/test/integration/connection-hygiene.test.ts:234:44
    232|     body: { ownerUserId: p.lead.id, kind, title, ...(kind === "note" ?…
    233|   });
    234|   expect(c.status, JSON.stringify(c.body)).toBe(201);
       |                                            ^
    235|   return { id: c.body.id as string, version: c.body.version as number …
    236| }
 ❯ apps/api/test/integration/connection-hygiene.test.ts:606:15

⎯⎯⎯⎯⎯⎯⎯⎯⎯⎯⎯⎯⎯⎯⎯⎯⎯⎯⎯⎯⎯[43/278]⎯

 FAIL  |integration| apps/api/test/integration/connection-hygiene.test.ts > shutdown is bounded > app.close() with a STALLED upload in flight completes within the grace period (default 5 s); the stalled socket is closed by the server
AssertionError: {"type":"urn:mth:problem:not-found","title":"Not found","status":404,"code":"not_found","requestId":"01a11e50-7a96-764d-aad9-e63173491834"}: expected 404 to be 201 // Object.is equality

[32m- Expected[39m
[31m+ Received[39m

[32m- 201[39m
[31m+ 404[39m

 ❯ newEvidence apps/api/test/integration/connection-hygiene.test.ts:234:44
    232|     body: { ownerUserId: p.lead.id, kind, title, ...(kind === "note" ?…
    233|   });
    234|   expect(c.status, JSON.stringify(c.body)).toBe(201);
       |                                            ^
    235|   return { id: c.body.id as string, version: c.body.version as number …
    236| }
 ❯ apps/api/test/integration/connection-hygiene.test.ts:651:17

⎯⎯⎯⎯⎯⎯⎯⎯⎯⎯⎯⎯⎯⎯⎯⎯⎯⎯⎯⎯⎯[44/278]⎯

 FAIL  |integration| apps/api/test/integration/connection-hygiene.test.ts > shutdown is bounded > an in-flight upload that finishes within the grace period completes normally (200, stored byte-exact, Connection: close), then app.close() returns
AssertionError: {"type":"urn:mth:problem:not-found","title":"Not found","status":404,"code":"not_found","requestId":"01a11e50-7abf-71a0-8d00-ef1b89fec9dc"}: expected 404 to be 201 // Object.is equality

[32m- Expected[39m
[31m+ Received[39m

[32m- 201[39m
[31m+ 404[39m

 ❯ newEvidence apps/api/test/integration/connection-hygiene.test.ts:234:44
    232|     body: { ownerUserId: p.lead.id, kind, title, ...(kind === "note" ?…
    233|   });
    234|   expect(c.status, JSON.stringify(c.body)).toBe(201);
       |                                            ^
    235|   return { id: c.body.id as string, version: c.body.version as number …
    236| }
 ❯ apps/api/test/integration/connection-hygiene.test.ts:676:17

⎯⎯⎯⎯⎯⎯⎯⎯⎯⎯⎯⎯⎯⎯⎯⎯⎯⎯⎯⎯⎯[45/278]⎯

 FAIL  |integration| apps/api/test/integration/connection-hygiene.test.ts > shutdown is bounded > a body that stalls outside shutdown is cut by Node's requestTimeout (408, connection closed), nothing stored, no error log
AssertionError: {"type":"urn:mth:problem:not-found","title":"Not found","status":404,"code":"not_found","requestId":"01a11e50-7ae1-73dc-b8ce-5ee008c717f1"}: expected 404 to be 201 // Object.is equality

[32m- Expected[39m
[31m+ Received[39m

[32m- 201[39m
[31m+ 404[39m

 ❯ newEvidence apps/api/test/integration/connection-hygiene.test.ts:234:44
    232|     body: { ownerUserId: p.lead.id, kind, title, ...(kind === "note" ?…
    233|   });
    234|   expect(c.status, JSON.stringify(c.body)).toBe(201);
       |                                            ^
    235|   return { id: c.body.id as string, version: c.body.version as number …
    236| }
 ❯ apps/api/test/integration/connection-hygiene.test.ts:710:17

⎯⎯⎯⎯⎯⎯⎯⎯⎯⎯⎯⎯⎯⎯⎯⎯⎯⎯⎯⎯⎯[46/278]⎯

 FAIL  |integration| apps/api/test/integration/connection-hygiene.test.ts > shutdown is bounded > SIGTERM: the API process (src/main.ts) exits 0 within the grace period with a stalled upload in flight
AssertionError: {"type":"urn:mth:problem:not-found","title":"Not found","status":404,"code":"not_found","requestId":"01a11e50-7ae8-7364-834d-fdab011ccb5d"}: expected 404 to be 201 // Object.is equality

[32m- Expected[39m
[31m+ Received[39m

[32m- 201[39m
[31m+ 404[39m

 ❯ newEvidence apps/api/test/integration/connection-hygiene.test.ts:234:44
    232|     body: { ownerUserId: p.lead.id, kind, title, ...(kind === "note" ?…
    233|   });
    234|   expect(c.status, JSON.stringify(c.body)).toBe(201);
       |                                            ^
    235|   return { id: c.body.id as string, version: c.body.version as number …
    236| }
 ❯ apps/api/test/integration/connection-hygiene.test.ts:733:15

⎯⎯⎯⎯⎯⎯⎯⎯⎯⎯⎯⎯⎯⎯⎯⎯⎯⎯⎯⎯⎯[47/278]⎯

 FAIL  |integration| apps/api/test/integration/dg2-repairs.test.ts > F-DG2-140 evidence separation of duties (REQ-S13-012) > repro (note): a TL can no longer replace a WL's note text (403 + denial audit), so cannot verify own text
AssertionError: expected 404 to be 403 // Object.is equality

[32m- Expected[39m
[31m+ Received[39m

[32m- 403[39m
[31m+ 404[39m

 ❯ apps/api/test/integration/dg2-repairs.test.ts:60:26
     58|       body: { noteBody: "TL's own text" },
     59|     });
     60|     expect(patch.status).toBe(403);
       |                          ^
     61|     expect(await deniedOnly(patch)).toEqual(["authorization.denied"]);
     62|     expect((await auditOf(api.db, e.body.id)).map((x) => x.action)).to…

⎯⎯⎯⎯⎯⎯⎯⎯⎯⎯⎯⎯⎯⎯⎯⎯⎯⎯⎯⎯⎯[48/278]⎯

 FAIL  |integration| apps/api/test/integration/dg2-repairs.test.ts > F-DG2-140 evidence separation of duties (REQ-S13-012) > repro (file): a TL can no longer upload a revision to a WL's file evidence (403)
AssertionError: expected 404 to be 403 // Object.is equality

[32m- Expected[39m
[31m+ Received[39m

[32m- 403[39m
[31m+ 404[39m

 ❯ apps/api/test/integration/dg2-repairs.test.ts:86:23
     84|     const f = await create({ kind: "file", title: "WL file", ownerUser…
     85|     const up = await upload(f.body.id, 1, p.lead.session);
     86|     expect(up.status).toBe(403);
       |                       ^
     87|     expect(await deniedOnly(up)).toEqual(["authorization.denied"]);
     88|     const rows = await api.db

⎯⎯⎯⎯⎯⎯⎯⎯⎯⎯⎯⎯⎯⎯⎯⎯⎯⎯⎯⎯⎯[49/278]⎯

 FAIL  |integration| apps/api/test/integration/dg2-repairs.test.ts > F-DG2-140 evidence separation of duties (REQ-S13-012) > the author of the current note/URL text (the named owner who edited it) cannot verify it: 403 reviewer_is_author
AssertionError: note: expected 404 to be 200 // Object.is equality

[32m- Expected[39m
[31m+ Received[39m

[32m- 200[39m
[31m+ 404[39m

 ❯ apps/api/test/integration/dg2-repairs.test.ts:106:36
    104|         body: edit,
    105|       });
    106|       expect(patched.status, kind).toBe(200);
       |                                    ^
    107|       const self = await review(e.body.id, 2, p.lead.session);
    108|       expect([self.status, self.body.code], kind).toEqual([403, "evide…

⎯⎯⎯⎯⎯⎯⎯⎯⎯⎯⎯⎯⎯⎯⎯⎯⎯⎯⎯⎯⎯[50/278]⎯

 FAIL  |integration| apps/api/test/integration/dg2-repairs.test.ts > F-DG2-140 evidence separation of duties (REQ-S13-012) > the uploader of the current file revision cannot verify it: 403 reviewer_is_author; another reviewer can
AssertionError: expected 404 to be 200 // Object.is equality

[32m- Expected[39m
[31m+ Received[39m

[32m- 200[39m
[31m+ 404[39m

 ❯ apps/api/test/integration/dg2-repairs.test.ts:125:23
    123|     const f = await create({ kind: "file", title: "Owned by TL (file)"…
    124|     const up = await upload(f.body.id, 1, p.lead.session);
    125|     expect(up.status).toBe(200);
       |                       ^
    126|     const self = await review(f.body.id, 2, p.lead.session);
    127|     expect([self.status, self.body.code]).toEqual([403, "evidence.revi…

⎯⎯⎯⎯⎯⎯⎯⎯⎯⎯⎯⎯⎯⎯⎯⎯⎯⎯⎯⎯⎯[51/278]⎯

 FAIL  |integration| apps/api/test/integration/dg2-repairs.test.ts > F-DG2-140 evidence separation of duties (REQ-S13-012) > the creator still cannot review (403 reviewer_is_creator, now with a denial audit)
AssertionError: expected [ 400, 'validation' ] to deeply equal [ 403, 'evidence.reviewer_is_creator' ]

[32m- Expected[39m
[31m+ Received[39m

[2m  [[22m
[32m-   403,[39m
[32m-   "evidence.reviewer_is_creator",[39m
[31m+   400,[39m
[31m+   "validation",[39m
[2m  ][22m

 ❯ apps/api/test/integration/dg2-repairs.test.ts:135:43
    133|     const e = await create({ kind: "note", title: "TL own", noteBody: …
    134|     const self = await review(e.body.id, 1, p.lead.session);
    135|     expect([self.status, self.body.code]).toEqual([403, "evidence.revi…
       |                                           ^
    136|     expect(await deniedOnly(self)).toEqual(["authorization.denied"]);
    137|   });

⎯⎯⎯⎯⎯⎯⎯⎯⎯⎯⎯⎯⎯⎯⎯⎯⎯⎯⎯⎯⎯[52/278]⎯

 FAIL  |integration| apps/api/test/integration/dg2-repairs.test.ts > F-DG2-140 evidence separation of duties (REQ-S13-012) > database guard (0019): content_authored_by is trigger-maintained, and a self-review is refused even bypassing the API
AssertionError: expected 404 to be 200 // Object.is equality

[32m- Expected[39m
[31m+ Received[39m

[32m- 200[39m
[31m+ 404[39m

 ❯ apps/api/test/integration/dg2-repairs.test.ts:146:28
    144|       body: { noteBody: "TL text" },
    145|     });
    146|     expect(patched.status).toBe(200);
       |                            ^
    147|     // A forged content author is overwritten by the trigger (the titl…
    148|     const forged = await api.db

⎯⎯⎯⎯⎯⎯⎯⎯⎯⎯⎯⎯⎯⎯⎯⎯⎯⎯⎯⎯⎯[53/278]⎯

 FAIL  |integration| apps/api/test/integration/dg2-repairs.test.ts > F-DG2-142 evidence-link removal needs edit rights on the record (REQ-S10-001) > repro: a WL cannot remove the TL's link on a T01 row they may not edit (403 + denial audit); the TL can
TypeError: Cannot read properties of undefined (reading '0')
 ❯ apps/api/test/integration/dg2-repairs.test.ts:191:95
    189|     });
    190|     const items = await call(api.app, "GET", `${T}/diagnostic-items`, …
    191|     const body = { evidenceId: e.body.id, recordType: "diagnostic_item…
       |                                                                                               ^
    192|     const wlCreate = await call(api.app, "POST", `${T}/evidence-links`…
    193|     const link = await call(api.app, "POST", `${T}/evidence-links`, { …

⎯⎯⎯⎯⎯⎯⎯⎯⎯⎯⎯⎯⎯⎯⎯⎯⎯⎯⎯⎯⎯[54/278]⎯

 FAIL  |integration| apps/api/test/integration/dg2-repairs.test.ts > charter thesis (F-DG2-203) and current North Star (F-DG2-204) > REQ-PB-033: after a refinement the charter shows the CURRENT North Star, flags the stale link, and a save re-links it
AssertionError: expected 404 to be 201 // Object.is equality

[32m- Expected[39m
[31m+ Received[39m

[32m- 201[39m
[31m+ 404[39m

 ❯ apps/api/test/integration/dg2-repairs.test.ts:242:28
    240|       body: { transformationName: "Synthetic", northStarId: first.body…
    241|     });
    242|     expect(created.status).toBe(201);
       |                            ^
    243|     expect(created.body.warnings.map((x: Warn) => x.code)).not.toConta…
    244|     const refined = await call(api.app, "PUT", `${T}/north-star`, {

⎯⎯⎯⎯⎯⎯⎯⎯⎯⎯⎯⎯⎯⎯⎯⎯⎯⎯⎯⎯⎯[55/278]⎯

 FAIL  |integration| apps/api/test/integration/dg2-repairs.test.ts > charter thesis (F-DG2-203) and current North Star (F-DG2-204) > REQ-PB-030: an empty thesis part is flagged on the charter and keeps G2 g2.outcome_tree incomplete
TypeError: Cannot read properties of undefined (reading 'filter')
 ❯ thesisWarnings apps/api/test/integration/dg2-repairs.test.ts:231:45
    229|   type Warn = { code: string; pointer?: string };
    230|   const charter = () => call(api.app, "GET", `${T}/charter`, { session…
    231|   const thesisWarnings = (ws: Warn[]) => ws.filter((x) => x.code === "…
       |                                             ^
    232| 
    233|   it("REQ-PB-033: after a refinement the charter shows the CURRENT Nor…
 ❯ apps/api/test/integration/dg2-repairs.test.ts:275:12

⎯⎯⎯⎯⎯⎯⎯⎯⎯⎯⎯⎯⎯⎯⎯⎯⎯⎯⎯⎯⎯[56/278]⎯

 FAIL  |integration| apps/api/test/integration/dg2-repairs.test.ts > F-DG2-205 sequential product gates (REQ-S04-005, B0009, B0023) > End-to-End: G2 and G3 cannot be submitted before their predecessor is approved (422 gate.out_of_sequence), nothing written
AssertionError: expected 404 to be 200 // Object.is equality

[32m- Expected[39m
[31m+ Received[39m

[32m- 200[39m
[31m+ 404[39m

 ❯ gateVersion apps/api/test/support/p2-fixtures.ts:219:22
    217|     { session: p.lead.session },
    218|   );
    219|   expect(res.status).toBe(200);
       |                      ^
    220|   return res.body.gate.version;
    221| }
 ❯ apps/api/test/integration/dg2-repairs.test.ts:321:22

⎯⎯⎯⎯⎯⎯⎯⎯⎯⎯⎯⎯⎯⎯⎯⎯⎯⎯⎯⎯⎯[57/278]⎯

 FAIL  |integration| apps/api/test/integration/dg2-repairs.test.ts > F-DG2-205 sequential product gates (REQ-S04-005, B0009, B0023) > repro: a pending G3 cannot be APPROVED while G2 is unapproved (422), the phase does not jump, nothing is written
AssertionError: expected undefined to be 'diagnose' // Object.is equality

[32m- Expected:[39m 
"diagnose"

[31m+ Received:[39m 
undefined

 ❯ apps/api/test/integration/dg2-repairs.test.ts:419:33
    417|     expect([res.status, res.body.code]).toEqual([422, "gate.out_of_seq…
    418|     const t = await call(api.app, "GET", base(p), { session: p.lead.se…
    419|     expect(t.body.currentPhase).toBe("diagnose");
       |                                 ^
    420|     expect(
    421|       await api.db

⎯⎯⎯⎯⎯⎯⎯⎯⎯⎯⎯⎯⎯⎯⎯⎯⎯⎯⎯⎯⎯[58/278]⎯

 FAIL  |integration| apps/api/test/integration/dg2-repairs.test.ts > F-DG2-205 sequential product gates (REQ-S04-005, B0009, B0023) > Modular entry stays valid: entering at design, G3 is not blocked by the earlier gates (only by its own criteria)
AssertionError: expected 404 to be 200 // Object.is equality

[32m- Expected[39m
[31m+ Received[39m

[32m- 200[39m
[31m+ 404[39m

 ❯ gateVersion apps/api/test/support/p2-fixtures.ts:219:22
    217|     { session: p.lead.session },
    218|   );
    219|   expect(res.status).toBe(200);
       |                      ^
    220|   return res.body.gate.version;
    221| }
 ❯ submit apps/api/test/integration/dg2-repairs.test.ts:314:20
 ❯ apps/api/test/integration/dg2-repairs.test.ts:470:17

⎯⎯⎯⎯⎯⎯⎯⎯⎯⎯⎯⎯⎯⎯⎯⎯⎯⎯⎯⎯⎯[59/278]⎯

 FAIL  |integration| apps/api/test/integration/evidence.test.ts > evidence items and the payload of each kind > validates the payload against the kind (400 from the schema), http(s) only, and audits the create
AssertionError: expected 404 to be 400 // Object.is equality

[32m- Expected[39m
[31m+ Received[39m

[32m- 400[39m
[31m+ 404[39m

 ❯ apps/api/test/integration/evidence.test.ts:43:79
     41| describe("evidence items and the payload of each kind", () => {
     42|   it("validates the payload against the kind (400 from the schema), ht…
     43|     expect((await createEvidence({ kind: "note", title: "No body" })).…
       |                                                                               ^
     44|     expect((await createEvidence({ kind: "external_link", title: "Bad"…
     45|       400,

⎯⎯⎯⎯⎯⎯⎯⎯⎯⎯⎯⎯⎯⎯⎯⎯⎯⎯⎯⎯⎯[60/278]⎯

 FAIL  |integration| apps/api/test/integration/evidence.test.ts > review (verification) rules > the creator cannot review their own evidence (403); a reviewer verifies only accessible content (422 otherwise)
AssertionError: expected [ 400, 'validation' ] to deeply equal [ 403, 'evidence.reviewer_is_creator' ]

[32m- Expected[39m
[31m+ Received[39m

[2m  [[22m
[32m-   403,[39m
[32m-   "evidence.reviewer_is_creator",[39m
[31m+   400,[39m
[31m+   "validation",[39m
[2m  ][22m

 ❯ apps/api/test/integration/evidence.test.ts:81:41
     79|       p.lead.session,
     80|     );
     81|     expect([own.status, own.body.code]).toEqual([403, "evidence.review…
       |                                         ^
     82|     const inaccessible = await review(e.body.id, 1, {
     83|       result: "verified",

⎯⎯⎯⎯⎯⎯⎯⎯⎯⎯⎯⎯⎯⎯⎯⎯⎯⎯⎯⎯⎯[61/278]⎯

 FAIL  |integration| apps/api/test/integration/evidence.test.ts > review (verification) rules > a bare filename reference can never be verified (422) and stays unverified
AssertionError: expected [ 400, 'validation' ] to deeply equal [ 422, …(1) ]

[32m- Expected[39m
[31m+ Received[39m

[2m  [[22m
[32m-   422,[39m
[32m-   "evidence.filename_never_verified",[39m
[31m+   400,[39m
[31m+   "validation",[39m
[2m  ][22m

 ❯ apps/api/test/integration/evidence.test.ts:111:41
    109|     const e = await createEvidence({ kind: "file_reference", title: "B…
    110|     const res = await review(e.body.id, 1, { result: "verified", acces…
    111|     expect([res.status, res.body.code]).toEqual([422, "evidence.filena…
       |                                         ^
    112|     const rejected = await review(e.body.id, 1, {
    113|       result: "rejected",

⎯⎯⎯⎯⎯⎯⎯⎯⎯⎯⎯⎯⎯⎯⎯⎯⎯⎯⎯⎯⎯[62/278]⎯

 FAIL  |integration| apps/api/test/integration/evidence.test.ts > review (verification) rules > a file needs uploaded content before it can be verified; a new revision resets it to unverified
AssertionError: expected [ 400, 'validation' ] to deeply equal [ 422, 'evidence.no_content' ]

[32m- Expected[39m
[31m+ Received[39m

[2m  [[22m
[32m-   422,[39m
[32m-   "evidence.no_content",[39m
[31m+   400,[39m
[31m+   "validation",[39m
[2m  ][22m

 ❯ apps/api/test/integration/evidence.test.ts:123:45
    121|     const e = await createEvidence({ kind: "file", title: "Synthetic e…
    122|     const early = await review(e.body.id, 1, { result: "verified", acc…
    123|     expect([early.status, early.body.code]).toEqual([422, "evidence.no…
       |                                             ^
    124|     const up1 = await upload(e.body.id, 1, "a,b\n1,2\n");
    125|     expect(up1.status).toBe(200);

⎯⎯⎯⎯⎯⎯⎯⎯⎯⎯⎯⎯⎯⎯⎯⎯⎯⎯⎯⎯⎯[63/278]⎯

 FAIL  |integration| apps/api/test/integration/evidence.test.ts > links > links only to a record of the same transformation (422 otherwise); duplicate active link 409; remove keeps the row
TypeError: Cannot read properties of undefined (reading '0')
 ❯ apps/api/test/integration/evidence.test.ts:178:95
    176|     const cross = await call(api.app, "POST", `${T}/evidence-links`, {
    177|       session: p.lead.session,
    178|       body: { evidenceId: e.body.id, recordType: "diagnostic_item", re…
       |                                                                                               ^
    179|     });
    180|     expect([cross.status, cross.body.code]).toEqual([422, "validation.…

⎯⎯⎯⎯⎯⎯⎯⎯⎯⎯⎯⎯⎯⎯⎯⎯⎯⎯⎯⎯⎯[64/278]⎯

 FAIL  |integration| apps/api/test/integration/evidence.test.ts > links > a read-only auditor gets 403 on every evidence mutation, and only the denial is audited
AssertionError: expected 400 to be 403 // Object.is equality

[32m- Expected[39m
[31m+ Received[39m

[32m- 403[39m
[31m+ 400[39m

 ❯ apps/api/test/integration/evidence.test.ts:221:26
    219|     ];
    220|     for (const res of await Promise.all(attempts)) {
    221|       expect(res.status).toBe(403);
       |                          ^
    222|       expect((await auditOfRequest(api.db, String(res.headers["x-reque…
    223|         "authorization.denied",

⎯⎯⎯⎯⎯⎯⎯⎯⎯⎯⎯⎯⎯⎯⎯⎯⎯⎯⎯⎯⎯[65/278]⎯

 FAIL  |integration| apps/api/test/integration/framework-errors.test.ts > FST_ERR_BAD_URL (undecodable percent escape in the path) is the declared 400 ValidationError > GET /api/v1/transformations/%ZZ: 400 problem+json validation.format with requestId; nothing written
AssertionError: expected 404 to be 200 // Object.is equality

[32m- Expected[39m
[31m+ Received[39m

[32m- 200[39m
[31m+ 404[39m

 ❯ apps/api/test/integration/framework-errors.test.ts:89:27
     87|   it("GET /api/v1/transformations/%ZZ: 400 problem+json validation.for…
     88|     const before = await call(api.app, "GET", T, { session: p.lead.ses…
     89|     expect(before.status).toBe(200);
       |                           ^
     90|     const res = await call(api.app, "GET", "/api/v1/transformations/%Z…
     91|     await expectFrameworkProblem(res, "validation.format");

⎯⎯⎯⎯⎯⎯⎯⎯⎯⎯⎯⎯⎯⎯⎯⎯⎯⎯⎯⎯⎯[66/278]⎯

 FAIL  |integration| apps/api/test/integration/framework-errors.test.ts > FST_ERR_BAD_URL (undecodable percent escape in the path) is the declared 400 ValidationError > GET-by-id paths with %ED%A0%80 (CESU-8 lone surrogate bytes) answer the same; nothing written
AssertionError: expected { …(5) } to deeply equal { …(5) }

[32m- Expected[39m
[31m+ Received[39m

[2m  {[22m
[2m    "code": "not_found",[22m
[32m-   "requestId": "01a11e52-d07b-71e0-a174-3f91e05b3e74",[39m
[31m+   "requestId": "01a11e52-d090-704d-8a6b-a7b00f3402cf",[39m
[2m    "status": 404,[22m
[2m    "title": "Not found",[22m
[2m    "type": "urn:mth:problem:not-found",[22m
[2m  }[22m

 ❯ apps/api/test/integration/framework-errors.test.ts:107:93
    105|       await expectFrameworkProblem(res, "validation.format");
    106|     }
    107|     expect((await call(api.app, "GET", `${T}/tom-gaps`, { session: p.l…
       |                                                                                             ^
    108|   });
    109| 

⎯⎯⎯⎯⎯⎯⎯⎯⎯⎯⎯⎯⎯⎯⎯⎯⎯⎯⎯⎯⎯[67/278]⎯

 FAIL  |integration| apps/api/test/integration/gates.test.ts > starter structure and live readiness > a new transformation has six gate instances (G1-G6), draft, approver SP; G5-G6 are not submittable (G4 opens in P3, 0026)
AssertionError: expected 404 to be 200 // Object.is equality

[32m- Expected[39m
[31m+ Received[39m

[32m- 200[39m
[31m+ 404[39m

 ❯ apps/api/test/integration/gates.test.ts:60:25
     58|       }[];
     59|     }>(api.app, "GET", `/api/v1/transformations/${p.transformationId}/…
     60|     expect(list.status).toBe(200);
       |                         ^
     61|     expect(
     62|       list.body.items.map((i) => [i.gate.gateCode, i.gate.status, i.ga…

⎯⎯⎯⎯⎯⎯⎯⎯⎯⎯⎯⎯⎯⎯⎯⎯⎯⎯⎯⎯⎯[68/278]⎯

 FAIL  |integration| apps/api/test/integration/gates.test.ts > starter structure and live readiness > G1 submission without an initial charter is refused (422 gate_criteria_incomplete) and writes nothing
AssertionError: expected 404 to be 200 // Object.is equality

[32m- Expected[39m
[31m+ Received[39m

[32m- 200[39m
[31m+ 404[39m

 ❯ gateVersion apps/api/test/support/p2-fixtures.ts:219:22
    217|     { session: p.lead.session },
    218|   );
    219|   expect(res.status).toBe(200);
       |                      ^
    220|   return res.body.gate.version;
    221| }
 ❯ submit apps/api/test/integration/gates.test.ts:34:18
 ❯ apps/api/test/integration/gates.test.ts:80:17

⎯⎯⎯⎯⎯⎯⎯⎯⎯⎯⎯⎯⎯⎯⎯⎯⎯⎯⎯⎯⎯[69/278]⎯

 FAIL  |integration| apps/api/test/integration/gates.test.ts > starter structure and live readiness > REQ-S13-012: evidence that is only a filename (or an inaccessible link) leaves g1.diagnostic incomplete
AssertionError: expected 404 to be 201 // Object.is equality

[32m- Expected[39m
[31m+ Received[39m

[32m- 201[39m
[31m+ 404[39m

 ❯ apps/api/test/integration/gates.test.ts:100:28
     98|       body: { kind: "file_reference", title: "Study.pdf (synthetic)", …
     99|     });
    100|     expect(fileRef.status).toBe(201);
       |                            ^
    101|     // A filename can never be verified, not even by another reviewer.
    102|     const verify = await call(api.app, "POST", `${T}/evidence/${fileRe…

⎯⎯⎯⎯⎯⎯⎯⎯⎯⎯⎯⎯⎯⎯⎯⎯⎯⎯⎯⎯⎯[70/278]⎯

 FAIL  |integration| apps/api/test/integration/gates.test.ts > G2 Direction readiness (REQ-PB-036 failing outcomes, REQ-PB-037 guardrails) > lists every outcome whose good outcome test is not passing (ids + criteria); zero guardrails blocks submission
AssertionError: createCharter: {"type":"urn:mth:problem:not-found","title":"Not found","status":404,"code":"not_found","requestId":"01a11e51-884e-779f-8f04-1dcd7170a2a2"}: expected 404 to be 201 // Object.is equality

[32m- Expected[39m
[31m+ Received[39m

[32m- 201[39m
[31m+ 404[39m

 ❯ ok apps/api/test/support/p2-fixtures.ts:78:76
     76| 
     77| const ok = (res: Res, status: number, what: string) => {
     78|   expect(res.status, `${what}: ${JSON.stringify(res.body).slice(0, 600…
       |                                                                            ^
     79|   return res.body as { id: string; version: number } & Record<string, …
     80| };
 ❯ makeG1Ready apps/api/test/support/p2-fixtures.ts:92:3
 ❯ apps/api/test/integration/gates.test.ts:333:5

⎯⎯⎯⎯⎯⎯⎯⎯⎯⎯⎯⎯⎯⎯⎯⎯⎯⎯⎯⎯⎯[71/278]⎯

 FAIL  |integration| apps/api/test/integration/gates.test.ts > decision outcome text is cut on a code-point boundary (F-DG2-260) > a rationale with an emoji at the 8000 boundary: the decision is recorded and outcome_text has no U+FFFD
AssertionError: createCharter: {"type":"urn:mth:problem:not-found","title":"Not found","status":404,"code":"not_found","requestId":"01a11e51-889c-758d-bf2d-a7adb30edb9c"}: expected 404 to be 201 // Object.is equality

[32m- Expected[39m
[31m+ Received[39m

[32m- 201[39m
[31m+ 404[39m

 ❯ ok apps/api/test/support/p2-fixtures.ts:78:76
     76| 
     77| const ok = (res: Res, status: number, what: string) => {
     78|   expect(res.status, `${what}: ${JSON.stringify(res.body).slice(0, 600…
       |                                                                            ^
     79|   return res.body as { id: string; version: number } & Record<string, …
     80| };
 ❯ makeG1Ready apps/api/test/support/p2-fixtures.ts:92:3
 ❯ apps/api/test/integration/gates.test.ts:422:5

⎯⎯⎯⎯⎯⎯⎯⎯⎯⎯⎯⎯⎯⎯⎯⎯⎯⎯⎯⎯⎯[72/278]⎯

 FAIL  |integration| apps/api/test/integration/identity.test.ts > GET /api/v1/me > returns the user, CSRF token, product name, home organization, active assignments and permissions per scope
AssertionError: expected [ { scope: { …(2) }, …(2) } ] to deeply equal [ { scope: { …(2) }, …(2) } ]

[32m- Expected[39m
[31m+ Received[39m

[33m@@ -1,27 +1,34 @@[39m
[2m  [[22m
[2m    {[22m
[2m      "inheritsDownward": true,[22m
[2m      "permissions": [[22m
[2m        "action.edit",[22m
[31m+       "approval.decide",[39m
[31m+       "approval.request",[39m
[2m        "audit.read",[22m
[2m        "business_case.edit",[22m
[2m        "business_unit.read",[22m
[2m        "capacity.commit",[22m
[2m        "capacity.edit",[22m
[2m        "charter.edit",[22m
[31m+       "decision_right.configure",[39m
[31m+       "delegation.create_own",[39m
[2m        "dependency.edit",[22m
[2m        "diagnostic.edit",[22m
[2m        "evidence.create",[22m
[2m        "evidence.review",[22m
[2m        "gate.configure",[22m
[31m+       "group.manage",[39m
[2m        "initiative.edit",[22m
[2m        "organization.read",[22m
[2m        "prioritization.edit",[22m
[31m+       "raci.edit",[39m
[2m        "roadmap.approve",[22m
[2m        "roadmap.edit",[22m
[2m        "role.read",[22m
[31m+       "role_mapping.assign",[39m
[2m        "team.assign",[22m
[2m        "transformation.archive",[22m
[2m        "transformation.create",[22m
[2m        "transformation.read",[22m
[2m        "transformation.update",[22m

 ❯ apps/api/test/integration/identity.test.ts:133:42
    131|     expect(me.body.csrfToken.length).toBeGreaterThanOrEqual(32);
    132|     expect(me.body.assignments.map((a: { roleCode: string }) => a.role…
    133|     expect(me.body.effectivePermissions).toEqual([
       |                                          ^
    134|       {
    135|         scope: { type: "organization", id: w.orgA.id },

⎯⎯⎯⎯⎯⎯⎯⎯⎯⎯⎯⎯⎯⎯⎯⎯⎯⎯⎯⎯⎯[73/278]⎯

 FAIL  |integration| apps/api/test/integration/invalid-character.test.ts > U+0000 in a JSON body string is 400 validation.invalid_character; nothing is written or audited > charter update (inScope): version, value and audit trail unchanged
AssertionError: {"type":"urn:mth:problem:not-found","title":"Not found","status":404,"code":"not_found","requestId":"01a11e51-f5ea-764c-94bd-913e04e019da"}: expected 404 to be 201 // Object.is equality

[32m- Expected[39m
[31m+ Received[39m

[32m- 201[39m
[31m+ 404[39m

 ❯ apps/api/test/integration/invalid-character.test.ts:75:58
     73|       body: { transformationName: "Synthetic", inScope: "Retail onboar…
     74|     });
     75|     expect(created.status, JSON.stringify(created.body)).toBe(201);
       |                                                          ^
     76|     const charterId = created.body.charter.id as string;
     77|     const before = await auditOf(api.db, charterId);

⎯⎯⎯⎯⎯⎯⎯⎯⎯⎯⎯⎯⎯⎯⎯⎯⎯⎯⎯⎯⎯[74/278]⎯

 FAIL  |integration| apps/api/test/integration/invalid-character.test.ts > U+0000 in a JSON body string is 400 validation.invalid_character; nothing is written or audited > T03 TOM gap create and update (gap): no gap is created, the existing one is unchanged
AssertionError: {"type":"urn:mth:problem:not-found","title":"Not found","status":404,"code":"not_found","requestId":"01a11e51-f5fa-7176-9587-aed91aff926a"}: expected 404 to be 201 // Object.is equality

[32m- Expected[39m
[31m+ Received[39m

[32m- 201[39m
[31m+ 404[39m

 ❯ apps/api/test/integration/invalid-character.test.ts:109:50
    107|       body: { dimensionCode: "technology", gap: "Synthetic gap (valid)…
    108|     });
    109|     expect(gap.status, JSON.stringify(gap.body)).toBe(201);
       |                                                  ^
    110|     const auditBefore = await auditOf(api.db, gap.body.id);
    111|     const upd = await call(api.app, "PATCH", `${T}/tom-gaps/${gap.body…

⎯⎯⎯⎯⎯⎯⎯⎯⎯⎯⎯⎯⎯⎯⎯⎯⎯⎯⎯⎯⎯[75/278]⎯

 FAIL  |integration| apps/api/test/integration/invalid-character.test.ts > U+0000 in a JSON body string is 400 validation.invalid_character; nothing is written or audited > T03 TOM gap archive reason: the gap stays open; a valid reason still archives (audited once)
AssertionError: expected 404 to be 201 // Object.is equality

[32m- Expected[39m
[31m+ Received[39m

[32m- 201[39m
[31m+ 404[39m

 ❯ apps/api/test/integration/invalid-character.test.ts:127:24
    125|       body: { dimensionCode: "technology", gap: "Synthetic gap to arch…
    126|     });
    127|     expect(gap.status).toBe(201);
       |                        ^
    128|     const auditBefore = await auditOf(api.db, gap.body.id);
    129|     for (const reason of NUL_TEXTS) {

⎯⎯⎯⎯⎯⎯⎯⎯⎯⎯⎯⎯⎯⎯⎯⎯⎯⎯⎯⎯⎯[76/278]⎯

 FAIL  |integration| apps/api/test/integration/invalid-character.test.ts > text without NUL is unaffected > visible text with other control-like marks (U+0001 inside, RLM) is accepted verbatim
AssertionError: {"type":"urn:mth:problem:not-found","title":"Not found","status":404,"code":"not_found","requestId":"01a11e51-f703-71a7-816a-af7da44c3a5c"}: expected 404 to be 201 // Object.is equality

[32m- Expected[39m
[31m+ Received[39m

[32m- 201[39m
[31m+ 404[39m

 ❯ apps/api/test/integration/invalid-character.test.ts:243:50
    241|       body: { transformationName: "Synthetic", outOfScope: text },
    242|     });
    243|     expect(res.status, JSON.stringify(res.body)).toBe(201);
       |                                                  ^
    244|     expect(res.body.charter.outOfScope).toBe(text);
    245|   });

⎯⎯⎯⎯⎯⎯⎯⎯⎯⎯⎯⎯⎯⎯⎯⎯⎯⎯⎯⎯⎯[77/278]⎯

 FAIL  |integration| apps/api/test/integration/invalid-character.test.ts > a lone UTF-16 surrogate in a JSON body string is 400 validation.invalid_character (F-DG2-260) > charter update (inScope): version, value and audit trail unchanged
AssertionError: {"type":"urn:mth:problem:not-found","title":"Not found","status":404,"code":"not_found","requestId":"01a11e51-f7cf-7078-ae5d-bb084632ab31"}: expected 404 to be 201 // Object.is equality

[32m- Expected[39m
[31m+ Received[39m

[32m- 201[39m
[31m+ 404[39m

 ❯ apps/api/test/integration/invalid-character.test.ts:281:58
    279|       body: { transformationName: "Synthetic", inScope: "Retail onboar…
    280|     });
    281|     expect(created.status, JSON.stringify(created.body)).toBe(201);
       |                                                          ^
    282|     const charterId = created.body.charter.id as string;
    283|     const before = await auditOf(api.db, charterId);

⎯⎯⎯⎯⎯⎯⎯⎯⎯⎯⎯⎯⎯⎯⎯⎯⎯⎯⎯⎯⎯[78/278]⎯

 FAIL  |integration| apps/api/test/integration/invalid-character.test.ts > a lone UTF-16 surrogate in a JSON body string is 400 validation.invalid_character (F-DG2-260) > archive reason (shared reason schema): the TOM gap stays open
AssertionError: {"type":"urn:mth:problem:not-found","title":"Not found","status":404,"code":"not_found","requestId":"01a11e51-f844-722c-acb3-aecea1d783bd"}: expected 404 to be 201 // Object.is equality

[32m- Expected[39m
[31m+ Received[39m

[32m- 201[39m
[31m+ 404[39m

 ❯ apps/api/test/integration/invalid-character.test.ts:335:50
    333|       body: { dimensionCode: "technology", gap: "Synthetic gap for the…
    334|     });
    335|     expect(gap.status, JSON.stringify(gap.body)).toBe(201);
       |                                                  ^
    336|     const res = await call(api.app, "POST", `${T}/tom-gaps/${gap.body.…
    337|       session: p.lead.session,

⎯⎯⎯⎯⎯⎯⎯⎯⎯⎯⎯⎯⎯⎯⎯⎯⎯⎯⎯⎯⎯[79/278]⎯

 FAIL  |integration| apps/api/test/integration/invalid-character.test.ts > a lone UTF-16 surrogate in a JSON body string is 400 validation.invalid_character (F-DG2-260) > a percent-encoded lone surrogate (CESU-8 bytes %ED%A0%80) in a query or path never decodes to one, never a 5xx
AssertionError: expected { …(5) } to deeply equal { …(5) }

[32m- Expected[39m
[31m+ Received[39m

[2m  {[22m
[2m    "code": "not_found",[22m
[32m-   "requestId": "01a11e51-f8ab-74a9-a23f-9333ddaeb17b",[39m
[31m+   "requestId": "01a11e51-f8b7-7029-9135-af38eb05158b",[39m
[2m    "status": 404,[22m
[2m    "title": "Not found",[22m
[2m    "type": "urn:mth:problem:not-found",[22m
[2m  }[22m

 ❯ apps/api/test/integration/invalid-character.test.ts:384:27
    382|     }
    383|     const gapAfter = await call(api.app, "GET", `${T}/tom-gaps`, { ses…
    384|     expect(gapAfter.body).toEqual(gapBefore.body);
       |                           ^
    385|   });
    386| 

⎯⎯⎯⎯⎯⎯⎯⎯⎯⎯⎯⎯⎯⎯⎯⎯⎯⎯⎯⎯⎯[80/278]⎯

 FAIL  |integration| apps/api/test/integration/invalid-character.test.ts > a lone UTF-16 surrogate in a JSON body string is 400 validation.invalid_character (F-DG2-260) > emoji (valid surrogate pairs) and Arabic are accepted and stored verbatim, in text and in jsonb
AssertionError: {"type":"urn:mth:problem:not-found","title":"Not found","status":404,"code":"not_found","requestId":"01a11e51-f918-74ee-8303-4195d0a74ac7"}: expected 404 to be 201 // Object.is equality

[32m- Expected[39m
[31m+ Received[39m

[32m- 201[39m
[31m+ 404[39m

 ❯ apps/api/test/integration/invalid-character.test.ts:395:58
    393|       body: { transformationName: "Synthetic", outOfScope: text },
    394|     });
    395|     expect(charter.status, JSON.stringify(charter.body)).toBe(201);
       |                                                          ^
    396|     expect(charter.body.charter.outOfScope).toBe(text);
    397|     const journey = await call(api.app, "POST", `${QT}/journeys`, {

⎯⎯⎯⎯⎯⎯⎯⎯⎯⎯⎯⎯⎯⎯⎯⎯⎯⎯⎯⎯⎯[81/278]⎯

 FAIL  |integration| apps/api/test/integration/invalid-utf8.test.ts > a JSON body with invalid UTF-8 is 400 validation.json, the same with Content-Length and chunked > charter create: 400 for every invalid sequence and framing; no charter, no audit row, no U+FFFD stored
AssertionError: {"type":"urn:mth:problem:not-found","title":"Not found","status":404,"code":"not_found","requestId":"01a11e51-fd57-7259-8dd3-f56aa9312d98"}: expected 404 to be 201 // Object.is equality

[32m- Expected[39m
[31m+ Received[39m

[32m- 201[39m
[31m+ 404[39m

 ❯ apps/api/test/integration/invalid-utf8.test.ts:162:50
    160|         },
    161|       );
    162|       expect(ok.status, JSON.stringify(ok.body)).toBe(201);
       |                                                  ^
    163|       expect(ok.body.charter.outOfScope).toBe("SyntheticA text");
    164|     }

⎯⎯⎯⎯⎯⎯⎯⎯⎯⎯⎯⎯⎯⎯⎯⎯⎯⎯⎯⎯⎯[82/278]⎯

 FAIL  |integration| apps/api/test/integration/invalid-utf8.test.ts > a JSON body with invalid UTF-8 is 400 validation.json, the same with Content-Length and chunked > charter update (PATCH, If-Match): version, value and audit trail unchanged
AssertionError: {"type":"urn:mth:problem:not-found","title":"Not found","status":404,"code":"not_found","requestId":"01a11e51-fdd0-7235-a973-da171719f22c"}: expected 404 to be 201 // Object.is equality

[32m- Expected[39m
[31m+ Received[39m

[32m- 201[39m
[31m+ 404[39m

 ❯ apps/api/test/integration/invalid-utf8.test.ts:174:58
    172|       body: { transformationName: "Synthetic", inScope: "Retail onboar…
    173|     });
    174|     expect(created.status, JSON.stringify(created.body)).toBe(201);
       |                                                          ^
    175|     const charterId = created.body.charter.id as string;
    176|     const before = await auditOf(api.db, charterId);

⎯⎯⎯⎯⎯⎯⎯⎯⎯⎯⎯⎯⎯⎯⎯⎯⎯⎯⎯⎯⎯[83/278]⎯

 FAIL  |integration| apps/api/test/integration/invalid-utf8.test.ts > valid UTF-8 round-trips verbatim; one BOM is accepted and stripped > Arabic and emoji text, with Content-Length and chunked: stored and audited byte for byte
AssertionError: {"type":"urn:mth:problem:not-found","title":"Not found","status":404,"code":"not_found","requestId":"01a11e51-feae-7628-94ea-1029d6495fc6"}: expected 404 to be 201 // Object.is equality

[32m- Expected[39m
[31m+ Received[39m

[32m- 201[39m
[31m+ 404[39m

 ❯ apps/api/test/integration/invalid-utf8.test.ts:315:52
    313|         },
    314|       );
    315|       expect(res.status, JSON.stringify(res.body)).toBe(201);
       |                                                    ^
    316|       expect(res.body.charter.outOfScope).toBe(text);
    317|       const stored = await sql<{ out_of_scope: string }>`

⎯⎯⎯⎯⎯⎯⎯⎯⎯⎯⎯⎯⎯⎯⎯⎯⎯⎯⎯⎯⎯[84/278]⎯

 FAIL  |integration| apps/api/test/integration/invalid-utf8.test.ts > valid UTF-8 round-trips verbatim; one BOM is accepted and stripped > a leading BOM (EF BB BF) is stripped: the charter is created with the exact text
AssertionError: {"type":"urn:mth:problem:not-found","title":"Not found","status":404,"code":"not_found","requestId":"01a11e51-ff0c-77c9-abe3-49624ae21877"}: expected 404 to be 201 // Object.is equality

[32m- Expected[39m
[31m+ Received[39m

[32m- 201[39m
[31m+ 404[39m

 ❯ apps/api/test/integration/invalid-utf8.test.ts:343:52
    341|         },
    342|       );
    343|       expect(res.status, JSON.stringify(res.body)).toBe(201);
       |                                                    ^
    344|       expect(res.body.charter.outOfScope).toBe(ARABIC);
    345|     }

⎯⎯⎯⎯⎯⎯⎯⎯⎯⎯⎯⎯⎯⎯⎯⎯⎯⎯⎯⎯⎯[85/278]⎯

 FAIL  |integration| apps/api/test/integration/invalid-utf8.test.ts > X-File-Name with a percent escape that is not UTF-8 > is 400 validation.file_name; no revision is stored and nothing is audited
AssertionError: {"type":"urn:mth:problem:not-found","title":"Not found","status":404,"code":"not_found","requestId":"01a11e51-ff2c-74c8-87f9-68a72002a144"}: expected 404 to be 201 // Object.is equality

[32m- Expected[39m
[31m+ Received[39m

[32m- 201[39m
[31m+ 404[39m

 ❯ apps/api/test/integration/invalid-utf8.test.ts:386:58
    384|       body: { ownerUserId: p.lead.id, kind: "file", title: "Synthetic …
    385|     });
    386|     expect(created.status, JSON.stringify(created.body)).toBe(201);
       |                                                          ^
    387|     const before = await auditOf(api.db, created.body.id);
    388|     const res = await call(api.app, "POST", `${T}/evidence/${created.b…

⎯⎯⎯⎯⎯⎯⎯⎯⎯⎯⎯⎯⎯⎯⎯⎯⎯⎯⎯⎯⎯[86/278]⎯

 FAIL  |integration| apps/api/test/integration/media-types.test.ts > uploadEvidenceContent accepts only application/octet-stream (F-DG2-320) > every undeclared media type, in each framing: 400 validation.content_type; nothing stored, no audit row
AssertionError: {"type":"urn:mth:problem:not-found","title":"Not found","status":404,"code":"not_found","requestId":"01a11e52-0d6c-74d1-9559-6e598b419e1c"}: expected 404 to be 201 // Object.is equality

[32m- Expected[39m
[31m+ Received[39m

[32m- 201[39m
[31m+ 404[39m

 ❯ newFileEvidence apps/api/test/integration/media-types.test.ts:137:56
    135|     body: { ownerUserId: p.lead.id, kind: "file", title },
    136|   });
    137|   expect(created.status, JSON.stringify(created.body)).toBe(201);
       |                                                        ^
    138|   return { id: created.body.id, version: created.body.version };
    139| }
 ❯ apps/api/test/integration/media-types.test.ts:187:18

⎯⎯⎯⎯⎯⎯⎯⎯⎯⎯⎯⎯⎯⎯⎯⎯⎯⎯⎯⎯⎯[87/278]⎯

 FAIL  |integration| apps/api/test/integration/media-types.test.ts > uploadEvidenceContent accepts only application/octet-stream (F-DG2-320) > the refusal precedes authentication, like any body the framework cannot parse (no session: 400, not 401)
AssertionError: {"type":"urn:mth:problem:not-found","title":"Not found","status":404,"code":"not_found","requestId":"01a11e52-0d77-7748-a841-b254148ba854"}: expected 404 to be 201 // Object.is equality

[32m- Expected[39m
[31m+ Received[39m

[32m- 201[39m
[31m+ 404[39m

 ❯ newFileEvidence apps/api/test/integration/media-types.test.ts:137:56
    135|     body: { ownerUserId: p.lead.id, kind: "file", title },
    136|   });
    137|   expect(created.status, JSON.stringify(created.body)).toBe(201);
       |                                                        ^
    138|   return { id: created.body.id, version: created.body.version };
    139| }
 ❯ apps/api/test/integration/media-types.test.ts:214:18

⎯⎯⎯⎯⎯⎯⎯⎯⎯⎯⎯⎯⎯⎯⎯⎯⎯⎯⎯⎯⎯[88/278]⎯

 FAIL  |integration| apps/api/test/integration/media-types.test.ts > uploadEvidenceContent accepts only application/octet-stream (F-DG2-320) > a valid application/octet-stream upload stores exactly the bytes sent, in both framings (sha256 of the raw input)
AssertionError: {"type":"urn:mth:problem:not-found","title":"Not found","status":404,"code":"not_found","requestId":"01a11e52-0d7e-7748-93f6-268d3c429167"}: expected 404 to be 201 // Object.is equality

[32m- Expected[39m
[31m+ Received[39m

[32m- 201[39m
[31m+ 404[39m

 ❯ newFileEvidence apps/api/test/integration/media-types.test.ts:137:56
    135|     body: { ownerUserId: p.lead.id, kind: "file", title },
    136|   });
    137|   expect(created.status, JSON.stringify(created.body)).toBe(201);
       |                                                        ^
    138|   return { id: created.body.id, version: created.body.version };
    139| }
 ❯ apps/api/test/integration/media-types.test.ts:235:20

⎯⎯⎯⎯⎯⎯⎯⎯⎯⎯⎯⎯⎯⎯⎯⎯⎯⎯⎯⎯⎯[89/278]⎯

 FAIL  |integration| apps/api/test/integration/media-types.test.ts > uploadEvidenceContent accepts only application/octet-stream (F-DG2-320) > the size limit still applies to octet-stream uploads (unchanged): the declared 413 evidence.too_large
AssertionError: {"type":"urn:mth:problem:not-found","title":"Not found","status":404,"code":"not_found","requestId":"01a11e52-0d85-74fb-b0ad-3161e67cc0c0"}: expected 404 to be 201 // Object.is equality

[32m- Expected[39m
[31m+ Received[39m

[32m- 201[39m
[31m+ 404[39m

 ❯ newFileEvidence apps/api/test/integration/media-types.test.ts:137:56
    135|     body: { ownerUserId: p.lead.id, kind: "file", title },
    136|   });
    137|   expect(created.status, JSON.stringify(created.body)).toBe(201);
       |                                                        ^
    138|   return { id: created.body.id, version: created.body.version };
    139| }
 ❯ apps/api/test/integration/media-types.test.ts:277:18

⎯⎯⎯⎯⎯⎯⎯⎯⎯⎯⎯⎯⎯⎯⎯⎯⎯⎯⎯⎯⎯[90/278]⎯

 FAIL  |integration| apps/api/test/integration/media-types.test.ts > JSON operations accept only application/json (F-DG2-320) > an If-Match update (PATCH) sent application/octet-stream: 400; the record is unchanged
AssertionError: {"type":"urn:mth:problem:not-found","title":"Not found","status":404,"code":"not_found","requestId":"01a11e52-0da4-721a-a61c-d7e22158ccfb"}: expected 404 to be 201 // Object.is equality

[32m- Expected[39m
[31m+ Received[39m

[32m- 201[39m
[31m+ 404[39m

 ❯ newFileEvidence apps/api/test/integration/media-types.test.ts:137:56
    135|     body: { ownerUserId: p.lead.id, kind: "file", title },
    136|   });
    137|   expect(created.status, JSON.stringify(created.body)).toBe(201);
       |                                                        ^
    138|   return { id: created.body.id, version: created.body.version };
    139| }
 ❯ apps/api/test/integration/media-types.test.ts:317:18

⎯⎯⎯⎯⎯⎯⎯⎯⎯⎯⎯⎯⎯⎯⎯⎯⎯⎯⎯⎯⎯[91/278]⎯

 FAIL  |integration| apps/api/test/integration/media-types.test.ts > JSON operations accept only application/json (F-DG2-320) > a valid JSON request still works (application/json, with and without a charset)
AssertionError: {"type":"urn:mth:problem:not-found","title":"Not found","status":404,"code":"not_found","requestId":"01a11e52-0dab-73b8-82b3-ae6385b914bb"}: expected 404 to be 201 // Object.is equality

[32m- Expected[39m
[31m+ Received[39m

[32m- 201[39m
[31m+ 404[39m

 ❯ apps/api/test/integration/media-types.test.ts:347:52
    345|         "chunked",
    346|       );
    347|       expect(res.status, JSON.stringify(res.body)).toBe(201);
       |                                                    ^
    348|     }
    349|   });

⎯⎯⎯⎯⎯⎯⎯⎯⎯⎯⎯⎯⎯⎯⎯⎯⎯⎯⎯⎯⎯[92/278]⎯

 FAIL  |integration| apps/api/test/integration/media-types.test.ts > bodiless requests behave as before (F-DG2-320 sweep) > GET with a Content-Type (and even a body) is never refused: the body is not read
AssertionError: expected 404 to be 200 // Object.is equality

[32m- Expected[39m
[31m+ Received[39m

[32m- 200[39m
[31m+ 404[39m

 ❯ apps/api/test/integration/media-types.test.ts:361:28
    359|     });
    360|     assertContract("GET", `${T}/evidence`, { statusCode: res.statusCod…
    361|     expect(res.statusCode).toBe(200);
       |                            ^
    362|   });
    363| 

⎯⎯⎯⎯⎯⎯⎯⎯⎯⎯⎯⎯⎯⎯⎯⎯⎯⎯⎯⎯⎯[93/278]⎯

 FAIL  |integration| apps/api/test/integration/media-types.test.ts > bodiless requests behave as before (F-DG2-320 sweep) > a bodiless POST with no Content-Type and no body reaches its handler; an empty JSON body keeps its 400
AssertionError: {"type":"urn:mth:problem:not-found","title":"Not found","status":404,"code":"not_found","requestId":"01a11e52-0dbb-739b-925d-a8ca3c496a94"}: expected 404 to be 201 // Object.is equality

[32m- Expected[39m
[31m+ Received[39m

[32m- 201[39m
[31m+ 404[39m

 ❯ newFileEvidence apps/api/test/integration/media-types.test.ts:137:56
    135|     body: { ownerUserId: p.lead.id, kind: "file", title },
    136|   });
    137|   expect(created.status, JSON.stringify(created.body)).toBe(201);
       |                                                        ^
    138|   return { id: created.body.id, version: created.body.version };
    139| }
 ❯ apps/api/test/integration/media-types.test.ts:365:18

⎯⎯⎯⎯⎯⎯⎯⎯⎯⎯⎯⎯⎯⎯⎯⎯⎯⎯⎯⎯⎯[94/278]⎯

 FAIL  |integration| apps/api/test/integration/media-types.test.ts > the media-type check and the parser lookup agree for every spelling (F-DG2-351) > S11 (code-security round 9) regression: the tab-before-';' upload is accepted and stored byte-exact
AssertionError: {"type":"urn:mth:problem:not-found","title":"Not found","status":404,"code":"not_found","requestId":"01a11e52-0e6a-75e8-96ec-345917faa900"}: expected 404 to be 201 // Object.is equality

[32m- Expected[39m
[31m+ Received[39m

[32m- 201[39m
[31m+ 404[39m

 ❯ newFileEvidence apps/api/test/integration/media-types.test.ts:137:56
    135|     body: { ownerUserId: p.lead.id, kind: "file", title },
    136|   });
    137|   expect(created.status, JSON.stringify(created.body)).toBe(201);
       |                                                        ^
    138|   return { id: created.body.id, version: created.body.version };
    139| }
 ❯ apps/api/test/integration/media-types.test.ts:561:20

⎯⎯⎯⎯⎯⎯⎯⎯⎯⎯⎯⎯⎯⎯⎯⎯⎯⎯⎯⎯⎯[95/278]⎯

 FAIL  |integration| apps/api/test/integration/media-types.test.ts > the media-type check and the parser lookup agree for every spelling (F-DG2-351) > S11: every refusal on uploadEvidenceContent names application/octet-stream (never a hard-coded JSON text)
AssertionError: {"type":"urn:mth:problem:not-found","title":"Not found","status":404,"code":"not_found","requestId":"01a11e52-0e70-715b-a1d5-a50671cfdd2a"}: expected 404 to be 201 // Object.is equality

[32m- Expected[39m
[31m+ Received[39m

[32m- 201[39m
[31m+ 404[39m

 ❯ newFileEvidence apps/api/test/integration/media-types.test.ts:137:56
    135|     body: { ownerUserId: p.lead.id, kind: "file", title },
    136|   });
    137|   expect(created.status, JSON.stringify(created.body)).toBe(201);
       |                                                        ^
    138|   return { id: created.body.id, version: created.body.version };
    139| }
 ❯ apps/api/test/integration/media-types.test.ts:580:18

⎯⎯⎯⎯⎯⎯⎯⎯⎯⎯⎯⎯⎯⎯⎯⎯⎯⎯⎯⎯⎯[96/278]⎯

 FAIL  |integration| apps/api/test/integration/media-types.test.ts > the media-type check and the parser lookup agree for every spelling (F-DG2-351) > every OWS/whitespace spelling of octet-stream reaches the octet parser: stored byte-exact (sha256), downloadable
AssertionError: {"type":"urn:mth:problem:not-found","title":"Not found","status":404,"code":"not_found","requestId":"01a11e52-0e76-707e-adbc-20f33cec7ded"}: expected 404 to be 201 // Object.is equality

[32m- Expected[39m
[31m+ Received[39m

[32m- 201[39m
[31m+ 404[39m

 ❯ newFileEvidence apps/api/test/integration/media-types.test.ts:137:56
    135|     body: { ownerUserId: p.lead.id, kind: "file", title },
    136|   });
    137|   expect(created.status, JSON.stringify(created.body)).toBe(201);
       |                                                        ^
    138|   return { id: created.body.id, version: created.body.version };
    139| }
 ❯ apps/api/test/integration/media-types.test.ts:603:22

⎯⎯⎯⎯⎯⎯⎯⎯⎯⎯⎯⎯⎯⎯⎯⎯⎯⎯⎯⎯⎯[97/278]⎯

 FAIL  |integration| apps/api/test/integration/media-types.test.ts > the media-type check and the parser lookup agree for every spelling (F-DG2-351) > every OWS/whitespace spelling of application/json reaches the JSON parser: accepted and stored verbatim
AssertionError: {"type":"urn:mth:problem:not-found","title":"Not found","status":404,"code":"not_found","requestId":"01a11e52-0e7c-73b4-b4c8-330dbd50c02f"}: expected [ …(3) ] to deeply equal [ …(3) ]

[32m- Expected[39m
[31m+ Received[39m

[2m  [[22m
[2m    "application/json	; charset=utf-8",[22m
[2m    "content-length",[22m
[32m-   201,[39m
[31m+   404,[39m
[2m  ][22m

 ❯ apps/api/test/integration/media-types.test.ts:638:69
    636|         );
    637|         const res = await rawCall("POST", `${T}/evidence`, ct, body, f…
    638|         expect([ct, framing, res.status], JSON.stringify(res.body)).to…
       |                                                                     ^
    639|         const row = await api.db
    640|           .selectFrom("evidence")

⎯⎯⎯⎯⎯⎯⎯⎯⎯⎯⎯⎯⎯⎯⎯⎯⎯⎯⎯⎯⎯[98/278]⎯

 FAIL  |integration| apps/api/test/integration/media-types.test.ts > on a real socket (T-DG2-BE15B) > S11 over llhttp: an HTAB before ';' reaches the octet parser (stored byte-exact) and the JSON parser
AssertionError: {"type":"urn:mth:problem:not-found","title":"Not found","status":404,"code":"not_found","requestId":"01a11e52-0ea6-767c-bfcf-d33d5ba7e266"}: expected 404 to be 201 // Object.is equality

[32m- Expected[39m
[31m+ Received[39m

[32m- 201[39m
[31m+ 404[39m

 ❯ newFileEvidence apps/api/test/integration/media-types.test.ts:137:56
    135|     body: { ownerUserId: p.lead.id, kind: "file", title },
    136|   });
    137|   expect(created.status, JSON.stringify(created.body)).toBe(201);
       |                                                        ^
    138|   return { id: created.body.id, version: created.body.version };
    139| }
 ❯ apps/api/test/integration/media-types.test.ts:704:18

⎯⎯⎯⎯⎯⎯⎯⎯⎯⎯⎯⎯⎯⎯⎯⎯⎯⎯⎯⎯⎯[99/278]⎯

 FAIL  |integration| apps/api/test/integration/media-types.test.ts > on a real socket (T-DG2-BE15B) > two Content-Type lines are refused on a matched route (declared set named) and a 404 on an unmatched one
AssertionError: {"type":"urn:mth:problem:not-found","title":"Not found","status":404,"code":"not_found","requestId":"01a11e52-0eb1-769b-b98e-fb6b712a24f1"}: expected 404 to be 201 // Object.is equality

[32m- Expected[39m
[31m+ Received[39m

[32m- 201[39m
[31m+ 404[39m

 ❯ newFileEvidence apps/api/test/integration/media-types.test.ts:137:56
    135|     body: { ownerUserId: p.lead.id, kind: "file", title },
    136|   });
    137|   expect(created.status, JSON.stringify(created.body)).toBe(201);
       |                                                        ^
    138|   return { id: created.body.id, version: created.body.version };
    139| }
 ❯ apps/api/test/integration/media-types.test.ts:753:18

⎯⎯⎯⎯⎯⎯⎯⎯⎯⎯⎯⎯⎯⎯⎯⎯⎯⎯⎯⎯[100/278]⎯

 FAIL  |integration| apps/api/test/integration/registers.test.ts > charter (ADR-0017; REQ-PB-029/030/031/035) > 404 charter_not_found until created; create writes version 1 and its snapshot; a second create is 409
AssertionError: expected 'not_found' to be 'charter_not_found' // Object.is equality

Expected: [32m"[7mcharter_[27mnot_found"[39m
Received: [31m"not_found"[39m

 ❯ apps/api/test/integration/registers.test.ts:73:84
     71| 
     72|   it("404 charter_not_found until created; create writes version 1 and…
     73|     expect((await call(api.app, "GET", C, { session: q.lead.session })…
       |                                                                                    ^
     74|     const created = await call(api.app, "POST", C, {
     75|       session: q.lead.session,

⎯⎯⎯⎯⎯⎯⎯⎯⎯⎯⎯⎯⎯⎯⎯⎯⎯⎯⎯⎯[101/278]⎯

 FAIL  |integration| apps/api/test/integration/registers.test.ts > charter (ADR-0017; REQ-PB-029/030/031/035) > an invalid baseline date is 400; a horizon without its unit is 400/422; nothing is written
AssertionError: expected 404 to be 400 // Object.is equality

[32m- Expected[39m
[31m+ Received[39m

[32m- 400[39m
[31m+ 404[39m

 ❯ apps/api/test/integration/registers.test.ts:108:24
    106|       body: { baselineDate: "2026-02-30" },
    107|     });
    108|     expect(bad.status).toBe(400);
       |                        ^
    109|     expect(bad.body.errors[0].pointer).toBe("/baselineDate");
    110|     const half = await call(api.app, "PATCH", C, {

⎯⎯⎯⎯⎯⎯⎯⎯⎯⎯⎯⎯⎯⎯⎯⎯⎯⎯⎯⎯[102/278]⎯

 FAIL  |integration| apps/api/test/integration/registers.test.ts > charter (ADR-0017; REQ-PB-029/030/031/035) > every save is a new immutable version; a stale If-Match is 409; both versions stay retrievable
AssertionError: expected 404 to be 200 // Object.is equality

[32m- Expected[39m
[31m+ Received[39m

[32m- 200[39m
[31m+ 404[39m

 ❯ apps/api/test/integration/registers.test.ts:129:26
    127|       body: { thesisChange: "If we redesign bundles", changeSummary: "…
    128|     });
    129|     expect(saved.status).toBe(200);
       |                          ^
    130|     expect(saved.body.charter.version).toBe(2);
    131|     // Three top outcomes: no 3-5 warning. The thesis is still partial…

⎯⎯⎯⎯⎯⎯⎯⎯⎯⎯⎯⎯⎯⎯⎯⎯⎯⎯⎯⎯[103/278]⎯

 FAIL  |integration| apps/api/test/integration/registers.test.ts > F-DG2-150: the exclusions pre-check fails on an empty or blank Out of scope (REQ-PB-031 A01, B0041) > empty (never set) gives attention with the failing detail, never unknown
AssertionError: expected 404 to be 201 // Object.is equality

[32m- Expected[39m
[31m+ Received[39m

[32m- 201[39m
[31m+ 404[39m

 ❯ apps/api/test/integration/registers.test.ts:201:28
    199|   it("empty (never set) gives attention with the failing detail, never…
    200|     const created = await call(api.app, "POST", C, { session: q.lead.s…
    201|     expect(created.status).toBe(201);
       |                            ^
    202|     expect(created.body.charter.outOfScope).toBeNull();
    203|     expect(exclusions(created.body)).toEqual({

⎯⎯⎯⎯⎯⎯⎯⎯⎯⎯⎯⎯⎯⎯⎯⎯⎯⎯⎯⎯[104/278]⎯

 FAIL  |integration| apps/api/test/integration/registers.test.ts > F-DG2-150: the exclusions pre-check fails on an empty or blank Out of scope (REQ-PB-031 A01, B0041) > whitespace-only is refused (400 validation.blank, T-DG2-BE5); nothing is written and the check still fails
TypeError: Cannot read properties of undefined (reading '0')
 ❯ apps/api/test/integration/registers.test.ts:217:38
    215|       body: { outOfScope: "   \n\t " },
    216|     });
    217|     expect([blank.status, blank.body.errors[0].pointer, blank.body.err…
       |                                      ^
    218|       400,
    219|       "/outOfScope",

⎯⎯⎯⎯⎯⎯⎯⎯⎯⎯⎯⎯⎯⎯⎯⎯⎯⎯⎯⎯[105/278]⎯

 FAIL  |integration| apps/api/test/integration/registers.test.ts > F-DG2-150: the exclusions pre-check fails on an empty or blank Out of scope (REQ-PB-031 A01, B0041) > a real exclusion text gives pass
AssertionError: expected 404 to be 200 // Object.is equality

[32m- Expected[39m
[31m+ Received[39m

[32m- 200[39m
[31m+ 404[39m

 ❯ apps/api/test/integration/registers.test.ts:235:25
    233|       body: { outOfScope: "Enterprise fixed-line products (synthetic)"…
    234|     });
    235|     expect(real.status).toBe(200);
       |                         ^
    236|     expect(exclusions(real.body)).toMatchObject({ result: "pass", deta…
    237|     expect(exclusions((await call(api.app, "GET", C, { session: q.lead…

⎯⎯⎯⎯⎯⎯⎯⎯⎯⎯⎯⎯⎯⎯⎯⎯⎯⎯⎯⎯[106/278]⎯

 FAIL  |integration| apps/api/test/integration/registers.test.ts > F-DG2-150: the exclusions pre-check fails on an empty or blank Out of scope (REQ-PB-031 A01, B0041) > clearing it again (PATCH with If-Match) gives attention; a stale If-Match is 409 and changes nothing
AssertionError: expected [ 404, undefined ] to deeply equal [ 409, 2 ]

[32m- Expected[39m
[31m+ Received[39m

[2m  [[22m
[32m-   409,[39m
[32m-   2,[39m
[31m+   404,[39m
[31m+   undefined,[39m
[2m  ][22m

 ❯ apps/api/test/integration/registers.test.ts:247:55
    245|       body: { outOfScope: null },
    246|     });
    247|     expect([stale.status, stale.body.currentVersion]).toEqual([409, 2]…
       |                                                       ^
    248|     const cleared = await call(api.app, "PATCH", C, {
    249|       session: q.lead.session,

⎯⎯⎯⎯⎯⎯⎯⎯⎯⎯⎯⎯⎯⎯⎯⎯⎯⎯⎯⎯[107/278]⎯

 FAIL  |integration| apps/api/test/integration/registers.test.ts > North Star (REQ-PB-033) > one sentence, no line break; refining supersedes (never overwrites); If-Match rules
AssertionError: expected 404 to be 400 // Object.is equality

[32m- Expected[39m
[31m+ Received[39m

[32m- 400[39m
[31m+ 404[39m

 ❯ apps/api/test/integration/registers.test.ts:277:7
    275|     expect(
    276|       (await call(api.app, "PUT", N, { session: q.lead.session, body: …
    277|     ).toBe(400);
       |       ^
    278|     expect((await call(api.app, "PUT", N, { session: q.lead.session, b…
    279|       400,

⎯⎯⎯⎯⎯⎯⎯⎯⎯⎯⎯⎯⎯⎯⎯⎯⎯⎯⎯⎯[108/278]⎯

 FAIL  |integration| apps/api/test/integration/registers.test.ts > T01 / T03 template rules and record-level rules > T01: confidence outside H/M/L is 400; amount without currency 422; seeded rows cannot be archived
TypeError: Cannot read properties of undefined (reading '0')
 ❯ apps/api/test/integration/registers.test.ts:310:31
    308|   it("T01: confidence outside H/M/L is 400; amount without currency 42…
    309|     const items = await call(api.app, "GET", `${T}/diagnostic-items`, …
    310|     const seeded = items.body.items[0];
       |                               ^
    311|     expect(items.body.items).toHaveLength(6);
    312|     const bad = await call(api.app, "PATCH", `${T}/diagnostic-items/${…

⎯⎯⎯⎯⎯⎯⎯⎯⎯⎯⎯⎯⎯⎯⎯⎯⎯⎯⎯⎯[109/278]⎯

 FAIL  |integration| apps/api/test/integration/registers.test.ts > T01 / T03 template rules and record-level rules > T03: a gap without a TOM dimension is 422 (pointer /dimensionCode); the design decision must be T04 of this transformation
AssertionError: expected 404 to be 422 // Object.is equality

[32m- Expected[39m
[31m+ Received[39m

[32m- 422[39m
[31m+ 404[39m

 ❯ apps/api/test/integration/registers.test.ts:342:24
    340|       body: { gap: "Missing dimension" },
    341|     });
    342|     expect(res.status).toBe(422);
       |                        ^
    343|     expect(res.body.errors[0].pointer).toBe("/dimensionCode");
    344|     const wrongDecision = await call(api.app, "POST", `${T}/tom-gaps`,…

⎯⎯⎯⎯⎯⎯⎯⎯⎯⎯⎯⎯⎯⎯⎯⎯⎯⎯⎯⎯[110/278]⎯

 FAIL  |integration| apps/api/test/integration/registers.test.ts > T01 / T03 template rules and record-level rules > a contributor (WL) creates and edits only their own rows; status transitions are enforced
AssertionError: expected 400 to be 403 // Object.is equality

[32m- Expected[39m
[31m+ Received[39m

[32m- 403[39m
[31m+ 400[39m

 ❯ apps/api/test/integration/registers.test.ts:366:27
    364|       body: { statement: "edited by WL" },
    365|     });
    366|     expect(notOwn.status).toBe(403);
       |                           ^
    367|     const ok = await call(api.app, "PATCH", `${T}/diagnostic-findings/…
    368|       session: p.contributor.session,

⎯⎯⎯⎯⎯⎯⎯⎯⎯⎯⎯⎯⎯⎯⎯⎯⎯⎯⎯⎯[111/278]⎯

 FAIL  |integration| apps/api/test/integration/registers.test.ts > T01 / T03 template rules and record-level rules > an archived transformation is read-only for its registers (422)
AssertionError: expected [ 404, 'not_found' ] to deeply equal [ 422, 'transformation.archived' ]

[32m- Expected[39m
[31m+ Received[39m

[2m  [[22m
[32m-   422,[39m
[32m-   "transformation.archived",[39m
[31m+   404,[39m
[31m+   "not_found",[39m
[2m  ][22m

 ❯ apps/api/test/integration/registers.test.ts:393:41
    391|       body: { title: "x", category: "risk", statement: "y" },
    392|     });
    393|     expect([res.status, res.body.code]).toEqual([422, "transformation.…
       |                                         ^
    394|   });
    395| });

⎯⎯⎯⎯⎯⎯⎯⎯⎯⎯⎯⎯⎯⎯⎯⎯⎯⎯⎯⎯[112/278]⎯

 FAIL  |integration| apps/api/test/integration/registers.test.ts > decisions (T04) and workshop mode > D-nn codes per transformation; only the owner (or a delegate) decides; the decided record is final
TypeError: Cannot read properties of undefined (reading 'map')
 ❯ apps/api/test/integration/registers.test.ts:412:28
    410|     const d2 = await make("Second (synthetic)");
    411|     expect(Number(d2.body.code.slice(2))).toBe(Number(d1.body.code.sli…
    412|     expect(d1.body.options.map((o: { label: string }) => o.label)).toE…
       |                            ^
    413|     const byLead = await call(api.app, "POST", `/api/v1/decisions/${d1…
    414|       session: p.lead.session,

⎯⎯⎯⎯⎯⎯⎯⎯⎯⎯⎯⎯⎯⎯⎯⎯⎯⎯⎯⎯[113/278]⎯

 FAIL  |integration| apps/api/test/integration/registers.test.ts > decisions (T04) and workshop mode > an unresolved workshop item blocks closing until it is converted into an owned action (one transaction)
AssertionError: expected 400 to be 'open' // Object.is equality

[32m- Expected:[39m 
"open"

[31m+ Received:[39m 
400

 ❯ apps/api/test/integration/registers.test.ts:458:30
    456|       body: { kind: "unresolved", body: "Open question" },
    457|     });
    458|     expect(item.body.status).toBe("open");
       |                              ^
    459|     const close = await call(api.app, "PATCH", W, {
    460|       session: p.lead.session,

⎯⎯⎯⎯⎯⎯⎯⎯⎯⎯⎯⎯⎯⎯⎯⎯⎯⎯⎯⎯[114/278]⎯

 FAIL  |integration| apps/api/test/integration/registers.test.ts > TOM canvas, methodology labels and the team > the canvas aggregates the gaps, design decisions, dependencies and evidence of a dimension; ready needs target+owner
AssertionError: Target cannot be null or undefined.
 ❯ apps/api/test/integration/registers.test.ts:534:28
    532|     });
    533|     const cell = await call(api.app, "GET", `${T}/tom-canvas/data_anal…
    534|     expect(cell.body.gaps).toHaveLength(1);
       |                            ^
    535|     expect(cell.body.dependencies[0].code).toMatch(/^DEP-\d{2,}$/);
    536|     expect(cell.body.dimension.sourceCanvasBoxEn.length).toBeGreaterTh…

⎯⎯⎯⎯⎯⎯⎯⎯⎯⎯⎯⎯⎯⎯⎯⎯⎯⎯⎯⎯[115/278]⎯

 FAIL  |integration| apps/api/test/integration/registers.test.ts > TOM canvas, methodology labels and the team > methodology labels: only label/translation fields, versioned and audited; others get 403
TypeError: Cannot read properties of undefined (reading 'find')
 ❯ apps/api/test/integration/registers.test.ts:549:43
    547|   it("methodology labels: only label/translation fields, versioned and…
    548|     const before = await call(api.app, "GET", `${T}/methodology`, { se…
    549|     const dim = before.body.tomDimensions.find((d: { code: string }) =…
       |                                           ^
    550|     const denied = await call(api.app, "PATCH", "/api/v1/methodology/t…
    551|       session: p.auditor.session,

⎯⎯⎯⎯⎯⎯⎯⎯⎯⎯⎯⎯⎯⎯⎯⎯⎯⎯⎯⎯[116/278]⎯

 FAIL  |integration| apps/api/test/integration/registers.test.ts > TOM canvas, methodology labels and the team > team: accountabilities (B0018 verbatim for source roles); team.assign only non-approver roles, never self
AssertionError: expected 404 to be 400 // Object.is equality

[32m- Expected[39m
[31m+ Received[39m

[32m- 400[39m
[31m+ 404[39m

 ❯ apps/api/test/integration/registers.test.ts:581:32
    579|       body: { userId: member.id, roleCode: "SP", reason: "Try to creat…
    580|     });
    581|     expect(sponsorRole.status).toBe(400);
       |                                ^
    582|     const self = await call(api.app, "POST", `${T}/scoped-assignments`…
    583|       session: p.lead.session,

⎯⎯⎯⎯⎯⎯⎯⎯⎯⎯⎯⎯⎯⎯⎯⎯⎯⎯⎯⎯[117/278]⎯

 FAIL  |integration| apps/api/test/integration/registers.test.ts > outcomes: the good outcome test (B0051, REQ-PB-036), computed server-side on every Outcome response > A01: 'Launch new app' with no KPI fails the test with reasons (create, get and list agree); it is not stored
AssertionError: expected 404 to be 201 // Object.is equality

[32m- Expected[39m
[31m+ Received[39m

[32m- 201[39m
[31m+ 404[39m

 ❯ apps/api/test/integration/registers.test.ts:622:28
    620|       body: { statement: "Launch new app" },
    621|     });
    622|     expect(created.status).toBe(201);
       |                            ^
    623|     expect(created.body.goodOutcomePass).toBe(false);
    624|     const test = created.body.goodOutcomeTest as Result[];

⎯⎯⎯⎯⎯⎯⎯⎯⎯⎯⎯⎯⎯⎯⎯⎯⎯⎯⎯⎯[118/278]⎯

 FAIL  |integration| apps/api/test/integration/registers.test.ts > outcomes: the good outcome test (B0051, REQ-PB-036), computed server-side on every Outcome response > the computed fields are not writable: create and update with goodOutcomeTest/goodOutcomePass are 400, nothing written
AssertionError: expected 404 to be 400 // Object.is equality

[32m- Expected[39m
[31m+ Received[39m

[32m- 400[39m
[31m+ 404[39m

 ❯ apps/api/test/integration/registers.test.ts:662:24
    660|       body: { statement: "Raise NPS (synthetic)", goodOutcomePass: tru…
    661|     });
    662|     expect(bad.status).toBe(400);
       |                        ^
    663|     expect(await auditOfRequest(api.db, String(bad.headers["x-request-…
    664|     const o = await call(api.app, "POST", `${Q}/outcomes`, {

⎯⎯⎯⎯⎯⎯⎯⎯⎯⎯⎯⎯⎯⎯⎯⎯⎯⎯⎯⎯[119/278]⎯

 FAIL  |integration| apps/api/test/integration/registers.test.ts > outcomes: the good outcome test (B0051, REQ-PB-036), computed server-side on every Outcome response > pass: confirmations, an active owner, a causal chain and a linked KPI; update and archive of the KPI re-evaluate
AssertionError: expected 404 to be 201 // Object.is equality

[32m- Expected[39m
[31m+ Received[39m

[32m- 201[39m
[31m+ 404[39m

 ❯ apps/api/test/integration/registers.test.ts:689:28
    687|       },
    688|     });
    689|     expect(created.status).toBe(201);
       |                            ^
    690|     // Everything recorded except the KPI: measurable fails, so the te…
    691|     expect(byCode(created.body.goodOutcomeTest).get("measurable")!.res…

⎯⎯⎯⎯⎯⎯⎯⎯⎯⎯⎯⎯⎯⎯⎯⎯⎯⎯⎯⎯[120/278]⎯

 FAIL  |integration| apps/api/test/integration/registers.test.ts > outcomes: the good outcome test (B0051, REQ-PB-036), computed server-side on every Outcome response > explicit negatives fail; activity wording fails 'specific' even when attested; the read-only auditor gets 403
AssertionError: expected 404 to be 201 // Object.is equality

[32m- Expected[39m
[31m+ Received[39m

[32m- 201[39m
[31m+ 404[39m

 ❯ apps/api/test/integration/registers.test.ts:770:22
    768|       },
    769|     });
    770|     expect(o.status).toBe(201);
       |                      ^
    771|     const c = byCode(o.body.goodOutcomeTest);
    772|     expect(c.get("specific")!.result).toBe("fail");

⎯⎯⎯⎯⎯⎯⎯⎯⎯⎯⎯⎯⎯⎯⎯⎯⎯⎯⎯⎯[121/278]⎯

 FAIL  |integration| apps/api/test/integration/request-io.test.ts > F-DG2-411: a stalled upload holds no pooled connection and no row lock > reviewer's R8: N stalled uploads (N = pool size) leave /me and /readyz answering promptly; nothing is stored
AssertionError: {"type":"urn:mth:problem:not-found","title":"Not found","status":404,"code":"not_found","requestId":"01a11e50-b44d-77cd-a92d-fb91acfac903"}: expected 404 to be 201 // Object.is equality

[32m- Expected[39m
[31m+ Received[39m

[32m- 201[39m
[31m+ 404[39m

 ❯ newFile apps/api/test/integration/request-io.test.ts:174:44
    172|     body: { ownerUserId: p.lead.id, kind: "file", title },
    173|   });
    174|   expect(c.status, JSON.stringify(c.body)).toBe(201);
       |                                            ^
    175|   return { id: c.body.id as string, version: c.body.version as number …
    176| }
 ❯ apps/api/test/integration/request-io.test.ts:237:52

⎯⎯⎯⎯⎯⎯⎯⎯⎯⎯⎯⎯⎯⎯⎯⎯⎯⎯⎯⎯[122/278]⎯

 FAIL  |integration| apps/api/test/integration/request-io.test.ts > F-DG2-411: a stalled upload holds no pooled connection and no row lock > an upload whose If-Match goes stale during the body: 409 version_conflict, no content row, no object
AssertionError: {"type":"urn:mth:problem:not-found","title":"Not found","status":404,"code":"not_found","requestId":"01a11e50-b477-777b-a125-8dfafc855d60"}: expected 404 to be 201 // Object.is equality

[32m- Expected[39m
[31m+ Received[39m

[32m- 201[39m
[31m+ 404[39m

 ❯ newFile apps/api/test/integration/request-io.test.ts:174:44
    172|     body: { ownerUserId: p.lead.id, kind: "file", title },
    173|   });
    174|   expect(c.status, JSON.stringify(c.body)).toBe(201);
       |                                            ^
    175|   return { id: c.body.id as string, version: c.body.version as number …
    176| }
 ❯ apps/api/test/integration/request-io.test.ts:299:15

⎯⎯⎯⎯⎯⎯⎯⎯⎯⎯⎯⎯⎯⎯⎯⎯⎯⎯⎯⎯[123/278]⎯

 FAIL  |integration| apps/api/test/integration/request-io.test.ts > F-DG2-411: a stalled upload holds no pooled connection and no row lock > valid uploads stay byte-exact with their sha256 (stored, recorded and downloaded), no temporary object left
AssertionError: {"type":"urn:mth:problem:not-found","title":"Not found","status":404,"code":"not_found","requestId":"01a11e50-b49c-7209-9f1e-e2141464b89f"}: expected 404 to be 201 // Object.is equality

[32m- Expected[39m
[31m+ Received[39m

[32m- 201[39m
[31m+ 404[39m

 ❯ newFile apps/api/test/integration/request-io.test.ts:174:44
    172|     body: { ownerUserId: p.lead.id, kind: "file", title },
    173|   });
    174|   expect(c.status, JSON.stringify(c.body)).toBe(201);
       |                                            ^
    175|   return { id: c.body.id as string, version: c.body.version as number …
    176| }
 ❯ apps/api/test/integration/request-io.test.ts:347:17

⎯⎯⎯⎯⎯⎯⎯⎯⎯⎯⎯⎯⎯⎯⎯⎯⎯⎯⎯⎯[124/278]⎯

 FAIL  |integration| apps/api/test/integration/request-io.test.ts > F-DG2-411: a stalled upload holds no pooled connection and no row lock > sweep: downloads to slow readers (N+1 paused readers, pool size N) hold no pooled connection
AssertionError: {"type":"urn:mth:problem:not-found","title":"Not found","status":404,"code":"not_found","requestId":"01a11e50-b4ca-7398-9ca5-7f8d481765d9"}: expected 404 to be 201 // Object.is equality

[32m- Expected[39m
[31m+ Received[39m

[32m- 201[39m
[31m+ 404[39m

 ❯ newFile apps/api/test/integration/request-io.test.ts:174:44
    172|     body: { ownerUserId: p.lead.id, kind: "file", title },
    173|   });
    174|   expect(c.status, JSON.stringify(c.body)).toBe(201);
       |                                            ^
    175|   return { id: c.body.id as string, version: c.body.version as number …
    176| }
 ❯ apps/api/test/integration/request-io.test.ts:382:15

⎯⎯⎯⎯⎯⎯⎯⎯⎯⎯⎯⎯⎯⎯⎯⎯⎯⎯⎯⎯[125/278]⎯

 FAIL  |integration| apps/api/test/integration/request-io.test.ts > F-DG2-412: an aborted or stalled body is never a 500 and never an error-level log > R6a stalled JSON body, requestTimeout 408: answered (if at all) below 500, logged below error level, nothing stored
AssertionError: {"type":"urn:mth:problem:not-found","title":"Not found","status":404,"code":"not_found","requestId":"01a11e50-ba92-74b5-9271-ebb682866635"}: expected 404 to be 201 // Object.is equality

[32m- Expected[39m
[31m+ Received[39m

[32m- 201[39m
[31m+ 404[39m

 ❯ newFile apps/api/test/integration/request-io.test.ts:174:44
    172|     body: { ownerUserId: p.lead.id, kind: "file", title },
    173|   });
    174|   expect(c.status, JSON.stringify(c.body)).toBe(201);
       |                                            ^
    175|   return { id: c.body.id as string, version: c.body.version as number …
    176| }
 ❯ apps/api/test/integration/request-io.test.ts:517:17

⎯⎯⎯⎯⎯⎯⎯⎯⎯⎯⎯⎯⎯⎯⎯⎯⎯⎯⎯⎯[126/278]⎯

 FAIL  |integration| apps/api/test/integration/request-io.test.ts > F-DG2-412: an aborted or stalled body is never a 500 and never an error-level log > R6d JSON body aborted by the client: answered (if at all) below 500, logged below error level, nothing stored
AssertionError: {"type":"urn:mth:problem:not-found","title":"Not found","status":404,"code":"not_found","requestId":"01a11e50-babd-747c-b3d9-a3f88858b7df"}: expected 404 to be 201 // Object.is equality

[32m- Expected[39m
[31m+ Received[39m

[32m- 201[39m
[31m+ 404[39m

 ❯ newFile apps/api/test/integration/request-io.test.ts:174:44
    172|     body: { ownerUserId: p.lead.id, kind: "file", title },
    173|   });
    174|   expect(c.status, JSON.stringify(c.body)).toBe(201);
       |                                            ^
    175|   return { id: c.body.id as string, version: c.body.version as number …
    176| }
 ❯ apps/api/test/integration/request-io.test.ts:517:17

⎯⎯⎯⎯⎯⎯⎯⎯⎯⎯⎯⎯⎯⎯⎯⎯⎯⎯⎯⎯[127/278]⎯

 FAIL  |integration| apps/api/test/integration/request-io.test.ts > F-DG2-412: an aborted or stalled body is never a 500 and never an error-level log > R6c stalled upload body, requestTimeout 408: answered (if at all) below 500, logged below error level, nothing stored
AssertionError: {"type":"urn:mth:problem:not-found","title":"Not found","status":404,"code":"not_found","requestId":"01a11e50-badb-741b-98a8-f7b51ce5a264"}: expected 404 to be 201 // Object.is equality

[32m- Expected[39m
[31m+ Received[39m

[32m- 201[39m
[31m+ 404[39m

 ❯ newFile apps/api/test/integration/request-io.test.ts:174:44
    172|     body: { ownerUserId: p.lead.id, kind: "file", title },
    173|   });
    174|   expect(c.status, JSON.stringify(c.body)).toBe(201);
       |                                            ^
    175|   return { id: c.body.id as string, version: c.body.version as number …
    176| }
 ❯ apps/api/test/integration/request-io.test.ts:517:17

⎯⎯⎯⎯⎯⎯⎯⎯⎯⎯⎯⎯⎯⎯⎯⎯⎯⎯⎯⎯[128/278]⎯

 FAIL  |integration| apps/api/test/integration/request-io.test.ts > F-DG2-412: an aborted or stalled body is never a 500 and never an error-level log > R6e upload body aborted by the client: answered (if at all) below 500, logged below error level, nothing stored
AssertionError: {"type":"urn:mth:problem:not-found","title":"Not found","status":404,"code":"not_found","requestId":"01a11e50-bafa-76d2-be9e-2d880ee1ee89"}: expected 404 to be 201 // Object.is equality

[32m- Expected[39m
[31m+ Received[39m

[32m- 201[39m
[31m+ 404[39m

 ❯ newFile apps/api/test/integration/request-io.test.ts:174:44
    172|     body: { ownerUserId: p.lead.id, kind: "file", title },
    173|   });
    174|   expect(c.status, JSON.stringify(c.body)).toBe(201);
       |                                            ^
    175|   return { id: c.body.id as string, version: c.body.version as number …
    176| }
 ❯ apps/api/test/integration/request-io.test.ts:517:17

⎯⎯⎯⎯⎯⎯⎯⎯⎯⎯⎯⎯⎯⎯⎯⎯⎯⎯⎯⎯[129/278]⎯

 FAIL  |integration| apps/api/test/integration/request-io.test.ts > F-DG2-412: an aborted or stalled body is never a 500 and never an error-level log > no over-match: a database-side ECONNRESET while the request body is still arriving is a 500 with an error log
AssertionError: {"type":"urn:mth:problem:not-found","title":"Not found","status":404,"code":"not_found","requestId":"01a11e50-bb32-75fa-a9b3-86100e99ecfc"}: expected 404 to be 201 // Object.is equality

[32m- Expected[39m
[31m+ Received[39m

[32m- 201[39m
[31m+ 404[39m

 ❯ newFile apps/api/test/integration/request-io.test.ts:174:44
    172|     body: { ownerUserId: p.lead.id, kind: "file", title },
    173|   });
    174|   expect(c.status, JSON.stringify(c.body)).toBe(201);
       |                                            ^
    175|   return { id: c.body.id as string, version: c.body.version as number …
    176| }
 ❯ apps/api/test/integration/request-io.test.ts:572:17

⎯⎯⎯⎯⎯⎯⎯⎯⎯⎯⎯⎯⎯⎯⎯⎯⎯⎯⎯⎯[130/278]⎯

 FAIL  |integration| apps/api/test/integration/shutdown-cleanup.test.ts > F-DG2-460: SIGTERM with an upload in flight leaves no temporary and no final object > R12-07: 2 MiB of a declared 10 MiB upload, then the client stalls; SIGTERM -> exit 0 within grace + backstop; the store is empty
AssertionError: {"type":"urn:mth:problem:not-found","title":"Not found","status":404,"code":"not_found","requestId":"01a11e50-82a4-7548-a346-7076a67664ec"}: expected 404 to be 201 // Object.is equality

[32m- Expected[39m
[31m+ Received[39m

[32m- 201[39m
[31m+ 404[39m

 ❯ newFile apps/api/test/integration/shutdown-cleanup.test.ts:154:44
    152|     body: { ownerUserId: p.lead.id, kind: "file", title },
    153|   });
    154|   expect(c.status, JSON.stringify(c.body)).toBe(201);
       |                                            ^
    155|   return { id: c.body.id as string, version: c.body.version as number,…
    156| }
 ❯ apps/api/test/integration/shutdown-cleanup.test.ts:192:17

⎯⎯⎯⎯⎯⎯⎯⎯⎯⎯⎯⎯⎯⎯⎯⎯⎯⎯⎯⎯[131/278]⎯

 FAIL  |integration| apps/api/test/integration/shutdown-cleanup.test.ts > F-DG2-460: SIGTERM with an upload in flight leaves no temporary and no final object > an upload that is ACTIVELY streaming through the whole grace period: SIGTERM -> exit 0 within grace + backstop; the store is empty
AssertionError: {"type":"urn:mth:problem:not-found","title":"Not found","status":404,"code":"not_found","requestId":"01a11e50-86e0-764c-a4b0-e022bf9fd2ec"}: expected 404 to be 201 // Object.is equality

[32m- Expected[39m
[31m+ Received[39m

[32m- 201[39m
[31m+ 404[39m

 ❯ newFile apps/api/test/integration/shutdown-cleanup.test.ts:154:44
    152|     body: { ownerUserId: p.lead.id, kind: "file", title },
    153|   });
    154|   expect(c.status, JSON.stringify(c.body)).toBe(201);
       |                                            ^
    155|   return { id: c.body.id as string, version: c.body.version as number,…
    156| }
 ❯ apps/api/test/integration/shutdown-cleanup.test.ts:223:17

⎯⎯⎯⎯⎯⎯⎯⎯⎯⎯⎯⎯⎯⎯⎯⎯⎯⎯⎯⎯[132/278]⎯

 FAIL  |integration| apps/api/test/integration/shutdown-cleanup.test.ts > F-DG2-460: SIGTERM with an upload in flight leaves no temporary and no final object > positive control: an upload that completes before SIGTERM is kept (one final object, its content row), then shutdown is prompt
AssertionError: {"type":"urn:mth:problem:not-found","title":"Not found","status":404,"code":"not_found","requestId":"01a11e50-8b02-766e-b360-fb51c93de2f6"}: expected 404 to be 201 // Object.is equality

[32m- Expected[39m
[31m+ Received[39m

[32m- 201[39m
[31m+ 404[39m

 ❯ newFile apps/api/test/integration/shutdown-cleanup.test.ts:154:44
    152|     body: { ownerUserId: p.lead.id, kind: "file", title },
    153|   });
    154|   expect(c.status, JSON.stringify(c.body)).toBe(201);
       |                                            ^
    155|   return { id: c.body.id as string, version: c.body.version as number,…
    156| }
 ❯ apps/api/test/integration/shutdown-cleanup.test.ts:266:17

⎯⎯⎯⎯⎯⎯⎯⎯⎯⎯⎯⎯⎯⎯⎯⎯⎯⎯⎯⎯[133/278]⎯

 FAIL  |integration| apps/api/test/integration/contract/contract.test.ts > every operation, validated against the contract and the zod mirrors > P2 backend operations (p2-exercises.ts): every routed operation exercised with a success
AssertionError: getTransformationMethodology: {"type":"urn:mth:problem:not-found","title":"Not found","status":404,"code":"not_found","requestId":"01a11e50-983b-75e8-b73f-691054ad1b06"}: expected 404 to be 200 // Object.is equality

[32m- Expected[39m
[31m+ Received[39m

[32m- 200[39m
[31m+ 404[39m

 ❯ expectStatus apps/api/test/integration/contract/p2-exercises.ts:24:78
     22|   const office = p.office.session;
     23|   const expectStatus = (res: Res, status: number, what: string) =>
     24|     expect(res.status, `${what}: ${JSON.stringify(res.body).slice(0, 5…
       |                                                                              ^
     25| 
     26|   // ---------------------------------------------------------------- …
 ❯ exerciseP2BackendOperations apps/api/test/integration/contract/p2-exercises.ts:28:3
 ❯ apps/api/test/integration/contract/contract.test.ts:492:5

⎯⎯⎯⎯⎯⎯⎯⎯⎯⎯⎯⎯⎯⎯⎯⎯⎯⎯⎯⎯[134/278]⎯

 FAIL  |integration| apps/api/test/integration/contract/contract.test.ts > every operation, validated against the contract and the zod mirrors > P3 BE-A operations (p3-exercises-be-a.ts): readiness, outcome hierarchy, gate dispensations
AssertionError: expected 404 to be 200 // Object.is equality

[32m- Expected[39m
[31m+ Received[39m

[32m- 200[39m
[31m+ 404[39m

 ❯ exerciseP3BeAOperations apps/api/test/integration/contract/p3-exercises-be-a.ts:29:28
     27| 
     28|   const readiness = await m("GET", `${T}/readiness`, { session: p.lead…
     29|   expect(readiness.status).toBe(200);
       |                            ^
     30|   expect(readiness.body.missingDiagnosticAreas).toEqual([
     31|     "economics",
 ❯ apps/api/test/integration/contract/contract.test.ts:502:5

⎯⎯⎯⎯⎯⎯⎯⎯⎯⎯⎯⎯⎯⎯⎯⎯⎯⎯⎯⎯[135/278]⎯

 FAIL  |integration| apps/api/test/integration/contract/contract.test.ts > every operation, validated against the contract and the zod mirrors > P3 BE-B operations (p3-exercises-be-b.ts)
AssertionError: POST /api/v1/initiatives: {"type":"urn:mth:problem:forbidden","title":"Forbidden","status":403,"detail":"Your access to this record changed while the request was in progress.","code":"forbidden","requestId":"01a11e50-9915-71ba-8880-0bd501d8b756"}: expected 403 to be 201 // Object.is equality

[32m- Expected[39m
[31m+ Received[39m

[32m- 201[39m
[31m+ 403[39m

 ❯ created apps/api/test/integration/contract/p3-exercises-be-b.ts:62:80
     60| const created = async (send: Send, url: string, session: P2World["lead…
     61|   const res = await send("POST", url, { session, body });
     62|   expect(res.status, `POST ${url}: ${JSON.stringify(res.body).slice(0,…
       |                                                                                ^
     63|   return res.body as { id: string; version: number } & Record<string, …
     64| };
 ❯ exerciseP3BeBOperations apps/api/test/integration/contract/p3-exercises-be-b.ts:323:15
 ❯ apps/api/test/integration/contract/contract.test.ts:505:5

⎯⎯⎯⎯⎯⎯⎯⎯⎯⎯⎯⎯⎯⎯⎯⎯⎯⎯⎯⎯[136/278]⎯

 FAIL  |integration| apps/api/test/integration/contract/contract.test.ts > every operation, validated against the contract and the zod mirrors > P3 BE-C operations (p3-exercises-be-c.ts)
AssertionError: {"type":"urn:mth:problem:not-found","title":"Not found","status":404,"code":"not_found","requestId":"01a11e50-998a-71b0-aac1-c27ce49cbf1f"}: expected 404 to be 201 // Object.is equality

[32m- Expected[39m
[31m+ Received[39m

[32m- 201[39m
[31m+ 404[39m

 ❯ exerciseP3BeCOperations apps/api/test/integration/contract/p3-exercises-be-c.ts:172:52
    170|   ]);
    171|   const added = await m("POST", `${T}/waves`, { session: p.lead.sessio…
    172|   expect(added.status, JSON.stringify(added.body)).toBe(201);
       |                                                    ^
    173|   const dup = await m("POST", `${T}/waves`, {
    174|     session: p.lead.session,
 ❯ apps/api/test/integration/contract/contract.test.ts:508:5

⎯⎯⎯⎯⎯⎯⎯⎯⎯⎯⎯⎯⎯⎯⎯⎯⎯⎯⎯⎯[137/278]⎯

 FAIL  |integration| apps/api/test/integration/contract/contract.test.ts > every operation, validated against the contract and the zod mirrors > P3 BE-D operations (p3-exercises-be-d.ts)
AssertionError: expected [ 403, 'forbidden' ] to deeply equal [ 422, 'prioritization.weights_total' ]

[32m- Expected[39m
[31m+ Received[39m

[2m  [[22m
[32m-   422,[39m
[32m-   "prioritization.weights_total",[39m
[31m+   403,[39m
[31m+   "forbidden",[39m
[2m  ][22m

 ❯ exerciseP3BeDOperations apps/api/test/integration/contract/p3-exercises-be-d.ts:208:39
    206|     },
    207|   });
    208|   expect([bad.status, bad.body.code]).toEqual([422, "prioritization.we…
       |                                       ^
    209|   const v2Weights = [
    210|     { criterionCode: "strategic_fit", weightPercent: "15" },
 ❯ apps/api/test/integration/contract/contract.test.ts:511:5

⎯⎯⎯⎯⎯⎯⎯⎯⎯⎯⎯⎯⎯⎯⎯⎯⎯⎯⎯⎯[138/278]⎯

 FAIL  |integration| apps/api/test/integration/contract/contract.test.ts > every operation, validated against the contract and the zod mirrors > P3 BE-E operations (p3-exercises-be-e.ts)
AssertionError: createResourceRole: {"type":"urn:mth:problem:forbidden","title":"Forbidden","status":403,"detail":"Your access to this record changed while the request was in progress.","code":"forbidden","requestId":"01a11e50-9a6e-732f-a995-e1b5e3427411"}: expected 403 to be 201 // Object.is equality

[32m- Expected[39m
[31m+ Received[39m

[32m- 201[39m
[31m+ 403[39m

 ❯ ok apps/api/test/integration/contract/p3-exercises-be-e.ts:49:76
     47| 
     48| const ok = (res: { status: number; body: unknown }, status: number, wh…
     49|   expect(res.status, `${what}: ${JSON.stringify(res.body).slice(0, 500…
       |                                                                            ^
     50|   // Test bodies are asserted structurally.
     51|   // eslint-disable-next-line @typescript-eslint/no-explicit-any
 ❯ exerciseP3BeEOperations apps/api/test/integration/contract/p3-exercises-be-e.ts:98:16
 ❯ apps/api/test/integration/contract/contract.test.ts:514:5

⎯⎯⎯⎯⎯⎯⎯⎯⎯⎯⎯⎯⎯⎯⎯⎯⎯⎯⎯⎯[139/278]⎯

 FAIL  |integration| apps/api/test/integration/contract/contract.test.ts > every operation, validated against the contract and the zod mirrors > P3 KBE-B operations (p3-exercises-kbe-b.ts)
AssertionError: {"type":"urn:mth:problem:forbidden","title":"Forbidden","status":403,"detail":"Your access to this record changed while the request was in progress.","code":"forbidden","requestId":"01a11e50-9aec-703b-9af7-090b98f15894"}: expected 403 to be 201 // Object.is equality

[32m- Expected[39m
[31m+ Received[39m

[32m- 201[39m
[31m+ 403[39m

 ❯ exerciseP3KbeBOperations apps/api/test/integration/contract/p3-exercises-kbe-b.ts:104:56
    102|     },
    103|   });
    104|   expect(created.status, JSON.stringify(created.body)).toBe(201);
       |                                                        ^
    105|   expect(created.body).toMatchObject({ code: "BC-01", version: 1, curr…
    106|   const C = `${B}/${created.body.id}`;
 ❯ apps/api/test/integration/contract/contract.test.ts:517:5

⎯⎯⎯⎯⎯⎯⎯⎯⎯⎯⎯⎯⎯⎯⎯⎯⎯⎯⎯⎯[140/278]⎯

 FAIL  |integration| apps/api/test/integration/contract/contract.test.ts > every operation, validated against the contract and the zod mirrors > P3 KBE-C operations (p3-exercises-kbe-c.ts)
AssertionError: {"type":"urn:mth:problem:forbidden","title":"Forbidden","status":403,"detail":"Your access to this record changed while the request was in progress.","code":"forbidden","requestId":"01a11e50-9b6e-775c-aacc-2faf717fd990"}: expected 403 to be 201 // Object.is equality

[32m- Expected[39m
[31m+ Received[39m

[32m- 201[39m
[31m+ 403[39m

 ❯ exerciseP3KbeCOperations apps/api/test/integration/contract/p3-exercises-kbe-c.ts:74:56
     72|     },
     73|   });
     74|   expect(created.status, JSON.stringify(created.body)).toBe(201);
       |                                                        ^
     75|   expect(created.body).toMatchObject({ code: "BF-01", isIllustrative: …
     76|   const item = `${F}/${created.body.id}`;
 ❯ apps/api/test/integration/contract/contract.test.ts:520:5

⎯⎯⎯⎯⎯⎯⎯⎯⎯⎯⎯⎯⎯⎯⎯⎯⎯⎯⎯⎯[141/278]⎯

 FAIL  |integration| apps/api/test/integration/contract/contract.test.ts > every operation, validated against the contract and the zod mirrors > covers every operation with at least one success and every successful body with its zod mirror
AssertionError: expected [ 'listStrategicGuardrails', …(205) ] to deeply equal []

[32m- Expected[39m
[31m+ Received[39m

[32m- [][39m
[31m+ [[39m
[31m+   "listStrategicGuardrails",[39m
[31m+   "createStrategicGuardrail",[39m
[31m+   "getStrategicGuardrail",[39m
[31m+   "updateStrategicGuardrail",[39m
[31m+   "archiveStrategicGuardrail",[39m
[31m+   "listOutcomes",[39m
[31m+   "createOutcome",[39m
[31m+   "getOutcome",[39m
[31m+   "updateOutcome",[39m
[31m+   "archiveOutcome",[39m
[31m+   "listDiagnosticItems",[39m
[31m+   "createDiagnosticItem",[39m
[31m+   "getDiagnosticItem",[39m
[31m+   "updateDiagnosticItem",[39m
[31m+   "archiveDiagnosticItem",[39m
[31m+   "listDiagnosticFindings",[39m
[31m+   "createDiagnosticFinding",[39m
[31m+   "getDiagnosticFinding",[39m
[31m+   "updateDiagnosticFinding",[39m
[31m+   "archiveDiagnosticFinding",[39m
[31m+   "listWorkstreamOutputs",[39m
[31m+   "createWorkstreamOutput",[39m
[31m+   "getWorkstreamOutput",[39m
[31m+   "updateWorkstreamOutput",[39m
[31m+   "archiveWorkstreamOutput",[39m
[31m+   "listTomGaps",[39m
[31m+   "createTomGap",[39m
[31m+   "getTomGap",[39m
[31m+   "updateTomGap",[39m
[31m+   "archiveTomGap",[39m
[31m+   "listCapabilityHeatmapEntries",[39m
[31m+   "createCapabilityHeatmapEntry",[39m
[31m+   "getCapabilityHeatmapEntry",[39m
[31m+   "updateCapabilityHeatmapEntry",[39m
[31m+   "archiveCapabilityHeatmapEntry",[39m
[31m+   "listJourneies",[39m
[31m+   "createJourney",[39m
[31m+   "getJourney",[39m
[31m+   "updateJourney",[39m
[31m+   "archiveJourney",[39m
[31m+   "listDependencies",[39m
[31m+   "createDependency",[39m
[31m+   "getDependency",[39m
[31m+   "updateDependency",[39m
[31m+   "archiveDependency",[39m
[31m+   "listActionItems",[39m
[31m+   "createActionItem",[39m
[31m+   "getActionItem",[39m
[31m+   "updateActionItem",[39m
[31m+   "listTomWorkshops",[39m
[31m+   "createTomWorkshop",[39m
[31m+   "getTomWorkshop",[39m
[31m+   "updateTomWorkshop",[39m
[31m+   "listEvidence",[39m
[31m+   "createEvidence",[39m
[31m+   "getEvidence",[39m
[31m+   "updateEvidence",[39m
[31m+   "archiveEvidence",[39m
[31m+   "getTransformationMethodology",[39m
[31m+   "updateTomDimensionLabels",[39m
[31m+   "getCharter",[39m
[31m+   "createCharter",[39m
[31m+   "updateCharter",[39m
[31m+   "listCharterVersions",[39m
[31m+   "getCharterVersion",[39m
[31m+   "getNorthStar",[39m
[31m+   "setNorthStar",[39m
[31m+   "listNorthStarHistory",[39m
[31m+   "getTomCanvas",[39m
[31m+   "getTomCanvasCell",[39m
[31m+   "updateTomCanvasCell",[39m
[31m+   "listJourneyPainPoints",[39m
[31m+   "createJourneyPainPoint",[39m
[31m+   "updateJourneyPainPoint",[39m
[31m+   "archiveJourneyPainPoint",[39m
[31m+   "listTomWorkshopParticipants",[39m
[31m+   "addTomWorkshopParticipant",[39m
[31m+   "removeTomWorkshopParticipant",[39m
[31m+   "listTomWorkshopItems",[39m
[31m+   "createTomWorkshopItem",[39m
[31m+   "convertTomWorkshopItem",[39m
[31m+   "listDecisions",[39m
[31m+   "createDecision",[39m
[31m+   "getDecision",[39m
[31m+   "updateDecision",[39m
[31m+   "addDecisionOption",[39m
[31m+   "updateDecisionOption",[39m
[31m+   "decideDecision",[39m
[31m+   "listGates",[39m
[31m+   "getGate",[39m
[31m+   "configureGateApprover",[39m
[31m+   "listGateSubmissions",[39m
[31m+   "submitGate",[39m
[31m+   "getGateSubmission",[39m
[31m+   "decideGate",[39m
[31m+   "downloadEvidenceContent",[39m
[31m+   "uploadEvidenceContent",[39m
[31m+   "reviewEvidence",[39m
[31m+   "listEvidenceLinks",[39m
[31m+   "createEvidenceLink",[39m
[31m+   "removeEvidenceLink",[39m
[31m+   "listTransformationTeam",[39m
[31m+   "assignTransformationTeamRole",[39m
[31m+   "listInitiatives",[39m
[31m+   "createInitiative",[39m
[31m+   "getInitiative",[39m
[31m+   "updateInitiative",[39m
[31m+   "submitInitiative",[39m
[31m+   "withdrawInitiative",[39m
[31m+   "selectInitiative",[39m
[31m+   "deselectInitiative",[39m
[31m+   "launchInitiative",[39m
[31m+   "cancelInitiative",[39m
[31m+   "listPortfolioSelections",[39m
[31m+   "listInitiativeGapLinks",[39m
[31m+   "createInitiativeGapLink",[39m
[31m+   "removeInitiativeGapLink",[39m
[31m+   "listInitiativeOutcomeContributions",[39m
[31m+   "createInitiativeOutcomeContribution",[39m
[31m+   "removeInitiativeOutcomeContribution",[39m
[31m+   "listInitiativeDecisionLinks",[39m
[31m+   "createInitiativeDecisionLink",[39m
[31m+   "removeInitiativeDecisionLink",[39m
[31m+   "listDeliverables",[39m
[31m+   "createDeliverable",[39m
[31m+   "getDeliverable",[39m
[31m+   "updateDeliverable",[39m
[31m+   "submitDeliverable",[39m
[31m+   "decideDeliverable",[39m
[31m+   "listMilestones",[39m
[31m+   "createMilestone",[39m
[31m+   "getMilestone",[39m
[31m+   "updateMilestone",[39m
[31m+   "approveMilestoneDate",[39m
[31m+   "getTransformationReadiness",[39m
[31m+   "getOutcomeHierarchy",[39m
[31m+   "listGateDispensations",[39m
[31m+   "createGateDispensation",[39m
[31m+   "decideGateDispensation",[39m
[31m+   "revokeGateDispensation",[39m
[31m+   "createRoadmapWave",[39m
[31m+   "getRoadmapWave",[39m
[31m+   "updateRoadmapWave",[39m
[31m+   "getRoadmap",[39m
[31m+   "getPrioritization",[39m
[31m+   "createWeightSet",[39m
[31m+   "approveWeightSet",[39m
[31m+   "withdrawWeightSet",[39m
[31m+   "getInitiativeScores",[39m
[31m+   "createInitiativeScore",[39m
[31m+   "updateInitiativeScore",[39m
[31m+   "listRankingSnapshots",[39m
[31m+   "createRankingSnapshot",[39m
[31m+   "getRankingSnapshot",[39m
[31m+   "getRankingHistory",[39m
[31m+   "listRankingOverrides",[39m
[31m+   "createRankingOverride",[39m
[31m+   "decideRankingOverride",[39m
[31m+   "revokeRankingOverride",[39m
[31m+   "listT08Dependencies",[39m
[31m+   "createT08Dependency",[39m
[31m+   "getT08Dependency",[39m
[31m+   "updateT08Dependency",[39m
[31m+   "archiveT08Dependency",[39m
[31m+   "createDependencyType",[39m
[31m+   "updateDependencyType",[39m
[31m+   "retireDependencyType",[39m
[31m+   "listResourceRoles",[39m
[31m+   "createResourceRole",[39m
[31m+   "updateResourceRole",[39m
[31m+   "listCapacity",[39m
[31m+   "createCapacity",[39m
[31m+   "getCapacity",[39m
[31m+   "updateCapacity",[39m
[31m+   "getCapacityPlan",[39m
[31m+   "listResourceDemands",[39m
[31m+   "createResourceDemand",[39m
[31m+   "getResourceDemand",[39m
[31m+   "updateResourceDemand",[39m
[31m+   "commitResourceDemand",[39m
[31m+   "releaseResourceDemand",[39m
[31m+   "listFundingDecisions",[39m
[31m+   "createFundingDecision",[39m
[31m+   "getFundingDecision",[39m
[31m+   "listBusinessCases",[39m
[31m+   "createBusinessCase",[39m
[31m+   "getBusinessCase",[39m
[31m+   "updateBusinessCase",[39m
[31m+   "archiveBusinessCase",[39m
[31m+   "getBusinessCaseTotals",[39m
[31m+   "validateBusinessCaseBaseline",[39m
[31m+   "listBusinessCaseLines",[39m
[31m+   "createBusinessCaseLine",[39m
[31m+   "updateBusinessCaseLine",[39m
[31m+   "archiveBusinessCaseLine",[39m
[31m+   "listBenefitFormulas",[39m
[31m+   "createBenefitFormula",[39m
[31m+   "getBenefitFormula",[39m
[31m+   "updateBenefitFormula",[39m
[31m+   "archiveBenefitFormula",[39m
[31m+   "listBenefitFormulaVersions",[39m
[31m+   "createBenefitFormulaVersion",[39m
[31m+   "getBenefitFormulaVersion",[39m
[31m+   "listBenefitCalculations",[39m
[31m+   "createBenefitCalculation",[39m
[31m+   "validateBenefitFormulaVersion",[39m
[31m+ ][39m

 ❯ apps/api/test/integration/contract/contract.test.ts:627:23
    625|       .filter((o) => ![...exercised.get(o.operationId)!].some((s) => s…
    626|       .map((o) => o.operationId);
    627|     expect(noSuccess).toEqual([]);
       |                       ^
    628|     const mirrorsNotChecked = Object.keys(ZOD_MIRRORS).filter((id) => …
    629|     expect(mirrorsNotChecked).toEqual([]);

⎯⎯⎯⎯⎯⎯⎯⎯⎯⎯⎯⎯⎯⎯⎯⎯⎯⎯⎯⎯[142/278]⎯

 FAIL  |integration| apps/api/test/integration/dependencies/t08.test.ts > T08 columns, From external, types > the seven T08 columns round-trip; version 1, ETag and Location; audited; listed and read
AssertionError: {"type":"urn:mth:problem:not-found","title":"Not found","status":404,"code":"not_found","requestId":"01a11e51-4a80-7085-aab8-96a21e079070"}: expected 404 to be 201 // Object.is equality

[32m- Expected[39m
[31m+ Received[39m

[32m- 201[39m
[31m+ 404[39m

 ❯ apps/api/test/integration/dependencies/t08.test.ts:79:50
     77|       p.lead.session,
     78|     );
     79|     expect(res.status, JSON.stringify(res.body)).toBe(201);
       |                                                  ^
     80|     expect(res.headers["etag"]).toBe('"1"');
     81|     expect(res.headers["location"]).toBe(`${DEPS}/${res.body.id}`);

⎯⎯⎯⎯⎯⎯⎯⎯⎯⎯⎯⎯⎯⎯⎯⎯⎯⎯⎯⎯[143/278]⎯

 FAIL  |integration| apps/api/test/integration/dependencies/t08.test.ts > T08 columns, From external, types > From `external` with a label is accepted (no edge); a label-less external From is 400
AssertionError: {"type":"urn:mth:problem:not-found","title":"Not found","status":404,"code":"not_found","requestId":"01a11e51-4ad6-7539-9fe8-23487e431b80"}: expected 404 to be 201 // Object.is equality

[32m- Expected[39m
[31m+ Received[39m

[32m- 201[39m
[31m+ 404[39m

 ❯ apps/api/test/integration/dependencies/t08.test.ts:131:50
    129|       p.lead.session,
    130|     );
    131|     expect(res.status, JSON.stringify(res.body)).toBe(201);
       |                                                  ^
    132|     expect(res.body).toMatchObject({ fromKind: "external", fromLabel: …
    133|     // Its schedule is Unknown (an external finish date is not held), …

⎯⎯⎯⎯⎯⎯⎯⎯⎯⎯⎯⎯⎯⎯⎯⎯⎯⎯⎯⎯[144/278]⎯

 FAIL  |integration| apps/api/test/integration/dependencies/t08.test.ts > T08 columns, From external, types > an unknown or retired type is 422 dependency.unknown_type; nothing written
AssertionError: expected 404 to be 422 // Object.is equality

[32m- Expected[39m
[31m+ Received[39m

[32m- 422[39m
[31m+ 404[39m

 ❯ apps/api/test/integration/dependencies/t08.test.ts:143:24
    141|     const before = await rows(p);
    142|     const res = await post(edge(p, ini[0]!, ini[1]!, { dependencyType:…
    143|     expect(res.status).toBe(422);
       |                        ^
    144|     expect(res.body).toMatchObject({
    145|       type: "urn:mth:problem:validation",

⎯⎯⎯⎯⎯⎯⎯⎯⎯⎯⎯⎯⎯⎯⎯⎯⎯⎯⎯⎯[145/278]⎯

 FAIL  |integration| apps/api/test/integration/dependencies/t08.test.ts > T08 columns, From external, types > a self-dependency is 422; an initiative of another transformation is 422; From initiative needs its id (400)
AssertionError: expected [ 404, 'not_found' ] to deeply equal [ 422, 'dependency.self' ]

[32m- Expected[39m
[31m+ Received[39m

[2m  [[22m
[32m-   422,[39m
[32m-   "dependency.self",[39m
[31m+   404,[39m
[31m+   "not_found",[39m
[2m  ][22m

 ❯ apps/api/test/integration/dependencies/t08.test.ts:179:43
    177|     const other = await world(1);
    178|     const self = await post(edge(p, ini[0]!, ini[0]!), p.lead.session);
    179|     expect([self.status, self.body.code]).toEqual([422, "dependency.se…
       |                                           ^
    180|     const foreign = await post(edge(p, other.ini[0]!, ini[0]!), p.lead…
    181|     expect([foreign.status, foreign.body.code, foreign.body.errors[0].…

⎯⎯⎯⎯⎯⎯⎯⎯⎯⎯⎯⎯⎯⎯⎯⎯⎯⎯⎯⎯[146/278]⎯

 FAIL  |integration| apps/api/test/integration/dependencies/t08.test.ts > cycles (REQ-S09-008, REQ-PB-051) > A→B→C→A is 422 naming the cycle exactly (ADR-0023 §5); nothing written
AssertionError: expected 404 to be 201 // Object.is equality

[32m- Expected[39m
[31m+ Received[39m

[32m- 201[39m
[31m+ 404[39m

 ❯ apps/api/test/integration/dependencies/t08.test.ts:306:66
    304|     const { p, ini } = await world(3, [{ name: "Synthetic A" }, { name…
    305|     const [a, b, c] = ini;
    306|     expect((await post(edge(p, b!, c!), p.lead.session)).status).toBe(…
       |                                                                  ^
    307|     expect((await post(edge(p, c!, a!), p.lead.session)).status).toBe(…
    308|     const before = await rows(p);

⎯⎯⎯⎯⎯⎯⎯⎯⎯⎯⎯⎯⎯⎯⎯⎯⎯⎯⎯⎯[147/278]⎯

 FAIL  |integration| apps/api/test/integration/dependencies/t08.test.ts > cycles (REQ-S09-008, REQ-PB-051) > A→B→A is reported the same way ('INI-01 → INI-02 → INI-01'); an archived edge no longer counts
AssertionError: expected 404 to be 201 // Object.is equality

[32m- Expected[39m
[31m+ Received[39m

[32m- 201[39m
[31m+ 404[39m

 ❯ apps/api/test/integration/dependencies/t08.test.ts:336:25
    334|     const [a, b] = ini;
    335|     const back = await post(edge(p, b!, a!), p.lead.session);
    336|     expect(back.status).toBe(201);
       |                         ^
    337|     const res = await post(edge(p, a!, b!), p.lead.session);
    338|     expect([res.status, res.body.code, res.body.detail]).toEqual([

⎯⎯⎯⎯⎯⎯⎯⎯⎯⎯⎯⎯⎯⎯⎯⎯⎯⎯⎯⎯[148/278]⎯

 FAIL  |integration| apps/api/test/integration/dependencies/t08.test.ts > cycles (REQ-S09-008, REQ-PB-051) > PATCH re-runs the check when an endpoint changes (422, nothing written); other edits pass
AssertionError: expected [ 404, 404, 404 ] to deeply equal [ 201, 201, 201 ]

[32m- Expected[39m
[31m+ Received[39m

[2m  [[22m
[32m-   201,[39m
[32m-   201,[39m
[32m-   201,[39m
[31m+   404,[39m
[31m+   404,[39m
[31m+   404,[39m
[2m  ][22m

 ❯ apps/api/test/integration/dependencies/t08.test.ts:362:48
    360|       p.lead.session,
    361|     );
    362|     expect([ab.status, bc.status, ext.status]).toEqual([201, 201, 201]…
       |                                                ^
    363|     // Turning the external dependency into C→A closes A→B→C→A.
    364|     const res = await call<Body>(api.app, "PATCH", `${DEPS}/${ext.body…

⎯⎯⎯⎯⎯⎯⎯⎯⎯⎯⎯⎯⎯⎯⎯⎯⎯⎯⎯⎯[149/278]⎯

 FAIL  |integration| apps/api/test/integration/dependencies/t08.test.ts > cycles (REQ-S09-008, REQ-PB-051) > two API requests A→B and B→A at once: exactly one commits, the other is 422 dependency.cycle
Error: the two requests never queued on the graph lock
 ❯ apps/api/test/integration/dependencies/t08.test.ts:414:15
    412|           await new Promise((r) => setTimeout(r, 20));
    413|         }
    414|         throw new Error("the two requests never queued on the graph lo…
       |               ^
    415|       },
    416|     );
 ❯ whileBlocked apps/api/test/integration/contract/p3-exercises-be-c.ts:378:5
 ❯ apps/api/test/integration/dependencies/t08.test.ts:397:22

⎯⎯⎯⎯⎯⎯⎯⎯⎯⎯⎯⎯⎯⎯⎯⎯⎯⎯⎯⎯[150/278]⎯

 FAIL  |integration| apps/api/test/integration/dependencies/t08.test.ts > authorisation, concurrency and audit of every T08 mutation > AUD 403 on create, update, archive (audited as authorization.denied); 428/409 on update and archive
AssertionError: expected 404 to be 201 // Object.is equality

[32m- Expected[39m
[31m+ Received[39m

[32m- 201[39m
[31m+ 404[39m

 ❯ apps/api/test/integration/dependencies/t08.test.ts:520:28
    518|     const [a, b] = ini;
    519|     const created = await post(edge(p, a!, b!), p.lead.session);
    520|     expect(created.status).toBe(201);
       |                            ^
    521|     const U = `${DEPS}/${created.body.id}`;
    522|     expect((await post(edge(p, b!, a!), p.auditor.session)).status).to…

⎯⎯⎯⎯⎯⎯⎯⎯⎯⎯⎯⎯⎯⎯⎯⎯⎯⎯⎯⎯[151/278]⎯

 FAIL  |integration| apps/api/test/integration/dependencies/t08.test.ts > authorisation, concurrency and audit of every T08 mutation > commit-time authorisation on update and archive: the row lock wait, then 403 on reloaded grants
AssertionError: the request never waited on the held lock: expected 0 to be greater than 0
 ❯ whileBlocked apps/api/test/integration/contract/p3-exercises-be-c.ts:377:66
    375|       if (blocked === 0) await new Promise((r) => setTimeout(r, 20));
    376|     }
    377|     expect(blocked, "the request never waited on the held lock").toBeG…
       |                                                                  ^
    378|     await meanwhile();
    379|     await holder.query("commit");
 ❯ apps/api/test/integration/dependencies/t08.test.ts:630:19

⎯⎯⎯⎯⎯⎯⎯⎯⎯⎯⎯⎯⎯⎯⎯⎯⎯⎯⎯⎯[152/278]⎯

 FAIL  |integration| apps/api/test/integration/dependencies/t08.test.ts > schedule flags on T08 (ADR-0023 §5) > a predecessor finishing after the needed-by date is flagged; moving its milestone earlier clears it
AssertionError: expected [ 404, undefined ] to deeply equal [ 201, [] ]

[32m- Expected[39m
[31m+ Received[39m

[2m  [[22m
[32m-   201,[39m
[32m-   [],[39m
[31m+   404,[39m
[31m+   undefined,[39m
[2m  ][22m

 ❯ apps/api/test/integration/dependencies/t08.test.ts:658:42
    656|     const [a, b] = ini;
    657|     const dep = await post(edge(p, a!, b!, { neededBy: "2026-06-15" })…
    658|     expect([dep.status, dep.body.flags]).toEqual([201, []]);
       |                                          ^
    659|     const ms = await call<Body>(api.app, "POST", `/api/v1/initiatives/…
    660|       session: p.lead.session,

⎯⎯⎯⎯⎯⎯⎯⎯⎯⎯⎯⎯⎯⎯⎯⎯⎯⎯⎯⎯[153/278]⎯

 FAIL  |integration| apps/api/test/integration/dependencies/t08.test.ts > schedule flags on T08 (ADR-0023 §5) > missing dates are schedule.unknown, never an empty (no conflict) list
TypeError: Cannot read properties of undefined (reading 'map')
 ❯ apps/api/test/integration/dependencies/t08.test.ts:686:27
    684|     const { p, ini } = await world(2);
    685|     const dep = await post(edge(p, ini[0]!, ini[1]!), p.lead.session);
    686|     expect(dep.body.flags.map((f: Body) => f.code)).toEqual(["schedule…
       |                           ^
    687|   });
    688| });

⎯⎯⎯⎯⎯⎯⎯⎯⎯⎯⎯⎯⎯⎯⎯⎯⎯⎯⎯⎯[154/278]⎯

 FAIL  |integration| apps/api/test/integration/dependencies/t08.test.ts > the DG2 paths stay stable (ADR-0023 §4) > a custom type is shown as 'other' on the DG2 path; a DG2 PATCH of the kinds is 422 dependency.managed_by_t08
AssertionError: expected 404 to be 201 // Object.is equality

[32m- Expected[39m
[31m+ Received[39m

[32m- 201[39m
[31m+ 404[39m

 ❯ apps/api/test/integration/dependencies/t08.test.ts:703:24
    701|     ).toBe(201);
    702|     const dep = await post(edge(p, ini[0]!, ini[1]!, { dependencyType:…
    703|     expect(dep.status).toBe(201);
       |                        ^
    704|     const DG2 = `/api/v1/transformations/${p.transformationId}/depende…
    705|     const dg2 = await call<Body>(api.app, "GET", DG2, { session: p.lea…

⎯⎯⎯⎯⎯⎯⎯⎯⎯⎯⎯⎯⎯⎯⎯⎯⎯⎯⎯⎯[155/278]⎯

 FAIL  |integration| apps/api/test/integration/gates/g4.test.ts > G4 submission refused with the missing items named (ADR-0021 §7) > 422 gate_criteria_incomplete names 'Owners', 'Finance validation', the initiative without a gap link, the missing funding and capacity commitment; nothing written
AssertionError: POST /api/v1/transformations/01a11e51-4369-7258-8196-7f0e1ee934f0/outcomes: {"type":"urn:mth:problem:not-found","title":"Not found","status":404,"code":"not_found","requestId":"01a11e51-4432-7048-bed6-b0d35f35857e"}: expected 404 to be 201 // Object.is equality

[32m- Expected[39m
[31m+ Received[39m

[32m- 201[39m
[31m+ 404[39m

 ❯ created apps/api/test/integration/contract/p3-exercises-be-b.ts:62:80
     60| const created = async (send: Send, url: string, session: P2World["lead…
     61|   const res = await send("POST", url, { session, body });
     62|   expect(res.status, `POST ${url}: ${JSON.stringify(res.body).slice(0,…
       |                                                                                ^
     63|   return res.body as { id: string; version: number } & Record<string, …
     64| };
 ❯ makeDirection apps/api/test/integration/contract/p3-exercises-be-b.ts:82:22
 ❯ selectedInitiative apps/api/test/integration/gates/g4.test.ts:113:13
 ❯ apps/api/test/integration/gates/g4.test.ts:379:17

⎯⎯⎯⎯⎯⎯⎯⎯⎯⎯⎯⎯⎯⎯⎯⎯⎯⎯⎯⎯[156/278]⎯

 FAIL  |integration| apps/api/test/integration/gates/g4.test.ts > G4 submission refused with the missing items named (ADR-0021 §7) > an empty portfolio is 'Initiative cards' (g4.portfolio_empty); a capacity over-allocation and Unknown are conflicts
AssertionError: expected 404 to be 200 // Object.is equality

[32m- Expected[39m
[31m+ Received[39m

[32m- 200[39m
[31m+ 404[39m

 ❯ gateVersion apps/api/test/support/p2-fixtures.ts:219:22
    217|     { session: p.lead.session },
    218|   );
    219|   expect(res.status).toBe(200);
       |                      ^
    220|   return res.body.gate.version;
    221| }
 ❯ submitG4 apps/api/test/integration/gates/g4.test.ts:367:18
 ❯ apps/api/test/integration/gates/g4.test.ts:425:19

⎯⎯⎯⎯⎯⎯⎯⎯⎯⎯⎯⎯⎯⎯⎯⎯⎯⎯⎯⎯[157/278]⎯

 FAIL  |integration| apps/api/test/integration/gates/g4.test.ts > G4 treats an Unknown schedule as a missing item (D-079; ADR-0021 §7, §11 item 3) > 'Schedule unknown: DEP-nn' refuses the submission; a mitigation or the missing date clears it
AssertionError: POST /api/v1/transformations/01a11e51-44eb-77ac-b52b-cc3fad742730/outcomes: {"type":"urn:mth:problem:not-found","title":"Not found","status":404,"code":"not_found","requestId":"01a11e51-4548-715c-ba94-20a8c89ba4db"}: expected 404 to be 201 // Object.is equality

[32m- Expected[39m
[31m+ Received[39m

[32m- 201[39m
[31m+ 404[39m

 ❯ created apps/api/test/integration/contract/p3-exercises-be-b.ts:62:80
     60| const created = async (send: Send, url: string, session: P2World["lead…
     61|   const res = await send("POST", url, { session, body });
     62|   expect(res.status, `POST ${url}: ${JSON.stringify(res.body).slice(0,…
       |                                                                                ^
     63|   return res.body as { id: string; version: number } & Record<string, …
     64| };
 ❯ makeDirection apps/api/test/integration/contract/p3-exercises-be-b.ts:82:22
 ❯ selectedInitiative apps/api/test/integration/gates/g4.test.ts:113:13
 ❯ apps/api/test/integration/gates/g4.test.ts:475:18

⎯⎯⎯⎯⎯⎯⎯⎯⎯⎯⎯⎯⎯⎯⎯⎯⎯⎯⎯⎯[158/278]⎯

 FAIL  |integration| apps/api/test/integration/gates/g4.test.ts > G4 end to end with distinct synthetic TL, FIN, SP and capacity-owner users > TL submits; FIN validates and funds; the capacity owner commits; 403/403/409 hold; SP approves -> phase transform
AssertionError: POST /api/v1/transformations/01a11e51-455c-7104-9cc6-4a16eba11f54/outcomes: {"type":"urn:mth:problem:not-found","title":"Not found","status":404,"code":"not_found","requestId":"01a11e51-45e5-774b-b5b9-d9f655607cbb"}: expected 404 to be 201 // Object.is equality

[32m- Expected[39m
[31m+ Received[39m

[32m- 201[39m
[31m+ 404[39m

 ❯ created apps/api/test/integration/contract/p3-exercises-be-b.ts:62:80
     60| const created = async (send: Send, url: string, session: P2World["lead…
     61|   const res = await send("POST", url, { session, body });
     62|   expect(res.status, `POST ${url}: ${JSON.stringify(res.body).slice(0,…
       |                                                                                ^
     63|   return res.body as { id: string; version: number } & Record<string, …
     64| };
 ❯ makeDirection apps/api/test/integration/contract/p3-exercises-be-b.ts:82:22
 ❯ selectedInitiative apps/api/test/integration/gates/g4.test.ts:113:13
 ❯ apps/api/test/integration/gates/g4.test.ts:562:17

⎯⎯⎯⎯⎯⎯⎯⎯⎯⎯⎯⎯⎯⎯⎯⎯⎯⎯⎯⎯[159/278]⎯

 FAIL  |integration| apps/api/test/integration/gates/g4.test.ts > G4 end to end with distinct synthetic TL, FIN, SP and capacity-owner users > the submitter cannot decide G4, even holding the approver role (403 gate.submitter_cannot_decide)
AssertionError: POST /api/v1/transformations/01a11e51-45f7-72a4-a0aa-5d9fd9d45919/outcomes: {"type":"urn:mth:problem:not-found","title":"Not found","status":404,"code":"not_found","requestId":"01a11e51-4658-733a-acfa-8142193dd872"}: expected 404 to be 201 // Object.is equality

[32m- Expected[39m
[31m+ Received[39m

[32m- 201[39m
[31m+ 404[39m

 ❯ created apps/api/test/integration/contract/p3-exercises-be-b.ts:62:80
     60| const created = async (send: Send, url: string, session: P2World["lead…
     61|   const res = await send("POST", url, { session, body });
     62|   expect(res.status, `POST ${url}: ${JSON.stringify(res.body).slice(0,…
       |                                                                                ^
     63|   return res.body as { id: string; version: number } & Record<string, …
     64| };
 ❯ makeDirection apps/api/test/integration/contract/p3-exercises-be-b.ts:82:22
 ❯ selectedInitiative apps/api/test/integration/gates/g4.test.ts:113:13
 ❯ apps/api/test/integration/gates/g4.test.ts:654:17

⎯⎯⎯⎯⎯⎯⎯⎯⎯⎯⎯⎯⎯⎯⎯⎯⎯⎯⎯⎯[160/278]⎯

 FAIL  |integration| apps/api/test/integration/portfolio/capacity.test.ts > the conflict rule (ADR-0023 §6) > over-allocated with the decimal shortfall; Unknown without a capacity row; a cancelled initiative's demand does not count
AssertionError: role: {"type":"urn:mth:problem:forbidden","title":"Forbidden","status":403,"detail":"Your access to this record changed while the request was in progress.","code":"forbidden","requestId":"01a11e51-9d4e-7682-b583-12b6b9932ae5"}: expected 403 to be 201 // Object.is equality

[32m- Expected[39m
[31m+ Received[39m

[32m- 201[39m
[31m+ 403[39m

 ❯ ok apps/api/test/integration/portfolio/capacity.test.ts:41:76
     39| type Body = any;
     40| const ok = (res: { status: number; body: Body }, status: number, what:…
     41|   expect(res.status, `${what}: ${JSON.stringify(res.body).slice(0, 600…
       |                                                                            ^
     42|   return res.body;
     43| };
 ❯ role apps/api/test/integration/portfolio/capacity.test.ts:50:10
 ❯ apps/api/test/integration/portfolio/capacity.test.ts:89:15

⎯⎯⎯⎯⎯⎯⎯⎯⎯⎯⎯⎯⎯⎯⎯⎯⎯⎯⎯⎯[161/278]⎯

 FAIL  |integration| apps/api/test/integration/portfolio/capacity.test.ts > the conflict rule (ADR-0023 §6) > the prioritization view carries the capacity flags (DEFAULT_FLAG_SOURCES wired), on the item and its initiative
AssertionError: role: {"type":"urn:mth:problem:forbidden","title":"Forbidden","status":403,"detail":"Your access to this record changed while the request was in progress.","code":"forbidden","requestId":"01a11e51-9da7-770d-ae01-4b50d93f0b4a"}: expected 403 to be 201 // Object.is equality

[32m- Expected[39m
[31m+ Received[39m

[32m- 201[39m
[31m+ 403[39m

 ❯ ok apps/api/test/integration/portfolio/capacity.test.ts:41:76
     39| type Body = any;
     40| const ok = (res: { status: number; body: Body }, status: number, what:…
     41|   expect(res.status, `${what}: ${JSON.stringify(res.body).slice(0, 600…
       |                                                                            ^
     42|   return res.body;
     43| };
 ❯ role apps/api/test/integration/portfolio/capacity.test.ts:50:10
 ❯ apps/api/test/integration/portfolio/capacity.test.ts:181:15

⎯⎯⎯⎯⎯⎯⎯⎯⎯⎯⎯⎯⎯⎯⎯⎯⎯⎯⎯⎯[162/278]⎯

 FAIL  |integration| apps/api/test/integration/portfolio/capacity.test.ts > validation, authorization, If-Match and audit of every capacity mutation > roles: create/update with 400, 403 (AUD, no capacity.edit), 409 duplicate code, 428/409 If-Match, audit
AssertionError: expected 403 to be 400 // Object.is equality

[32m- Expected[39m
[31m+ Received[39m

[32m- 400[39m
[31m+ 403[39m

 ❯ apps/api/test/integration/portfolio/capacity.test.ts:213:7
    211|       (await send("POST", R, { session: p.lead.session, body: { code: …
    212|         .status,
    213|     ).toBe(400);
       |       ^
    214|     expect(
    215|       (await send("POST", R, { session: p.lead.session, body: { code: …

⎯⎯⎯⎯⎯⎯⎯⎯⎯⎯⎯⎯⎯⎯⎯⎯⎯⎯⎯⎯[163/278]⎯

 FAIL  |integration| apps/api/test/integration/portfolio/capacity.test.ts > validation, authorization, If-Match and audit of every capacity mutation > capacity: FTE is a decimal string (numbers, 3 decimals, negatives -> 400), month is YYYY-MM-01, one active row per role and month
AssertionError: role: {"type":"urn:mth:problem:forbidden","title":"Forbidden","status":403,"detail":"Your access to this record changed while the request was in progress.","code":"forbidden","requestId":"01a11e51-9e5e-7296-9fd2-e82591f48f10"}: expected 403 to be 201 // Object.is equality

[32m- Expected[39m
[31m+ Received[39m

[32m- 201[39m
[31m+ 403[39m

 ❯ ok apps/api/test/integration/portfolio/capacity.test.ts:41:76
     39| type Body = any;
     40| const ok = (res: { status: number; body: Body }, status: number, what:…
     41|   expect(res.status, `${what}: ${JSON.stringify(res.body).slice(0, 600…
       |                                                                            ^
     42|   return res.body;
     43| };
 ❯ role apps/api/test/integration/portfolio/capacity.test.ts:50:10
 ❯ apps/api/test/integration/portfolio/capacity.test.ts:261:15

⎯⎯⎯⎯⎯⎯⎯⎯⎯⎯⎯⎯⎯⎯⎯⎯⎯⎯⎯⎯[164/278]⎯

 FAIL  |integration| apps/api/test/integration/portfolio/capacity.test.ts > validation, authorization, If-Match and audit of every capacity mutation > demand: planned -> committed -> released; 422s for the wrong state; commit needs capacity.commit (TL 403, TO 200); audit
AssertionError: role: {"type":"urn:mth:problem:forbidden","title":"Forbidden","status":403,"detail":"Your access to this record changed while the request was in progress.","code":"forbidden","requestId":"01a11e51-9eba-762a-b360-e6da41752bfc"}: expected 403 to be 201 // Object.is equality

[32m- Expected[39m
[31m+ Received[39m

[32m- 201[39m
[31m+ 403[39m

 ❯ ok apps/api/test/integration/portfolio/capacity.test.ts:41:76
     39| type Body = any;
     40| const ok = (res: { status: number; body: Body }, status: number, what:…
     41|   expect(res.status, `${what}: ${JSON.stringify(res.body).slice(0, 600…
       |                                                                            ^
     42|   return res.body;
     43| };
 ❯ role apps/api/test/integration/portfolio/capacity.test.ts:50:10
 ❯ apps/api/test/integration/portfolio/capacity.test.ts:311:15

⎯⎯⎯⎯⎯⎯⎯⎯⎯⎯⎯⎯⎯⎯⎯⎯⎯⎯⎯⎯[165/278]⎯

 FAIL  |integration| apps/api/test/integration/portfolio/capacity.test.ts > validation, authorization, If-Match and audit of every capacity mutation > a cancelled initiative's demand is read-only: create, update, commit and release -> 422 initiative.read_only
AssertionError: role: {"type":"urn:mth:problem:forbidden","title":"Forbidden","status":403,"detail":"Your access to this record changed while the request was in progress.","code":"forbidden","requestId":"01a11e51-9f18-75ac-bb5d-96deaf74e468"}: expected 403 to be 201 // Object.is equality

[32m- Expected[39m
[31m+ Received[39m

[32m- 201[39m
[31m+ 403[39m

 ❯ ok apps/api/test/integration/portfolio/capacity.test.ts:41:76
     39| type Body = any;
     40| const ok = (res: { status: number; body: Body }, status: number, what:…
     41|   expect(res.status, `${what}: ${JSON.stringify(res.body).slice(0, 600…
       |                                                                            ^
     42|   return res.body;
     43| };
 ❯ role apps/api/test/integration/portfolio/capacity.test.ts:50:10
 ❯ apps/api/test/integration/portfolio/capacity.test.ts:384:15

⎯⎯⎯⎯⎯⎯⎯⎯⎯⎯⎯⎯⎯⎯⎯⎯⎯⎯⎯⎯[166/278]⎯

 FAIL  |integration| apps/api/test/integration/portfolio/capacity.test.ts > validation, authorization, If-Match and audit of every capacity mutation > BE18A: every capacity mutation re-authorises at commit - a grant revoked while the request waits is 403, nothing written
AssertionError: role: {"type":"urn:mth:problem:forbidden","title":"Forbidden","status":403,"detail":"Your access to this record changed while the request was in progress.","code":"forbidden","requestId":"01a11e51-9f6f-772c-8558-a5bce0722436"}: expected 403 to be 201 // Object.is equality

[32m- Expected[39m
[31m+ Received[39m

[32m- 201[39m
[31m+ 403[39m

 ❯ ok apps/api/test/integration/portfolio/capacity.test.ts:41:76
     39| type Body = any;
     40| const ok = (res: { status: number; body: Body }, status: number, what:…
     41|   expect(res.status, `${what}: ${JSON.stringify(res.body).slice(0, 600…
       |                                                                            ^
     42|   return res.body;
     43| };
 ❯ role apps/api/test/integration/portfolio/capacity.test.ts:50:10
 ❯ apps/api/test/integration/portfolio/capacity.test.ts:415:15

⎯⎯⎯⎯⎯⎯⎯⎯⎯⎯⎯⎯⎯⎯⎯⎯⎯⎯⎯⎯[167/278]⎯

 FAIL  |integration| apps/api/test/integration/portfolio/closed-initiatives.test.ts > a cancelled initiative's scores, deliverables and milestones are read-only (422 initiative.read_only) > every write is refused after cancellation and nothing is written; the same writes succeed while open
AssertionError: POST /api/v1/initiatives: {"type":"urn:mth:problem:forbidden","title":"Forbidden","status":403,"detail":"Your access to this record changed while the request was in progress.","code":"forbidden","requestId":"01a11e52-c927-71dc-b777-cfcb27ddcb3e"}: expected 403 to be 201 // Object.is equality

[32m- Expected[39m
[31m+ Received[39m

[32m- 201[39m
[31m+ 403[39m

 ❯ created apps/api/test/integration/contract/p3-exercises-be-b.ts:62:80
     60| const created = async (send: Send, url: string, session: P2World["lead…
     61|   const res = await send("POST", url, { session, body });
     62|   expect(res.status, `POST ${url}: ${JSON.stringify(res.body).slice(0,…
       |                                                                                ^
     63|   return res.body as { id: string; version: number } & Record<string, …
     64| };
 ❯ apps/api/test/integration/portfolio/closed-initiatives.test.ts:32:17

⎯⎯⎯⎯⎯⎯⎯⎯⎯⎯⎯⎯⎯⎯⎯⎯⎯⎯⎯⎯[168/278]⎯

 FAIL  |integration| apps/api/test/integration/portfolio/dispensations.test.ts > waivers (End-to-End launch sequencing) > create: 201 pending, version 1, audited; reason/expiry required, G1 never waived, no past expiry, AUD 403
AssertionError: {"type":"urn:mth:problem:forbidden","title":"Forbidden","status":403,"detail":"Your access to this record changed while the request was in progress.","code":"forbidden","requestId":"01a11e51-edda-77ea-a34d-322fedf950c0"}: expected 403 to be 201 // Object.is equality

[32m- Expected[39m
[31m+ Received[39m

[32m- 201[39m
[31m+ 403[39m

 ❯ apps/api/test/integration/portfolio/dispensations.test.ts:81:50
     79|     const p = await setupP2World(api, w);
     80|     const res = await create(p, waiver());
     81|     expect(res.status, JSON.stringify(res.body)).toBe(201);
       |                                                  ^
     82|     expect(res.headers["etag"]).toBe('"1"');
     83|     expect(res.body).toMatchObject({ status: "pending", counts: false,…

⎯⎯⎯⎯⎯⎯⎯⎯⎯⎯⎯⎯⎯⎯⎯⎯⎯⎯⎯⎯[169/278]⎯

 FAIL  |integration| apps/api/test/integration/portfolio/dispensations.test.ts > waivers (End-to-End launch sequencing) > decide: 428/409, AUD 403, not the recorder (403), only the gate's approver (403); accepted unblocks launch
AssertionError: expected 400 to be 428 // Object.is equality

[32m- Expected[39m
[31m+ Received[39m

[32m- 428[39m
[31m+ 400[39m

 ❯ apps/api/test/integration/portfolio/dispensations.test.ts:118:115
    116|     const created = (await create(p, waiver())).body;
    117|     const D = `${base(p)}/${created.id}/decision`;
    118|     expect((await call(api.app, "POST", D, { session: p.sponsor.sessio…
       |                                                                                                                   ^
    119|       428,
    120|     );

⎯⎯⎯⎯⎯⎯⎯⎯⎯⎯⎯⎯⎯⎯⎯⎯⎯⎯⎯⎯[170/278]⎯

 FAIL  |integration| apps/api/test/integration/portfolio/dispensations.test.ts > waivers (End-to-End launch sequencing) > revoke: only accepted ones, by the approver with a reason; If-Match; AUD 403; the blocker returns
AssertionError: expected [ 400, 'validation' ] to deeply equal [ 422, 'dispensation.not_revocable' ]

[32m- Expected[39m
[31m+ Received[39m

[2m  [[22m
[32m-   422,[39m
[32m-   "dispensation.not_revocable",[39m
[31m+   400,[39m
[31m+   "validation",[39m
[2m  ][22m

 ❯ apps/api/test/integration/portfolio/dispensations.test.ts:204:61
    202|       body: { reason: "Synthetic revoke" },
    203|     });
    204|     expect([pendingRevoke.status, pendingRevoke.body.code]).toEqual([4…
       |                                                             ^
    205|     const accepted = (await decideD(p, created, "accepted")).body;
    206|     expect(

⎯⎯⎯⎯⎯⎯⎯⎯⎯⎯⎯⎯⎯⎯⎯⎯⎯⎯⎯⎯[171/278]⎯

 FAIL  |integration| apps/api/test/integration/portfolio/dispensations.test.ts > inherited approvals (Modular entry) > need body, date and evidence; count only when the evidence is VERIFIED and another person accepted them
AssertionError: expected [ 403, 'forbidden' ] to deeply equal [ 422, …(1) ]

[32m- Expected[39m
[31m+ Received[39m

[2m  [[22m
[32m-   422,[39m
[32m-   "dispensation.inherited_incomplete",[39m
[31m+   403,[39m
[31m+   "forbidden",[39m
[2m  ][22m

 ❯ apps/api/test/integration/portfolio/dispensations.test.ts:242:55
    240|     const T = `/api/v1/transformations/${p.transformationId}`;
    241|     const incomplete = await create(p, { kind: "inherited_approval", g…
    242|     expect([incomplete.status, incomplete.body.code]).toEqual([422, "d…
       |                                                       ^
    243|     expect(incomplete.body.errors.map((e) => e.pointer)).toEqual(["/ap…
    244|     expect((await create(p, waiver())).body.code).toBe("dispensation.w…

⎯⎯⎯⎯⎯⎯⎯⎯⎯⎯⎯⎯⎯⎯⎯⎯⎯⎯⎯⎯[172/278]⎯

 FAIL  |integration| apps/api/test/integration/portfolio/dispensations.test.ts > the gate list and gate view inheritedApproval annotation (ADR-0021 §5; F-DG3-120) > pending_verification → accepted (counts) → revoked; G1 stays draft and no gate decision is ever written
AssertionError: expected 404 to be 200 // Object.is equality

[32m- Expected[39m
[31m+ Received[39m

[32m- 200[39m
[31m+ 404[39m

 ❯ g1 apps/api/test/integration/portfolio/dispensations.test.ts:313:26
    311|       expect(gateList.safeParse(list.body).success, JSON.stringify(gat…
    312|       const one = await call<View>(api.app, "GET", `${T}/gates/G1`, { …
    313|       expect(one.status).toBe(200);
       |                          ^
    314|       expect(gateView.safeParse(one.body).success).toBe(true);
    315|       const item = list.body.items.find((v) => v.gate.gateCode === "G1…
 ❯ apps/api/test/integration/portfolio/dispensations.test.ts:333:12

⎯⎯⎯⎯⎯⎯⎯⎯⎯⎯⎯⎯⎯⎯⎯⎯⎯⎯⎯⎯[173/278]⎯

 FAIL  |integration| apps/api/test/integration/portfolio/dispensations.test.ts > the gate list and gate view inheritedApproval annotation (ADR-0021 §5; F-DG3-120) > an End-to-End transformation's gates carry inheritedApproval null (the DG2 shape otherwise unchanged)
AssertionError: expected 404 to be 200 // Object.is equality

[32m- Expected[39m
[31m+ Received[39m

[32m- 200[39m
[31m+ 404[39m

 ❯ apps/api/test/integration/portfolio/dispensations.test.ts:395:25
    393|       { session: p.lead.session },
    394|     );
    395|     expect(list.status).toBe(200);
       |                         ^
    396|     expect(list.body.items.map((v) => v.gate.inheritedApproval)).toEqu…
    397|   });

⎯⎯⎯⎯⎯⎯⎯⎯⎯⎯⎯⎯⎯⎯⎯⎯⎯⎯⎯⎯[174/278]⎯

 FAIL  |integration| apps/api/test/integration/portfolio/funding.test.ts > recording a funding decision (business approval) > approved: decision (executive, DEC-nn) + funding_decision + selected -> funded in one transaction, each audited
AssertionError: POST /api/v1/transformations/01a11e51-8b73-73a9-a10d-8e440664d8d1/outcomes: {"type":"urn:mth:problem:not-found","title":"Not found","status":404,"code":"not_found","requestId":"01a11e51-8be4-706a-87b1-092022429348"}: expected 404 to be 201 // Object.is equality

[32m- Expected[39m
[31m+ Received[39m

[32m- 201[39m
[31m+ 404[39m

 ❯ created apps/api/test/integration/contract/p3-exercises-be-b.ts:62:80
     60| const created = async (send: Send, url: string, session: P2World["lead…
     61|   const res = await send("POST", url, { session, body });
     62|   expect(res.status, `POST ${url}: ${JSON.stringify(res.body).slice(0,…
       |                                                                                ^
     63|   return res.body as { id: string; version: number } & Record<string, …
     64| };
 ❯ makeDirection apps/api/test/integration/contract/p3-exercises-be-b.ts:82:22
 ❯ selectedInitiative apps/api/test/integration/contract/p3-exercises-be-e.ts:62:13
 ❯ apps/api/test/integration/portfolio/funding.test.ts:78:16

⎯⎯⎯⎯⎯⎯⎯⎯⎯⎯⎯⎯⎯⎯⎯⎯⎯⎯⎯⎯[175/278]⎯

 FAIL  |integration| apps/api/test/integration/portfolio/funding.test.ts > recording a funding decision (business approval) > rejected / deferred leave 'Selected - unfunded'; revoked returns funded -> selected; revoking unfunded or launched -> 422
AssertionError: POST /api/v1/transformations/01a11e51-8bfa-71e2-b916-53db3b05594a/outcomes: {"type":"urn:mth:problem:not-found","title":"Not found","status":404,"code":"not_found","requestId":"01a11e51-8c4c-73bf-9ef3-1af5db763997"}: expected 404 to be 201 // Object.is equality

[32m- Expected[39m
[31m+ Received[39m

[32m- 201[39m
[31m+ 404[39m

 ❯ created apps/api/test/integration/contract/p3-exercises-be-b.ts:62:80
     60| const created = async (send: Send, url: string, session: P2World["lead…
     61|   const res = await send("POST", url, { session, body });
     62|   expect(res.status, `POST ${url}: ${JSON.stringify(res.body).slice(0,…
       |                                                                                ^
     63|   return res.body as { id: string; version: number } & Record<string, …
     64| };
 ❯ makeDirection apps/api/test/integration/contract/p3-exercises-be-b.ts:82:22
 ❯ selectedInitiative apps/api/test/integration/contract/p3-exercises-be-e.ts:62:13
 ❯ apps/api/test/integration/portfolio/funding.test.ts:132:16

⎯⎯⎯⎯⎯⎯⎯⎯⎯⎯⎯⎯⎯⎯⎯⎯⎯⎯⎯⎯[176/278]⎯

 FAIL  |integration| apps/api/test/integration/portfolio/funding.test.ts > recording a funding decision (business approval) > an initiative that is not selected -> 422 funding.not_selected with the exact text; nothing written
AssertionError: POST /api/v1/initiatives: {"type":"urn:mth:problem:forbidden","title":"Forbidden","status":403,"detail":"Your access to this record changed while the request was in progress.","code":"forbidden","requestId":"01a11e51-8cba-716b-9542-867c7c529373"}: expected 403 to be 201 // Object.is equality

[32m- Expected[39m
[31m+ Received[39m

[32m- 201[39m
[31m+ 403[39m

 ❯ created apps/api/test/integration/contract/p3-exercises-be-b.ts:62:80
     60| const created = async (send: Send, url: string, session: P2World["lead…
     61|   const res = await send("POST", url, { session, body });
     62|   expect(res.status, `POST ${url}: ${JSON.stringify(res.body).slice(0,…
       |                                                                                ^
     63|   return res.body as { id: string; version: number } & Record<string, …
     64| };
 ❯ apps/api/test/integration/portfolio/funding.test.ts:181:19

⎯⎯⎯⎯⎯⎯⎯⎯⎯⎯⎯⎯⎯⎯⎯⎯⎯⎯⎯⎯[177/278]⎯

 FAIL  |integration| apps/api/test/integration/portfolio/funding.test.ts > delegation is refused (ADR-0021 §6) > onBehalfOfUserId -> 422 funding.on_behalf_not_supported at /onBehalfOfUserId, before the business preconditions; nothing written
AssertionError: POST /api/v1/transformations/01a11e51-8cd0-7509-9d6b-fba455a07e89/outcomes: {"type":"urn:mth:problem:not-found","title":"Not found","status":404,"code":"not_found","requestId":"01a11e51-8d2a-71a6-9e9c-4a442ee5c605"}: expected 404 to be 201 // Object.is equality

[32m- Expected[39m
[31m+ Received[39m

[32m- 201[39m
[31m+ 404[39m

 ❯ created apps/api/test/integration/contract/p3-exercises-be-b.ts:62:80
     60| const created = async (send: Send, url: string, session: P2World["lead…
     61|   const res = await send("POST", url, { session, body });
     62|   expect(res.status, `POST ${url}: ${JSON.stringify(res.body).slice(0,…
       |                                                                                ^
     63|   return res.body as { id: string; version: number } & Record<string, …
     64| };
 ❯ makeDirection apps/api/test/integration/contract/p3-exercises-be-b.ts:82:22
 ❯ selectedInitiative apps/api/test/integration/contract/p3-exercises-be-e.ts:62:13
 ❯ apps/api/test/integration/portfolio/funding.test.ts:201:16

⎯⎯⎯⎯⎯⎯⎯⎯⎯⎯⎯⎯⎯⎯⎯⎯⎯⎯⎯⎯[178/278]⎯

 FAIL  |integration| apps/api/test/integration/portfolio/funding.test.ts > the deselect rule: deselecting voids funding > funded -> deselected -> re-selected is 'Selected - unfunded' and cannot launch; a new approved decision funds it
AssertionError: POST /api/v1/transformations/01a11e51-8d3e-74ef-b718-83dbb6fa299f/outcomes: {"type":"urn:mth:problem:not-found","title":"Not found","status":404,"code":"not_found","requestId":"01a11e51-8d96-76aa-a3bd-a3b291cb6aa5"}: expected 404 to be 201 // Object.is equality

[32m- Expected[39m
[31m+ Received[39m

[32m- 201[39m
[31m+ 404[39m

 ❯ created apps/api/test/integration/contract/p3-exercises-be-b.ts:62:80
     60| const created = async (send: Send, url: string, session: P2World["lead…
     61|   const res = await send("POST", url, { session, body });
     62|   expect(res.status, `POST ${url}: ${JSON.stringify(res.body).slice(0,…
       |                                                                                ^
     63|   return res.body as { id: string; version: number } & Record<string, …
     64| };
 ❯ makeDirection apps/api/test/integration/contract/p3-exercises-be-b.ts:82:22
 ❯ selectedInitiative apps/api/test/integration/contract/p3-exercises-be-e.ts:62:13
 ❯ apps/api/test/integration/portfolio/funding.test.ts:244:16

⎯⎯⎯⎯⎯⎯⎯⎯⎯⎯⎯⎯⎯⎯⎯⎯⎯⎯⎯⎯[179/278]⎯

 FAIL  |integration| apps/api/test/integration/portfolio/funding.test.ts > validation, authorization and idempotency > 400 for malformed bodies; 422 for amounts numeric(20,4) cannot hold; unknown business case 422
AssertionError: POST /api/v1/transformations/01a11e51-8da8-72fa-be37-12f12f027e99/outcomes: {"type":"urn:mth:problem:not-found","title":"Not found","status":404,"code":"not_found","requestId":"01a11e51-8df0-76b1-aeac-ba3898536012"}: expected 404 to be 201 // Object.is equality

[32m- Expected[39m
[31m+ Received[39m

[32m- 201[39m
[31m+ 404[39m

 ❯ created apps/api/test/integration/contract/p3-exercises-be-b.ts:62:80
     60| const created = async (send: Send, url: string, session: P2World["lead…
     61|   const res = await send("POST", url, { session, body });
     62|   expect(res.status, `POST ${url}: ${JSON.stringify(res.body).slice(0,…
       |                                                                                ^
     63|   return res.body as { id: string; version: number } & Record<string, …
     64| };
 ❯ makeDirection apps/api/test/integration/contract/p3-exercises-be-b.ts:82:22
 ❯ selectedInitiative apps/api/test/integration/contract/p3-exercises-be-e.ts:62:13
 ❯ apps/api/test/integration/portfolio/funding.test.ts:278:16

⎯⎯⎯⎯⎯⎯⎯⎯⎯⎯⎯⎯⎯⎯⎯⎯⎯⎯⎯⎯[180/278]⎯

 FAIL  |integration| apps/api/test/integration/portfolio/funding.test.ts > validation, authorization and idempotency > FIN and SP may record; TL, WL, TO and AUD get 403 (audited as authorization.denied); BE18A at commit
AssertionError: POST /api/v1/transformations/01a11e51-8e00-77cf-8999-d3d0827c8b74/outcomes: {"type":"urn:mth:problem:not-found","title":"Not found","status":404,"code":"not_found","requestId":"01a11e51-8e4b-731d-bae6-79da738b66b8"}: expected 404 to be 201 // Object.is equality

[32m- Expected[39m
[31m+ Received[39m

[32m- 201[39m
[31m+ 404[39m

 ❯ created apps/api/test/integration/contract/p3-exercises-be-b.ts:62:80
     60| const created = async (send: Send, url: string, session: P2World["lead…
     61|   const res = await send("POST", url, { session, body });
     62|   expect(res.status, `POST ${url}: ${JSON.stringify(res.body).slice(0,…
       |                                                                                ^
     63|   return res.body as { id: string; version: number } & Record<string, …
     64| };
 ❯ makeDirection apps/api/test/integration/contract/p3-exercises-be-b.ts:82:22
 ❯ selectedInitiative apps/api/test/integration/contract/p3-exercises-be-e.ts:62:13
 ❯ apps/api/test/integration/portfolio/funding.test.ts:305:16

⎯⎯⎯⎯⎯⎯⎯⎯⎯⎯⎯⎯⎯⎯⎯⎯⎯⎯⎯⎯[181/278]⎯

 FAIL  |integration| apps/api/test/integration/portfolio/funding.test.ts > validation, authorization and idempotency > Idempotency-Key: the same key and body replays the first response and writes once
AssertionError: POST /api/v1/transformations/01a11e51-8e5c-751a-a0de-831d3e896820/outcomes: {"type":"urn:mth:problem:not-found","title":"Not found","status":404,"code":"not_found","requestId":"01a11e51-8eb0-7760-98cf-68248f22e521"}: expected 404 to be 201 // Object.is equality

[32m- Expected[39m
[31m+ Received[39m

[32m- 201[39m
[31m+ 404[39m

 ❯ created apps/api/test/integration/contract/p3-exercises-be-b.ts:62:80
     60| const created = async (send: Send, url: string, session: P2World["lead…
     61|   const res = await send("POST", url, { session, body });
     62|   expect(res.status, `POST ${url}: ${JSON.stringify(res.body).slice(0,…
       |                                                                                ^
     63|   return res.body as { id: string; version: number } & Record<string, …
     64| };
 ❯ makeDirection apps/api/test/integration/contract/p3-exercises-be-b.ts:82:22
 ❯ selectedInitiative apps/api/test/integration/contract/p3-exercises-be-e.ts:62:13
 ❯ apps/api/test/integration/portfolio/funding.test.ts:319:16

⎯⎯⎯⎯⎯⎯⎯⎯⎯⎯⎯⎯⎯⎯⎯⎯⎯⎯⎯⎯[182/278]⎯

 FAIL  |integration| apps/api/test/integration/portfolio/g1-agreements.test.ts > G1 approval needs the three B0032 leadership agreements (ADR-0021 §8) > 403 not-approver, 403 submitter and 409 superseded keep their precedence over the agreement rule
AssertionError: expected [ 404, 'not_found' ] to deeply equal [ 403, 'gate.not_approver' ]

[32m- Expected[39m
[31m+ Received[39m

[2m  [[22m
[32m-   403,[39m
[32m-   "gate.not_approver",[39m
[31m+   404,[39m
[31m+   "not_found",[39m
[2m  ][22m

 ❯ apps/api/test/integration/portfolio/g1-agreements.test.ts:169:57
    167|     const no = await pendingSubmission(api, p, "G1", p.sponsor.id);
    168|     const notApprover = await decide(p, { submissionNo: no, outcome: "…
    169|     expect([notApprover.status, notApprover.body.code]).toEqual([403, …
       |                                                         ^
    170|     const auditorRes = await decide(p, { submissionNo: no, outcome: "a…
    171|     expect([auditorRes.status, auditorRes.body.code]).toEqual([403, "g…

⎯⎯⎯⎯⎯⎯⎯⎯⎯⎯⎯⎯⎯⎯⎯⎯⎯⎯⎯⎯[183/278]⎯

 FAIL  |integration| apps/api/test/integration/portfolio/initiatives.test.ts > create and read an Initiative through the API (REQ-S16-016, REQ-PB-045) > creates a draft with every T05 card field, INI-nn, version 1, ETag/Location and one audit event; reads it back
AssertionError: {"type":"urn:mth:problem:forbidden","title":"Forbidden","status":403,"detail":"Your access to this record changed while the request was in progress.","code":"forbidden","requestId":"01a11e52-1a5d-7319-9a91-29a614041e98"}: expected 403 to be 201 // Object.is equality

[32m- Expected[39m
[31m+ Received[39m

[32m- 201[39m
[31m+ 403[39m

 ❯ apps/api/test/integration/portfolio/initiatives.test.ts:58:50
     56|   it("creates a draft with every T05 card field, INI-nn, version 1, ET…
     57|     const res = await send("POST", "/api/v1/initiatives", { session: p…
     58|     expect(res.status, JSON.stringify(res.body)).toBe(201);
       |                                                  ^
     59|     const b = res.body;
     60|     expect([b.status, b.version, b.fundingState, b.displayStatus]).toE…

⎯⎯⎯⎯⎯⎯⎯⎯⎯⎯⎯⎯⎯⎯⎯⎯⎯⎯⎯⎯[184/278]⎯

 FAIL  |integration| apps/api/test/integration/portfolio/initiatives.test.ts > create and read an Initiative through the API (REQ-S16-016, REQ-PB-045) > codes are sequential per transformation and a minimal draft carries all three warnings (before G1: drafting is allowed)
AssertionError: POST /api/v1/initiatives: {"type":"urn:mth:problem:forbidden","title":"Forbidden","status":403,"detail":"Your access to this record changed while the request was in progress.","code":"forbidden","requestId":"01a11e52-1a69-71cb-a411-f66bdcb42265"}: expected 403 to be 201 // Object.is equality

[32m- Expected[39m
[31m+ Received[39m

[32m- 201[39m
[31m+ 403[39m

 ❯ created apps/api/test/integration/contract/p3-exercises-be-b.ts:62:80
     60| const created = async (send: Send, url: string, session: P2World["lead…
     61|   const res = await send("POST", url, { session, body });
     62|   expect(res.status, `POST ${url}: ${JSON.stringify(res.body).slice(0,…
       |                                                                                ^
     63|   return res.body as { id: string; version: number } & Record<string, …
     64| };
 ❯ apps/api/test/integration/portfolio/initiatives.test.ts:87:15

⎯⎯⎯⎯⎯⎯⎯⎯⎯⎯⎯⎯⎯⎯⎯⎯⎯⎯⎯⎯[185/278]⎯

 FAIL  |integration| apps/api/test/integration/portfolio/initiatives.test.ts > create and read an Initiative through the API (REQ-S16-016, REQ-PB-045) > a caller without access to the transformation gets 404 (existence never disclosed); no session -> 401
AssertionError: POST /api/v1/initiatives: {"type":"urn:mth:problem:forbidden","title":"Forbidden","status":403,"detail":"Your access to this record changed while the request was in progress.","code":"forbidden","requestId":"01a11e52-1a71-7079-8c6b-c5ce7d25d935"}: expected 403 to be 201 // Object.is equality

[32m- Expected[39m
[31m+ Received[39m

[32m- 201[39m
[31m+ 403[39m

 ❯ created apps/api/test/integration/contract/p3-exercises-be-b.ts:62:80
     60| const created = async (send: Send, url: string, session: P2World["lead…
     61|   const res = await send("POST", url, { session, body });
     62|   expect(res.status, `POST ${url}: ${JSON.stringify(res.body).slice(0,…
       |                                                                                ^
     63|   return res.body as { id: string; version: number } & Record<string, …
     64| };
 ❯ apps/api/test/integration/portfolio/initiatives.test.ts:99:15

⎯⎯⎯⎯⎯⎯⎯⎯⎯⎯⎯⎯⎯⎯⎯⎯⎯⎯⎯⎯[186/278]⎯

 FAIL  |integration| apps/api/test/integration/portfolio/initiatives.test.ts > create and read an Initiative through the API (REQ-S16-016, REQ-PB-045) > lists newest change first, filters by status, and pages with a cursor
AssertionError: POST /api/v1/initiatives: {"type":"urn:mth:problem:forbidden","title":"Forbidden","status":403,"detail":"Your access to this record changed while the request was in progress.","code":"forbidden","requestId":"01a11e52-1a78-71f6-835e-07b1ac352572"}: expected 403 to be 201 // Object.is equality

[32m- Expected[39m
[31m+ Received[39m

[32m- 201[39m
[31m+ 403[39m

 ❯ created apps/api/test/integration/contract/p3-exercises-be-b.ts:62:80
     60| const created = async (send: Send, url: string, session: P2World["lead…
     61|   const res = await send("POST", url, { session, body });
     62|   expect(res.status, `POST ${url}: ${JSON.stringify(res.body).slice(0,…
       |                                                                                ^
     63|   return res.body as { id: string; version: number } & Record<string, …
     64| };
 ❯ apps/api/test/integration/portfolio/initiatives.test.ts:109:15

⎯⎯⎯⎯⎯⎯⎯⎯⎯⎯⎯⎯⎯⎯⎯⎯⎯⎯⎯⎯[187/278]⎯

 FAIL  |integration| apps/api/test/integration/portfolio/initiatives.test.ts > validation (nothing written on a refusal) > 400 for schema errors (missing or blank name, unknown field, status in the body)
AssertionError: {"transformationId":"01a11e52-19d7-75a0-8d1b-d911afb6d834"}: expected 403 to be 400 // Object.is equality

[32m- Expected[39m
[31m+ Received[39m

[32m- 400[39m
[31m+ 403[39m

 ❯ apps/api/test/integration/portfolio/initiatives.test.ts:135:48
    133|     ]) {
    134|       const res = await send("POST", "/api/v1/initiatives", { session:…
    135|       expect(res.status, JSON.stringify(body)).toBe(400);
       |                                                ^
    136|       expect((await auditOfRequest(api.db, String(res.headers["x-reque…
    137|     }

⎯⎯⎯⎯⎯⎯⎯⎯⎯⎯⎯⎯⎯⎯⎯⎯⎯⎯⎯⎯[188/278]⎯

 FAIL  |integration| apps/api/test/integration/portfolio/initiatives.test.ts > validation (nothing written on a refusal) > 422 initiative.planned_range when plannedEnd < plannedStart (create and PATCH)
TypeError: Cannot read properties of undefined (reading '0')
 ❯ apps/api/test/integration/portfolio/initiatives.test.ts:145:49
    143|       body: { transformationId: p.transformationId, name: "x", planned…
    144|     });
    145|     expect([bad.status, bad.body.code, bad.body.errors[0].pointer]).to…
       |                                                 ^
    146|       422,
    147|       "initiative.planned_range",

⎯⎯⎯⎯⎯⎯⎯⎯⎯⎯⎯⎯⎯⎯⎯⎯⎯⎯⎯⎯[189/278]⎯

 FAIL  |integration| apps/api/test/integration/portfolio/initiatives.test.ts > validation (nothing written on a refusal) > 422 for a named person outside the organization and for a wave of another transformation
TypeError: Cannot read properties of undefined (reading '0')
 ❯ apps/api/test/integration/portfolio/initiatives.test.ts:171:36
    169|       body: { transformationId: p.transformationId, name: "x", waveId:…
    170|     });
    171|     expect([wave.status, wave.body.errors[0].pointer]).toEqual([422, "…
       |                                    ^
    172|     const person = await send("POST", "/api/v1/initiatives", {
    173|       session: p.lead.session,

⎯⎯⎯⎯⎯⎯⎯⎯⎯⎯⎯⎯⎯⎯⎯⎯⎯⎯⎯⎯[190/278]⎯

 FAIL  |integration| apps/api/test/integration/portfolio/initiatives.test.ts > PATCH: If-Match, audit diff, warnings move, read-only once cancelled > 428 without If-Match, 409 stale, 200 with version + 1 and the field diff; setting the owner clears no_owner
AssertionError: POST /api/v1/initiatives: {"type":"urn:mth:problem:forbidden","title":"Forbidden","status":403,"detail":"Your access to this record changed while the request was in progress.","code":"forbidden","requestId":"01a11e52-1b21-70b5-8c17-3ad6f073bf6d"}: expected 403 to be 201 // Object.is equality

[32m- Expected[39m
[31m+ Received[39m

[32m- 201[39m
[31m+ 403[39m

 ❯ created apps/api/test/integration/contract/p3-exercises-be-b.ts:62:80
     60| const created = async (send: Send, url: string, session: P2World["lead…
     61|   const res = await send("POST", url, { session, body });
     62|   expect(res.status, `POST ${url}: ${JSON.stringify(res.body).slice(0,…
       |                                                                                ^
     63|   return res.body as { id: string; version: number } & Record<string, …
     64| };
 ❯ apps/api/test/integration/portfolio/initiatives.test.ts:193:15

⎯⎯⎯⎯⎯⎯⎯⎯⎯⎯⎯⎯⎯⎯⎯⎯⎯⎯⎯⎯[191/278]⎯

 FAIL  |integration| apps/api/test/integration/portfolio/initiatives.test.ts > PATCH: If-Match, audit diff, warnings move, read-only once cancelled > a cancelled initiative is read-only (archive, never delete; no DELETE route)
AssertionError: POST /api/v1/initiatives: {"type":"urn:mth:problem:forbidden","title":"Forbidden","status":403,"detail":"Your access to this record changed while the request was in progress.","code":"forbidden","requestId":"01a11e52-1b29-712b-acce-1e7a260b4b84"}: expected 403 to be 201 // Object.is equality

[32m- Expected[39m
[31m+ Received[39m

[32m- 201[39m
[31m+ 403[39m

 ❯ created apps/api/test/integration/contract/p3-exercises-be-b.ts:62:80
     60| const created = async (send: Send, url: string, session: P2World["lead…
     61|   const res = await send("POST", url, { session, body });
     62|   expect(res.status, `POST ${url}: ${JSON.stringify(res.body).slice(0,…
       |                                                                                ^
     63|   return res.body as { id: string; version: number } & Record<string, …
     64| };
 ❯ apps/api/test/integration/portfolio/initiatives.test.ts:217:15

⎯⎯⎯⎯⎯⎯⎯⎯⎯⎯⎯⎯⎯⎯⎯⎯⎯⎯⎯⎯[192/278]⎯

 FAIL  |integration| apps/api/test/integration/portfolio/initiatives.test.ts > authorization on every initiative mutation > AUD gets 403 on create and PATCH, the denial is audited and nothing is written
AssertionError: POST /api/v1/initiatives: {"type":"urn:mth:problem:forbidden","title":"Forbidden","status":403,"detail":"Your access to this record changed while the request was in progress.","code":"forbidden","requestId":"01a11e52-1b32-740d-804e-d436b226c297"}: expected 403 to be 201 // Object.is equality

[32m- Expected[39m
[31m+ Received[39m

[32m- 201[39m
[31m+ 403[39m

 ❯ created apps/api/test/integration/contract/p3-exercises-be-b.ts:62:80
     60| const created = async (send: Send, url: string, session: P2World["lead…
     61|   const res = await send("POST", url, { session, body });
     62|   expect(res.status, `POST ${url}: ${JSON.stringify(res.body).slice(0,…
       |                                                                                ^
     63|   return res.body as { id: string; version: number } & Record<string, …
     64| };
 ❯ apps/api/test/integration/portfolio/initiatives.test.ts:234:15

⎯⎯⎯⎯⎯⎯⎯⎯⎯⎯⎯⎯⎯⎯⎯⎯⎯⎯⎯⎯[193/278]⎯

 FAIL  |integration| apps/api/test/integration/portfolio/initiatives.test.ts > authorization on every initiative mutation > the Sponsor (no initiative.edit) gets 403; the workstream lead (WL, initiative.edit) may edit
AssertionError: POST /api/v1/initiatives: {"type":"urn:mth:problem:forbidden","title":"Forbidden","status":403,"detail":"Your access to this record changed while the request was in progress.","code":"forbidden","requestId":"01a11e52-1b3a-709d-aae6-1d1ba04b5844"}: expected 403 to be 201 // Object.is equality

[32m- Expected[39m
[31m+ Received[39m

[32m- 201[39m
[31m+ 403[39m

 ❯ created apps/api/test/integration/contract/p3-exercises-be-b.ts:62:80
     60| const created = async (send: Send, url: string, session: P2World["lead…
     61|   const res = await send("POST", url, { session, body });
     62|   expect(res.status, `POST ${url}: ${JSON.stringify(res.body).slice(0,…
       |                                                                                ^
     63|   return res.body as { id: string; version: number } & Record<string, …
     64| };
 ❯ apps/api/test/integration/portfolio/initiatives.test.ts:252:15

⎯⎯⎯⎯⎯⎯⎯⎯⎯⎯⎯⎯⎯⎯⎯⎯⎯⎯⎯⎯[194/278]⎯

 FAIL  |integration| apps/api/test/integration/portfolio/initiatives.test.ts > authorization on every initiative mutation > BE18A: the write gate is re-checked at commit - a grant revoked while the request waits is 403, nothing written
AssertionError: POST /api/v1/initiatives: {"type":"urn:mth:problem:forbidden","title":"Forbidden","status":403,"detail":"Your access to this record changed while the request was in progress.","code":"forbidden","requestId":"01a11e52-1bf4-749a-a385-0a5847985244"}: expected 403 to be 201 // Object.is equality

[32m- Expected[39m
[31m+ Received[39m

[32m- 201[39m
[31m+ 403[39m

 ❯ created apps/api/test/integration/contract/p3-exercises-be-b.ts:62:80
     60| const created = async (send: Send, url: string, session: P2World["lead…
     61|   const res = await send("POST", url, { session, body });
     62|   expect(res.status, `POST ${url}: ${JSON.stringify(res.body).slice(0,…
       |                                                                                ^
     63|   return res.body as { id: string; version: number } & Record<string, …
     64| };
 ❯ apps/api/test/integration/portfolio/initiatives.test.ts:263:15

⎯⎯⎯⎯⎯⎯⎯⎯⎯⎯⎯⎯⎯⎯⎯⎯⎯⎯⎯⎯[195/278]⎯

 FAIL  |integration| apps/api/test/integration/portfolio/prioritization.test.ts > scores (REQ-PB-047, REQ-PB-048, REQ-S09-001) > score 6 -> 400; 0, 2.5 and '4' -> 400; a weightedScore property -> 400 (read-only); nothing written
AssertionError: score 6: expected 403 to be 400 // Object.is equality

[32m- Expected[39m
[31m+ Received[39m

[32m- 400[39m
[31m+ 403[39m

 ❯ apps/api/test/integration/portfolio/prioritization.test.ts:111:56
    109|     for (const bad of [6, 0, 2.5, "4"]) {
    110|       const r = await score(p.lead.session, ini.id, "feasibility", bad…
    111|       expect(r.status, `score ${JSON.stringify(bad)}`).toBe(400);
       |                                                        ^
    112|       expect(r.body.errors.some((e: { pointer: string }) => e.pointer …
    113|     }

⎯⎯⎯⎯⎯⎯⎯⎯⎯⎯⎯⎯⎯⎯⎯⎯⎯⎯⎯⎯[196/278]⎯

 FAIL  |integration| apps/api/test/integration/portfolio/prioritization.test.ts > scores (REQ-PB-047, REQ-PB-048, REQ-S09-001) > 5,4,3,2,1 under v1 -> stored 3.3000, shown 3.30, 0-100 view 57.5 with its label; appended with its cause; audited
AssertionError: {"type":"urn:mth:problem:forbidden","title":"Forbidden","status":403,"detail":"Your access to this record changed while the request was in progress.","code":"forbidden","requestId":"01a11e50-fb91-708c-b587-60757b96709f"}: expected 403 to be 201 // Object.is equality

[32m- Expected[39m
[31m+ Received[39m

[32m- 201[39m
[31m+ 403[39m

 ❯ scoreAll apps/api/test/integration/portfolio/prioritization.test.ts:61:46
     59|   for (const [c, v] of Object.entries(values)) {
     60|     const r = await score(s, initiativeId, c, v);
     61|     expect(r.status, JSON.stringify(r.body)).toBe(201);
       |                                              ^
     62|   }
     63| }
 ❯ apps/api/test/integration/portfolio/prioritization.test.ts:126:5

⎯⎯⎯⎯⎯⎯⎯⎯⎯⎯⎯⎯⎯⎯⎯⎯⎯⎯⎯⎯[197/278]⎯

 FAIL  |integration| apps/api/test/integration/portfolio/prioritization.test.ts > scores (REQ-PB-047, REQ-PB-048, REQ-S09-001) > a missing score -> 'incomplete' with weightedScore null (never a number, never 0)
AssertionError: {"type":"urn:mth:problem:forbidden","title":"Forbidden","status":403,"detail":"Your access to this record changed while the request was in progress.","code":"forbidden","requestId":"01a11e50-fbde-7339-9a3e-c33509fbd382"}: expected 403 to be 201 // Object.is equality

[32m- Expected[39m
[31m+ Received[39m

[32m- 201[39m
[31m+ 403[39m

 ❯ scoreAll apps/api/test/integration/portfolio/prioritization.test.ts:61:46
     59|   for (const [c, v] of Object.entries(values)) {
     60|     const r = await score(s, initiativeId, c, v);
     61|     expect(r.status, JSON.stringify(r.body)).toBe(201);
       |                                              ^
     62|   }
     63| }
 ❯ apps/api/test/integration/portfolio/prioritization.test.ts:175:5

⎯⎯⎯⎯⎯⎯⎯⎯⎯⎯⎯⎯⎯⎯⎯⎯⎯⎯⎯⎯[198/278]⎯

 FAIL  |integration| apps/api/test/integration/portfolio/prioritization.test.ts > scores (REQ-PB-047, REQ-PB-048, REQ-S09-001) > PATCH: If-Match 428/409; clearing (null) makes it incomplete again; duplicate POST 409; AUD 403 on POST and PATCH
TypeError: Cannot read properties of undefined (reading 'weightedScore')
 ❯ apps/api/test/integration/portfolio/prioritization.test.ts:226:30
    224|     expect([changed.status, changed.body.version, changed.headers["eta…
    225|     let sheet = await call(api.app, "GET", S(ini.id), { session: p.lea…
    226|     expect(sheet.body.result.weightedScore).toBe("3.6000"); // 125 + 1…
       |                              ^
    227|     const cleared = await call(api.app, "PATCH", url, {
    228|       session: p.contributor.session,

⎯⎯⎯⎯⎯⎯⎯⎯⎯⎯⎯⎯⎯⎯⎯⎯⎯⎯⎯⎯[199/278]⎯

 FAIL  |integration| apps/api/test/integration/portfolio/prioritization.test.ts > weight sets (REQ-PB-049) > 95% and 105% -> 422 prioritization.weights_total, nothing written; 0 -> 422 weight_range; bad pattern -> 400
AssertionError: expected 403 to be 422 // Object.is equality

[32m- Expected[39m
[31m+ Received[39m

[32m- 422[39m
[31m+ 403[39m

 ❯ apps/api/test/integration/portfolio/prioritization.test.ts:271:24
    269|         },
    270|       });
    271|       expect(r.status).toBe(422);
       |                        ^
    272|       expect(r.body).toMatchObject({
    273|         type: "urn:mth:problem:validation",

⎯⎯⎯⎯⎯⎯⎯⎯⎯⎯⎯⎯⎯⎯⎯⎯⎯⎯⎯⎯[200/278]⎯

 FAIL  |integration| apps/api/test/integration/portfolio/prioritization.test.ts > weight sets (REQ-PB-049) > v2 with risk_compliance 10 and strategic fit 15 is accepted as version 2; the proposer cannot approve; the Sponsor does; AUD 403; If-Match 428/409; audited
AssertionError: {"type":"urn:mth:problem:forbidden","title":"Forbidden","status":403,"detail":"You do not have permission for this action.","code":"forbidden","requestId":"01a11e50-fd6c-70b9-8c83-436a1c75bbca"}: expected 403 to be 201 // Object.is equality

[32m- Expected[39m
[31m+ Received[39m

[32m- 201[39m
[31m+ 403[39m

 ❯ apps/api/test/integration/portfolio/prioritization.test.ts:314:48
    312|     expect((await proposeV2(p, p.auditor.session)).status).toBe(403);
    313|     const v2 = await proposeV2(p);
    314|     expect(v2.status, JSON.stringify(v2.body)).toBe(201);
       |                                                ^
    315|     expect(v2.body).toMatchObject({ versionNo: 2, status: "proposed", …
    316|     expect(v2.headers["location"]).toBe(`${T(p)}/weight-sets/2`);

⎯⎯⎯⎯⎯⎯⎯⎯⎯⎯⎯⎯⎯⎯⎯⎯⎯⎯⎯⎯[201/278]⎯

 FAIL  |integration| apps/api/test/integration/portfolio/prioritization.test.ts > weight sets (REQ-PB-049) > the v2 set is used for rescoring; v1 results keep v1; a set is immutable (DB guard)
AssertionError: {"type":"urn:mth:problem:forbidden","title":"Forbidden","status":403,"detail":"Your access to this record changed while the request was in progress.","code":"forbidden","requestId":"01a11e50-fdb7-717f-8ce5-f486b08b2465"}: expected 403 to be 201 // Object.is equality

[32m- Expected[39m
[31m+ Received[39m

[32m- 201[39m
[31m+ 403[39m

 ❯ scoreAll apps/api/test/integration/portfolio/prioritization.test.ts:61:46
     59|   for (const [c, v] of Object.entries(values)) {
     60|     const r = await score(s, initiativeId, c, v);
     61|     expect(r.status, JSON.stringify(r.body)).toBe(201);
       |                                              ^
     62|   }
     63| }
 ❯ apps/api/test/integration/portfolio/prioritization.test.ts:347:5

⎯⎯⎯⎯⎯⎯⎯⎯⎯⎯⎯⎯⎯⎯⎯⎯⎯⎯⎯⎯[202/278]⎯

 FAIL  |integration| apps/api/test/integration/portfolio/prioritization.test.ts > weight sets (REQ-PB-049) > withdraw: proposed -> withdrawn with a reason (If-Match 428/409, AUD 403, audited); an active set cannot be withdrawn
AssertionError: expected 403 to be 428 // Object.is equality

[32m- Expected[39m
[31m+ Received[39m

[32m- 428[39m
[31m+ 403[39m

 ❯ apps/api/test/integration/portfolio/prioritization.test.ts:417:98
    415|     const url = `${T(p)}/weight-sets/2/withdraw`;
    416|     const reason = { reason: "Synthetic: wrong rationale." };
    417|     expect((await call(api.app, "POST", url, { session: p.lead.session…
       |                                                                                                  ^
    418|     expect((await call(api.app, "POST", url, { session: p.lead.session…
    419|       409,

⎯⎯⎯⎯⎯⎯⎯⎯⎯⎯⎯⎯⎯⎯⎯⎯⎯⎯⎯⎯[203/278]⎯

 FAIL  |integration| apps/api/test/integration/portfolio/prioritization.test.ts > rankings and history (REQ-S09-005, REQ-S09-003) > snapshot: deterministic tie-break, incomplete unranked, submitted -> ranked with audit; v2 activation -> history shows 'weight version 2' as the cause of the rank change
AssertionError: {"type":"urn:mth:problem:forbidden","title":"Forbidden","status":403,"detail":"Your access to this record changed while the request was in progress.","code":"forbidden","requestId":"01a11e50-fe66-704f-abdb-72d189aeee76"}: expected 403 to be 201 // Object.is equality

[32m- Expected[39m
[31m+ Received[39m

[32m- 201[39m
[31m+ 403[39m

 ❯ scoreAll apps/api/test/integration/portfolio/prioritization.test.ts:61:46
     59|   for (const [c, v] of Object.entries(values)) {
     60|     const r = await score(s, initiativeId, c, v);
     61|     expect(r.status, JSON.stringify(r.body)).toBe(201);
       |                                              ^
     62|   }
     63| }
 ❯ apps/api/test/integration/portfolio/prioritization.test.ts:450:5

⎯⎯⎯⎯⎯⎯⎯⎯⎯⎯⎯⎯⎯⎯⎯⎯⎯⎯⎯⎯[204/278]⎯

 FAIL  |integration| apps/api/test/integration/portfolio/prioritization.test.ts > rankings and history (REQ-S09-005, REQ-S09-003) > score cause lists the criteria; relative cause when another initiative moved
AssertionError: {"type":"urn:mth:problem:forbidden","title":"Forbidden","status":403,"detail":"Your access to this record changed while the request was in progress.","code":"forbidden","requestId":"01a11e50-feb4-769c-a47a-aeacd699dd88"}: expected 403 to be 201 // Object.is equality

[32m- Expected[39m
[31m+ Received[39m

[32m- 201[39m
[31m+ 403[39m

 ❯ scoreAll apps/api/test/integration/portfolio/prioritization.test.ts:61:46
     59|   for (const [c, v] of Object.entries(values)) {
     60|     const r = await score(s, initiativeId, c, v);
     61|     expect(r.status, JSON.stringify(r.body)).toBe(201);
       |                                              ^
     62|   }
     63| }
 ❯ apps/api/test/integration/portfolio/prioritization.test.ts:576:5

⎯⎯⎯⎯⎯⎯⎯⎯⎯⎯⎯⎯⎯⎯⎯⎯⎯⎯⎯⎯[205/278]⎯

 FAIL  |integration| apps/api/test/integration/portfolio/prioritization.test.ts > overrides (REQ-S09-005) > an override without a reason is rejected (missing/empty -> 400 at /reason; blank/invisible -> 422); the proposer cannot approve; approved applies with 'override: <reason>'; revoke; AUD 403; If-Match
AssertionError: {"type":"urn:mth:problem:forbidden","title":"Forbidden","status":403,"detail":"You do not have permission for this action.","code":"forbidden","requestId":"01a11e50-ff0a-747c-af16-f463213f8284"}: expected 403 to be 201 // Object.is equality

[32m- Expected[39m
[31m+ Received[39m

[32m- 201[39m
[31m+ 403[39m

 ❯ scoreAll apps/api/test/integration/portfolio/prioritization.test.ts:61:46
     59|   for (const [c, v] of Object.entries(values)) {
     60|     const r = await score(s, initiativeId, c, v);
     61|     expect(r.status, JSON.stringify(r.body)).toBe(201);
       |                                              ^
     62|   }
     63| }
 ❯ apps/api/test/integration/portfolio/prioritization.test.ts:646:5

⎯⎯⎯⎯⎯⎯⎯⎯⎯⎯⎯⎯⎯⎯⎯⎯⎯⎯⎯⎯[206/278]⎯

 FAIL  |integration| apps/api/test/integration/portfolio/prioritization.test.ts > overrides (REQ-S09-005) > the DB refuses an approval by the proposer even without the API (ranking_override_approver_not_proposer)
AssertionError: promise resolved "[ UpdateResult{ …(2) } ]" instead of rejecting

[32m- Expected:[39m 
Error {
  "message": "rejected promise",
}

[31m+ Received:[39m 
[
  UpdateResult {
    "numChangedRows": undefined,
    "numUpdatedRows": 0n,
  },
]

 ❯ apps/api/test/integration/portfolio/prioritization.test.ts:757:5
    755|         .where("id", "=", o.body.id)
    756|         .execute(),
    757|     ).rejects.toThrow(/approver_not_proposer/);
       |     ^
    758|   });
    759| });

⎯⎯⎯⎯⎯⎯⎯⎯⎯⎯⎯⎯⎯⎯⎯⎯⎯⎯⎯⎯[207/278]⎯

 FAIL  |integration| apps/api/test/integration/portfolio/prioritization.test.ts > every BE-D mutation re-authorises inside its transaction (BE18A) > weight sets, scores, rankings and overrides: 403 at commit and nothing changes
AssertionError: expected 403 to be 201 // Object.is equality

[32m- Expected[39m
[31m+ Received[39m

[32m- 201[39m
[31m+ 403[39m

 ❯ apps/api/test/integration/portfolio/prioritization.test.ts:816:76
    814|     const p = await setupP2World(api, w);
    815|     const ini = await insertInitiative(api, p.transformationId, p.lead…
    816|     expect((await score(p.lead.session, ini.id, "feasibility", 3)).sta…
       |                                                                            ^
    817|     const v2 = await proposeV2(p);
    818|     const v3 = await proposeV2(p);

⎯⎯⎯⎯⎯⎯⎯⎯⎯⎯⎯⎯⎯⎯⎯⎯⎯⎯⎯⎯[208/278]⎯

 FAIL  |integration| apps/api/test/integration/portfolio/prioritization.test.ts > comparison view (REQ-S09-004) > axes, filters (status, completeness, funding, flag) and injected sequencing/capacity flags
AssertionError: {"type":"urn:mth:problem:forbidden","title":"Forbidden","status":403,"detail":"Your access to this record changed while the request was in progress.","code":"forbidden","requestId":"01a11e51-0076-71b9-8c39-4fb944e9b698"}: expected 403 to be 201 // Object.is equality

[32m- Expected[39m
[31m+ Received[39m

[32m- 201[39m
[31m+ 403[39m

 ❯ scoreAll apps/api/test/integration/portfolio/prioritization.test.ts:61:46
     59|   for (const [c, v] of Object.entries(values)) {
     60|     const r = await score(s, initiativeId, c, v);
     61|     expect(r.status, JSON.stringify(r.body)).toBe(201);
       |                                              ^
     62|   }
     63| }
 ❯ apps/api/test/integration/portfolio/prioritization.test.ts:906:5

⎯⎯⎯⎯⎯⎯⎯⎯⎯⎯⎯⎯⎯⎯⎯⎯⎯⎯⎯⎯[209/278]⎯

 FAIL  |integration| apps/api/test/integration/portfolio/readiness.test.ts > GET /transformations/{id}/readiness (REQ-PB-007) > a fresh transformation: every B0012 area missing, both blockers with the exact §3 texts, gates G1-G4 draft
AssertionError: expected 404 to be 200 // Object.is equality

[32m- Expected[39m
[31m+ Received[39m

[32m- 200[39m
[31m+ 404[39m

 ❯ apps/api/test/integration/portfolio/readiness.test.ts:97:24
     95|     const p = await setupP2World(api, w);
     96|     const res = await readiness(p);
     97|     expect(res.status).toBe(200);
       |                        ^
     98|     expect(res.body.missingDiagnosticAreas).toEqual(AREAS);
     99|     expect(res.body.diagnostic.map((a: { area: string; dimensions: str…

⎯⎯⎯⎯⎯⎯⎯⎯⎯⎯⎯⎯⎯⎯⎯⎯⎯⎯⎯⎯[210/278]⎯

 FAIL  |integration| apps/api/test/integration/portfolio/readiness.test.ts > GET /transformations/{id}/readiness (REQ-PB-007) > T01 content covers areas (content half of g1.diagnostic; technology needs technology AND data)
TypeError: Cannot read properties of undefined (reading 'filter')
 ❯ fillT01 apps/api/test/integration/portfolio/readiness.test.ts:34:39
     32|     { session: p.lead.session },
     33|   );
     34|   for (const item of items.body.items.filter((i) => i.isSeeded && dime…
       |                                       ^
     35|     const res = await call(api.app, "PATCH", `${T}/diagnostic-items/${…
     36|       session: p.lead.session,
 ❯ apps/api/test/integration/portfolio/readiness.test.ts:125:5

⎯⎯⎯⎯⎯⎯⎯⎯⎯⎯⎯⎯⎯⎯⎯⎯⎯⎯⎯⎯[211/278]⎯

 FAIL  |integration| apps/api/test/integration/portfolio/readiness.test.ts > GET /transformations/{id}/readiness (REQ-PB-007) > G1 approved clears the submit blocker; G2+G3 approved clear the launch blocker (End-to-End)
AssertionError: expected undefined to match object { canSubmitInitiatives: true, …(1) }

[32m- Expected:[39m 
{
  "canLaunchInitiatives": false,
  "canSubmitInitiatives": true,
}

[31m+ Received:[39m 
undefined

 ❯ apps/api/test/integration/portfolio/readiness.test.ts:138:37
    136|     await setGateStatus(api, p, "G1", "approved");
    137|     const afterG1 = await readiness(p);
    138|     expect(afterG1.body.sequencing).toMatchObject({ canSubmitInitiativ…
       |                                     ^
    139|     expect(afterG1.body.sequencing.blockers.map((b: { code: string }) …
    140|       "initiative.direction_not_approved",

⎯⎯⎯⎯⎯⎯⎯⎯⎯⎯⎯⎯⎯⎯⎯⎯⎯⎯⎯⎯[212/278]⎯

 FAIL  |integration| apps/api/test/integration/portfolio/readiness.test.ts > GET /transformations/{id}/outcome-hierarchy (REQ-PB-032) > returns North Star -> outcomes -> KPIs -> targets -> contributions as one tree (read only)
AssertionError: expected { …(5) } to deeply equal { northStar: null, outcomes: [] }

[32m- Expected[39m
[31m+ Received[39m

[2m  {[22m
[32m-   "northStar": null,[39m
[32m-   "outcomes": [],[39m
[31m+   "code": "not_found",[39m
[31m+   "requestId": "01a11e52-2a49-7529-b98a-33ba73af0d65",[39m
[31m+   "status": 404,[39m
[31m+   "title": "Not found",[39m
[31m+   "type": "urn:mth:problem:not-found",[39m
[2m  }[22m

 ❯ apps/api/test/integration/portfolio/readiness.test.ts:169:24
    167|     const T = `/api/v1/transformations/${p.transformationId}`;
    168|     const empty = await call(api.app, "GET", `${T}/outcome-hierarchy`,…
    169|     expect(empty.body).toEqual({ northStar: null, outcomes: [] });
       |                        ^
    170|     const ns = await call(api.app, "PUT", `${T}/north-star`, {
    171|       session: p.lead.session,

⎯⎯⎯⎯⎯⎯⎯⎯⎯⎯⎯⎯⎯⎯⎯⎯⎯⎯⎯⎯[213/278]⎯

 FAIL  |integration| apps/api/test/integration/portfolio/roadmap.test.ts > roadmap waves (T07, REQ-PB-050) > editable columns only: dates, owner, notes with If-Match (428/409), audited; source text 400 and DB-immutable; AUD 403; seeded not archivable
TypeError: Cannot read properties of undefined (reading '1')
 ❯ apps/api/test/integration/portfolio/roadmap.test.ts:160:32
    158|     const p = await setupP2World(api, w);
    159|     const waves = (await call<Body>(api.app, "GET", `${T(p)}/waves`, {…
    160|     const W = `${T(p)}/waves/${waves[1].id}`;
       |                                ^
    161|     const edit = {
    162|       plannedStart: "2026-02-01",

⎯⎯⎯⎯⎯⎯⎯⎯⎯⎯⎯⎯⎯⎯⎯⎯⎯⎯⎯⎯[214/278]⎯

 FAIL  |integration| apps/api/test/integration/portfolio/roadmap.test.ts > roadmap waves (T07, REQ-PB-050) > teams add non-source waves (201, version 1, audited); overlapping horizons and dates are accepted; duplicate code 409; AUD 403
AssertionError: expected [ 404, 'not_found' ] to deeply equal [ 409, 'roadmap_wave.duplicate_code' ]

[32m- Expected[39m
[31m+ Received[39m

[2m  [[22m
[32m-   409,[39m
[32m-   "roadmap_wave.duplicate_code",[39m
[31m+   404,[39m
[31m+   "not_found",[39m
[2m  ][22m

 ❯ apps/api/test/integration/portfolio/roadmap.test.ts:238:41
    236|     expect((await auditOf(api.db, res.body.id)).map((e) => e.action)).…
    237|     const dup = await call<Body>(api.app, "POST", `${T(p)}/waves`, { s…
    238|     expect([dup.status, dup.body.code]).toEqual([409, "roadmap_wave.du…
       |                                         ^
    239|     const backwards = await call<Body>(api.app, "POST", `${T(p)}/waves…
    240|       session: p.lead.session,

⎯⎯⎯⎯⎯⎯⎯⎯⎯⎯⎯⎯⎯⎯⎯⎯⎯⎯⎯⎯[215/278]⎯

 FAIL  |integration| apps/api/test/integration/portfolio/roadmap.test.ts > roadmap waves (T07, REQ-PB-050) > commit-time authorisation on wave create and update (403 after the lock wait, audited, nothing written)
TypeError: Cannot read properties of undefined (reading 'map')
 ❯ apps/api/test/integration/portfolio/roadmap.test.ts:267:18
    265|     expect(await deniedFor(a.id)).toBe(1);
    266|     const waves = (await call<Body>(api.app, "GET", `${T(p)}/waves`, {…
    267|     expect(waves.map((x: Body) => x.code)).not.toContain("wave_race");
       |                  ^
    268|     const b = await freshWl(p);
    269|     const updated = await whileBlocked(

⎯⎯⎯⎯⎯⎯⎯⎯⎯⎯⎯⎯⎯⎯⎯⎯⎯⎯⎯⎯[216/278]⎯

 FAIL  |integration| apps/api/test/integration/portfolio/roadmap.test.ts > deliverables: submit and acceptance (ADR-0023 §2) > create (version 1, audited, AUD 403), list with the 3-7 count warning, read, edit with If-Match, archive
AssertionError: expected 404 to be 400 // Object.is equality

[32m- Expected[39m
[31m+ Received[39m

[32m- 400[39m
[31m+ 404[39m

 ❯ apps/api/test/integration/portfolio/roadmap.test.ts:302:103
    300|     const D = `/api/v1/initiatives/${ini!.id}/deliverables`;
    301|     expect((await call(api.app, "POST", D, { session: p.auditor.sessio…
    302|     expect((await call(api.app, "POST", D, { session: p.lead.session, …
       |                                                                                                       ^
    303|     const ids: string[] = [];
    304|     for (const title of ["Synthetic design", "Synthetic build", "Synth…

⎯⎯⎯⎯⎯⎯⎯⎯⎯⎯⎯⎯⎯⎯⎯⎯⎯⎯⎯⎯[217/278]⎯

 FAIL  |integration| apps/api/test/integration/portfolio/roadmap.test.ts > deliverables: submit and acceptance (ADR-0023 §2) > submit (initiative.edit, If-Match, audited) then acceptance by the executive owner; never the submitter; not-owner 403; AUD 403
AssertionError: expected 400 to be 403 // Object.is equality

[32m- Expected[39m
[31m+ Received[39m

[32m- 403[39m
[31m+ 400[39m

 ❯ apps/api/test/integration/portfolio/roadmap.test.ts:374:7
    372|     expect(
    373|       (await call(api.app, "POST", S(d1.id), { session: p.auditor.sess…
    374|     ).toBe(403);
       |       ^
    375|     expect((await call(api.app, "POST", S(d1.id), { session: p.lead.se…
    376|     const sub = await call<Body>(api.app, "POST", S(d1.id), {

⎯⎯⎯⎯⎯⎯⎯⎯⎯⎯⎯⎯⎯⎯⎯⎯⎯⎯⎯⎯[218/278]⎯

 FAIL  |integration| apps/api/test/integration/portfolio/roadmap.test.ts > deliverables: submit and acceptance (ADR-0023 §2) > a delegate of the executive owner accepts on their behalf (audited as such); never for the submitter
AssertionError: expected [ 400, 'validation' ] to deeply equal [ 403, 'deliverable.not_owner' ]

[32m- Expected[39m
[31m+ Received[39m

[2m  [[22m
[32m-   403,[39m
[32m-   "deliverable.not_owner",[39m
[31m+   400,[39m
[31m+   "validation",[39m
[2m  ][22m

 ❯ apps/api/test/integration/portfolio/roadmap.test.ts:493:43
    491|       body: { result: "accepted" },
    492|     });
    493|     expect([bare.status, bare.body.code]).toEqual([403, "deliverable.n…
       |                                           ^
    494|     const res = await call<Body>(api.app, "POST", `/api/v1/deliverable…
    495|       session: dSession,

⎯⎯⎯⎯⎯⎯⎯⎯⎯⎯⎯⎯⎯⎯⎯⎯⎯⎯⎯⎯[219/278]⎯

 FAIL  |integration| apps/api/test/integration/portfolio/roadmap.test.ts > deliverables: submit and acceptance (ADR-0023 §2) > commit-time authorisation on deliverable create, update, submit and acceptance
AssertionError: expected undefined to deeply equal []

[32m- Expected:[39m 
[]

[31m+ Received:[39m 
undefined

 ❯ apps/api/test/integration/portfolio/roadmap.test.ts:555:7
    553|       (await call<Body>(api.app, "GET", `/api/v1/initiatives/${ini!.id…
    554|         .body.items,
    555|     ).toEqual([]);
       |       ^
    556|     const d = (
    557|       await call<Body>(api.app, "POST", `/api/v1/initiatives/${ini!.id…

⎯⎯⎯⎯⎯⎯⎯⎯⎯⎯⎯⎯⎯⎯⎯⎯⎯⎯⎯⎯[220/278]⎯

 FAIL  |integration| apps/api/test/integration/portfolio/roadmap.test.ts > milestones: approved vs forecast (ADR-0023 §2-§3, REQ-S09-006) > create (initiative.edit or roadmap.edit; no approved date), approve-date (roadmap.approve, reason), re-approval audited, variance computed
AssertionError: expected 404 to be 400 // Object.is equality

[32m- Expected[39m
[31m+ Received[39m

[32m- 400[39m
[31m+ 404[39m

 ❯ apps/api/test/integration/portfolio/roadmap.test.ts:644:7
    642|       (await call(api.app, "POST", M, { session: p.lead.session, body:…
    643|         .status,
    644|     ).toBe(400);
       |       ^
    645|     const ms = await call<Body>(api.app, "POST", M, {
    646|       session: p.contributor.session,

⎯⎯⎯⎯⎯⎯⎯⎯⎯⎯⎯⎯⎯⎯⎯⎯⎯⎯⎯⎯[221/278]⎯

 FAIL  |integration| apps/api/test/integration/portfolio/roadmap.test.ts > milestones: approved vs forecast (ADR-0023 §2-§3, REQ-S09-006) > moving the forecast: If-Match 428, stale 409 with currentVersion, AUD 403, achieved needs an actual date, audited
AssertionError: expected 400 to be 403 // Object.is equality

[32m- Expected[39m
[31m+ Received[39m

[32m- 403[39m
[31m+ 400[39m

 ❯ apps/api/test/integration/portfolio/roadmap.test.ts:725:7
    723|         })
    724|       ).status,
    725|     ).toBe(403);
       |       ^
    726|     expect(
    727|       (await call(api.app, "PATCH", U, { session: p.lead.session, body…

⎯⎯⎯⎯⎯⎯⎯⎯⎯⎯⎯⎯⎯⎯⎯⎯⎯⎯⎯⎯[222/278]⎯

 FAIL  |integration| apps/api/test/integration/portfolio/roadmap.test.ts > milestones: approved vs forecast (ADR-0023 §2-§3, REQ-S09-006) > commit-time authorisation on milestone create, update and approve-date
AssertionError: the request never waited on the held lock: expected 0 to be greater than 0
 ❯ whileBlocked apps/api/test/integration/contract/p3-exercises-be-c.ts:377:66
    375|       if (blocked === 0) await new Promise((r) => setTimeout(r, 20));
    376|     }
    377|     expect(blocked, "the request never waited on the held lock").toBeG…
       |                                                                  ^
    378|     await meanwhile();
    379|     await holder.query("commit");
 ❯ apps/api/test/integration/portfolio/roadmap.test.ts:793:17

⎯⎯⎯⎯⎯⎯⎯⎯⎯⎯⎯⎯⎯⎯⎯⎯⎯⎯⎯⎯[223/278]⎯

 FAIL  |integration| apps/api/test/integration/portfolio/roadmap.test.ts > GET /transformations/{id}/roadmap: one read model (REQ-S09-006) > waves, initiatives, milestones, deliverables and initiative dependencies with versions and flags; a moved milestone shows at once
TypeError: Cannot read properties of undefined (reading '1')
 ❯ apps/api/test/integration/portfolio/roadmap.test.ts:839:71
    837|     const waves = (await call<Body>(api.app, "GET", `${T(p)}/waves`, {…
    838|     const [a, b] = await insertInitiatives(api, p, [
    839|       { name: "Synthetic platform", plannedEnd: "2026-05-31", waveId: …
       |                                                                       ^
    840|       { name: "Synthetic rollout", plannedStart: "2026-09-01", waveId:…
    841|     ]);

⎯⎯⎯⎯⎯⎯⎯⎯⎯⎯⎯⎯⎯⎯⎯⎯⎯⎯⎯⎯[224/278]⎯

 FAIL  |integration| apps/api/test/integration/portfolio/transitions.test.ts > submit (draft -> submitted) > REQ-PB-007/REQ-PB-022: before G1 -> 422 invalid-transition with the exact G1 text; errors[] lists every failing precondition; nothing written
AssertionError: POST /api/v1/transformations/01a11e50-da33-733b-a05d-22c767b77a77/outcomes: {"type":"urn:mth:problem:not-found","title":"Not found","status":404,"code":"not_found","requestId":"01a11e50-daab-75aa-a880-b5e2ed212eaf"}: expected 404 to be 201 // Object.is equality

[32m- Expected[39m
[31m+ Received[39m

[32m- 201[39m
[31m+ 404[39m

 ❯ created apps/api/test/integration/contract/p3-exercises-be-b.ts:62:80
     60| const created = async (send: Send, url: string, session: P2World["lead…
     61|   const res = await send("POST", url, { session, body });
     62|   expect(res.status, `POST ${url}: ${JSON.stringify(res.body).slice(0,…
       |                                                                                ^
     63|   return res.body as { id: string; version: number } & Record<string, …
     64| };
 ❯ makeDirection apps/api/test/integration/contract/p3-exercises-be-b.ts:82:22
 ❯ world apps/api/test/integration/portfolio/transitions.test.ts:67:13
 ❯ apps/api/test/integration/portfolio/transitions.test.ts:120:15

⎯⎯⎯⎯⎯⎯⎯⎯⎯⎯⎯⎯⎯⎯⎯⎯⎯⎯⎯⎯[225/278]⎯

 FAIL  |integration| apps/api/test/integration/portfolio/transitions.test.ts > submit (draft -> submitted) > REQ-PB-006: without an outcome/KPI link -> 'Outcome before activity' validation error at /outcomeContributions; accepted once a link exists
AssertionError: POST /api/v1/transformations/01a11e50-daca-7628-9f5b-b9040bc550dc/outcomes: {"type":"urn:mth:problem:not-found","title":"Not found","status":404,"code":"not_found","requestId":"01a11e50-db29-71c0-8f58-bfb4301b45bc"}: expected 404 to be 201 // Object.is equality

[32m- Expected[39m
[31m+ Received[39m

[32m- 201[39m
[31m+ 404[39m

 ❯ created apps/api/test/integration/contract/p3-exercises-be-b.ts:62:80
     60| const created = async (send: Send, url: string, session: P2World["lead…
     61|   const res = await send("POST", url, { session, body });
     62|   expect(res.status, `POST ${url}: ${JSON.stringify(res.body).slice(0,…
       |                                                                                ^
     63|   return res.body as { id: string; version: number } & Record<string, …
     64| };
 ❯ makeDirection apps/api/test/integration/contract/p3-exercises-be-b.ts:82:22
 ❯ world apps/api/test/integration/portfolio/transitions.test.ts:67:13
 ❯ apps/api/test/integration/portfolio/transitions.test.ts:142:15

⎯⎯⎯⎯⎯⎯⎯⎯⎯⎯⎯⎯⎯⎯⎯⎯⎯⎯⎯⎯[226/278]⎯

 FAIL  |integration| apps/api/test/integration/portfolio/transitions.test.ts > submit (draft -> submitted) > Modular: an accepted inherited approval of G1 with verified evidence satisfies submit (never a gate decision)
AssertionError: POST /api/v1/transformations/01a11e50-db4e-733c-a58c-582fc0bc2c3c/outcomes: {"type":"urn:mth:problem:not-found","title":"Not found","status":404,"code":"not_found","requestId":"01a11e50-dba8-71b9-af20-2f7f79a0e02e"}: expected 404 to be 201 // Object.is equality

[32m- Expected[39m
[31m+ Received[39m

[32m- 201[39m
[31m+ 404[39m

 ❯ created apps/api/test/integration/contract/p3-exercises-be-b.ts:62:80
     60| const created = async (send: Send, url: string, session: P2World["lead…
     61|   const res = await send("POST", url, { session, body });
     62|   expect(res.status, `POST ${url}: ${JSON.stringify(res.body).slice(0,…
       |                                                                                ^
     63|   return res.body as { id: string; version: number } & Record<string, …
     64| };
 ❯ makeDirection apps/api/test/integration/contract/p3-exercises-be-b.ts:82:22
 ❯ world apps/api/test/integration/portfolio/transitions.test.ts:67:13
 ❯ apps/api/test/integration/portfolio/transitions.test.ts:179:15

⎯⎯⎯⎯⎯⎯⎯⎯⎯⎯⎯⎯⎯⎯⎯⎯⎯⎯⎯⎯[227/278]⎯

 FAIL  |integration| apps/api/test/integration/portfolio/transitions.test.ts > withdraw and cancel > withdraw: submitted or ranked -> draft with a reason; draft -> 422 not_withdrawable; no reason -> 400
AssertionError: POST /api/v1/transformations/01a11e50-dbbd-72db-a2a5-7af93c46b341/outcomes: {"type":"urn:mth:problem:not-found","title":"Not found","status":404,"code":"not_found","requestId":"01a11e50-dbef-7749-a88d-65c2fd79adf7"}: expected 404 to be 201 // Object.is equality

[32m- Expected[39m
[31m+ Received[39m

[32m- 201[39m
[31m+ 404[39m

 ❯ created apps/api/test/integration/contract/p3-exercises-be-b.ts:62:80
     60| const created = async (send: Send, url: string, session: P2World["lead…
     61|   const res = await send("POST", url, { session, body });
     62|   expect(res.status, `POST ${url}: ${JSON.stringify(res.body).slice(0,…
       |                                                                                ^
     63|   return res.body as { id: string; version: number } & Record<string, …
     64| };
 ❯ makeDirection apps/api/test/integration/contract/p3-exercises-be-b.ts:82:22
 ❯ world apps/api/test/integration/portfolio/transitions.test.ts:67:13
 ❯ apps/api/test/integration/portfolio/transitions.test.ts:243:15

⎯⎯⎯⎯⎯⎯⎯⎯⎯⎯⎯⎯⎯⎯⎯⎯⎯⎯⎯⎯[228/278]⎯

 FAIL  |integration| apps/api/test/integration/portfolio/transitions.test.ts > withdraw and cancel > cancel: any non-terminal status -> cancelled with reason and stamps; launched or cancelled -> 422 not_cancellable
AssertionError: POST /api/v1/transformations/01a11e50-dc05-720d-bd0a-1ce7c0fcaeaf/outcomes: {"type":"urn:mth:problem:not-found","title":"Not found","status":404,"code":"not_found","requestId":"01a11e50-dc3b-74ed-9c0a-d471793f551e"}: expected 404 to be 201 // Object.is equality

[32m- Expected[39m
[31m+ Received[39m

[32m- 201[39m
[31m+ 404[39m

 ❯ created apps/api/test/integration/contract/p3-exercises-be-b.ts:62:80
     60| const created = async (send: Send, url: string, session: P2World["lead…
     61|   const res = await send("POST", url, { session, body });
     62|   expect(res.status, `POST ${url}: ${JSON.stringify(res.body).slice(0,…
       |                                                                                ^
     63|   return res.body as { id: string; version: number } & Record<string, …
     64| };
 ❯ makeDirection apps/api/test/integration/contract/p3-exercises-be-b.ts:82:22
 ❯ world apps/api/test/integration/portfolio/transitions.test.ts:67:13
 ❯ apps/api/test/integration/portfolio/transitions.test.ts:263:15

⎯⎯⎯⎯⎯⎯⎯⎯⎯⎯⎯⎯⎯⎯⎯⎯⎯⎯⎯⎯[229/278]⎯

 FAIL  |integration| apps/api/test/integration/portfolio/transitions.test.ts > selection (REQ-S09-003): a recorded business approval; ranking never selects; selection never funds > ranking never selects; select writes a portfolio_selection row and shows 'Selected - unfunded'
AssertionError: POST /api/v1/transformations/01a11e50-dc50-72dd-a276-e60e5677718b/outcomes: {"type":"urn:mth:problem:not-found","title":"Not found","status":404,"code":"not_found","requestId":"01a11e50-dc80-76a6-bfbf-d8156889ba88"}: expected 404 to be 201 // Object.is equality

[32m- Expected[39m
[31m+ Received[39m

[32m- 201[39m
[31m+ 404[39m

 ❯ created apps/api/test/integration/contract/p3-exercises-be-b.ts:62:80
     60| const created = async (send: Send, url: string, session: P2World["lead…
     61|   const res = await send("POST", url, { session, body });
     62|   expect(res.status, `POST ${url}: ${JSON.stringify(res.body).slice(0,…
       |                                                                                ^
     63|   return res.body as { id: string; version: number } & Record<string, …
     64| };
 ❯ makeDirection apps/api/test/integration/contract/p3-exercises-be-b.ts:82:22
 ❯ world apps/api/test/integration/portfolio/transitions.test.ts:67:13
 ❯ apps/api/test/integration/portfolio/transitions.test.ts:293:15

⎯⎯⎯⎯⎯⎯⎯⎯⎯⎯⎯⎯⎯⎯⎯⎯⎯⎯⎯⎯[230/278]⎯

 FAIL  |integration| apps/api/test/integration/portfolio/transitions.test.ts > selection (REQ-S09-003): a recorded business approval; ranking never selects; selection never funds > deselect: selected or funded -> ranked with a rationale; ranked or launched -> 422 not_deselectable
AssertionError: POST /api/v1/transformations/01a11e50-dc95-7371-b3c6-f7f65e6459a1/outcomes: {"type":"urn:mth:problem:not-found","title":"Not found","status":404,"code":"not_found","requestId":"01a11e50-dcc5-7439-8523-598d56169cf7"}: expected 404 to be 201 // Object.is equality

[32m- Expected[39m
[31m+ Received[39m

[32m- 201[39m
[31m+ 404[39m

 ❯ created apps/api/test/integration/contract/p3-exercises-be-b.ts:62:80
     60| const created = async (send: Send, url: string, session: P2World["lead…
     61|   const res = await send("POST", url, { session, body });
     62|   expect(res.status, `POST ${url}: ${JSON.stringify(res.body).slice(0,…
       |                                                                                ^
     63|   return res.body as { id: string; version: number } & Record<string, …
     64| };
 ❯ makeDirection apps/api/test/integration/contract/p3-exercises-be-b.ts:82:22
 ❯ world apps/api/test/integration/portfolio/transitions.test.ts:67:13
 ❯ apps/api/test/integration/portfolio/transitions.test.ts:332:15

⎯⎯⎯⎯⎯⎯⎯⎯⎯⎯⎯⎯⎯⎯⎯⎯⎯⎯⎯⎯[231/278]⎯

 FAIL  |integration| apps/api/test/integration/portfolio/transitions.test.ts > selection (REQ-S09-003): a recorded business approval; ranking never selects; selection never funds > ADR-0021 §6 (T-DG3-ARCH-03): select/deselect on someone's behalf -> 422 selection.on_behalf_not_supported, even under an active delegation; nothing written
AssertionError: POST /api/v1/transformations/01a11e50-dcd6-76d6-aa33-ac52bd3adade/outcomes: {"type":"urn:mth:problem:not-found","title":"Not found","status":404,"code":"not_found","requestId":"01a11e50-dd04-72de-b052-e2ec5be397d8"}: expected 404 to be 201 // Object.is equality

[32m- Expected[39m
[31m+ Received[39m

[32m- 201[39m
[31m+ 404[39m

 ❯ created apps/api/test/integration/contract/p3-exercises-be-b.ts:62:80
     60| const created = async (send: Send, url: string, session: P2World["lead…
     61|   const res = await send("POST", url, { session, body });
     62|   expect(res.status, `POST ${url}: ${JSON.stringify(res.body).slice(0,…
       |                                                                                ^
     63|   return res.body as { id: string; version: number } & Record<string, …
     64| };
 ❯ makeDirection apps/api/test/integration/contract/p3-exercises-be-b.ts:82:22
 ❯ world apps/api/test/integration/portfolio/transitions.test.ts:67:13
 ❯ apps/api/test/integration/portfolio/transitions.test.ts:361:15

⎯⎯⎯⎯⎯⎯⎯⎯⎯⎯⎯⎯⎯⎯⎯⎯⎯⎯⎯⎯[232/278]⎯

 FAIL  |integration| apps/api/test/integration/portfolio/transitions.test.ts > launch (funded -> launched) > REQ-PB-004 (acceptance): End-to-End launch -> 422 'North Star, outcomes and target state not yet approved'; after G2 and G3 approval the same call succeeds
AssertionError: POST /api/v1/transformations/01a11e50-dd19-76b8-bf8b-0025e1173884/outcomes: {"type":"urn:mth:problem:not-found","title":"Not found","status":404,"code":"not_found","requestId":"01a11e50-dd4b-74e9-bfd7-8b17abf15fe7"}: expected 404 to be 201 // Object.is equality

[32m- Expected[39m
[31m+ Received[39m

[32m- 201[39m
[31m+ 404[39m

 ❯ created apps/api/test/integration/contract/p3-exercises-be-b.ts:62:80
     60| const created = async (send: Send, url: string, session: P2World["lead…
     61|   const res = await send("POST", url, { session, body });
     62|   expect(res.status, `POST ${url}: ${JSON.stringify(res.body).slice(0,…
       |                                                                                ^
     63|   return res.body as { id: string; version: number } & Record<string, …
     64| };
 ❯ makeDirection apps/api/test/integration/contract/p3-exercises-be-b.ts:82:22
 ❯ world apps/api/test/integration/portfolio/transitions.test.ts:67:13
 ❯ apps/api/test/integration/portfolio/transitions.test.ts:421:15

⎯⎯⎯⎯⎯⎯⎯⎯⎯⎯⎯⎯⎯⎯⎯⎯⎯⎯⎯⎯[233/278]⎯

 FAIL  |integration| apps/api/test/integration/portfolio/transitions.test.ts > launch (funded -> launched) > direction is checked BEFORE funding: a selected-unfunded End-to-End initiative gets the sequencing reason, errors[] lists both
AssertionError: POST /api/v1/transformations/01a11e50-dd5e-704b-a341-2ea238d4be10/outcomes: {"type":"urn:mth:problem:not-found","title":"Not found","status":404,"code":"not_found","requestId":"01a11e50-dd92-753b-b120-7b6f5713e48a"}: expected 404 to be 201 // Object.is equality

[32m- Expected[39m
[31m+ Received[39m

[32m- 201[39m
[31m+ 404[39m

 ❯ created apps/api/test/integration/contract/p3-exercises-be-b.ts:62:80
     60| const created = async (send: Send, url: string, session: P2World["lead…
     61|   const res = await send("POST", url, { session, body });
     62|   expect(res.status, `POST ${url}: ${JSON.stringify(res.body).slice(0,…
       |                                                                                ^
     63|   return res.body as { id: string; version: number } & Record<string, …
     64| };
 ❯ makeDirection apps/api/test/integration/contract/p3-exercises-be-b.ts:82:22
 ❯ world apps/api/test/integration/portfolio/transitions.test.ts:67:13
 ❯ apps/api/test/integration/portfolio/transitions.test.ts:452:15

⎯⎯⎯⎯⎯⎯⎯⎯⎯⎯⎯⎯⎯⎯⎯⎯⎯⎯⎯⎯[234/278]⎯

 FAIL  |integration| apps/api/test/integration/portfolio/transitions.test.ts > launch (funded -> launched) > 'Selected - unfunded' cannot launch (also after a rejected/deferred or revoked funding decision); other statuses are not launchable
AssertionError: POST /api/v1/transformations/01a11e50-dda5-765c-96cd-951b6000aa9b/outcomes: {"type":"urn:mth:problem:not-found","title":"Not found","status":404,"code":"not_found","requestId":"01a11e50-ddd7-765d-bdb1-25cd926d272d"}: expected 404 to be 201 // Object.is equality

[32m- Expected[39m
[31m+ Received[39m

[32m- 201[39m
[31m+ 404[39m

 ❯ created apps/api/test/integration/contract/p3-exercises-be-b.ts:62:80
     60| const created = async (send: Send, url: string, session: P2World["lead…
     61|   const res = await send("POST", url, { session, body });
     62|   expect(res.status, `POST ${url}: ${JSON.stringify(res.body).slice(0,…
       |                                                                                ^
     63|   return res.body as { id: string; version: number } & Record<string, …
     64| };
 ❯ makeDirection apps/api/test/integration/contract/p3-exercises-be-b.ts:82:22
 ❯ world apps/api/test/integration/portfolio/transitions.test.ts:67:13
 ❯ apps/api/test/integration/portfolio/transitions.test.ts:464:15

⎯⎯⎯⎯⎯⎯⎯⎯⎯⎯⎯⎯⎯⎯⎯⎯⎯⎯⎯⎯[235/278]⎯

 FAIL  |integration| apps/api/test/integration/portfolio/transitions.test.ts > launch (funded -> launched) > a draft launched before G1 reports G1 first (precondition 1)
AssertionError: POST /api/v1/transformations/01a11e50-dde9-7769-b1d5-b9130bcdeb0e/outcomes: {"type":"urn:mth:problem:not-found","title":"Not found","status":404,"code":"not_found","requestId":"01a11e50-de1a-77a8-8996-06c4ff3a302f"}: expected 404 to be 201 // Object.is equality

[32m- Expected[39m
[31m+ Received[39m

[32m- 201[39m
[31m+ 404[39m

 ❯ created apps/api/test/integration/contract/p3-exercises-be-b.ts:62:80
     60| const created = async (send: Send, url: string, session: P2World["lead…
     61|   const res = await send("POST", url, { session, body });
     62|   expect(res.status, `POST ${url}: ${JSON.stringify(res.body).slice(0,…
       |                                                                                ^
     63|   return res.body as { id: string; version: number } & Record<string, …
     64| };
 ❯ makeDirection apps/api/test/integration/contract/p3-exercises-be-b.ts:82:22
 ❯ world apps/api/test/integration/portfolio/transitions.test.ts:67:13
 ❯ apps/api/test/integration/portfolio/transitions.test.ts:508:15

⎯⎯⎯⎯⎯⎯⎯⎯⎯⎯⎯⎯⎯⎯⎯⎯⎯⎯⎯⎯[236/278]⎯

 FAIL  |integration| apps/api/test/integration/portfolio/transitions.test.ts > launch (funded -> launched) > End-to-End: an accepted waiver of G3 (G2 approved) satisfies the direction rule for launch; the gate stays unapproved
AssertionError: POST /api/v1/transformations/01a11e50-de2f-7519-95dd-c0264f136088/outcomes: {"type":"urn:mth:problem:not-found","title":"Not found","status":404,"code":"not_found","requestId":"01a11e50-de64-77f4-b8ea-5af8d24eab2a"}: expected 404 to be 201 // Object.is equality

[32m- Expected[39m
[31m+ Received[39m

[32m- 201[39m
[31m+ 404[39m

 ❯ created apps/api/test/integration/contract/p3-exercises-be-b.ts:62:80
     60| const created = async (send: Send, url: string, session: P2World["lead…
     61|   const res = await send("POST", url, { session, body });
     62|   expect(res.status, `POST ${url}: ${JSON.stringify(res.body).slice(0,…
       |                                                                                ^
     63|   return res.body as { id: string; version: number } & Record<string, …
     64| };
 ❯ makeDirection apps/api/test/integration/contract/p3-exercises-be-b.ts:82:22
 ❯ world apps/api/test/integration/portfolio/transitions.test.ts:67:13
 ❯ apps/api/test/integration/portfolio/transitions.test.ts:520:15

⎯⎯⎯⎯⎯⎯⎯⎯⎯⎯⎯⎯⎯⎯⎯⎯⎯⎯⎯⎯[237/278]⎯

 FAIL  |integration| apps/api/test/integration/portfolio/transitions.test.ts > launch (funded -> launched) > Modular: a funded initiative launches without G2/G3 (not held to the End-to-End rule); WL (no initiative.launch) gets 403
AssertionError: POST /api/v1/transformations/01a11e50-de78-772b-8d7f-17e4a9fc8039/outcomes: {"type":"urn:mth:problem:not-found","title":"Not found","status":404,"code":"not_found","requestId":"01a11e50-dea9-74b6-b2fa-4835c8d6a362"}: expected 404 to be 201 // Object.is equality

[32m- Expected[39m
[31m+ Received[39m

[32m- 201[39m
[31m+ 404[39m

 ❯ created apps/api/test/integration/contract/p3-exercises-be-b.ts:62:80
     60| const created = async (send: Send, url: string, session: P2World["lead…
     61|   const res = await send("POST", url, { session, body });
     62|   expect(res.status, `POST ${url}: ${JSON.stringify(res.body).slice(0,…
       |                                                                                ^
     63|   return res.body as { id: string; version: number } & Record<string, …
     64| };
 ❯ makeDirection apps/api/test/integration/contract/p3-exercises-be-b.ts:82:22
 ❯ world apps/api/test/integration/portfolio/transitions.test.ts:67:13
 ❯ apps/api/test/integration/portfolio/transitions.test.ts:557:15

⎯⎯⎯⎯⎯⎯⎯⎯⎯⎯⎯⎯⎯⎯⎯⎯⎯⎯⎯⎯[238/278]⎯

 FAIL  |integration| apps/api/test/integration/portfolio/transitions.test.ts > every transition: If-Match 428/409 and AUD 403 (audited denial, nothing written) > submit: 428 without If-Match, 409 stale, 403 for AUD, 404 for an unknown id
AssertionError: POST /api/v1/transformations/01a11e50-debb-77b0-93e9-d5cc47fb15b0/outcomes: {"type":"urn:mth:problem:not-found","title":"Not found","status":404,"code":"not_found","requestId":"01a11e50-def0-7278-b5a8-39d40f3bbd5a"}: expected 404 to be 201 // Object.is equality

[32m- Expected[39m
[31m+ Received[39m

[32m- 201[39m
[31m+ 404[39m

 ❯ created apps/api/test/integration/contract/p3-exercises-be-b.ts:62:80
     60| const created = async (send: Send, url: string, session: P2World["lead…
     61|   const res = await send("POST", url, { session, body });
     62|   expect(res.status, `POST ${url}: ${JSON.stringify(res.body).slice(0,…
       |                                                                                ^
     63|   return res.body as { id: string; version: number } & Record<string, …
     64| };
 ❯ makeDirection apps/api/test/integration/contract/p3-exercises-be-b.ts:82:22
 ❯ world apps/api/test/integration/portfolio/transitions.test.ts:67:13
 ❯ apps/api/test/integration/portfolio/transitions.test.ts:583:15

⎯⎯⎯⎯⎯⎯⎯⎯⎯⎯⎯⎯⎯⎯⎯⎯⎯⎯⎯⎯[239/278]⎯

 FAIL  |integration| apps/api/test/integration/portfolio/transitions.test.ts > every transition: If-Match 428/409 and AUD 403 (audited denial, nothing written) > withdraw: 428 without If-Match, 409 stale, 403 for AUD, 404 for an unknown id
AssertionError: POST /api/v1/transformations/01a11e50-df03-74ce-b22d-7224dc551858/outcomes: {"type":"urn:mth:problem:not-found","title":"Not found","status":404,"code":"not_found","requestId":"01a11e50-df34-70de-a696-92c98b2d6d0c"}: expected 404 to be 201 // Object.is equality

[32m- Expected[39m
[31m+ Received[39m

[32m- 201[39m
[31m+ 404[39m

 ❯ created apps/api/test/integration/contract/p3-exercises-be-b.ts:62:80
     60| const created = async (send: Send, url: string, session: P2World["lead…
     61|   const res = await send("POST", url, { session, body });
     62|   expect(res.status, `POST ${url}: ${JSON.stringify(res.body).slice(0,…
       |                                                                                ^
     63|   return res.body as { id: string; version: number } & Record<string, …
     64| };
 ❯ makeDirection apps/api/test/integration/contract/p3-exercises-be-b.ts:82:22
 ❯ world apps/api/test/integration/portfolio/transitions.test.ts:67:13
 ❯ apps/api/test/integration/portfolio/transitions.test.ts:583:15

⎯⎯⎯⎯⎯⎯⎯⎯⎯⎯⎯⎯⎯⎯⎯⎯⎯⎯⎯⎯[240/278]⎯

 FAIL  |integration| apps/api/test/integration/portfolio/transitions.test.ts > every transition: If-Match 428/409 and AUD 403 (audited denial, nothing written) > select: 428 without If-Match, 409 stale, 403 for AUD, 404 for an unknown id
AssertionError: POST /api/v1/transformations/01a11e50-df47-737e-af79-849bade5fcf5/outcomes: {"type":"urn:mth:problem:not-found","title":"Not found","status":404,"code":"not_found","requestId":"01a11e50-df77-7571-a589-9c4a61803be1"}: expected 404 to be 201 // Object.is equality

[32m- Expected[39m
[31m+ Received[39m

[32m- 201[39m
[31m+ 404[39m

 ❯ created apps/api/test/integration/contract/p3-exercises-be-b.ts:62:80
     60| const created = async (send: Send, url: string, session: P2World["lead…
     61|   const res = await send("POST", url, { session, body });
     62|   expect(res.status, `POST ${url}: ${JSON.stringify(res.body).slice(0,…
       |                                                                                ^
     63|   return res.body as { id: string; version: number } & Record<string, …
     64| };
 ❯ makeDirection apps/api/test/integration/contract/p3-exercises-be-b.ts:82:22
 ❯ world apps/api/test/integration/portfolio/transitions.test.ts:67:13
 ❯ apps/api/test/integration/portfolio/transitions.test.ts:583:15

⎯⎯⎯⎯⎯⎯⎯⎯⎯⎯⎯⎯⎯⎯⎯⎯⎯⎯⎯⎯[241/278]⎯

 FAIL  |integration| apps/api/test/integration/portfolio/transitions.test.ts > every transition: If-Match 428/409 and AUD 403 (audited denial, nothing written) > deselect: 428 without If-Match, 409 stale, 403 for AUD, 404 for an unknown id
AssertionError: POST /api/v1/transformations/01a11e50-df89-7425-9555-48d82d77f777/outcomes: {"type":"urn:mth:problem:not-found","title":"Not found","status":404,"code":"not_found","requestId":"01a11e50-dfb8-742f-9b2d-a7c3ee529891"}: expected 404 to be 201 // Object.is equality

[32m- Expected[39m
[31m+ Received[39m

[32m- 201[39m
[31m+ 404[39m

 ❯ created apps/api/test/integration/contract/p3-exercises-be-b.ts:62:80
     60| const created = async (send: Send, url: string, session: P2World["lead…
     61|   const res = await send("POST", url, { session, body });
     62|   expect(res.status, `POST ${url}: ${JSON.stringify(res.body).slice(0,…
       |                                                                                ^
     63|   return res.body as { id: string; version: number } & Record<string, …
     64| };
 ❯ makeDirection apps/api/test/integration/contract/p3-exercises-be-b.ts:82:22
 ❯ world apps/api/test/integration/portfolio/transitions.test.ts:67:13
 ❯ apps/api/test/integration/portfolio/transitions.test.ts:583:15

⎯⎯⎯⎯⎯⎯⎯⎯⎯⎯⎯⎯⎯⎯⎯⎯⎯⎯⎯⎯[242/278]⎯

 FAIL  |integration| apps/api/test/integration/portfolio/transitions.test.ts > every transition: If-Match 428/409 and AUD 403 (audited denial, nothing written) > launch: 428 without If-Match, 409 stale, 403 for AUD, 404 for an unknown id
AssertionError: POST /api/v1/transformations/01a11e50-dfcb-738a-b8bb-255aa801ffd8/outcomes: {"type":"urn:mth:problem:not-found","title":"Not found","status":404,"code":"not_found","requestId":"01a11e50-dffb-7123-b1b9-2950927fe69d"}: expected 404 to be 201 // Object.is equality

[32m- Expected[39m
[31m+ Received[39m

[32m- 201[39m
[31m+ 404[39m

 ❯ created apps/api/test/integration/contract/p3-exercises-be-b.ts:62:80
     60| const created = async (send: Send, url: string, session: P2World["lead…
     61|   const res = await send("POST", url, { session, body });
     62|   expect(res.status, `POST ${url}: ${JSON.stringify(res.body).slice(0,…
       |                                                                                ^
     63|   return res.body as { id: string; version: number } & Record<string, …
     64| };
 ❯ makeDirection apps/api/test/integration/contract/p3-exercises-be-b.ts:82:22
 ❯ world apps/api/test/integration/portfolio/transitions.test.ts:67:13
 ❯ apps/api/test/integration/portfolio/transitions.test.ts:583:15

⎯⎯⎯⎯⎯⎯⎯⎯⎯⎯⎯⎯⎯⎯⎯⎯⎯⎯⎯⎯[243/278]⎯

 FAIL  |integration| apps/api/test/integration/portfolio/transitions.test.ts > every transition: If-Match 428/409 and AUD 403 (audited denial, nothing written) > cancel: 428 without If-Match, 409 stale, 403 for AUD, 404 for an unknown id
AssertionError: POST /api/v1/transformations/01a11e50-e011-7232-bb41-f54392df19cc/outcomes: {"type":"urn:mth:problem:not-found","title":"Not found","status":404,"code":"not_found","requestId":"01a11e50-e04f-71ed-b6e4-4219abbc6b15"}: expected 404 to be 201 // Object.is equality

[32m- Expected[39m
[31m+ Received[39m

[32m- 201[39m
[31m+ 404[39m

 ❯ created apps/api/test/integration/contract/p3-exercises-be-b.ts:62:80
     60| const created = async (send: Send, url: string, session: P2World["lead…
     61|   const res = await send("POST", url, { session, body });
     62|   expect(res.status, `POST ${url}: ${JSON.stringify(res.body).slice(0,…
       |                                                                                ^
     63|   return res.body as { id: string; version: number } & Record<string, …
     64| };
 ❯ makeDirection apps/api/test/integration/contract/p3-exercises-be-b.ts:82:22
 ❯ world apps/api/test/integration/portfolio/transitions.test.ts:67:13
 ❯ apps/api/test/integration/portfolio/transitions.test.ts:583:15

⎯⎯⎯⎯⎯⎯⎯⎯⎯⎯⎯⎯⎯⎯⎯⎯⎯⎯⎯⎯[244/278]⎯

 FAIL  |integration| apps/api/test/integration/portfolio/transitions.test.ts > latestFundingState() (ADR-0023 §7): the latest funding decision decides, fail closed > none -> unfunded; approved -> funded; deferred after approved -> unfunded; revoked -> revoked
AssertionError: POST /api/v1/transformations/01a11e50-e064-7053-a246-f620c258a700/outcomes: {"type":"urn:mth:problem:not-found","title":"Not found","status":404,"code":"not_found","requestId":"01a11e50-e09b-73fa-b31d-1e0e9200f741"}: expected 404 to be 201 // Object.is equality

[32m- Expected[39m
[31m+ Received[39m

[32m- 201[39m
[31m+ 404[39m

 ❯ created apps/api/test/integration/contract/p3-exercises-be-b.ts:62:80
     60| const created = async (send: Send, url: string, session: P2World["lead…
     61|   const res = await send("POST", url, { session, body });
     62|   expect(res.status, `POST ${url}: ${JSON.stringify(res.body).slice(0,…
       |                                                                                ^
     63|   return res.body as { id: string; version: number } & Record<string, …
     64| };
 ❯ makeDirection apps/api/test/integration/contract/p3-exercises-be-b.ts:82:22
 ❯ world apps/api/test/integration/portfolio/transitions.test.ts:67:13
 ❯ apps/api/test/integration/portfolio/transitions.test.ts:608:15

⎯⎯⎯⎯⎯⎯⎯⎯⎯⎯⎯⎯⎯⎯⎯⎯⎯⎯⎯⎯[245/278]⎯

 FAIL  |integration| apps/api/test/integration/portfolio/unpaged-lists.test.ts > unpaged P3 lists refuse limit; paged lists accept it (ADR-0021 §11 item 6) > 400 on limit for every unpaged list; 200 with {items} and no nextCursor without it
AssertionError: expected [ …(4) ] to deeply equal [ …(4) ]

[32m- Expected[39m
[31m+ Received[39m

[2m  [[22m
[2m    "/api/v1/initiatives/01a11e52-d41b-73dc-a41c-2b55e2e0cd2f/gap-links",[22m
[32m-   200,[39m
[32m-   true,[39m
[31m+   404,[39m
[31m+   false,[39m
[2m    false,[22m
[2m  ][22m

 ❯ apps/api/test/integration/portfolio/unpaged-lists.test.ts:38:97
     36|     for (const path of unpaged) {
     37|       const plain = await call<Body>(api.app, "GET", path, { session: …
     38|       expect([path, plain.status, Array.isArray(plain.body.items), "ne…
       |                                                                                                 ^
     39|         path,
     40|         200,

⎯⎯⎯⎯⎯⎯⎯⎯⎯⎯⎯⎯⎯⎯⎯⎯⎯⎯⎯⎯[246/278]⎯

 FAIL  |integration| apps/api/test/integration/kpi/benefit-formulas.test.ts > T09 register (REQ-PB-056) > the six T09 columns persist; BF-nn codes; the formula is the current version's expression
AssertionError: {"type":"urn:mth:problem:forbidden","title":"Forbidden","status":403,"detail":"Your access to this record changed while the request was in progress.","code":"forbidden","requestId":"01a11e51-31fd-751d-950f-bbfabf011c33"}: expected 403 to be 201 // Object.is equality

[32m- Expected[39m
[31m+ Received[39m

[32m- 201[39m
[31m+ 403[39m

 ❯ formula apps/api/test/integration/kpi/benefit-formulas.test.ts:67:48
     65|     ...over,
     66|   });
     67|   expect(res.status, JSON.stringify(res.body)).toBe(201);
       |                                                ^
     68|   return res.body as Body;
     69| }
 ❯ apps/api/test/integration/kpi/benefit-formulas.test.ts:101:15

⎯⎯⎯⎯⎯⎯⎯⎯⎯⎯⎯⎯⎯⎯⎯⎯⎯⎯⎯⎯[247/278]⎯

 FAIL  |integration| apps/api/test/integration/kpi/benefit-formulas.test.ts > T09 register (REQ-PB-056) > confidence outside H/M/L -> 400 (create and PATCH), nothing written; the DB CHECK refuses it too
AssertionError: X: expected [ 403, undefined ] to deeply equal [ 400, '/confidence' ]

[32m- Expected[39m
[31m+ Received[39m

[2m  [[22m
[32m-   400,[39m
[32m-   "/confidence",[39m
[31m+   403,[39m
[31m+   undefined,[39m
[2m  ][22m

 ❯ apps/api/test/integration/kpi/benefit-formulas.test.ts:192:71
    190|         confidence,
    191|       });
    192|       expect([res.status, res.body.errors?.[0]?.pointer], confidence).…
       |                                                                       ^
    193|     }
    194|     expect(await counts(p.transformationId)).toEqual(before);

⎯⎯⎯⎯⎯⎯⎯⎯⎯⎯⎯⎯⎯⎯⎯⎯⎯⎯⎯⎯[248/278]⎯

 FAIL  |integration| apps/api/test/integration/kpi/benefit-formulas.test.ts > T09 register (REQ-PB-056) > an undefined variable -> 422 'Undefined variable: {name}'; an invalid expression writes nothing
TypeError: Cannot read properties of undefined (reading '0')
 ❯ apps/api/test/integration/kpi/benefit-formulas.test.ts:232:66
    230|       initialVersion: { ...REVENUE_VERSION, expression: `${REVENUE_VER…
    231|     });
    232|     expect([bad.status, bad.body.code, bad.body.detail, bad.body.error…
       |                                                                  ^
    233|       422,
    234|       "formula.undefined_variable",

⎯⎯⎯⎯⎯⎯⎯⎯⎯⎯⎯⎯⎯⎯⎯⎯⎯⎯⎯⎯[249/278]⎯

 FAIL  |integration| apps/api/test/integration/kpi/benefit-formulas.test.ts > the two seeded B0087 examples (REQ-PB-057, REQ-S08-007) > instantiating revenue_uplift and previewing gives exactly 100000 SAR per year; cost_reduction 500000
AssertionError: {"type":"urn:mth:problem:forbidden","title":"Forbidden","status":403,"detail":"Your access to this record changed while the request was in progress.","code":"forbidden","requestId":"01a11e51-3364-73a3-8d6e-7f93a0238985"}: expected 403 to be 201 // Object.is equality

[32m- Expected[39m
[31m+ Received[39m

[32m- 201[39m
[31m+ 403[39m

 ❯ apps/api/test/integration/kpi/benefit-formulas.test.ts:323:50
    321|       fromExample: "revenue_uplift",
    322|     });
    323|     expect(rev.status, JSON.stringify(rev.body)).toBe(201);
       |                                                  ^
    324|     expect(rev.body).toMatchObject({
    325|       isIllustrative: true,

⎯⎯⎯⎯⎯⎯⎯⎯⎯⎯⎯⎯⎯⎯⎯⎯⎯⎯⎯⎯[250/278]⎯

 FAIL  |integration| apps/api/test/integration/kpi/benefit-formulas.test.ts > the two seeded B0087 examples (REQ-PB-057, REQ-S08-007) > changing arpu to period = month while eligible_customers stays year -> 422 formula.period_mismatch
TypeError: Cannot read properties of undefined (reading 'variables')
 ❯ apps/api/test/integration/kpi/benefit-formulas.test.ts:411:42
    409|       })
    410|     ).body;
    411|     const variables = rev.currentVersion.variables.map((v: Body) =>
       |                                          ^
    412|       v.name === "arpu" ? { ...v, period: "month" } : v,
    413|     );

⎯⎯⎯⎯⎯⎯⎯⎯⎯⎯⎯⎯⎯⎯⎯⎯⎯⎯⎯⎯[251/278]⎯

 FAIL  |integration| apps/api/test/integration/kpi/benefit-formulas.test.ts > calculations and lineage > records inputs with kind/unit/currency/period/source, assumptions and period; Unknown never 0; append-only
AssertionError: {"type":"urn:mth:problem:forbidden","title":"Forbidden","status":403,"detail":"Your access to this record changed while the request was in progress.","code":"forbidden","requestId":"01a11e51-33f7-7018-b058-ccd5597e130d"}: expected 403 to be 201 // Object.is equality

[32m- Expected[39m
[31m+ Received[39m

[32m- 201[39m
[31m+ 403[39m

 ❯ formula apps/api/test/integration/kpi/benefit-formulas.test.ts:67:48
     65|     ...over,
     66|   });
     67|   expect(res.status, JSON.stringify(res.body)).toBe(201);
       |                                                ^
     68|   return res.body as Body;
     69| }
 ❯ apps/api/test/integration/kpi/benefit-formulas.test.ts:454:15

⎯⎯⎯⎯⎯⎯⎯⎯⎯⎯⎯⎯⎯⎯⎯⎯⎯⎯⎯⎯[252/278]⎯

 FAIL  |integration| apps/api/test/integration/kpi/benefit-formulas.test.ts > Finance validation of the benefit logic (REQ-PB-055) > FIN validates or rejects with a note; the author gets 403; final once recorded; If-Match 428/409
AssertionError: {"type":"urn:mth:problem:forbidden","title":"Forbidden","status":403,"detail":"Your access to this record changed while the request was in progress.","code":"forbidden","requestId":"01a11e51-3486-704a-99c8-f048fea2fe14"}: expected 403 to be 201 // Object.is equality

[32m- Expected[39m
[31m+ Received[39m

[32m- 201[39m
[31m+ 403[39m

 ❯ formula apps/api/test/integration/kpi/benefit-formulas.test.ts:67:48
     65|     ...over,
     66|   });
     67|   expect(res.status, JSON.stringify(res.body)).toBe(201);
       |                                                ^
     68|   return res.body as Body;
     69| }
 ❯ apps/api/test/integration/kpi/benefit-formulas.test.ts:674:15

⎯⎯⎯⎯⎯⎯⎯⎯⎯⎯⎯⎯⎯⎯⎯⎯⎯⎯⎯⎯[253/278]⎯

 FAIL  |integration| apps/api/test/integration/kpi/benefit-formulas.test.ts > every mutation: AUD 403, If-Match, audit, archive > the read-only auditor gets 403 (audited) on every T09 mutation, whatever the body
AssertionError: {"type":"urn:mth:problem:forbidden","title":"Forbidden","status":403,"detail":"Your access to this record changed while the request was in progress.","code":"forbidden","requestId":"01a11e51-34d2-76eb-be17-a94b842b6f9a"}: expected 403 to be 201 // Object.is equality

[32m- Expected[39m
[31m+ Received[39m

[32m- 201[39m
[31m+ 403[39m

 ❯ formula apps/api/test/integration/kpi/benefit-formulas.test.ts:67:48
     65|     ...over,
     66|   });
     67|   expect(res.status, JSON.stringify(res.body)).toBe(201);
       |                                                ^
     68|   return res.body as Body;
     69| }
 ❯ apps/api/test/integration/kpi/benefit-formulas.test.ts:753:15

⎯⎯⎯⎯⎯⎯⎯⎯⎯⎯⎯⎯⎯⎯⎯⎯⎯⎯⎯⎯[254/278]⎯

 FAIL  |integration| apps/api/test/integration/kpi/benefit-formulas.test.ts > every mutation: AUD 403, If-Match, audit, archive > If-Match: 428 without, 409 stale on PATCH, archive and new version; archive guards; audit events
AssertionError: {"type":"urn:mth:problem:forbidden","title":"Forbidden","status":403,"detail":"Your access to this record changed while the request was in progress.","code":"forbidden","requestId":"01a11e51-351e-70af-b89f-205f84220f30"}: expected 403 to be 201 // Object.is equality

[32m- Expected[39m
[31m+ Received[39m

[32m- 201[39m
[31m+ 403[39m

 ❯ formula apps/api/test/integration/kpi/benefit-formulas.test.ts:67:48
     65|     ...over,
     66|   });
     67|   expect(res.status, JSON.stringify(res.body)).toBe(201);
       |                                                ^
     68|   return res.body as Body;
     69| }
 ❯ apps/api/test/integration/kpi/benefit-formulas.test.ts:781:15

⎯⎯⎯⎯⎯⎯⎯⎯⎯⎯⎯⎯⎯⎯⎯⎯⎯⎯⎯⎯[255/278]⎯

 FAIL  |integration| apps/api/test/integration/kpi/benefit-formulas.test.ts > every mutation: AUD 403, If-Match, audit, archive > authorization is re-checked at commit time (update): a grant revoked after authentication -> 403, nothing written
AssertionError: {"type":"urn:mth:problem:forbidden","title":"Forbidden","status":403,"detail":"Your access to this record changed while the request was in progress.","code":"forbidden","requestId":"01a11e51-3567-748f-b4b0-917df8b20ac9"}: expected 403 to be 201 // Object.is equality

[32m- Expected[39m
[31m+ Received[39m

[32m- 201[39m
[31m+ 403[39m

 ❯ formula apps/api/test/integration/kpi/benefit-formulas.test.ts:67:48
     65|     ...over,
     66|   });
     67|   expect(res.status, JSON.stringify(res.body)).toBe(201);
       |                                                ^
     68|   return res.body as Body;
     69| }
 ❯ apps/api/test/integration/kpi/benefit-formulas.test.ts:884:17

⎯⎯⎯⎯⎯⎯⎯⎯⎯⎯⎯⎯⎯⎯⎯⎯⎯⎯⎯⎯[256/278]⎯

 FAIL  |integration| apps/api/test/integration/kpi/benefit-formulas.test.ts > every mutation: AUD 403, If-Match, audit, archive > authorization is re-checked at commit time (archive): a grant revoked after authentication -> 403, nothing written
AssertionError: {"type":"urn:mth:problem:forbidden","title":"Forbidden","status":403,"detail":"Your access to this record changed while the request was in progress.","code":"forbidden","requestId":"01a11e51-35b6-76fb-9995-2d2beed8d4a8"}: expected 403 to be 201 // Object.is equality

[32m- Expected[39m
[31m+ Received[39m

[32m- 201[39m
[31m+ 403[39m

 ❯ formula apps/api/test/integration/kpi/benefit-formulas.test.ts:67:48
     65|     ...over,
     66|   });
     67|   expect(res.status, JSON.stringify(res.body)).toBe(201);
       |                                                ^
     68|   return res.body as Body;
     69| }
 ❯ apps/api/test/integration/kpi/benefit-formulas.test.ts:884:17

⎯⎯⎯⎯⎯⎯⎯⎯⎯⎯⎯⎯⎯⎯⎯⎯⎯⎯⎯⎯[257/278]⎯

 FAIL  |integration| apps/api/test/integration/kpi/benefit-formulas.test.ts > every mutation: AUD 403, If-Match, audit, archive > authorization is re-checked at commit time (new version): a grant revoked after authentication -> 403, nothing written
AssertionError: {"type":"urn:mth:problem:forbidden","title":"Forbidden","status":403,"detail":"Your access to this record changed while the request was in progress.","code":"forbidden","requestId":"01a11e51-3603-746a-ab93-29bda4529762"}: expected 403 to be 201 // Object.is equality

[32m- Expected[39m
[31m+ Received[39m

[32m- 201[39m
[31m+ 403[39m

 ❯ formula apps/api/test/integration/kpi/benefit-formulas.test.ts:67:48
     65|     ...over,
     66|   });
     67|   expect(res.status, JSON.stringify(res.body)).toBe(201);
       |                                                ^
     68|   return res.body as Body;
     69| }
 ❯ apps/api/test/integration/kpi/benefit-formulas.test.ts:884:17

⎯⎯⎯⎯⎯⎯⎯⎯⎯⎯⎯⎯⎯⎯⎯⎯⎯⎯⎯⎯[258/278]⎯

 FAIL  |integration| apps/api/test/integration/kpi/benefit-formulas.test.ts > every mutation: AUD 403, If-Match, audit, archive > authorization is re-checked at commit time (calculation): a grant revoked after authentication -> 403, nothing written
AssertionError: {"type":"urn:mth:problem:forbidden","title":"Forbidden","status":403,"detail":"Your access to this record changed while the request was in progress.","code":"forbidden","requestId":"01a11e51-364a-7315-a329-1eefb154acfb"}: expected 403 to be 201 // Object.is equality

[32m- Expected[39m
[31m+ Received[39m

[32m- 201[39m
[31m+ 403[39m

 ❯ formula apps/api/test/integration/kpi/benefit-formulas.test.ts:67:48
     65|     ...over,
     66|   });
     67|   expect(res.status, JSON.stringify(res.body)).toBe(201);
       |                                                ^
     68|   return res.body as Body;
     69| }
 ❯ apps/api/test/integration/kpi/benefit-formulas.test.ts:884:17

⎯⎯⎯⎯⎯⎯⎯⎯⎯⎯⎯⎯⎯⎯⎯⎯⎯⎯⎯⎯[259/278]⎯

 FAIL  |integration| apps/api/test/integration/kpi/benefit-formulas.test.ts > every mutation: AUD 403, If-Match, audit, archive > authorization is re-checked at commit time (validation): a grant revoked after authentication -> 403, nothing written
AssertionError: {"type":"urn:mth:problem:forbidden","title":"Forbidden","status":403,"detail":"Your access to this record changed while the request was in progress.","code":"forbidden","requestId":"01a11e51-3693-774e-a3aa-9fdb9158d882"}: expected 403 to be 201 // Object.is equality

[32m- Expected[39m
[31m+ Received[39m

[32m- 201[39m
[31m+ 403[39m

 ❯ formula apps/api/test/integration/kpi/benefit-formulas.test.ts:67:48
     65|     ...over,
     66|   });
     67|   expect(res.status, JSON.stringify(res.body)).toBe(201);
       |                                                ^
     68|   return res.body as Body;
     69| }
 ❯ apps/api/test/integration/kpi/benefit-formulas.test.ts:884:17

⎯⎯⎯⎯⎯⎯⎯⎯⎯⎯⎯⎯⎯⎯⎯⎯⎯⎯⎯⎯[260/278]⎯

 FAIL  |integration| apps/api/test/integration/kpi/benefit-formulas.test.ts > loadKpiP3GateFacts: the kpi half of the G4 GateFactsProvider > cases with sections and baseline state (incl. Stale); each financial benefit line's current version state
AssertionError: {"type":"urn:mth:problem:forbidden","title":"Forbidden","status":403,"detail":"Your access to this record changed while the request was in progress.","code":"forbidden","requestId":"01a11e51-36f8-754f-8887-e6ec4f79a19c"}: expected 403 to be 201 // Object.is equality

[32m- Expected[39m
[31m+ Received[39m

[32m- 201[39m
[31m+ 403[39m

 ❯ formula apps/api/test/integration/kpi/benefit-formulas.test.ts:67:48
     65|     ...over,
     66|   });
     67|   expect(res.status, JSON.stringify(res.body)).toBe(201);
       |                                                ^
     68|   return res.body as Body;
     69| }
 ❯ apps/api/test/integration/kpi/benefit-formulas.test.ts:973:15

⎯⎯⎯⎯⎯⎯⎯⎯⎯⎯⎯⎯⎯⎯⎯⎯⎯⎯⎯⎯[261/278]⎯

 FAIL  |integration| apps/api/test/integration/kpi/business-cases.test.ts > transformation case: the ten B0085 sections (REQ-PB-053) > all ten sections persist and read back; missingSections clears once lines and owners exist
AssertionError: {"type":"urn:mth:problem:forbidden","title":"Forbidden","status":403,"detail":"Your access to this record changed while the request was in progress.","code":"forbidden","requestId":"01a11e51-2886-76ec-915b-bf0c92d23c22"}: expected 403 to be 201 // Object.is equality

[32m- Expected[39m
[31m+ Received[39m

[32m- 201[39m
[31m+ 403[39m

 ❯ transformationCase apps/api/test/integration/kpi/business-cases.test.ts:88:48
     86|     ...over,
     87|   });
     88|   expect(res.status, JSON.stringify(res.body)).toBe(201);
       |                                                ^
     89|   return res.body as Body;
     90| }
 ❯ apps/api/test/integration/kpi/business-cases.test.ts:143:21

⎯⎯⎯⎯⎯⎯⎯⎯⎯⎯⎯⎯⎯⎯⎯⎯⎯⎯⎯⎯[262/278]⎯

 FAIL  |integration| apps/api/test/integration/kpi/business-cases.test.ts > transformation case: the ten B0085 sections (REQ-PB-053) > one active transformation case per transformation (409); configurable currency; blank text 400
AssertionError: {"type":"urn:mth:problem:forbidden","title":"Forbidden","status":403,"detail":"Your access to this record changed while the request was in progress.","code":"forbidden","requestId":"01a11e51-28fa-7189-87f4-e6f2a4c664fe"}: expected 403 to be 201 // Object.is equality

[32m- Expected[39m
[31m+ Received[39m

[32m- 201[39m
[31m+ 403[39m

 ❯ transformationCase apps/api/test/integration/kpi/business-cases.test.ts:88:48
     86|     ...over,
     87|   });
     88|   expect(res.status, JSON.stringify(res.body)).toBe(201);
       |                                                ^
     89|   return res.body as Body;
     90| }
 ❯ apps/api/test/integration/kpi/business-cases.test.ts:198:19

⎯⎯⎯⎯⎯⎯⎯⎯⎯⎯⎯⎯⎯⎯⎯⎯⎯⎯⎯⎯[263/278]⎯

 FAIL  |integration| apps/api/test/integration/kpi/business-cases.test.ts > initiative cases and the roll-up (REQ-PB-054, REQ-S05-005) > an initiative case links to the one transformation case and fills the lighter set
AssertionError: expected [ 403, 'forbidden' ] to deeply equal [ 422, …(1) ]

[32m- Expected[39m
[31m+ Received[39m

[2m  [[22m
[32m-   422,[39m
[32m-   "business_case.transformation_case_required",[39m
[31m+   403,[39m
[31m+   "forbidden",[39m
[2m  ][22m

 ❯ apps/api/test/integration/kpi/business-cases.test.ts:232:47
    230|       title: "Too early",
    231|     });
    232|     expect([before.status, before.body.code]).toEqual([422, "business_…
       |                                               ^
    233|     const top = await transformationCase(p);
    234|     const child = await initiativeCase(p, ini);

⎯⎯⎯⎯⎯⎯⎯⎯⎯⎯⎯⎯⎯⎯⎯⎯⎯⎯⎯⎯[264/278]⎯

 FAIL  |integration| apps/api/test/integration/kpi/business-cases.test.ts > initiative cases and the roll-up (REQ-PB-054, REQ-S05-005) > the total equals the distinct lines once; editing an initiative line changes the roll-up without duplication
AssertionError: {"type":"urn:mth:problem:forbidden","title":"Forbidden","status":403,"detail":"Your access to this record changed while the request was in progress.","code":"forbidden","requestId":"01a11e51-29ca-7679-944e-bbb8902b60a3"}: expected 403 to be 201 // Object.is equality

[32m- Expected[39m
[31m+ Received[39m

[32m- 201[39m
[31m+ 403[39m

 ❯ transformationCase apps/api/test/integration/kpi/business-cases.test.ts:88:48
     86|     ...over,
     87|   });
     88|   expect(res.status, JSON.stringify(res.body)).toBe(201);
       |                                                ^
     89|   return res.body as Body;
     90| }
 ❯ apps/api/test/integration/kpi/business-cases.test.ts:275:17

⎯⎯⎯⎯⎯⎯⎯⎯⎯⎯⎯⎯⎯⎯⎯⎯⎯⎯⎯⎯[265/278]⎯

 FAIL  |integration| apps/api/test/integration/kpi/business-cases.test.ts > initiative cases and the roll-up (REQ-PB-054, REQ-S05-005) > Unknown is never 0; per currency; revenue vs margin and non-financial kept apart
AssertionError: {"type":"urn:mth:problem:forbidden","title":"Forbidden","status":403,"detail":"Your access to this record changed while the request was in progress.","code":"forbidden","requestId":"01a11e51-2a17-7558-9722-d32addf36e6e"}: expected 403 to be 201 // Object.is equality

[32m- Expected[39m
[31m+ Received[39m

[32m- 201[39m
[31m+ 403[39m

 ❯ transformationCase apps/api/test/integration/kpi/business-cases.test.ts:88:48
     86|     ...over,
     87|   });
     88|   expect(res.status, JSON.stringify(res.body)).toBe(201);
       |                                                ^
     89|   return res.body as Body;
     90| }
 ❯ apps/api/test/integration/kpi/business-cases.test.ts:340:17

⎯⎯⎯⎯⎯⎯⎯⎯⎯⎯⎯⎯⎯⎯⎯⎯⎯⎯⎯⎯[266/278]⎯

 FAIL  |integration| apps/api/test/integration/kpi/business-cases.test.ts > lines: exactly one class (REQ-PB-053, REQ-S05-005) > two classes -> 400 at /class; class/kind and class/value-basis mismatch -> 422; value rules
AssertionError: {"type":"urn:mth:problem:forbidden","title":"Forbidden","status":403,"detail":"Your access to this record changed while the request was in progress.","code":"forbidden","requestId":"01a11e51-2a67-7748-9629-389a875f1ee5"}: expected 403 to be 201 // Object.is equality

[32m- Expected[39m
[31m+ Received[39m

[32m- 201[39m
[31m+ 403[39m

 ❯ transformationCase apps/api/test/integration/kpi/business-cases.test.ts:88:48
     86|     ...over,
     87|   });
     88|   expect(res.status, JSON.stringify(res.body)).toBe(201);
       |                                                ^
     89|   return res.body as Body;
     90| }
 ❯ apps/api/test/integration/kpi/business-cases.test.ts:367:17

⎯⎯⎯⎯⎯⎯⎯⎯⎯⎯⎯⎯⎯⎯⎯⎯⎯⎯⎯⎯[267/278]⎯

 FAIL  |integration| apps/api/test/integration/kpi/business-cases.test.ts > lines: exactly one class (REQ-PB-053, REQ-S05-005) > one benefit formula backs at most one active line in the transformation (409)
AssertionError: {"type":"urn:mth:problem:forbidden","title":"Forbidden","status":403,"detail":"Your access to this record changed while the request was in progress.","code":"forbidden","requestId":"01a11e51-2aad-779b-a0f9-13610090b275"}: expected 403 to be 201 // Object.is equality

[32m- Expected[39m
[31m+ Received[39m

[32m- 201[39m
[31m+ 403[39m

 ❯ transformationCase apps/api/test/integration/kpi/business-cases.test.ts:88:48
     86|     ...over,
     87|   });
     88|   expect(res.status, JSON.stringify(res.body)).toBe(201);
       |                                                ^
     89|   return res.body as Body;
     90| }
 ❯ apps/api/test/integration/kpi/business-cases.test.ts:451:17

⎯⎯⎯⎯⎯⎯⎯⎯⎯⎯⎯⎯⎯⎯⎯⎯⎯⎯⎯⎯[268/278]⎯

 FAIL  |integration| apps/api/test/integration/kpi/business-cases.test.ts > Finance validation of the baseline (REQ-PB-055 part) > FIN validates; the author is refused 403; the hash is stored; a baseline change shows Stale
AssertionError: {"type":"urn:mth:problem:forbidden","title":"Forbidden","status":403,"detail":"Your access to this record changed while the request was in progress.","code":"forbidden","requestId":"01a11e51-2bf9-76e8-b9d8-40e785ba8a23"}: expected 403 to be 201 // Object.is equality

[32m- Expected[39m
[31m+ Received[39m

[32m- 201[39m
[31m+ 403[39m

 ❯ transformationCase apps/api/test/integration/kpi/business-cases.test.ts:88:48
     86|     ...over,
     87|   });
     88|   expect(res.status, JSON.stringify(res.body)).toBe(201);
       |                                                ^
     89|   return res.body as Body;
     90| }
 ❯ apps/api/test/integration/kpi/business-cases.test.ts:547:19

⎯⎯⎯⎯⎯⎯⎯⎯⎯⎯⎯⎯⎯⎯⎯⎯⎯⎯⎯⎯[269/278]⎯

 FAIL  |integration| apps/api/test/integration/kpi/business-cases.test.ts > every mutation: AUD 403, If-Match 428/409, audit, WL record-level > the read-only auditor gets 403 (audited) on all seven mutations, whatever the body
AssertionError: {"type":"urn:mth:problem:forbidden","title":"Forbidden","status":403,"detail":"Your access to this record changed while the request was in progress.","code":"forbidden","requestId":"01a11e51-2c49-7101-8022-425a298e9423"}: expected 403 to be 201 // Object.is equality

[32m- Expected[39m
[31m+ Received[39m

[32m- 201[39m
[31m+ 403[39m

 ❯ transformationCase apps/api/test/integration/kpi/business-cases.test.ts:88:48
     86|     ...over,
     87|   });
     88|   expect(res.status, JSON.stringify(res.body)).toBe(201);
       |                                                ^
     89|   return res.body as Body;
     90| }
 ❯ apps/api/test/integration/kpi/business-cases.test.ts:560:17

⎯⎯⎯⎯⎯⎯⎯⎯⎯⎯⎯⎯⎯⎯⎯⎯⎯⎯⎯⎯[270/278]⎯

 FAIL  |integration| apps/api/test/integration/kpi/business-cases.test.ts > every mutation: AUD 403, If-Match 428/409, audit, WL record-level > If-Match: 428 without, 409 stale, on update/archive of cases and lines; each success audited
AssertionError: {"type":"urn:mth:problem:forbidden","title":"Forbidden","status":403,"detail":"Your access to this record changed while the request was in progress.","code":"forbidden","requestId":"01a11e51-2c9c-70bc-9fe9-39a03db5dbd3"}: expected 403 to be 201 // Object.is equality

[32m- Expected[39m
[31m+ Received[39m

[32m- 201[39m
[31m+ 403[39m

 ❯ transformationCase apps/api/test/integration/kpi/business-cases.test.ts:88:48
     86|     ...over,
     87|   });
     88|   expect(res.status, JSON.stringify(res.body)).toBe(201);
       |                                                ^
     89|   return res.body as Body;
     90| }
 ❯ apps/api/test/integration/kpi/business-cases.test.ts:587:17

⎯⎯⎯⎯⎯⎯⎯⎯⎯⎯⎯⎯⎯⎯⎯⎯⎯⎯⎯⎯[271/278]⎯

 FAIL  |integration| apps/api/test/integration/kpi/business-cases.test.ts > every mutation: AUD 403, If-Match 428/409, audit, WL record-level > WL edits only the initiative cases of initiatives they lead (record-level, 403 otherwise)
AssertionError: {"type":"urn:mth:problem:forbidden","title":"Forbidden","status":403,"detail":"Your access to this record changed while the request was in progress.","code":"forbidden","requestId":"01a11e51-2cf6-725b-ad73-35aed9400a78"}: expected 403 to be 201 // Object.is equality

[32m- Expected[39m
[31m+ Received[39m

[32m- 201[39m
[31m+ 403[39m

 ❯ transformationCase apps/api/test/integration/kpi/business-cases.test.ts:88:48
     86|     ...over,
     87|   });
     88|   expect(res.status, JSON.stringify(res.body)).toBe(201);
       |                                                ^
     89|   return res.body as Body;
     90| }
 ❯ apps/api/test/integration/kpi/business-cases.test.ts:636:17

⎯⎯⎯⎯⎯⎯⎯⎯⎯⎯⎯⎯⎯⎯⎯⎯⎯⎯⎯⎯[272/278]⎯

 FAIL  |integration| apps/api/test/integration/kpi/business-cases.test.ts > every mutation: AUD 403, If-Match 428/409, audit, WL record-level > authorization is re-checked at commit time (update case): a grant revoked after authentication -> 403, nothing written
AssertionError: {"type":"urn:mth:problem:forbidden","title":"Forbidden","status":403,"detail":"Your access to this record changed while the request was in progress.","code":"forbidden","requestId":"01a11e51-2d43-77da-a865-0d83effa87c4"}: expected 403 to be 201 // Object.is equality

[32m- Expected[39m
[31m+ Received[39m

[32m- 201[39m
[31m+ 403[39m

 ❯ transformationCase apps/api/test/integration/kpi/business-cases.test.ts:88:48
     86|     ...over,
     87|   });
     88|   expect(res.status, JSON.stringify(res.body)).toBe(201);
       |                                                ^
     89|   return res.body as Body;
     90| }
 ❯ apps/api/test/integration/kpi/business-cases.test.ts:672:20

⎯⎯⎯⎯⎯⎯⎯⎯⎯⎯⎯⎯⎯⎯⎯⎯⎯⎯⎯⎯[273/278]⎯

 FAIL  |integration| apps/api/test/integration/kpi/business-cases.test.ts > every mutation: AUD 403, If-Match 428/409, audit, WL record-level > authorization is re-checked at commit time (archive case): a grant revoked after authentication -> 403, nothing written
AssertionError: {"type":"urn:mth:problem:forbidden","title":"Forbidden","status":403,"detail":"Your access to this record changed while the request was in progress.","code":"forbidden","requestId":"01a11e51-2d8c-7577-a367-8bc3d22119a9"}: expected 403 to be 201 // Object.is equality

[32m- Expected[39m
[31m+ Received[39m

[32m- 201[39m
[31m+ 403[39m

 ❯ transformationCase apps/api/test/integration/kpi/business-cases.test.ts:88:48
     86|     ...over,
     87|   });
     88|   expect(res.status, JSON.stringify(res.body)).toBe(201);
       |                                                ^
     89|   return res.body as Body;
     90| }
 ❯ apps/api/test/integration/kpi/business-cases.test.ts:672:20

⎯⎯⎯⎯⎯⎯⎯⎯⎯⎯⎯⎯⎯⎯⎯⎯⎯⎯⎯⎯[274/278]⎯

 FAIL  |integration| apps/api/test/integration/kpi/business-cases.test.ts > every mutation: AUD 403, If-Match 428/409, audit, WL record-level > authorization is re-checked at commit time (validate baseline): a grant revoked after authentication -> 403, nothing written
AssertionError: {"type":"urn:mth:problem:forbidden","title":"Forbidden","status":403,"detail":"Your access to this record changed while the request was in progress.","code":"forbidden","requestId":"01a11e51-2dd3-7117-9ffb-2983541eb9fd"}: expected 403 to be 201 // Object.is equality

[32m- Expected[39m
[31m+ Received[39m

[32m- 201[39m
[31m+ 403[39m

 ❯ transformationCase apps/api/test/integration/kpi/business-cases.test.ts:88:48
     86|     ...over,
     87|   });
     88|   expect(res.status, JSON.stringify(res.body)).toBe(201);
       |                                                ^
     89|   return res.body as Body;
     90| }
 ❯ apps/api/test/integration/kpi/business-cases.test.ts:672:20

⎯⎯⎯⎯⎯⎯⎯⎯⎯⎯⎯⎯⎯⎯⎯⎯⎯⎯⎯⎯[275/278]⎯

 FAIL  |integration| apps/api/test/integration/kpi/business-cases.test.ts > every mutation: AUD 403, If-Match 428/409, audit, WL record-level > authorization is re-checked at commit time (create line): a grant revoked after authentication -> 403, nothing written
AssertionError: {"type":"urn:mth:problem:forbidden","title":"Forbidden","status":403,"detail":"Your access to this record changed while the request was in progress.","code":"forbidden","requestId":"01a11e51-2e1f-770f-9195-500357083785"}: expected 403 to be 201 // Object.is equality

[32m- Expected[39m
[31m+ Received[39m

[32m- 201[39m
[31m+ 403[39m

 ❯ transformationCase apps/api/test/integration/kpi/business-cases.test.ts:88:48
     86|     ...over,
     87|   });
     88|   expect(res.status, JSON.stringify(res.body)).toBe(201);
       |                                                ^
     89|   return res.body as Body;
     90| }
 ❯ apps/api/test/integration/kpi/business-cases.test.ts:672:20

⎯⎯⎯⎯⎯⎯⎯⎯⎯⎯⎯⎯⎯⎯⎯⎯⎯⎯⎯⎯[276/278]⎯

 FAIL  |integration| apps/api/test/integration/kpi/business-cases.test.ts > every mutation: AUD 403, If-Match 428/409, audit, WL record-level > authorization is re-checked at commit time (update line): a grant revoked after authentication -> 403, nothing written
AssertionError: {"type":"urn:mth:problem:forbidden","title":"Forbidden","status":403,"detail":"Your access to this record changed while the request was in progress.","code":"forbidden","requestId":"01a11e51-2e65-7359-b24d-85c412a4bc50"}: expected 403 to be 201 // Object.is equality

[32m- Expected[39m
[31m+ Received[39m

[32m- 201[39m
[31m+ 403[39m

 ❯ transformationCase apps/api/test/integration/kpi/business-cases.test.ts:88:48
     86|     ...over,
     87|   });
     88|   expect(res.status, JSON.stringify(res.body)).toBe(201);
       |                                                ^
     89|   return res.body as Body;
     90| }
 ❯ apps/api/test/integration/kpi/business-cases.test.ts:672:20

⎯⎯⎯⎯⎯⎯⎯⎯⎯⎯⎯⎯⎯⎯⎯⎯⎯⎯⎯⎯[277/278]⎯

 FAIL  |integration| apps/api/test/integration/kpi/business-cases.test.ts > every mutation: AUD 403, If-Match 428/409, audit, WL record-level > authorization is re-checked at commit time (archive line): a grant revoked after authentication -> 403, nothing written
AssertionError: {"type":"urn:mth:problem:forbidden","title":"Forbidden","status":403,"detail":"Your access to this record changed while the request was in progress.","code":"forbidden","requestId":"01a11e51-2eaa-71ce-aafc-3d7b7751dd4f"}: expected 403 to be 201 // Object.is equality

[32m- Expected[39m
[31m+ Received[39m

[32m- 201[39m
[31m+ 403[39m

 ❯ transformationCase apps/api/test/integration/kpi/business-cases.test.ts:88:48
     86|     ...over,
     87|   });
     88|   expect(res.status, JSON.stringify(res.body)).toBe(201);
       |                                                ^
     89|   return res.body as Body;
     90| }
 ❯ apps/api/test/integration/kpi/business-cases.test.ts:672:20

⎯⎯⎯⎯⎯⎯⎯⎯⎯⎯⎯⎯⎯⎯⎯⎯⎯⎯⎯⎯[278/278]⎯


 Test Files  35 failed | 21 passed (56)
      Tests  273 failed | 362 passed | 210 skipped (845)
   Start at  01:39:06
   Duration  161.44s (transform 2.26s, setup 0ms, collect 34.48s, tests 124.65s, environment 0ms, prepare 58ms)

 ELIFECYCLE  Command failed with exit code 1.
EXIT=1
Fri Oct  9 01:41:49 UTC 2026
