port-policy: PostgreSQL listening on port 24700 (attempt 1)
qa disposable cluster: PostgreSQL 16.13 (Ubuntu 16.13-0ubuntu0.24.04.1) on x86_64-pc-linux-gnu, compiled by gcc (Ubuntu 13.3.0-6ubuntu2~24.04.1) 13.3.0, 64-bit; server_encoding UTF8, lc_collate C, lc_ctype C

> mobily-transformation-hub@0.1.0 test:integration /home/user/wt/dg4-be-m
> vitest run --project integration


 RUN  v3.2.4 /home/user/wt/dg4-be-m

[integration] PostgreSQL 16.13 (Ubuntu 16.13-0ubuntu0.24.04.1); database mth_test_mv1cvag1_8aa885a6 (server_encoding UTF8); applied 59 migrations to a fresh database
 ✓ |integration| packages/db/test/integration/catalogue.test.ts (20 tests) 218ms
 ✓ |integration| apps/api/test/integration/kpi/benefit-formulas.test.ts (16 tests) 6075ms
   ✓ T09 register (REQ-PB-056) > the six T09 columns persist; BF-nn codes; the formula is the current version's expression  594ms
   ✓ T09 register (REQ-PB-056) > confidence outside H/M/L -> 400 (create and PATCH), nothing written; the DB CHECK refuses it too  427ms
   ✓ the two seeded B0087 examples (REQ-PB-057, REQ-S08-007) > changing arpu to period = month while eligible_customers stays year -> 422 formula.period_mismatch  307ms
   ✓ calculations and lineage > records inputs with kind/unit/currency/period/source, assumptions and period; Unknown never 0; append-only  423ms
   ✓ Finance validation of the benefit logic (REQ-PB-055) > FIN validates or rejects with a note; the author gets 403; final once recorded; If-Match 428/409  371ms
   ✓ every mutation: AUD 403, If-Match, audit, archive > the read-only auditor gets 403 (audited) on every T09 mutation, whatever the body  380ms
   ✓ every mutation: AUD 403, If-Match, audit, archive > If-Match: 428 without, 409 stale on PATCH, archive and new version; archive guards; audit events  688ms
   ✓ loadKpiP3GateFacts: the kpi half of the G4 GateFactsProvider > cases with sections and baseline state (incl. Stale); each financial benefit line's current version state  386ms
 ✓ |integration| apps/api/test/integration/portfolio/prioritization.test.ts (17 tests) 9806ms
   ✓ scores (REQ-PB-047, REQ-PB-048, REQ-S09-001) > score 6 -> 400; 0, 2.5 and '4' -> 400; a weightedScore property -> 400 (read-only); nothing written  439ms
   ✓ scores (REQ-PB-047, REQ-PB-048, REQ-S09-001) > 5,4,3,2,1 under v1 -> stored 3.3000, shown 3.30, 0-100 view 57.5 with its label; appended with its cause; audited  447ms
   ✓ scores (REQ-PB-047, REQ-PB-048, REQ-S09-001) > a missing score -> 'incomplete' with weightedScore null (never a number, never 0)  408ms
   ✓ scores (REQ-PB-047, REQ-PB-048, REQ-S09-001) > PATCH: If-Match 428/409; clearing (null) makes it incomplete again; duplicate POST 409; AUD 403 on POST and PATCH  594ms
   ✓ weight sets (REQ-PB-049) > v2 with risk_compliance 10 and strategic fit 15 is accepted as version 2; the proposer cannot approve; the Sponsor does; AUD 403; If-Match 428/409; audited  447ms
   ✓ weight sets (REQ-PB-049) > the v2 set is used for rescoring; v1 results keep v1; a set is immutable (DB guard)  560ms
   ✓ weight sets (REQ-PB-049) > withdraw: proposed -> withdrawn with a reason (If-Match 428/409, AUD 403, audited); an active set cannot be withdrawn  392ms
   ✓ rankings and history (REQ-S09-005, REQ-S09-003) > snapshot: deterministic tie-break, incomplete unranked, submitted -> ranked with audit; v2 activation -> history shows 'weight version 2' as the cause of the rank change  824ms
   ✓ rankings and history (REQ-S09-005, REQ-S09-003) > score cause lists the criteria; relative cause when another initiative moved  756ms
   ✓ overrides (REQ-S09-005) > an override without a reason is rejected (missing/empty -> 400 at /reason; blank/invisible -> 422); the proposer cannot approve; approved applies with 'override: <reason>'; revoke; AUD 403; If-Match  837ms
   ✓ overrides (REQ-S09-005) > the DB refuses an approval by the proposer even without the API (ranking_override_approver_not_proposer)  397ms
   ✓ every BE-D mutation re-authorises inside its transaction (BE18A) > weight sets, scores, rankings and overrides: 403 at commit and nothing changes  996ms
   ✓ comparison view (REQ-S09-004) > more than 500 initiatives -> 422 prioritization.portfolio_too_large  1651ms
 ✓ |integration| apps/api/test/integration/portfolio/roadmap.test.ts (12 tests) 5430ms
   ✓ roadmap waves (T07, REQ-PB-050) > a new transformation shows the four B0079 waves verbatim, bilingual, source-seeded  348ms
   ✓ roadmap waves (T07, REQ-PB-050) > editable columns only: dates, owner, notes with If-Match (428/409), audited; source text 400 and DB-immutable; AUD 403; seeded not archivable  466ms
   ✓ roadmap waves (T07, REQ-PB-050) > commit-time authorisation on wave create and update (403 after the lock wait, audited, nothing written)  406ms
   ✓ deliverables: submit and acceptance (ADR-0023 §2) > create (version 1, audited, AUD 403), list with the 3-7 count warning, read, edit with If-Match, archive  347ms
   ✓ deliverables: submit and acceptance (ADR-0023 §2) > submit (initiative.edit, If-Match, audited) then acceptance by the executive owner; never the submitter; not-owner 403; AUD 403  436ms
   ✓ deliverables: submit and acceptance (ADR-0023 §2) > a delegate of the executive owner accepts on their behalf (audited as such); never for the submitter  307ms
   ✓ deliverables: submit and acceptance (ADR-0023 §2) > commit-time authorisation on deliverable create, update, submit and acceptance  494ms
   ✓ milestones: approved vs forecast (ADR-0023 §2-§3, REQ-S09-006) > create (initiative.edit or roadmap.edit; no approved date), approve-date (roadmap.approve, reason), re-approval audited, variance computed  650ms
   ✓ milestones: approved vs forecast (ADR-0023 §2-§3, REQ-S09-006) > moving the forecast: If-Match 428, stale 409 with currentVersion, AUD 403, achieved needs an actual date, audited  525ms
   ✓ milestones: approved vs forecast (ADR-0023 §2-§3, REQ-S09-006) > commit-time authorisation on milestone create, update and approve-date  373ms
   ✓ GET /transformations/{id}/roadmap: one read model (REQ-S09-006) > waves, initiatives, milestones, deliverables and initiative dependencies with versions and flags; a moved milestone shows at once  676ms
 ✓ |integration| apps/api/test/integration/workflows/change-requests.test.ts (10 tests) 4525ms
   ✓ change requests: create, read, edit, withdraw (S-4) > draft CR-nn with ETag 1; AUD 403; outside and ADM-only 404; exact 400/409/422 refusals; one audit event per mutation  434ms
   ✓ REQ-PB-065 routing, SoD and the frozen impact assessment > a business_scope request is routed to the person mapped to SP; the requester cannot decide; SP's approval applies it  330ms
   ✓ REQ-S09-010: schedule rebaseline through change control > with no policy the DG3 re-approval is unchanged; beyond a configured threshold it is 422, within it 200; budget likewise  824ms
   ✓ REQ-S07-015: a KPI target change (preview, refusal, approval, the old version readable) > the preview lists the bound benefit and the approved G2 decision; a direct second activation is 422; after BO's approval v2 is active and v1 readable  804ms
   ✓ REQ-S04-014: a new version of an approved G4 benefit formula creates one change request > one automatic benefit_logic request routed to Finance; the DG3 response unchanged; G4 decision and snapshot byte-identical  602ms
   ✓ S-4 commit-time authorization and S-1 free text > raise, edit, submit, withdraw and the policy: a TL revoked mid-request gets 403 and nothing is written  416ms
 ✓ |integration| apps/api/test/integration/contract/contract.test.ts (45 tests) 50308ms
   ✓ every operation, validated against the contract and the zod mirrors > transformations and audit  435ms
   ✓ every operation, validated against the contract and the zod mirrors > kpi module operations (P2; kpi-exercises.ts, owned by kpi-benefits-engineer)  1088ms
   ✓ every operation, validated against the contract and the zod mirrors > P2 backend operations (p2-exercises.ts): every routed operation exercised with a success  3762ms
   ✓ every operation, validated against the contract and the zod mirrors > P3 BE-A operations (p3-exercises-be-a.ts): readiness, outcome hierarchy, gate dispensations  630ms
   ✓ every operation, validated against the contract and the zod mirrors > P3 BE-B operations (p3-exercises-be-b.ts)  1285ms
   ✓ every operation, validated against the contract and the zod mirrors > P3 BE-C operations (p3-exercises-be-c.ts)  870ms
   ✓ every operation, validated against the contract and the zod mirrors > P3 BE-D operations (p3-exercises-be-d.ts)  1668ms
   ✓ every operation, validated against the contract and the zod mirrors > P3 BE-E operations (p3-exercises-be-e.ts)  866ms
   ✓ every operation, validated against the contract and the zod mirrors > P3 KBE-B operations (p3-exercises-kbe-b.ts)  752ms
   ✓ every operation, validated against the contract and the zod mirrors > P3 KBE-C operations (p3-exercises-kbe-c.ts)  465ms
   ✓ every operation, validated against the contract and the zod mirrors > P4 BE-A operations (p4-exercises-be-a.ts)  481ms
   ✓ every operation, validated against the contract and the zod mirrors > P4 BE-B operations (p4-exercises-be-b.ts)  1097ms
   ✓ every operation, validated against the contract and the zod mirrors > P4 BE-C operations (p4-exercises-be-c.ts)  1357ms
   ✓ every operation, validated against the contract and the zod mirrors > P4 BE-D operations (p4-exercises-be-d.ts)  1261ms
   ✓ every operation, validated against the contract and the zod mirrors > P4 BE-E operations (p4-exercises-be-e.ts)  731ms
   ✓ every operation, validated against the contract and the zod mirrors > P4 BE-F operations (p4-exercises-be-f.ts)  1674ms
   ✓ every operation, validated against the contract and the zod mirrors > P4 BE-G operations (p4-exercises-be-g.ts)  894ms
   ✓ every operation, validated against the contract and the zod mirrors > P4 BE-H operations (p4-exercises-be-h.ts)  1543ms
   ✓ every operation, validated against the contract and the zod mirrors > P4 BE-I operations (p4-exercises-be-i.ts)  1257ms
   ✓ every operation, validated against the contract and the zod mirrors > P4 BE-J operations (p4-exercises-be-j.ts)  643ms
   ✓ every operation, validated against the contract and the zod mirrors > P4 BE-K operations (p4-exercises-be-k.ts)  638ms
   ✓ every operation, validated against the contract and the zod mirrors > P4 BE-L operations (p4-exercises-be-l.ts)  691ms
   ✓ every operation, validated against the contract and the zod mirrors > P4 BE-M operations (p4-exercises-be-m.ts)  784ms
   ✓ every operation, validated against the contract and the zod mirrors > P4 KBE-B operations (p4-exercises-kbe-b.ts)  1191ms
   ✓ every operation, validated against the contract and the zod mirrors > P4 KBE-C operations (p4-exercises-kbe-c.ts)  2069ms
   ✓ every operation, validated against the contract and the zod mirrors > P4 KBE-D operations (p4-exercises-kbe-d.ts)  883ms
   ✓ every operation, validated against the contract and the zod mirrors > P4 KBE-D2 operations (p4-exercises-kbe-d2.ts)  1104ms
   ✓ every operation, validated against the contract and the zod mirrors > P4 KBE-E operations (p4-exercises-kbe-e.ts)  1040ms
   ✓ every operation, validated against the contract and the zod mirrors > P4 KBE-F operations (p4-exercises-kbe-f.ts)  666ms
   ✓ every operation, validated against the contract and the zod mirrors > every GET operation with a path parameter: a malformed id is a declared 400 at /params/<name>; nothing written  1879ms
   ✓ every operation, validated against the contract and the zod mirrors > every operation but the OIDC callback: U+0000 in the query is a declared 400 invalid_character  3848ms
   ✓ every operation, validated against the contract and the zod mirrors > every operation: an undeclared request media type is a declared 400 validation.content_type; nothing written  8278ms
   ✓ every operation, validated against the contract and the zod mirrors > every operation: the rate limiter's 429 is a declared RateLimited problem (live, limits of 1 per minute)  2936ms
stdout | apps/api/test/integration/connection-hygiene.test.ts > an over-limit upload (413 evidence.too_large) closes its connection and never stalls app.close() > 30 MiB chunked, written without backpressure like the audit repro: 413, Connection: close, server closes, 0 connections, app.close() prompt
SWEEP {"path":"upload 30 MiB chunked over the limit","status":413,"code":"evidence.too_large","connection":"close","serverCloseMs":0,"connectionsZeroMs":485}

stdout | apps/api/test/integration/connection-hygiene.test.ts > an over-limit upload (413 evidence.too_large) closes its connection and never stalls app.close() > 30 MiB chunked, written without backpressure like the audit repro: 413, Connection: close, server closes, 0 connections, app.close() prompt
SWEEP-CLOSE {"label":"after upload 30 MiB chunked over the limit","ms":1,"completed":true}

stdout | apps/api/test/integration/connection-hygiene.test.ts > an over-limit upload (413 evidence.too_large) closes its connection and never stalls app.close() > 30 MiB content-length, written without backpressure like the audit repro: 413, Connection: close, server closes, 0 connections, app.close() prompt
SWEEP {"path":"upload 30 MiB content-length over the limit","status":413,"code":"evidence.too_large","connection":"close","serverCloseMs":0,"connectionsZeroMs":480}

stdout | apps/api/test/integration/connection-hygiene.test.ts > an over-limit upload (413 evidence.too_large) closes its connection and never stalls app.close() > 30 MiB content-length, written without backpressure like the audit repro: 413, Connection: close, server closes, 0 connections, app.close() prompt
SWEEP-CLOSE {"label":"after upload 30 MiB content-length over the limit","ms":0,"completed":true}

stdout | apps/api/test/integration/connection-hygiene.test.ts > a response sent before the body is read closes the connection and never drains the (unbounded) body > upload route 401/403/404/409/428/400/422, JSON bodyLimit (CL and chunked), media type, unmatched 404, bad URL; then app.close() is prompt
SWEEP {"path":"upload 401 no session","status":401,"code":"unauthenticated","connection":"close","serverCloseMs":0,"connectionsZeroMs":0}

stdout | apps/api/test/integration/connection-hygiene.test.ts > a response sent before the body is read closes the connection and never drains the (unbounded) body > upload route 401/403/404/409/428/400/422, JSON bodyLimit (CL and chunked), media type, unmatched 404, bad URL; then app.close() is prompt
SWEEP {"path":"upload 403 no CSRF token","status":403,"code":"csrf","connection":"close","serverCloseMs":1,"connectionsZeroMs":0}

stdout | apps/api/test/integration/connection-hygiene.test.ts > a response sent before the body is read closes the connection and never drains the (unbounded) body > upload route 401/403/404/409/428/400/422, JSON bodyLimit (CL and chunked), media type, unmatched 404, bad URL; then app.close() is prompt
SWEEP {"path":"upload 404 unknown evidence","status":404,"code":"not_found","connection":"close","serverCloseMs":1,"connectionsZeroMs":0}

stdout | apps/api/test/integration/connection-hygiene.test.ts > a response sent before the body is read closes the connection and never drains the (unbounded) body > upload route 401/403/404/409/428/400/422, JSON bodyLimit (CL and chunked), media type, unmatched 404, bad URL; then app.close() is prompt
SWEEP {"path":"upload 409 stale If-Match","status":409,"code":"version_conflict","connection":"close","serverCloseMs":0,"connectionsZeroMs":0}

stdout | apps/api/test/integration/connection-hygiene.test.ts > a response sent before the body is read closes the connection and never drains the (unbounded) body > upload route 401/403/404/409/428/400/422, JSON bodyLimit (CL and chunked), media type, unmatched 404, bad URL; then app.close() is prompt
SWEEP {"path":"upload 428 no If-Match","status":428,"code":"precondition_required","connection":"close","serverCloseMs":0,"connectionsZeroMs":0}

stdout | apps/api/test/integration/connection-hygiene.test.ts > a response sent before the body is read closes the connection and never drains the (unbounded) body > upload route 401/403/404/409/428/400/422, JSON bodyLimit (CL and chunked), media type, unmatched 404, bad URL; then app.close() is prompt
SWEEP {"path":"upload 400 bad X-File-Name","status":400,"code":"validation.file_name","connection":"close","serverCloseMs":0,"connectionsZeroMs":0}

stdout | apps/api/test/integration/connection-hygiene.test.ts > a response sent before the body is read closes the connection and never drains the (unbounded) body > upload route 401/403/404/409/428/400/422, JSON bodyLimit (CL and chunked), media type, unmatched 404, bad URL; then app.close() is prompt
SWEEP {"path":"upload 422 not a file","status":422,"code":"validation.evidence.not_a_file","connection":"close","serverCloseMs":0,"connectionsZeroMs":0}

stdout | apps/api/test/integration/connection-hygiene.test.ts > a response sent before the body is read closes the connection and never drains the (unbounded) body > upload route 401/403/404/409/428/400/422, JSON bodyLimit (CL and chunked), media type, unmatched 404, bad URL; then app.close() is prompt
SWEEP {"path":"upload 400 undeclared media type (text/plain)","status":400,"code":"validation.content_type","connection":"close","serverCloseMs":0,"connectionsZeroMs":0}

stdout | apps/api/test/integration/connection-hygiene.test.ts > a response sent before the body is read closes the connection and never drains the (unbounded) body > upload route 401/403/404/409/428/400/422, JSON bodyLimit (CL and chunked), media type, unmatched 404, bad URL; then app.close() is prompt
SWEEP {"path":"upload 401 Content-Length 30 MiB","status":401,"code":"unauthenticated","connection":"close","serverCloseMs":0,"connectionsZeroMs":0}

stdout | apps/api/test/integration/connection-hygiene.test.ts > a response sent before the body is read closes the connection and never drains the (unbounded) body > upload route 401/403/404/409/428/400/422, JSON bodyLimit (CL and chunked), media type, unmatched 404, bad URL; then app.close() is prompt
SWEEP {"path":"upload 428 Content-Length 30 MiB","status":428,"code":"precondition_required","connection":"close","serverCloseMs":0,"connectionsZeroMs":0}

stdout | apps/api/test/integration/connection-hygiene.test.ts > a response sent before the body is read closes the connection and never drains the (unbounded) body > upload route 401/403/404/409/428/400/422, JSON bodyLimit (CL and chunked), media type, unmatched 404, bad URL; then app.close() is prompt
SWEEP {"path":"JSON over bodyLimit, chunked","status":400,"code":"validation.body_too_large","connection":"close","serverCloseMs":0,"connectionsZeroMs":0}

stdout | apps/api/test/integration/connection-hygiene.test.ts > a response sent before the body is read closes the connection and never drains the (unbounded) body > upload route 401/403/404/409/428/400/422, JSON bodyLimit (CL and chunked), media type, unmatched 404, bad URL; then app.close() is prompt
SWEEP {"path":"JSON over bodyLimit, Content-Length","status":400,"code":"validation.body_too_large","connection":"close","serverCloseMs":0,"connectionsZeroMs":0}

stdout | apps/api/test/integration/connection-hygiene.test.ts > a response sent before the body is read closes the connection and never drains the (unbounded) body > upload route 401/403/404/409/428/400/422, JSON bodyLimit (CL and chunked), media type, unmatched 404, bad URL; then app.close() is prompt
SWEEP {"path":"unmatched route 404, chunked","status":404,"code":"not_found","connection":"close","serverCloseMs":0,"connectionsZeroMs":0}

stdout | apps/api/test/integration/connection-hygiene.test.ts > a response sent before the body is read closes the connection and never drains the (unbounded) body > upload route 401/403/404/409/428/400/422, JSON bodyLimit (CL and chunked), media type, unmatched 404, bad URL; then app.close() is prompt
SWEEP {"path":"unmatched route 404, Content-Length 30 MiB","status":404,"code":"not_found","connection":"close","serverCloseMs":0,"connectionsZeroMs":0}

stdout | apps/api/test/integration/connection-hygiene.test.ts > a response sent before the body is read closes the connection and never drains the (unbounded) body > upload route 401/403/404/409/428/400/422, JSON bodyLimit (CL and chunked), media type, unmatched 404, bad URL; then app.close() is prompt
SWEEP {"path":"router-level 400 bad URL (FST_ERR_BAD_URL), chunked","status":400,"code":"validation.format","connection":"close","serverCloseMs":0,"connectionsZeroMs":0}

stdout | apps/api/test/integration/connection-hygiene.test.ts > a response sent before the body is read closes the connection and never drains the (unbounded) body > upload route 401/403/404/409/428/400/422, JSON bodyLimit (CL and chunked), media type, unmatched 404, bad URL; then app.close() is prompt
SWEEP-CLOSE {"label":"after the refusals sweep","ms":0,"completed":true}

stdout | apps/api/test/integration/connection-hygiene.test.ts > a response sent before the body is read closes the connection and never drains the (unbounded) body > app.close() while a refused client (403, no CSRF token) KEEPS SENDING its body completes promptly
SWEEP-CLOSE {"label":"while a refused (403) client keeps sending its body","ms":0,"completed":true}

stdout | apps/api/test/integration/connection-hygiene.test.ts > a client that aborts mid-upload leaves no partial object and no leaked socket > content-length: 2 MiB of a 10 MiB upload, then the client destroys the socket
SWEEP {"path":"client abort mid-upload content-length","connectionsZeroMs":26,"partialFilesGoneMs":0}

stdout | apps/api/test/integration/connection-hygiene.test.ts > a client that aborts mid-upload leaves no partial object and no leaked socket > chunked: 2 MiB of a 10 MiB upload, then the client destroys the socket
SWEEP {"path":"client abort mid-upload chunked","connectionsZeroMs":25,"partialFilesGoneMs":1}

stdout | apps/api/test/integration/connection-hygiene.test.ts > shutdown is bounded > app.close() with a STALLED upload in flight completes within the grace period (default 5 s); the stalled socket is closed by the server
SWEEP-CLOSE {"label":"stalled upload in flight (default grace 5 s)","ms":5002,"completed":true}

stdout | apps/api/test/integration/connection-hygiene.test.ts > shutdown is bounded > an in-flight upload that finishes within the grace period completes normally (200, stored byte-exact, Connection: close), then app.close() returns
SWEEP-CLOSE {"label":"in-flight upload finishing during shutdown","ms":501,"completed":true}

stdout | apps/api/test/integration/connection-hygiene.test.ts > shutdown is bounded > a body that stalls outside shutdown is cut by Node's requestTimeout (408, connection closed), nothing stored, no error log
SWEEP {"path":"stalled body, requestTimeout 1.5 s","status":["HTTP/1.1 408"],"closedMs":1751}

stdout | apps/api/test/integration/connection-hygiene.test.ts > shutdown is bounded > SIGTERM: the API process (src/main.ts) exits 0 within the grace period with a stalled upload in flight
SWEEP-CLOSE {"label":"SIGTERM with a stalled upload (main.ts)","ms":5060,"exitCode":0}

stdout | apps/api/test/integration/connection-hygiene.test.ts > unmatched-route 404s are rate limited (audit round 10 observation P3) > a flood on unmatched routes gets 429 rate_limited after the limit (same key and limit as the routes); the SPA fallback still serves index.html
SWEEP {"path":"unmatched-route flood, limit 4/min","statuses":[404,404,404,429]}

 ✓ |integration| apps/api/test/integration/connection-hygiene.test.ts (13 tests) 23120ms
   ✓ an over-limit upload (413 evidence.too_large) closes its connection and never stalls app.close() > 30 MiB chunked, written without backpressure like the audit repro: 413, Connection: close, server closes, 0 connections, app.close() prompt  795ms
   ✓ an over-limit upload (413 evidence.too_large) closes its connection and never stalls app.close() > 30 MiB content-length, written without backpressure like the audit repro: 413, Connection: close, server closes, 0 connections, app.close() prompt  784ms
   ✓ a response sent before the body is read closes the connection and never drains the (unbounded) body > upload route 401/403/404/409/428/400/422, JSON bodyLimit (CL and chunked), media type, unmatched 404, bad URL; then app.close() is prompt  803ms
   ✓ a response sent before the body is read closes the connection and never drains the (unbounded) body > app.close() while a refused client (403, no CSRF token) KEEPS SENDING its body completes promptly  453ms
   ✓ a client that aborts mid-upload leaves no partial object and no leaked socket > content-length: 2 MiB of a 10 MiB upload, then the client destroys the socket  439ms
   ✓ a client that aborts mid-upload leaves no partial object and no leaked socket > chunked: 2 MiB of a 10 MiB upload, then the client destroys the socket  373ms
   ✓ normal traffic is unchanged > a valid 3 MiB upload over a real socket is stored byte-exact with its sha256, and the keep-alive connection serves the next request  948ms
   ✓ shutdown is bounded > app.close() with a STALLED upload in flight completes within the grace period (default 5 s); the stalled socket is closed by the server  5473ms
   ✓ shutdown is bounded > an in-flight upload that finishes within the grace period completes normally (200, stored byte-exact, Connection: close), then app.close() returns  1081ms
   ✓ shutdown is bounded > a body that stalls outside shutdown is cut by Node's requestTimeout (408, connection closed), nothing stored, no error log  1895ms
   ✓ shutdown is bounded > SIGTERM: the API process (src/main.ts) exits 0 within the grace period with a stalled upload in flight  9076ms
 ✓ |integration| apps/api/test/integration/adoption/indicators.test.ts (14 tests) 2638ms
 ✓ |integration| apps/api/test/integration/registers.test.ts (23 tests) 5401ms
   ✓ starter structure (ADR-0016 §4; REQ-S12-004, REQ-PB-003) > both End-to-End and Modular creates get the pin, six T01 rows, ten canvas boxes and six gates, each audited  691ms
   ✓ North Star (REQ-PB-033) > one sentence, no line break; refining supersedes (never overwrites); If-Match rules  406ms
   ✓ T01 / T03 template rules and record-level rules > an archived transformation is read-only for its registers (422)  425ms
 ✓ |integration| apps/api/test/integration/media-types.test.ts (21 tests) 3642ms
   ✓ uploadEvidenceContent accepts only application/octet-stream (F-DG2-320) > a valid application/octet-stream upload stores exactly the bytes sent, in both framings (sha256 of the raw input)  302ms
   ✓ an unmatched route is 404 not_found whatever its body (F-DG2-350) > every method x body class x session: 404 not_found (problem+json), the connection closes, nothing parsed or logged as an error  347ms
   ✓ the media-type check and the parser lookup agree for every spelling (F-DG2-351) > every OWS/whitespace spelling of octet-stream reaches the octet parser: stored byte-exact (sha256), downloadable  1047ms
 ✓ |integration| apps/api/test/integration/kpi/business-cases.test.ts (17 tests) 8876ms
   ✓ transformation case: the ten B0085 sections (REQ-PB-053) > all ten sections persist and read back; missingSections clears once lines and owners exist  1003ms
   ✓ transformation case: the ten B0085 sections (REQ-PB-053) > one active transformation case per transformation (409); configurable currency; blank text 400  431ms
   ✓ initiative cases and the roll-up (REQ-PB-054, REQ-S05-005) > an initiative case links to the one transformation case and fills the lighter set  579ms
   ✓ initiative cases and the roll-up (REQ-PB-054, REQ-S05-005) > the total equals the distinct lines once; editing an initiative line changes the roll-up without duplication  571ms
   ✓ initiative cases and the roll-up (REQ-PB-054, REQ-S05-005) > Unknown is never 0; per currency; revenue vs margin and non-financial kept apart  341ms
   ✓ lines: exactly one class (REQ-PB-053, REQ-S05-005) > two classes -> 400 at /class; class/kind and class/value-basis mismatch -> 422; value rules  482ms
   ✓ Finance validation of the baseline (REQ-PB-055 part) > FIN validates; the author is refused 403; the hash is stored; a baseline change shows Stale  720ms
   ✓ every mutation: AUD 403, If-Match 428/409, audit, WL record-level > the read-only auditor gets 403 (audited) on all seven mutations, whatever the body  486ms
   ✓ every mutation: AUD 403, If-Match 428/409, audit, WL record-level > If-Match: 428 without, 409 stale, on update/archive of cases and lines; each success audited  643ms
   ✓ every mutation: AUD 403, If-Match 428/409, audit, WL record-level > WL edits only the initiative cases of initiatives they lead (record-level, 403 otherwise)  583ms
   ✓ every mutation: AUD 403, If-Match 428/409, audit, WL record-level > authorization is re-checked at commit time (update case): a grant revoked after authentication -> 403, nothing written  592ms
   ✓ every mutation: AUD 403, If-Match 428/409, audit, WL record-level > authorization is re-checked at commit time (archive case): a grant revoked after authentication -> 403, nothing written  382ms
   ✓ every mutation: AUD 403, If-Match 428/409, audit, WL record-level > authorization is re-checked at commit time (validate baseline): a grant revoked after authentication -> 403, nothing written  357ms
   ✓ every mutation: AUD 403, If-Match 428/409, audit, WL record-level > authorization is re-checked at commit time (create line): a grant revoked after authentication -> 403, nothing written  416ms
   ✓ every mutation: AUD 403, If-Match 428/409, audit, WL record-level > authorization is re-checked at commit time (update line): a grant revoked after authentication -> 403, nothing written  381ms
   ✓ every mutation: AUD 403, If-Match 428/409, audit, WL record-level > authorization is re-checked at commit time (archive line): a grant revoked after authentication -> 403, nothing written  381ms
 ✓ |integration| apps/api/test/integration/dependencies/t08.test.ts (19 tests) 9646ms
   ✓ T08 columns, From external, types > the seven T08 columns round-trip; version 1, ETag and Location; audited; listed and read  774ms
   ✓ T08 columns, From external, types > From `external` with a label is accepted (no edge); a label-less external From is 400  490ms
   ✓ T08 columns, From external, types > an unknown or retired type is 422 dependency.unknown_type; nothing written  457ms
   ✓ T08 columns, From external, types > a self-dependency is 422; an initiative of another transformation is 422; From initiative needs its id (400)  889ms
   ✓ dependency types (REQ-PB-052) > the five system types are listed; a system type DELETE is 422 and changes nothing  485ms
   ✓ dependency types (REQ-PB-052) > add, relabel, retire a custom type: configure only (AUD and TL 403), If-Match 428/409, audited, duplicate 409  658ms
   ✓ cycles (REQ-S09-008, REQ-PB-051) > A→B→C→A is 422 naming the cycle exactly (ADR-0023 §5); nothing written  435ms
   ✓ cycles (REQ-S09-008, REQ-PB-051) > A→B→A is reported the same way ('INI-01 → INI-02 → INI-01'); an archived edge no longer counts  633ms
   ✓ cycles (REQ-S09-008, REQ-PB-051) > PATCH re-runs the check when an endpoint changes (422, nothing written); other edits pass  648ms
   ✓ cycles (REQ-S09-008, REQ-PB-051) > two API requests A→B and B→A at once: exactly one commits, the other is 422 dependency.cycle  315ms
   ✓ cycles (REQ-S09-008, REQ-PB-051) > two DATABASE connections inserting A→B and B→A concurrently: exactly one commits (dependency_acyclic)  335ms
   ✓ authorisation, concurrency and audit of every T08 mutation > AUD 403 on create, update, archive (audited as authorization.denied); 428/409 on update and archive  917ms
   ✓ authorisation, concurrency and audit of every T08 mutation > commit-time authorisation: a grant revoked while the create waits for the graph lock is 403; nothing written  459ms
   ✓ authorisation, concurrency and audit of every T08 mutation > commit-time authorisation on update and archive: the row lock wait, then 403 on reloaded grants  537ms
   ✓ schedule flags on T08 (ADR-0023 §5) > a predecessor finishing after the needed-by date is flagged; moving its milestone earlier clears it  484ms
   ✓ schedule flags on T08 (ADR-0023 §5) > missing dates are schedule.unknown, never an empty (no conflict) list  396ms
   ✓ the DG2 paths stay stable (ADR-0023 §4) > a custom type is shown as 'other' on the DG2 path; a DG2 PATCH of the kinds is 422 dependency.managed_by_t08  417ms
 ✓ |integration| apps/api/test/integration/oidc.test.ts (33 tests) 3776ms
 ✓ |integration| apps/api/test/integration/kpi/kpi-resources.test.ts (23 tests) 2222ms
 ✓ |integration| apps/api/test/integration/portfolio/transitions.test.ts (21 tests) 12377ms
   ✓ submit (draft -> submitted) > REQ-PB-007/REQ-PB-022: before G1 -> 422 invalid-transition with the exact G1 text; errors[] lists every failing precondition; nothing written  805ms
   ✓ submit (draft -> submitted) > REQ-PB-006: without an outcome/KPI link -> 'Outcome before activity' validation error at /outcomeContributions; accepted once a link exists  661ms
   ✓ submit (draft -> submitted) > Modular: an accepted inherited approval of G1 with verified evidence satisfies submit (never a gate decision)  447ms
   ✓ withdraw and cancel > withdraw: submitted or ranked -> draft with a reason; draft -> 422 not_withdrawable; no reason -> 400  477ms
   ✓ withdraw and cancel > cancel: any non-terminal status -> cancelled with reason and stamps; launched or cancelled -> 422 not_cancellable  999ms
   ✓ selection (REQ-S09-003): a recorded business approval; ranking never selects; selection never funds > ranking never selects; select writes a portfolio_selection row and shows 'Selected - unfunded'  490ms
   ✓ selection (REQ-S09-003): a recorded business approval; ranking never selects; selection never funds > deselect: selected or funded -> ranked with a rationale; ranked or launched -> 422 not_deselectable  781ms
   ✓ selection (REQ-S09-003): a recorded business approval; ranking never selects; selection never funds > ADR-0021 §6 (T-DG3-ARCH-03): select/deselect on someone's behalf -> 422 selection.on_behalf_not_supported, even under an active delegation; nothing written  670ms
   ✓ launch (funded -> launched) > REQ-PB-004 (acceptance): End-to-End launch -> 422 'North Star, outcomes and target state not yet approved'; after G2 and G3 approval the same call succeeds  577ms
   ✓ launch (funded -> launched) > direction is checked BEFORE funding: a selected-unfunded End-to-End initiative gets the sequencing reason, errors[] lists both  693ms
   ✓ launch (funded -> launched) > 'Selected - unfunded' cannot launch (also after a rejected/deferred or revoked funding decision); other statuses are not launchable  920ms
   ✓ launch (funded -> launched) > a draft launched before G1 reports G1 first (precondition 1)  352ms
   ✓ launch (funded -> launched) > End-to-End: an accepted waiver of G3 (G2 approved) satisfies the direction rule for launch; the gate stays unapproved  534ms
   ✓ launch (funded -> launched) > Modular: a funded initiative launches without G2/G3 (not held to the End-to-End rule); WL (no initiative.launch) gets 403  430ms
   ✓ every transition: If-Match 428/409 and AUD 403 (audited denial, nothing written) > submit: 428 without If-Match, 409 stale, 403 for AUD, 404 for an unknown id  356ms
   ✓ every transition: If-Match 428/409 and AUD 403 (audited denial, nothing written) > withdraw: 428 without If-Match, 409 stale, 403 for AUD, 404 for an unknown id  332ms
   ✓ every transition: If-Match 428/409 and AUD 403 (audited denial, nothing written) > select: 428 without If-Match, 409 stale, 403 for AUD, 404 for an unknown id  437ms
   ✓ every transition: If-Match 428/409 and AUD 403 (audited denial, nothing written) > deselect: 428 without If-Match, 409 stale, 403 for AUD, 404 for an unknown id  419ms
   ✓ every transition: If-Match 428/409 and AUD 403 (audited denial, nothing written) > launch: 428 without If-Match, 409 stale, 403 for AUD, 404 for an unknown id  466ms
   ✓ every transition: If-Match 428/409 and AUD 403 (audited denial, nothing written) > cancel: 428 without If-Match, 409 stale, 403 for AUD, 404 for an unknown id  518ms
   ✓ latestFundingState() (ADR-0023 §7): the latest funding decision decides, fail closed > none -> unfunded; approved -> funded; deferred after approved -> unfunded; revoked -> revoked  874ms
 ✓ |integration| apps/api/test/integration/sustainment/controls.test.ts (15 tests) 2904ms
 ✓ |integration| apps/api/test/integration/approvals/approvals.test.ts (17 tests) 4198ms
   ✓ routing (REQ-S10-008; ADR-0026 §2, §8) > a mapped person without a business-approver role is refused (422 routing.assignee_not_approver)  615ms
   ✓ request (ADR-0026 §4, §5) > SLA types: next SteerCo is Unknown (never guessed); urgent needs a reason and a configured route; release plan without a milestone is Unknown  629ms
   ✓ decide (REQ-S10-014, REQ-S10-016, REQ-S10-017, REQ-S10-018) > commit-time authorization: a decide right revoked (or a session ended) while the request waits is refused  557ms
 ✓ |integration| apps/api/test/integration/blank-text.test.ts (29 tests) 9203ms
   ✓ blank free text is rejected (400 + pointer), nothing is written and nothing is audited > charter create with a blank field writes no charter  358ms
   ✓ valid text still succeeds (stored as entered) and null still clears > charter: text with surrounding spaces is kept verbatim; null clears; each change is audited once  385ms
   ✓ defense in depth: blank text already in the database is never 'present' (G1 readiness, pre-checks, thesis) > blank In scope, Case for change, thesis part and T01 texts read as missing  462ms
   ✓ invisible-only free text is blank (F-DG2-160) > Out of scope "‏" is 400 validation.blank at /outOfScope; nothing written, no audit  319ms
   ✓ invisible-only free text is blank (F-DG2-160) > Out of scope "" is 400 validation.blank at /outOfScope; nothing written, no audit  336ms
   ✓ invisible-only free text is blank (F-DG2-160) > Out of scope "⁠⁠⁠" is 400 validation.blank at /outOfScope; nothing written, no audit  317ms
   ✓ invisible-only free text is blank (F-DG2-160) > Out of scope "\u0001" is 400 validation.blank at /outOfScope; nothing written, no audit  312ms
   ✓ invisible-only free text is blank (F-DG2-160) > Out of scope "󠄀 ឴឵" is 400 validation.blank at /outOfScope; nothing written, no audit  315ms
   ✓ invisible-only free text is blank (F-DG2-160) > Out of scope "𖿤" is 400 validation.blank at /outOfScope; nothing written, no audit  410ms
   ✓ invisible-only free text is blank (F-DG2-160) > Out of scope "𝅙" is 400 validation.blank at /outOfScope; nothing written, no audit  412ms
   ✓ invisible-only free text is blank (F-DG2-160) > Out of scope "𝅙𝅙" is 400 validation.blank at /outOfScope; nothing written, no audit  313ms
   ✓ invisible-only free text is blank (F-DG2-160) > Out of scope " 𖿤\t𝅙 " is 400 validation.blank at /outOfScope; nothing written, no audit  427ms
   ✓ invisible-only free text is blank (F-DG2-160) > visible text that contains U+16FE4 or U+1D159 is accepted verbatim and counts as documented (F-DG2-230)  1044ms
   ✓ invisible-only free text is blank (F-DG2-160) > an Arabic Out of scope with RLM marks is accepted verbatim, the pre-check reads pass and G1 does not list it  516ms
   ✓ invisible-only reasons are blank on every reason endpoint (F-DG2-160, T-DG2-BE7) > evidence-link removal: invisible reason is 400 at /reason; a valid reason removes  342ms
   ✓ invisible-only reasons are blank on every reason endpoint (F-DG2-160, T-DG2-BE7) > P1 transformation archive (reasonRequest): invisible reason is 400 at /reason; a valid reason archives  440ms
stdout | apps/api/test/integration/request-io.test.ts > F-DG2-411: a stalled upload holds no pooled connection and no row lock > reviewer's R8: N stalled uploads (N = pool size) leave /me and /readyz answering promptly; nothing is stored
BE17 R8: {"poolSize":5,"stalledUploads":5,"sessions":{"sessions":5,"visible":5,"idleInTx":0,"nonIdle":0},"me":{"status":200,"ms":8},"ready":{"status":200,"ms":8},"patch":{"status":200,"ms":28},"leftovers":[],"rows":0,"closeMs":0,"errors":[]}

stdout | apps/api/test/integration/request-io.test.ts > F-DG2-411: a stalled upload holds no pooled connection and no row lock > an upload whose If-Match goes stale during the body: 409 version_conflict, no content row, no object
BE17 stale-if-match: {"patchDuringBody":{"status":200,"ms":130},"patch":{"status":200,"ms":130},"upload":{"status":409,"type":"urn:mth:problem:version-conflict","title":"Version conflict","detail":"The record was changed by someone else. Review the current version and re-apply your change.","code":"version_conflict","requestId":"01a12224-59c7-7182-b814-a38b26a8c966","currentVersion":2},"rows":0,"files":[],"version":2,"closeMs":0}

stdout | apps/api/test/integration/request-io.test.ts > F-DG2-411: a stalled upload holds no pooled connection and no row lock > valid uploads stay byte-exact with their sha256 (stored, recorded and downloaded), no temporary object left
BE17 valid-uploads: {"out":[{"size":1,"status":200,"rows":1,"sha":true,"files":["/var/tmp/mth-run.0IxN0I/claude-0/mth-evidence-it-s570FY/01a12224-4d0b-75c8-a7e8-00c797b151f7/01a12224-4d8f-77cc-b3a9-2eef0be525c8/01a12224-5d46-772f-a9b2-be3658e05cf0/01a12224-5d6a-72b9-9a13-55cb7d94e813"]},{"size":65536,"status":200,"rows":1,"sha":true,"files":["/var/tmp/mth-run.0IxN0I/claude-0/mth-evidence-it-s570FY/01a12224-4d0b-75c8-a7e8-00c797b151f7/01a12224-4d8f-77cc-b3a9-2eef0be525c8/01a12224-5da5-75be-bb26-45181d902a28/01a12224-5db8-773a-8de2-9eab8b1514e1"]},{"size":3145728,"status":200,"rows":1,"sha":true,"files":["/var/tmp/mth-run.0IxN0I/claude-0/mth-evidence-it-s570FY/01a12224-4d0b-75c8-a7e8-00c797b151f7/01a12224-4d8f-77cc-b3a9-2eef0be525c8/01a12224-5def-722c-8f20-dc4c93cbe04a/01a12224-5e08-753f-ae8b-244cc3ead0c1"]}],"closeMs":5}

stdout | apps/api/test/integration/request-io.test.ts > F-DG2-411: a stalled upload holds no pooled connection and no row lock > sweep: downloads to slow readers (N+1 paused readers, pool size N) hold no pooled connection
BE17 slow-readers: {"poolSize":2,"readers":3,"bytesReceivedWhilePaused":[65536,65536,65536],"fileBytes":25165824,"me":{"status":200,"ms":48},"ready":{"status":200,"ms":2},"sessions":{"sessions":2,"visible":2,"idleInTx":0,"nonIdle":0},"closeMs":10}

stdout | apps/api/test/integration/request-io.test.ts > F-DG2-411: a stalled upload holds no pooled connection and no row lock > defence in depth: an exhausted pool answers 503 after the bounded checkout wait (and /readyz 503), never a hang
BE17 pool-exhausted: {"me":{"status":503,"ms":436},"meCode":"unavailable","ready":{"status":503,"ms":402},"meAfter":{"status":200,"ms":17},"closeMs":2}

stdout | apps/api/test/integration/request-io.test.ts > F-DG2-412: an aborted or stalled body is never a 500 and never an error-level log > R6a stalled JSON body, requestTimeout 408: answered (if at all) below 500, logged below error level, nothing stored
BE17 R6a: {"status":408,"classified":0,"completed":[],"errors":[],"rows":0,"files":[],"closeMs":0}

stdout | apps/api/test/integration/request-io.test.ts > F-DG2-412: an aborted or stalled body is never a 500 and never an error-level log > R6d JSON body aborted by the client: answered (if at all) below 500, logged below error level, nothing stored
BE17 R6d: {"status":null,"classified":25,"completed":[],"errors":[],"rows":0,"files":[],"closeMs":0}

stdout | apps/api/test/integration/request-io.test.ts > F-DG2-412: an aborted or stalled body is never a 500 and never an error-level log > R6c stalled upload body, requestTimeout 408: answered (if at all) below 500, logged below error level, nothing stored
BE17 R6c: {"status":408,"classified":0,"completed":[],"errors":[],"rows":0,"files":[],"closeMs":1}

stdout | apps/api/test/integration/request-io.test.ts > F-DG2-412: an aborted or stalled body is never a 500 and never an error-level log > R6e upload body aborted by the client: answered (if at all) below 500, logged below error level, nothing stored
BE17 R6e: {"status":null,"classified":25,"completed":[],"errors":[],"rows":0,"files":[],"closeMs":0}

stdout | apps/api/test/integration/request-io.test.ts > F-DG2-412: an aborted or stalled body is never a 500 and never an error-level log > no over-match: a database-side ECONNRESET while the request body is still arriving is a 500 with an error log
BE17 db-econnreset: {"status":500,"resets":4,"errors":[{"msg":"unhandled error","code":"ECONNRESET","message":"read ECONNRESET"}]}

 ✓ |integration| apps/api/test/integration/request-io.test.ts (10 tests) 14240ms
   ✓ F-DG2-411: a stalled upload holds no pooled connection and no row lock > reviewer's R8: N stalled uploads (N = pool size) leave /me and /readyz answering promptly; nothing is stored  2499ms
   ✓ F-DG2-411: a stalled upload holds no pooled connection and no row lock > an upload whose If-Match goes stale during the body: 409 version_conflict, no content row, no object  899ms
   ✓ F-DG2-411: a stalled upload holds no pooled connection and no row lock > valid uploads stay byte-exact with their sha256 (stored, recorded and downloaded), no temporary object left  625ms
   ✓ F-DG2-411: a stalled upload holds no pooled connection and no row lock > sweep: downloads to slow readers (N+1 paused readers, pool size N) hold no pooled connection  1485ms
   ✓ F-DG2-411: a stalled upload holds no pooled connection and no row lock > defence in depth: an exhausted pool answers 503 after the bounded checkout wait (and /readyz 503), never a hang  1632ms
   ✓ F-DG2-412: an aborted or stalled body is never a 500 and never an error-level log > R6a stalled JSON body, requestTimeout 408: answered (if at all) below 500, logged below error level, nothing stored  2061ms
   ✓ F-DG2-412: an aborted or stalled body is never a 500 and never an error-level log > R6d JSON body aborted by the client: answered (if at all) below 500, logged below error level, nothing stored  796ms
   ✓ F-DG2-412: an aborted or stalled body is never a 500 and never an error-level log > R6c stalled upload body, requestTimeout 408: answered (if at all) below 500, logged below error level, nothing stored  2068ms
   ✓ F-DG2-412: an aborted or stalled body is never a 500 and never an error-level log > R6e upload body aborted by the client: answered (if at all) below 500, logged below error level, nothing stored  747ms
   ✓ F-DG2-412: an aborted or stalled body is never a 500 and never an error-level log > no over-match: a database-side ECONNRESET while the request body is still arriving is a 500 with an error log  713ms
 ✓ |integration| apps/api/test/integration/sustainment/transition-decisions.test.ts (10 tests) 3888ms
   ✓ create (ADR-0034 §3, §12) > BO and FIN draft; TD-nn, version 1, audited; one live decision per benefit (409 transition_decision.exists)  366ms
   ✓ create (ADR-0034 §3, §12) > 422 monitoring_after_end, benefit_validated and validation.reference (exact texts); nothing written  606ms
   ✓ update and withdraw (ADR-0034 §3) > edits a draft (If-Match 428/409, audited); withdraws; a withdrawn decision is final; the benefit is free again  307ms
   ✓ decision through the canonical approval (ADR-0034 §3; ADR-0026 §4) > submit routes to SP; the decision is frozen; the requester cannot decide; SP approves  421ms
   ✓ REQ-S11-007: forecast stays forecast; monitoring tasks for the residual owner (ADR-0034 §3, §6) > parity (D-102 (2)): the worker's runMonitoringScan writes the same rows as the API's scheduleMonitoringReviews  504ms
 ✓ |integration| apps/api/test/integration/gates/g4.test.ts (5 tests) 7014ms
   ✓ G4 submission refused with the missing items named (ADR-0021 §7) > 422 gate_criteria_incomplete names 'Owners', 'Finance validation', the initiative without a gap link, the missing funding and capacity commitment; nothing written  1654ms
   ✓ G4 submission refused with the missing items named (ADR-0021 §7) > an empty portfolio is 'Initiative cards' (g4.portfolio_empty); a capacity over-allocation and Unknown are conflicts  1173ms
   ✓ G4 treats an Unknown schedule as a missing item (D-079; ADR-0021 §7, §11 item 3) > 'Schedule unknown: DEP-nn' refuses the submission; a mitigation or the missing date clears it  1174ms
   ✓ G4 end to end with distinct synthetic TL, FIN, SP and capacity-owner users > TL submits; FIN validates and funds; the capacity owner commits; 403/403/409 hold; SP approves -> phase transform  1761ms
   ✓ G4 end to end with distinct synthetic TL, FIN, SP and capacity-owner users > the submitter cannot decide G4, even holding the approver role (403 gate.submitter_cannot_decide)  1116ms
 ❯ |integration| apps/api/test/integration/workflows/g5-g6.test.ts (13 tests | 1 failed) 23669ms
   ✓ G5 Scale (REQ-PB-020, REQ-PB-015) > an open High-impact risk without an approved disposition: 422 whose detail and errors list 'Risk closure'; nothing written  966ms
   ✓ G5 Scale (REQ-PB-020, REQ-PB-015) > an approved disposition completes Risk closure (a pending one does not; a medium risk never counts)  1079ms
   ✓ G5 Scale (REQ-PB-020, REQ-PB-015) > G5 configured to BO: an SP decision is 403 gate.not_approver, a BO decision with the scale scope is 201  1391ms
   ✓ G5 Scale (REQ-PB-020, REQ-PB-015) > the scale-scope rules (ADR-0035 §5): required with a G5 approval, refused elsewhere, items inside the organization  1382ms
   ✓ G5 decision rights (D-094; ADR-0035 §8) > AUD 403 on the G5 submission and decision; an ADM-only caller 403 on the decision (D-094); nothing written  517ms
   ✓ G1-G4 refusals keep the DG2 key form (ADR-0035 §2: the label form is G5/G6 only) > a G4 submission with gaps names the criterion keys in its detail, as in DG3  443ms
   ✓ G6 Sustain (REQ-PB-021, REQ-S04-008, REQ-S04-002) > without an accepted BAU handover: 422 listing 'Ownership transfer'; nothing written  567ms
   × G6 Sustain (REQ-PB-021, REQ-S04-008, REQ-S04-002) > with every fact: 201 with a frozen g6 snapshot; an edit afterwards leaves it unchanged; the SP approval changes no phase, closes nothing and writes nothing under docs/delivery/ 15974ms
     → expected [ …(13285) ] to deeply equal [ …(13285) ]
   ✓ G6 Sustain (REQ-PB-021, REQ-S04-008, REQ-S04-002) > G6 allows SP only: a BO cannot be configured as its approver (DG2 422 gate.approver_role_not_allowed)  865ms
   ✓ the G5/G6 evaluators as pure functions of the facts (ADR-0035 §2, §10: Unknown never counts) > every G5 criterion is complete with complete facts and incomplete without facts (fail closed) 1ms
   ✓ the G5/G6 evaluators as pure functions of the facts (ADR-0035 §2, §10: Unknown never counts) > Unknown, Stale and Not computable KPIs and indicators never complete G5; a missing T16 date is listed, not overdue 2ms
   ✓ the G5/G6 evaluators as pure functions of the facts (ADR-0035 §2, §10: Unknown never counts) > Risk closure: closed or an APPROVED disposition only; the G5 snapshot member records risks, dispositions and approvals 1ms
   ✓ the G5/G6 evaluators as pure functions of the facts (ADR-0035 §2, §10: Unknown never counts) > G6: a benefit without a validated value or approved transition, an area without a control, an empty backlog are listed 0ms
 ✓ |integration| apps/api/test/integration/adoption/assessment-records.test.ts (10 tests) 3144ms
   ✓ REQ-S11-002 A11: a proficiency observation submitted via the form links to the stakeholder group > a new form version answers only after it is published: responses name the published version  309ms
   ✓ authorisation (ADR-0033 §9) > AUD 403 on writes; ADM-only and outsiders 404; another transformation 404; commit-time 403  335ms
 ✓ |integration| apps/worker/test/integration/adoption-below-trajectory.test.ts (14 tests) 3414ms
   ✓ the outbox relay fans kpi.deviation_evaluated out (D-102) > one event reaches both consumers exactly once; a relay retry and a replayed send duplicate nothing  347ms
 ✓ |integration| apps/api/test/integration/adoption/assessment-forms.test.ts (10 tests) 2624ms
   ✓ invitations (ADR-0033 §5: one open per invitee, one My Work item each) > invites, gives each invitee one work item, refuses a second open invitation, cancels  454ms
   ✓ authorisation (ADR-0033 §9) > AUD, TL and FIN 403 on writes; ADM-only and outsiders 404; another transformation 404; commit-time 403  317ms
   ✓ authorisation (ADR-0033 §9) > commit-time 403 on create, edit, retire, invite and cancel; nothing written  312ms
 ✓ |integration| apps/api/test/integration/governance/executive-decisions.test.ts (16 tests) 2943ms
 ✓ |integration| apps/api/test/integration/sustainment/handovers.test.ts (10 tests) 2511ms
   ✓ only the receiving owner accepts or returns (REQ-S11-005) > return needs a reason (400 bau_handover.return_reason_required); returned -> edited -> resubmitted  351ms
   ✓ preparation rules, gates and concurrency > one handover in progress per cycle (409); only an establishing or reopened area (422); AUD 403; ADM 404  321ms
 ✓ |integration| apps/api/test/integration/raid/corrective-cases.test.ts (12 tests) 2172ms
   ✓ createCorrectiveCase: a Value Review finding (ADR-0031 §5.5; REQ-PB-085 create:BO,TL,FIN) > AUD 403; ADM-only and outsiders 404 on every operation; nothing written  310ms
   ✓ lists, signals and case actions > filters by source kind, status and owner; cursor pagination visits every row once  371ms
 ✓ |integration| apps/api/test/integration/benefits/measurements.test.ts (12 tests) 4801ms
   ✓ create, read, list (ADR-0030 §2) > BO records a draft: 201, Location, ETag, basis, one audit event; list newest first; AUD reads  1024ms
   ✓ create, read, list (ADR-0030 §2) > the §11 refusals: step, value shape, unmonetised, period taken, period range, unknown evidence  521ms
   ✓ submission (REQ-S08-016, REQ-S12-014 API half) > submit needs the period and evidence; If-Match 428/409; one audit event and one outbox event; pending only  427ms
   ✓ submission (REQ-S08-016, REQ-S12-014 API half) > REQ-S08-017: an in-place edit of a validated value is 409 validated_immutable; nothing written  307ms
   ✓ the formula engine and lineage (REQ-S08-004, REQ-S08-006, REQ-S08-008) > Δ attach × customers × ARPU = 0.02 × 100000 × 50 = 100000.0000; getBenefitMeasurement returns the lineage  358ms
 ✓ |integration| apps/api/test/integration/adoption/interventions.test.ts (7 tests) 2695ms
   ✓ manual interventions and My Work (REQ-S11-001 A11) > AUD 403 on writes; ADM-only and outsiders 404 everywhere; commit-time 403; nothing written  431ms
 ✓ |integration| apps/api/test/integration/transformations.test.ts (30 tests) 6779ms
   ✓ create > persists a draft End-to-End record in Diagnose with organization defaults (Asia/Riyadh, SAR) and a generated code  623ms
   ✓ create > writes exactly one audit event and one outbox event, in the same transaction  305ms
   ✓ create > rolls back record, audit and outbox together when a rule fails (duplicate code -> 409)  362ms
   ✓ Idempotency-Key on create > replays the original 201 for the same key and body, creating one record, one audit event and one outbox event  354ms
   ✓ Idempotency-Key on create > rejects the same key with a different body (422) and a malformed key (400)  327ms
   ✓ closure is not a status edit (F-DG1-001: closure needs the G6 business approval, absent in P1) > refuses active -> closed with 422 invalid-transition; the record keeps its state, version and audit trail  382ms
   ✓ closure is not a status edit (F-DG1-001: closure needs the G6 business approval, absent in P1) > refuses on_hold -> closed with 422 invalid-transition; the record keeps its state, version and audit trail  314ms
   ✓ closure is not a status edit (F-DG1-001: closure needs the G6 business approval, absent in P1) > refuses a close from draft as well (no path to closed exists in P1)  321ms
   ✓ archive > needs a reason, If-Match and transformation.archive; archived records are read-only and hidden by default  422ms
   ✓ list: filters, sorting and cursor pagination > pages through a stable order without duplicates or gaps  2080ms
   ✓ audit trail endpoint > lists events newest first with actor names, paginated; needs audit.read (TO yes, others 403/404)  445ms
 ✓ |integration| apps/worker/test/integration/raid-corrective.test.ts (10 tests) 6109ms
   ✓ raid.corrective_control and raid.corrective_adoption through the production worker (REQ-S12-016) > a failed control check opens one owned case with a 5-working-day follow-up and one work item; replay and restart create none  981ms
 ✓ |integration| apps/api/test/integration/dg2-repairs.test.ts (13 tests) 6844ms
   ✓ F-DG2-142 evidence-link removal needs edit rights on the record (REQ-S10-001) > repro: a WL cannot remove the TL's link on a T01 row they may not edit (403 + denial audit); the TL can  767ms
   ✓ charter thesis (F-DG2-203) and current North Star (F-DG2-204) > REQ-PB-033: after a refinement the charter shows the CURRENT North Star, flags the stale link, and a save re-links it  330ms
   ✓ charter thesis (F-DG2-203) and current North Star (F-DG2-204) > REQ-PB-030: an empty thesis part is flagged on the charter and keeps G2 g2.outcome_tree incomplete  507ms
   ✓ F-DG2-205 sequential product gates (REQ-S04-005, B0009, B0023) > End-to-End: G2 and G3 cannot be submitted before their predecessor is approved (422 gate.out_of_sequence), nothing written  1045ms
   ✓ F-DG2-205 sequential product gates (REQ-S04-005, B0009, B0023) > repro: a pending G3 cannot be APPROVED while G2 is unapproved (422), the phase does not jump, nothing is written  675ms
   ✓ F-DG2-205 sequential product gates (REQ-S04-005, B0009, B0023) > an approval advances exactly one step from the gate's own phase; it never skips (define -> mobilize refused)  597ms
   ✓ F-DG2-205 sequential product gates (REQ-S04-005, B0009, B0023) > Modular entry stays valid: entering at design, G3 is not blocked by the earlier gates (only by its own criteria)  1126ms
 ✓ |integration| apps/api/test/integration/adoption/stakeholder-groups.test.ts (11 tests) 2342ms
   ✓ authorization (ADR-0033 §9; S-4) > AUD is 403 on every write; ADM-only and outsiders 404 on every read and write; nothing is written  484ms
 ✓ |integration| apps/api/test/integration/calendar/calendar.test.ts (13 tests) 3260ms
   ✓ REQ-S10-006 (A09): working-day SLA over a configured holiday > skips the holiday and the weekend: Wed 2026-10-14 + 5 working days with Thu 15 a holiday -> Thu 2026-10-22  327ms
   ✓ calendar mutations (S-4) > holidays: create/update/remove with If-Match and audit; never deleted; the range rule has the ADR text  327ms
   ✓ REQ-S15-008: time semantics and per-row currency > changing the organization's default currency affects only new records  942ms
 ✓ |integration| apps/api/test/integration/governance/raci-matrices.test.ts (12 tests) 6076ms
   ✓ REQ-S10-007: independent copies; edits are authorized, versioned and audited > changing one transformation's RACI changes neither the template nor another transformation  534ms
   ✓ REQ-S10-007: independent copies; edits are authorized, versioned and audited > commit-time authorization: a raci.edit right revoked while the request waits is refused, nothing written  637ms
   ✓ governance matrix approval (REQ-S10-007 'versioned, approved changes'; REQ-PB-067 'approve: SP') > submit freezes the version and routes it to the Sponsor; the Sponsor approves it; a later edit returns it to draft  788ms
   ✓ governance matrix approval (REQ-S10-007 'versioned, approved changes'; REQ-PB-067 'approve: SP') > T11: TL submits (decision_right.configure); a rejection returns the matrix to draft and unfreezes the rows  943ms
   ✓ governance matrix approval (REQ-S10-007 'versioned, approved changes'; REQ-PB-067 'approve: SP') > an unmapped Sponsor blocks the submit with a visible routing error; nothing is written  622ms
   ✓ REQ-PB-008: Transform readiness (operating model before execution) > not ready when the charter decision rights or T11 are empty; ready once they are completed; DG3 readiness unchanged  879ms
 ✓ |integration| apps/api/test/integration/kpi-p4/versions.test.ts (10 tests) 3066ms
   ✓ REQ-S07-001: the dictionary entry holds every listed field > the DG2 create without polarity or unit is still 400; a complete active version reads back every field  327ms
   ✓ content rules (ADR-0027 §13 exact texts) > measure type must fit the polarity; band, milestone, ratio, reviewer, aggregation and custom-formula rules  335ms
   ✓ version lifecycle > one draft; version 2 needs a change reason; activation supersedes the previous version (one audit event each, one outbox event)  627ms
 ✓ |integration| apps/api/test/integration/sustainment/status-model.test.ts (9 tests) 2430ms
   ✓ labels (ADR-0034 §2; REQ-PB-009, REQ-S11-006) > REQ-PB-009: delivery Complete without a validated benefit is 'Delivered — value validation pending'  654ms
 ✓ |integration| apps/api/test/integration/governance/meetings.test.ts (12 tests) 3123ms
   ✓ createMeeting and getMeeting (REQ-S16-019 Meeting) > without a business calendar the cut-off is Unknown (calendar_not_configured), never guessed  324ms
 ✓ |integration| apps/api/test/integration/groups/groups.test.ts (9 tests) 1919ms
 ✓ |integration| apps/api/test/integration/gates.test.ts (12 tests) 8833ms
   ✓ starter structure and live readiness > a new transformation has six gate instances (G1-G6), draft, approver SP; G5-G6 are enabled (0059) but out of sequence  918ms
   ✓ starter structure and live readiness > G1 submission without an initial charter is refused (422 gate_criteria_incomplete) and writes nothing  528ms
   ✓ starter structure and live readiness > REQ-S13-012: evidence that is only a filename (or an inaccessible link) leaves g1.diagnostic incomplete  961ms
   ✓ submission and decision (business approval by a person) > the submitter cannot decide, even when they hold the approver role (403 gate.submitter_cannot_decide)  1141ms
   ✓ submission and decision (business approval by a person) > configuring the approver: allowed roles only, refused while a submission is pending, needs gate.configure  724ms
   ✓ G2 Direction readiness (REQ-PB-036 failing outcomes, REQ-PB-037 guardrails) > lists every outcome whose good outcome test is not passing (ids + criteria); zero guardrails blocks submission  1267ms
   ✓ decision outcome text is cut on a code-point boundary (F-DG2-260) > a rationale with an emoji at the 8000 boundary: the decision is recorded and outcome_text has no U+FFFD  1439ms
 ✓ |integration| apps/api/test/integration/governance/decision-rights.test.ts (11 tests) 4023ms
   ✓ REQ-PB-065: the four T11 rows, seeded verbatim (B0099) > POST /transformations copies the four rows verbatim, both matrix headers and the six T12 deliverables (36 cells)  405ms
   ✓ REQ-PB-065: the four T11 rows, seeded verbatim (B0099) > an unmapped Approve party is a visible routing error (422 routing.role_unmapped), never a fallback  851ms
   ✓ T11 edits (ADR-0026 §5; S-4) > TL adds and edits a row; AUD, BO and outsiders are refused; If-Match 428/409; audited; the template never changes  375ms
   ✓ T11 edits (ADR-0026 §5; S-4) > commit-time authorization: a configure right revoked while the request waits is refused, nothing written  605ms
 ✓ |integration| apps/api/test/integration/governance/meeting-series.test.ts (11 tests) 3928ms
   ✓ REQ-PB-060 A01: a series generates meetings on the configured recurrence > a weekly Workstream Review series creates one meeting per week to the horizon in the same call  334ms
   ✓ REQ-PB-060 A01: a series generates meetings on the configured recurrence > REQ-S10-005 A06: weekly -> fortnightly regenerates FUTURE meetings only > cancels future empty meetings, keeps today's, past and content meetings, and generates the fortnightly dates  384ms
   ✓ working days come from the business calendar (ADR-0025 §1) > a daily Rapid Response series skips Friday, Saturday and an administered holiday  347ms
   ✓ working days come from the business calendar (ADR-0025 §1) > without a business calendar a daily series generates nothing (calendar_not_configured); a 'keep' weekly series generates with an Unknown cut-off  615ms
   ✓ createMeetingSeries authorization and validation > negative: AUD, TL 403; ADM-only, another organization 404; a forum of another transformation is 400  633ms
 ✓ |integration| apps/api/test/integration/invalid-utf8.test.ts (14 tests) 6324ms
   ✓ a JSON body with invalid UTF-8 is 400 validation.json, the same with Content-Length and chunked > charter create: 400 for every invalid sequence and framing; no charter, no audit row, no U+FFFD stored  1748ms
   ✓ a JSON body with invalid UTF-8 is 400 validation.json, the same with Content-Length and chunked > charter update (PATCH, If-Match): version, value and audit trail unchanged  726ms
   ✓ over a real socket (the framing the reviewer probed), unauthenticated and authenticated > 400 validation.json for both framings, with and without a session; nothing stored  702ms
   ✓ valid UTF-8 round-trips verbatim; one BOM is accepted and stripped > Arabic and emoji text, with Content-Length and chunked: stored and audited byte for byte  1007ms
   ✓ valid UTF-8 round-trips verbatim; one BOM is accepted and stripped > a leading BOM (EF BB BF) is stripped: the charter is created with the exact text  918ms
 ✓ |integration| apps/api/test/integration/portfolio/capacity.test.ts (7 tests) 6619ms
   ✓ the conflict rule (ADR-0023 §6) > over-allocated with the decimal shortfall; Unknown without a capacity row; a cancelled initiative's demand does not count  1549ms
   ✓ the conflict rule (ADR-0023 §6) > the prioritization view carries the capacity flags (DEFAULT_FLAG_SOURCES wired), on the item and its initiative  1150ms
   ✓ validation, authorization, If-Match and audit of every capacity mutation > roles: create/update with 400, 403 (AUD, no capacity.edit), 409 duplicate code, 428/409 If-Match, audit  553ms
   ✓ validation, authorization, If-Match and audit of every capacity mutation > capacity: FTE is a decimal string (numbers, 3 decimals, negatives -> 400), month is YYYY-MM-01, one active row per role and month  1003ms
   ✓ validation, authorization, If-Match and audit of every capacity mutation > demand: planned -> committed -> released; 422s for the wrong state; commit needs capacity.commit (TL 403, TO 200); audit  940ms
   ✓ validation, authorization, If-Match and audit of every capacity mutation > a cancelled initiative's demand is read-only: create, update, commit and release -> 422 initiative.read_only  523ms
   ✓ validation, authorization, If-Match and audit of every capacity mutation > BE18A: every capacity mutation re-authorises at commit - a grant revoked while the request waits is 403, nothing written  761ms
 ✓ |integration| apps/api/test/integration/raid/register.test.ts (15 tests) 1446ms
 ✓ |integration| apps/api/test/integration/invalid-character.test.ts (20 tests) 6427ms
   ✓ U+0000 in a JSON body string is 400 validation.invalid_character; nothing is written or audited > charter create (outOfScope, freeText): no charter is created  569ms
   ✓ U+0000 in a JSON body string is 400 validation.invalid_character; nothing is written or audited > charter update (inScope): version, value and audit trail unchanged  575ms
   ✓ U+0000 in a JSON body string is 400 validation.invalid_character; nothing is written or audited > a NUL in an object key is reported at that key's pointer  568ms
   ✓ text without NUL is unaffected > visible text with other control-like marks (U+0001 inside, RLM) is accepted verbatim  554ms
   ✓ a lone UTF-16 surrogate in a JSON body string is 400 validation.invalid_character (F-DG2-260) > charter create (outOfScope, text column): no charter is created, nothing is stored as U+FFFD  530ms
   ✓ a lone UTF-16 surrogate in a JSON body string is 400 validation.invalid_character (F-DG2-260) > charter update (inScope): version, value and audit trail unchanged  510ms
   ✓ a lone UTF-16 surrogate in a JSON body string is 400 validation.invalid_character (F-DG2-260) > journey step name (reaches jsonb directly): 400 at /steps/0/name, not validation.format at ''  584ms
   ✓ a lone UTF-16 surrogate in a JSON body string is 400 validation.invalid_character (F-DG2-260) > a lone surrogate in an object key is reported at that key's pointer  679ms
   ✓ a lone UTF-16 surrogate in a JSON body string is 400 validation.invalid_character (F-DG2-260) > emoji (valid surrogate pairs) and Arabic are accepted and stored verbatim, in text and in jsonb  545ms
stdout | apps/api/test/integration/commit-time-auth.test.ts > F-DG2-440: an upload is authorised again at commit time (session re-resolved, grants reloaded) > Q1 the uploader's only grant is revoked while the body streams: 403 forbidden, audited as authorization.denied, nothing committed or stored
BE18 Q1 {"during":["01a12227-b416-740c-aead-45329520a262.part"],"revoked":1,"response":{"status":403,"code":"forbidden"},"after":{"rows":[],"version":1,"current":null,"files":[],"uploads":0},"denials":[{"record_type":"transformation","record_id":"01a12227-ae51-77d9-b898-8508eb2349ff","reason":"POST /api/v1/transformations/:transformationId/evidence/:evidenceId/content requires transformation.read"}]}

stdout | apps/api/test/integration/commit-time-auth.test.ts > F-DG2-440: an upload is authorised again at commit time (session re-resolved, grants reloaded) > Q1b the uploading session is logged out while the body streams: 401 unauthenticated, nothing committed or stored
BE18 Q1b {"logout":200,"me":401,"response":{"status":401,"code":"unauthenticated"},"after":{"rows":[],"version":1,"current":null,"files":[],"uploads":0}}

stdout | apps/api/test/integration/commit-time-auth.test.ts > F-DG2-440: an upload is authorised again at commit time (session re-resolved, grants reloaded) > the uploading session reaches its idle expiry while the body streams: 401 unauthenticated, nothing committed or stored
BE18 idle-expiry {"expired":1,"response":{"status":401,"code":"unauthenticated"},"after":{"rows":[],"version":1,"current":null,"files":[],"uploads":0}}

stdout | apps/api/test/integration/commit-time-auth.test.ts > F-DG2-440: an upload is authorised again at commit time (session re-resolved, grants reloaded) > the uploading session reaches its absolute expiry while the body streams: 401 unauthenticated, nothing committed or stored
BE18 absolute-expiry {"expired":1,"response":{"status":401,"code":"unauthenticated"},"after":{"rows":[],"version":1,"current":null,"files":[],"uploads":0}}

stdout | apps/api/test/integration/commit-time-auth.test.ts > F-DG2-441: no transaction is open while the API waits on the IdP > Q7 never-answering IdP, pool max 3: three concurrent logins hold no connection or transaction; a signed-in user's /me stays prompt; the logins end in 302 idp_unavailable
BE18 Q7 {"pgActivityAt1s":[{"state":"idle","n":3}],"me":200,"meMs":10,"logins":[{"status":302,"location":"/login?error=idp_unavailable","ms":4022},{"status":302,"location":"/login?error=idp_unavailable","ms":4022},{"status":302,"location":"/login?error=idp_unavailable","ms":4022}]}

 ✓ |integration| apps/api/test/integration/commit-time-auth.test.ts (8 tests) 11514ms
   ✓ F-DG2-440: an upload is authorised again at commit time (session re-resolved, grants reloaded) > Q1 the uploader's only grant is revoked while the body streams: 403 forbidden, audited as authorization.denied, nothing committed or stored  889ms
   ✓ F-DG2-440: an upload is authorised again at commit time (session re-resolved, grants reloaded) > Q1b the uploading session is logged out while the body streams: 401 unauthenticated, nothing committed or stored  655ms
   ✓ F-DG2-440: an upload is authorised again at commit time (session re-resolved, grants reloaded) > the uploading session reaches its idle expiry while the body streams: 401 unauthenticated, nothing committed or stored  786ms
   ✓ F-DG2-440: an upload is authorised again at commit time (session re-resolved, grants reloaded) > the uploading session reaches its absolute expiry while the body streams: 401 unauthenticated, nothing committed or stored  850ms
   ✓ F-DG2-440: an upload is authorised again at commit time (session re-resolved, grants reloaded) > the uploader's user account is disabled while the body streams: 401, nothing committed  762ms
   ✓ F-DG2-440: an upload is authorised again at commit time (session re-resolved, grants reloaded) > positive control: an upload whose session and grant stay valid commits (200), byte-exact, audited once  691ms
   ✓ F-DG2-440: an upload is authorised again at commit time (session re-resolved, grants reloaded) > a grant revoked and granted again (a new assignment) while the body streams: the commit sees the CURRENT grants and succeeds  650ms
   ✓ F-DG2-441: no transaction is open while the API waits on the IdP > Q7 never-answering IdP, pool max 3: three concurrent logins hold no connection or transaction; a signed-in user's /me stays prompt; the logins end in 302 idp_unavailable  4320ms
 ✓ |integration| apps/api/test/integration/benefits/finance-validation.test.ts (9 tests) 4600ms
   ✓ REQ-PB-013: only Finance decides, and the audit names the validator > BO, AUD and ADM-only get 403; FIN approves; two audit events by FIN; the task is done; validated +amount  560ms
   ✓ REQ-PB-013: only Finance decides, and the audit names the validator > the queue task goes to the named Finance validator and is completed by the decision  442ms
   ✓ REQ-S08-015: all six items, and the other §11 refusals > a decision without the measurement-period item is 422 content_incomplete; nothing written  550ms
   ✓ REQ-S08-015: all six items, and the other §11 refusals > items not accepted, approved amount shape, rejection note, If-Match 428/409, SoD  467ms
   ✓ REQ-S08-015: all six items, and the other §11 refusals > a rejected value stays visible as rejected; the period can be measured again  480ms
   ✓ REQ-S08-015: all six items, and the other §11 refusals > REQ-S08-008: approval is refused while the basis is provisional; validating the baseline lifts it  470ms
   ✓ REQ-S08-015: all six items, and the other §11 refusals > commit-time: a FIN grant revoked while the decision waited is 403; still queued  310ms
   ✓ the queue read > queued first, oldest first; status filter; AUD reads; outsider 404; cursor pages  356ms
 ✓ |integration| apps/api/test/integration/benefits/overlaps.test.ts (11 tests) 2522ms
   ✓ the overlap rule (REQ-S08-014) > same driver and period -> a warning, a Finance task, both excluded until Finance resolves  384ms
 ✓ |integration| apps/api/test/integration/portfolio/dispensations.test.ts (7 tests) 7072ms
   ✓ waivers (End-to-End launch sequencing) > create: 201 pending, version 1, audited; reason/expiry required, G1 never waived, no past expiry, AUD 403  826ms
   ✓ waivers (End-to-End launch sequencing) > decide: 428/409, AUD 403, not the recorder (403), only the gate's approver (403); accepted unblocks launch  885ms
   ✓ waivers (End-to-End launch sequencing) > separation of duties: the recorder can never accept their own dispensation (403), even holding gate.decide  679ms
   ✓ waivers (End-to-End launch sequencing) > revoke: only accepted ones, by the approver with a reason; If-Match; AUD 403; the blocker returns  1146ms
   ✓ inherited approvals (Modular entry) > need body, date and evidence; count only when the evidence is VERIFIED and another person accepted them  1154ms
   ✓ the gate list and gate view inheritedApproval annotation (ADR-0021 §5; F-DG3-120) > pending_verification → accepted (counts) → revoked; G1 stays draft and no gate decision is ever written  1550ms
   ✓ the gate list and gate view inheritedApproval annotation (ADR-0021 §5; F-DG3-120) > an End-to-End transformation's gates carry inheritedApproval null (the DG2 shape otherwise unchanged)  671ms
 ✓ |integration| apps/api/test/integration/delegations/delegations.test.ts (13 tests) 7258ms
   ✓ delegated approvals (REQ-S10-010; ADR-0026 §3 rules 6-9) > an approval by B shows 'B on behalf of A' in audit  355ms
   ✓ delegated approvals (REQ-S10-010; ADR-0026 §3 rules 6-9) > after expiry B loses the capability (at once, before any sweep); the sweep then marks it expired, once  2789ms
   ✓ delegated approvals (REQ-S10-010; ADR-0026 §3 rules 6-9) > capability is the delegator's: a delegator who lost approval.decide gives the delegate nothing  855ms
   ✓ delegated approvals (REQ-S10-010; ADR-0026 §3 rules 6-9) > never to the requester of an approval pending with the delegator (422 delegation.delegate_is_requester)  907ms
   ✓ delegated approvals (REQ-S10-010; ADR-0026 §3 rules 6-9) > the requester cannot approve through a delegation either (SoD: on behalf of the requester is 403)  638ms
 ✓ |integration| apps/api/test/integration/benefits/register.test.ts (17 tests) 2737ms
 ✓ |integration| apps/api/test/integration/kpi-p4/actuals.test.ts (11 tests) 4191ms
   ✓ direct-accept route (REQ-S07-012, REQ-S07-013, REQ-S07-017) > REQ-S07-003: a second actual for the same slot is value version 2 of the same row, never a duplicate row  329ms
   ✓ review route (REQ-S07-012) > a submitted value is not used until a reviewer accepts it; the accept writes one audit event  567ms
   ✓ review route (REQ-S07-012) > a rejection needs a reason and gives the submitter a correction task; a new value answers it  305ms
   ✓ refusals of the routine update (ADR-0027 §13) > no active version, period, frequency, scope, currency, shape and evidence, with the exact texts  928ms
   ✓ refusals of the routine update (ADR-0027 §13) > only the owner, steward or update assignee submits; AUD and ADM-only 403; nothing written  315ms
 ✓ |integration| apps/api/test/integration/governance/forums.test.ts (12 tests) 2314ms
   ✓ forum participants (REQ-S10-005 'participants') > add a person and a group; duplicates are 409; list; remove is final and audited  381ms
 ✓ |integration| apps/worker/test/integration/sustainment-scans.test.ts (5 tests) 4383ms
   ✓ sustainment.review_scan after closure (REQ-S11-004, REQ-S03-002, REQ-PB-083) > the closed transformation's BAU area gets its next review on time, once; its linked KPI accepts an actual  1295ms
   ✓ sustainment.review_scan after closure (REQ-S11-004, REQ-S03-002, REQ-PB-083) > after a worker outage one run catches up every missed due date, once each; a rerun creates nothing  823ms
   ✓ sustainment.control_check_scan (REQ-S11-008) > one check per control and due date, on time, with its work item; twice creates nothing twice  433ms
   ✓ sustainment.control_check_scan (REQ-S11-008) > end to end: a failed check emits one control_check.failed and slice E opens ONE recovery case (owner, follow-up)  610ms
 ✓ |integration| apps/api/test/integration/portfolio/budget.test.ts (13 tests) 1564ms
 ✓ |integration| apps/api/test/integration/tasks/work-items.test.ts (12 tests) 1321ms
 ✓ |integration| apps/api/test/integration/portfolio/links.test.ts (12 tests) 5522ms
   ✓ gap links (REQ-PB-040, REQ-PB-046) > accepts 1..n links to a TOM gap and a diagnosed finding, each audited; no_gap_link clears and returns  470ms
   ✓ gap links (REQ-PB-040, REQ-PB-046) > G3 completeness is identical with and without initiatives and gap links (TOM is not the portfolio)  1034ms
   ✓ decision links (T05 'Required decisions', one decision model) > links a canonical decision of the transformation; foreign 422, duplicate 409; removable  955ms
   ✓ authorization on every link mutation > AUD gets 403 on the three creates and the three removes (audited denial, nothing written); a 404 for no access  309ms
 ✓ |integration| apps/api/test/integration/access-scope.test.ts (18 tests) 4124ms
   ✓ cross-scope WRITE is denied (404 when unreadable, 403 when readable but not permitted) > TL at BU a1 may create in a1 but not in the sibling a2 (BU unreadable -> 404) nor in org B  559ms
   ✓ a business-unit-scoped creator can work on what it created, and nothing more (F-DG1-106) > TL @ BU a1: create -> read -> list -> update -> audit -> archive all succeed (explicit, audited assignment)  552ms
   ✓ a business-unit-scoped creator can work on what it created, and nothing more (F-DG1-106) > still denies the BU-scoped creator every OTHER transformation, cross-BU and cross-organization  486ms
   ✓ a business-unit-scoped creator can work on what it created, and nothing more (F-DG1-106) > adds no assignment when the creator can already read the record (TO inherits downward)  491ms
   ✓ a business-unit-scoped creator can work on what it created, and nothing more (F-DG1-106) > never carries over a role that holds an approval permission (no approver is manufactured by a create)  698ms
   ✓ a business-unit-scoped creator can work on what it created, and nothing more (F-DG1-106) > revoking the source BU grant also revokes the derived assignment (same transaction, audited)  677ms
 ✓ |integration| apps/api/test/integration/raid/dependency-entries.test.ts (9 tests) 1453ms
 ✓ |integration| apps/api/test/integration/admin.test.ts (11 tests) 1740ms
 ✓ |integration| apps/api/test/integration/approvals/adm-not-approver.test.ts (4 tests) 3024ms
   ✓ REQ-S10-003: an ADM-only user is never a business approver > decideApproval: 403, also as a member of the assignee group; nothing written  885ms
   ✓ REQ-S10-003: an ADM-only user is never a business approver > unchanged: a reader without the approval right, AUD, a non-member, a user with no grant, and a mixed-grant user  335ms
 ✓ |integration| apps/api/test/integration/reporting/allocation.test.ts (8 tests) 2723ms
   ✓ REQ-S03-006: the 100 % rule > 0.6 + 0.4 is accepted (total 1, unallocated 0); one more 0.1 is refused with the exact 110 % text  567ms
   ✓ REQ-S03-006: the 100 % rule > two concurrent writes into one target cannot both commit above 100 %  430ms
 ✓ |integration| apps/api/test/integration/sustainment/closure.test.ts (9 tests) 3824ms
   ✓ closeInitiative (ADR-0034 §7; REQ-PB-009) > a validated benefit needs a BAU owner; then closed (basis validated_value, snapshot), audited; 409 again  554ms
   ✓ closeInitiative (ADR-0034 §7; REQ-PB-009) > S-4: a TL revoked after the identity hook gets 403 at commit time (initiative and transformation); nothing written  311ms
   ✓ closeTransformation (ADR-0034 §7; REQ-S03-003; D-089 Q4) > in order: not open, G6 not approved, value pending, BAU pending; then closed (status closed, never archived)  1115ms
 ✓ |integration| apps/api/test/integration/benefits/scenarios.test.ts (7 tests) 1537ms
 ✓ |integration| apps/api/test/integration/kpi-p4/trajectories.test.ts (8 tests) 1780ms
 ✓ |integration| apps/api/test/integration/portfolio/funding.test.ts (8 tests) 11107ms
   ✓ recording a funding decision (business approval) > approved: decision (executive, DEC-nn) + funding_decision + selected -> funded in one transaction, each audited  3187ms
   ✓ recording a funding decision (business approval) > rejected / deferred leave 'Selected - unfunded'; revoked returns funded -> selected; revoking unfunded or launched -> 422  1380ms
   ✓ recording a funding decision (business approval) > an initiative that is not selected -> 422 funding.not_selected with the exact text; nothing written  832ms
   ✓ delegation is refused (ADR-0021 §6) > onBehalfOfUserId -> 422 funding.on_behalf_not_supported at /onBehalfOfUserId, before the business preconditions; nothing written  828ms
   ✓ the deselect rule: deselecting voids funding > funded -> deselected -> re-selected is 'Selected - unfunded' and cannot launch; a new approved decision funds it  1292ms
   ✓ validation, authorization and idempotency > 400 for malformed bodies; 422 for amounts numeric(20,4) cannot hold; unknown business case 422  1032ms
   ✓ validation, authorization and idempotency > FIN and SP may record; TL, WL, TO and AUD get 403 (audited as authorization.denied); BE18A at commit  1196ms
   ✓ validation, authorization and idempotency > Idempotency-Key: the same key and body replays the first response and writes once  1042ms
 ✓ |integration| apps/api/test/integration/bu-hierarchy-guard.test.ts (7 tests) 3926ms
stdout | apps/api/test/integration/shutdown-cleanup.test.ts > F-DG2-460: SIGTERM with an upload in flight leaves no temporary and no final object > R12-07: 2 MiB of a declared 10 MiB upload, then the client stalls; SIGTERM -> exit 0 within grace + backstop; the store is empty
BE18A R12-07 {"during":["01a1222a-02c8-74d8-b4b6-fbc3861a585a/01a1222a-0366-718f-a42a-f390b0dc5150/01a1222a-1395-70ab-b625-04834d14906e/01a1222a-1402-7110-b24f-5047d58a665d.part (2097152 B)"],"exitCode":0,"signal":null,"ms":5512,"after":[],"rows":0,"serverClosed":true,"response":""}

stdout | apps/api/test/integration/shutdown-cleanup.test.ts > F-DG2-460: SIGTERM with an upload in flight leaves no temporary and no final object > an upload that is ACTIVELY streaming through the whole grace period: SIGTERM -> exit 0 within grace + backstop; the store is empty
BE18A streaming {"sentAtSignal":1048576,"sentTotal":7274496,"exitCode":0,"ms":5063,"after":[],"rows":0,"serverClosed":true}

stdout | apps/api/test/integration/shutdown-cleanup.test.ts > F-DG2-460 defence in depth: the start-up sweep of stale temporaries > removes a .part last written over an hour ago, logs it at info (no content), and keeps a fresh .part and every final object
BE18A sweep {"after":["01a1222a-5f65-72b4-93e9-5bac506b54a6/01a1222a-5f65-72b4-93e9-5f5021b3fdd9/01a1222a-5f65-72b4-93e9-6163877414af/01a1222a-5f66-73e3-8d3f-0e7d2746bdfc.part (46 B)","01a1222a-5f65-72b4-93e9-5bac506b54a6/01a1222a-5f65-72b4-93e9-5f5021b3fdd9/01a1222a-5f65-72b4-93e9-6163877414af/01a1222a-5f66-73e3-8d3f-11e0779e5487 (46 B)","01a1222a-5f65-72b4-93e9-5bac506b54a6/01a1222a-5f65-72b4-93e9-5f5021b3fdd9/01a1222a-5f65-72b4-93e9-6163877414af/01a1222a-5f66-73e3-8d3f-1481f8cb0fb1 (46 B)","01a1222a-5f65-72b4-93e9-5bac506b54a6/01a1222a-5f65-72b4-93e9-5f5021b3fdd9/01a1222a-5f65-72b4-93e9-6163877414af/notes.part (46 B)","01a1222a-5f67-7559-8686-bf4b153d7790/01a1222a-5f67-7559-8686-c0ad797d193f.part (46 B)"],"removals":[{"level":30,"time":1791574569409,"pid":720,"hostname":"vm","key":"01a1222a-5f65-72b4-93e9-5bac506b54a6/01a1222a-5f65-72b4-93e9-5f5021b3fdd9/01a1222a-5f65-72b4-93e9-6163877414af/01a1222a-5f66-73e3-8d3f-08824893f8d9.part","sizeBytes":46,"ageMs":7204698,"msg":"evidence store: stale temporary object removed"}],"summary":{"level":30,"time":1791574569409,"pid":720,"hostname":"vm","removed":1,"keptFresh":1,"olderThanMs":3600000,"msg":"evidence store: start-up sweep of stale temporary objects finished"}}

 ✓ |integration| apps/api/test/integration/shutdown-cleanup.test.ts (4 tests) 28700ms
   ✓ F-DG2-460: SIGTERM with an upload in flight leaves no temporary and no final object > R12-07: 2 MiB of a declared 10 MiB upload, then the client stalls; SIGTERM -> exit 0 within grace + backstop; the store is empty  8587ms
   ✓ F-DG2-460: SIGTERM with an upload in flight leaves no temporary and no final object > an upload that is ACTIVELY streaming through the whole grace period: SIGTERM -> exit 0 within grace + backstop; the store is empty  9870ms
   ✓ F-DG2-460: SIGTERM with an upload in flight leaves no temporary and no final object > positive control: an upload that completes before SIGTERM is kept (one final object, its content row), then shutdown is prompt  3892ms
   ✓ F-DG2-460 defence in depth: the start-up sweep of stale temporaries > removes a .part last written over an hour ago, logs it at info (no content), and keeps a fresh .part and every final object  4796ms
 ✓ |integration| apps/api/test/integration/reporting/traceability.test.ts (9 tests) 3852ms
   ✓ REQ-PB-044: every node opens its record > every node type of the whole graph has an href that returns 200  703ms
   ✓ REQ-PB-044: every node opens its record > a root outside the transformation is 422; another organization's caller gets 404  590ms
   ✓ ADR-0038 §12: exact refusals > pair_not_allowed, record_not_found, record_inactive, duplicate, share_not_allowed  379ms
   ✓ S-4: every mutation > a link of another transformation is 404 by id  313ms
 ✓ |integration| apps/api/test/integration/raid/actions.test.ts (8 tests) 2719ms
   ✓ actions linked to RAID entries (ADR-0031 §4) > creates an owned action on a Risk with a follow-up date, one audit event and the owner's work item  313ms
   ✓ the action register (ADR-0031 §4) > lists every action with its source; filters sourceKind, ownerUserId, status and overdue; DG2 path unchanged  628ms
 ✓ |integration| apps/api/test/integration/kpi/kpi-dg2-repairs.test.ts (11 tests) 2669ms
   ✓ F-DG2-141: trajectory approval is refused to whoever set or last changed the target/trajectory > repro: TL creates a row with target 100, BO changes it to 5, BO approves -> 403 (audited); SP approves  381ms
   ✓ F-DG2-201: activateKpiDefinition (draft -> active) > an activated definition clears g2.kpi_definitions.not_active for that KPI in the live G2 evaluation  312ms
 ✓ |integration| apps/api/test/integration/benefits/lifecycle.test.ts (10 tests) 2241ms
 ✓ |integration| apps/api/test/integration/sustainment/performance-areas.test.ts (7 tests) 2637ms
   ✓ performance areas (ADR-0034 §4) > update with If-Match (428/409); list with status filter and pagination; retire is final  320ms
   ✓ links: the area's KPIs and benefits > links a KPI and a benefit of the transformation once; exactly one target; removal is final  454ms
   ✓ areas outlive their transformation (REQ-S03-002, areas half) > after the transformation is closed, its area takes edits, links and a BAU handover with its review  615ms
 ✓ |integration| apps/api/test/integration/portfolio/initiatives.test.ts (12 tests) 3366ms
   ✓ validation (nothing written on a refusal) > 422 for a named person outside the organization and for a wave of another transformation  476ms
   ✓ authorization on every initiative mutation > BE18A: the write gate is re-checked at commit - a grant revoked while the request waits is 403, nothing written  865ms
 ✓ |integration| apps/api/test/integration/approvals/reminders.test.ts (7 tests) 3783ms
   ✓ approval_outcome: one requester reminder per approve or reject (ADR-0026 §4) > defer and request changes create no approval_outcome reminder; the later decision of round 2 creates one  319ms
   ✓ approval_overdue: the escalation timer's reminders (ADR-0026 §6 step 3) > a group assignee: the group's current approvers get the reminder, a non-approver member does not  1216ms
 ✓ |integration| apps/worker/test/integration/meeting-series.test.ts (5 tests) 4658ms
   ✓ governance.meeting_series_generate (REQ-PB-060 A01) > through the production worker: a sent job generates the meetings once  1807ms
 ✓ |integration| apps/worker/test/integration/gates.test.ts (6 tests) 6516ms
   ✓ gate.submitted -> approver tasks (REQ-S12-009) > one task per required approver referencing the snapshot; redelivery none; supersession cancels; the decider's task is done  1964ms
   ✓ gate.submitted -> approver tasks (REQ-S12-009) > no approver on the transformation: one routing.role_unmapped notice to the submitter, never a silent skip  637ms
   ✓ gate.decided -> enable the next phase and the approved scope (REQ-S12-010) > G2 approval creates the four Design steps and their tasks once; a redelivery creates none  1157ms
   ✓ gate.decided -> enable the next phase and the approved scope (REQ-S12-010) > a G5 approval creates tasks only for its approved scope item and condition (a second initiative gets none)  1137ms
   ✓ parity and wiring (D-102) > the worker's approver resolution equals the API's canDecide for the same people  1116ms
 ✓ |integration| apps/api/test/integration/access-derived-race.test.ts (4 tests) 3390ms
 ✓ |integration| apps/worker/test/integration/blocker-escalation.test.ts (4 tests) 3274ms
   ✓ REQ-PB-082: a blocker red for N consecutive cycles gets exactly one open executive ask > N = 2: one ask at the second red cycle, with decision, owner and deadline; the consumer and the scan never duplicate it  312ms
   ✓ REQ-PB-082: a blocker red for N consecutive cycles gets exactly one open executive ask > an amber cycle, or a cycle without an observation, in between ends the run  749ms
   ✓ REQ-PB-082: a blocker red for N consecutive cycles gets exactly one open executive ask > a decided ask lets a new red run create a new one; a disabled rule creates nothing  539ms
   ✓ REQ-PB-082: a blocker red for N consecutive cycles gets exactly one open executive ask > an owner party that maps to no executive gives an unassigned ask and a notice to the lead; the scan skips a blocker whose latest cycle is not red  459ms
 ✓ |integration| apps/worker/test/integration/kpi-recalculate.test.ts (2 tests) 3687ms
   ✓ kpi.recalculate through the relay and the production worker (REQ-S07-013, REQ-S12-006) > writes one run; a redelivery and a restarted worker write no second run  1112ms
 ✓ |integration| apps/api/test/integration/governance/blocker-status.test.ts (6 tests) 1878ms
 ✓ |integration| apps/api/test/integration/sustainment/lessons.test.ts (7 tests) 2195ms
   ✓ lesson lifecycle (ADR-0034 §8, §12) > after the transformation is closed, its lessons are still edited, published and found  613ms
 ✓ |integration| apps/api/test/integration/identity.test.ts (13 tests) 1322ms
   ✓ dev login (AUTH_MODE=dev) > rotates the session: a login presented with an existing session revokes it  324ms
 ✓ |integration| apps/api/test/integration/adoption/training.test.ts (5 tests) 1448ms
 ✓ |integration| apps/api/test/integration/sustainment/improvement.test.ts (8 tests) 2470ms
   ✓ create (ADR-0034 §8) > BO and TO create with CI-nn and version 1, audited; a handover-sourced item names its handover  752ms
   ✓ REQ-PB-084 A11: the backlog stays visible and editable after the transformation is closed > after closure: listed, edited, closed and created as before; the transformation is closed, not archived  417ms
 ✓ |integration| apps/api/test/integration/framework-errors.test.ts (11 tests) 1838ms
 ✓ |integration| apps/api/test/integration/portfolio/schedule-network.test.ts (10 tests) 2058ms
 ✓ |integration| apps/worker/test/integration/decision-sla-escalation.test.ts (5 tests) 2409ms
   ✓ REQ-S12-011: an SLA expiring on a working day escalates once to the next authority with the delay impact > the first working-day scan after the SLA date escalates to SP; a second scan creates nothing; the decision is untouched  363ms
   ✓ REQ-S12-011: an SLA expiring on a working day escalates once to the next authority with the delay impact > an unmapped next party is a party_unmapped row with the owner's notice; a mapped owner is skipped  341ms
 ✓ |integration| apps/api/test/integration/kpi-p4/version-approval.test.ts (6 tests) 1835ms
   ✓ requestKpiVersionApproval (business approval of a KPI version) > requests through the approval service at the draft version; approving does not activate; activation does  365ms
 ✓ |integration| apps/api/test/integration/portfolio/execution.test.ts (10 tests) 1718ms
 ✓ |integration| apps/api/test/integration/portfolio/g1-agreements.test.ts (7 tests) 7335ms
   ✓ G1 approval needs the three B0032 leadership agreements (ADR-0021 §8) > approve without agreements -> 422 gate.g1_agreements_required with the three pointers; nothing written  827ms
   ✓ G1 approval needs the three B0032 leadership agreements (ADR-0021 §8) > partial or false confirmations -> 422 naming only the missing ones; nothing written  723ms
   ✓ G1 approval needs the three B0032 leadership agreements (ADR-0021 §8) > with all three -> 201, three agreement rows confirmed by the decider, agreements in the response and audit diff  616ms
   ✓ G1 approval needs the three B0032 leadership agreements (ADR-0021 §8) > agreements on G2, or with a non-approve G1 outcome -> 422 gate.agreements_not_applicable; nothing written  1238ms
   ✓ G1 approval needs the three B0032 leadership agreements (ADR-0021 §8) > 403 not-approver, 403 submitter and 409 superseded keep their precedence over the agreement rule  1527ms
   ✓ migration 0025: the deferred guard refuses an approved G1 decision without three agreements at COMMIT > no agreement rows -> the COMMIT fails with gate_decision_g1_agreements and nothing persists  731ms
   ✓ migration 0025: the deferred guard refuses an approved G1 decision without three agreements at COMMIT > two of three -> refused at COMMIT; all three -> commits  1175ms
 ✓ |integration| apps/api/test/integration/kpi-p4/formulas.test.ts (8 tests) 2113ms
   ✓ REQ-S07-011: circular references > A05: KPI A = B + 1 and B = A * 2 is rejected as circular, naming the path  394ms
   ✓ REQ-S07-011: circular references > a self-reference and a three-KPI cycle are refused; a chain without a cycle is accepted  309ms
 ✓ |integration| apps/api/test/integration/benefits/totals.test.ts (6 tests) 2962ms
   ✓ counted once (REQ-PB-058) and the initiative view > a 10 M SAR benefit allocated 60 % / 40 % to two initiatives is 10000000.0000 once; the view shows 60 %  904ms
   ✓ classes, states, n/a (REQ-S08-009, REQ-S08-016, REQ-PB-076) > cash saving and avoided cost are separate lines; pending is not validated; CX is counted, never 0  630ms
   ✓ gross, implementation cost and net (REQ-S08-011) > a 1 M SAR initiative cost reduces net by exactly 1 M; a cost without an amount makes cost and net Unknown  322ms
   ✓ open overlaps (REQ-S08-014) and the portfolio > a validated value of a benefit with an open overlap is on pendingOverlap, not in validated  410ms
   ✓ open overlaps (REQ-S08-014) and the portfolio > the organization's portfolio total covers the readable transformations; an outsider gets 404  321ms
 ✓ |integration| apps/api/test/integration/kpi-p4/pipeline.test.ts (6 tests) 2307ms
   ✓ the accept pipeline (REQ-S07-013, REQ-S12-006) > one accept -> one audit event, one run (also after a redelivery), one values_recalculated; RAG from the trajectory  738ms
 ✓ |integration| apps/api/test/integration/benefits/valuation-methods.test.ts (6 tests) 1884ms
   ✓ controlled monetisation (REQ-S08-010) > a SAR value on a CX benefit is rejected without an approved method, and accepted once Finance approves  521ms
   ✓ separation of duties and authorization (ADR-0029 §8, §9) > decision: BO, TL, AUD, ADM-only 403; proposal: AUD, ADM-only, FIN 403; If-Match 428/409; 400; 404  327ms
 ✓ |integration| apps/api/test/integration/adoption/champion-constraints.test.ts (6 tests) 2502ms
   ✓ resolving a constraint (ADR-0033 §7, §9) > a decision editor addresses it with a response; final afterwards; If-Match 428/409; one audit event  333ms
 ✓ |integration| apps/api/test/integration/workflows/impact.test.ts (3 tests) 2960ms
   ✓ TOM change after G3: preview, T11 routing, a returned request with one assessment per submitted version > lists the gap, the preserved G3 decision and T10 Portfolio; changes requested -> edit -> submit -> resubmit -> approve  535ms
   ✓ charter scope change after G1: a new charter version; the earlier one stays readable > SP approves; charter version + 1 with its charter_version snapshot; reads are scoped  856ms
 ✓ |integration| apps/api/test/integration/governance/escalation-rules.test.ts (6 tests) 1871ms
 ✓ |integration| apps/api/test/integration/platform.test.ts (12 tests) 3139ms
   ✓ readiness requires a UTF8 database (ADR-0003 'Database encoding', T-DG2-BE9) > reports 503 database: fail on a SQL_ASCII database, and database: ok on a UTF8 one created the same way  753ms
   ✓ rate limiting (ADR-0007 T-3) > keys a validated session by its user, so it is not starved by an IP flood, and a revoked one falls back to the IP  597ms
 ✓ |integration| tests/qa/integration/a12-cross-scope.test.ts (14 tests) 1821ms
   ✓ A12 cross-scope write is denied and writes nothing; in-scope write succeeds > create is denied outside the caller's scope (no row), allowed inside it  524ms
 ✓ |integration| apps/worker/test/integration/benefits-queue.test.ts (2 tests) 15797ms
   ✓ benefits.finance_queue through the relay and the production worker (REQ-S12-014) > one queue item; a redelivery and a restarted worker write no second item  14414ms
   ✓ benefits.recalculate_pending (REQ-S07-014, REQ-S12-006) > an accepted KPI actual gives one pending value per benefit and run; replay none; a newer value supersedes  1041ms
 ✓ |integration| tests/qa/integration/a13-job-idempotency.test.ts (5 tests) 5173ms
   ✓ A13 running worker: a duplicate delivery is a no-op > consumes the event once; an extra job with the same message completes as 'duplicate'  2833ms
 ✓ |integration| apps/api/test/integration/raid/corrective-rules.test.ts (5 tests) 1400ms
 ✓ |integration| apps/worker/test/integration/outbox.test.ts (10 tests) 7684ms
   ✓ worker runtime: end to end, restarts and the dead-letter queue > relays and handles a created transformation, and survives a restart without losing the job  3812ms
   ✓ worker runtime: end to end, restarts and the dead-letter queue > moves a job that keeps failing to ops.failed after the bounded retries  1178ms
 ✓ |integration| apps/api/test/integration/evidence.test.ts (6 tests) 2590ms
   ✓ links > links only to a record of the same transformation (422 otherwise); duplicate active link 409; remove keeps the row  892ms
 ✓ |integration| apps/api/test/integration/organizations.test.ts (10 tests) 1325ms
 ✓ |integration| apps/api/test/integration/approvals/escalation.test.ts (4 tests) 4198ms
   ✓ approval.escalation_scan (REQ-S10-019) > after the due date plus retries, the approval is escalated exactly once and remains undecided  407ms
   ✓ approval.escalation_scan (REQ-S10-019) > an unmapped next party is recorded as party_unmapped; a deferral to a new date allows one more escalation  1012ms
   ✓ approval.escalation_scan (REQ-S10-019) > an approval with an Unknown due date is never selected  1126ms
 ✓ |integration| apps/api/test/integration/sustainment/reopen.test.ts (3 tests) 2547ms
   ✓ reopening preserves the original handover acceptance and closure date (REQ-S11-009) > after the transformation closed, reopen -> cycle 2 linked to the prior handover and closure; nothing overwritten  967ms
   ✓ reopen refusals and gates > a reopened area cannot be reopened again; AUD and TO 403, ADM 404; If-Match 428/409  941ms
 ✓ |integration| apps/api/test/integration/aud-write-deny.test.ts (128 tests) 4920ms
   ✓ the same auditor can read every P2 resource > listGates (GET /api/v1/transformations/{transformationId}/gates): 200  307ms
 ✓ |integration| apps/api/test/integration/benefits/values.test.ts (5 tests) 2240ms
   ✓ REQ-S08-001: seven states kept apart > planned, forecast, measured, submitted, validated, rejected each with its own total; forecast never validated  843ms
 ✓ |integration| apps/api/test/integration/kpi-p4/thresholds.test.ts (5 tests) 969ms
 ✓ |integration| apps/api/test/integration/raid/entity-group.test.ts (7 tests) 2640ms
 ✓ |integration| apps/api/test/integration/kpi-p4/status.test.ts (5 tests) 3892ms
   ✓ the KPI panel (REQ-S07-008) > returns the seven elements, the explanation naming the threshold version, and i18n keys  498ms
   ✓ the KPI panel (REQ-S07-008) > Stale data shows Stale with its reason, never green; a band outside its bounds is adverse  342ms
   ✓ override display (REQ-S07-009) > an override in force changes displayedRag only; after expiry the calculated RAG displays again  2036ms
   ✓ comparability (REQ-S07-005) > a 4-week period after a 5-week period: trend not_comparable and a not_comparable finding  370ms
 ✓ |integration| apps/api/test/integration/portfolio/hierarchy.test.ts (3 tests) 1143ms
 ✓ |integration| tests/qa/integration/a14-concurrency.test.ts (5 tests) 2706ms
   ✓ A14 transformation PATCH > create returns version 1 with a strong ETag  580ms
   ✓ A14 transformation PATCH > fresh If-Match succeeds and bumps version; stale If-Match is 409 with currentVersion; missing is 428  502ms
   ✓ A14 transformation PATCH > two writers racing on the same version: exactly one 200, the rest 409, version bumped once  551ms
   ✓ A14 transformation archive > stale If-Match is 409, missing is 428, fresh archives and bumps version  566ms
 ✓ |integration| apps/api/test/integration/portfolio/readiness.test.ts (6 tests) 4661ms
   ✓ POST /transformations uses p3_instantiate_transformation (T-DG3-BE-A) > a new transformation gets the four B0079 waves and the T06 weight set v1 at the source defaults, audited  721ms
   ✓ GET /transformations/{id}/readiness (REQ-PB-007) > a fresh transformation: every B0012 area missing, both blockers with the exact §3 texts, gates G1-G4 draft  639ms
   ✓ GET /transformations/{id}/readiness (REQ-PB-007) > T01 content covers areas (content half of g1.diagnostic; technology needs technology AND data)  1019ms
   ✓ GET /transformations/{id}/readiness (REQ-PB-007) > G1 approved clears the submit blocker; G2+G3 approved clear the launch blocker (End-to-End)  772ms
   ✓ GET /transformations/{id}/readiness (REQ-PB-007) > read access only: the auditor reads it; a user outside the transformation gets 404; a malformed id 400  658ms
   ✓ GET /transformations/{id}/outcome-hierarchy (REQ-PB-032) > returns North Star -> outcomes -> KPIs -> targets -> contributions as one tree (read only)  627ms
 ✓ |integration| apps/api/test/integration/adoption/entity-group.test.ts (4 tests) 1678ms
   ✓ REQ-S16-020 A11: create and read each entity through the API with authorization enforced > Training record (Training/AssessmentRecord): primary key, owner (recorded_by) and status; AUD 403; 404  327ms
 ✓ |integration| apps/api/test/integration/benefits/allocations.test.ts (6 tests) 984ms
 ❯ |integration| apps/api/test/integration/kpi-p4/data-quality.test.ts (5 tests | 1 failed) 1192ms
   ✓ findings: reads > lists with filters (newest first, cursor) and reads one with its ETag 245ms
   ✓ findings: resolve or dismiss > resolve: If-Match, one audit event with the note, final afterwards 154ms
   ✓ findings: resolve or dismiss > dismiss is the other final outcome; the database's last line maps note and status refusals 76ms
   × findings: resolve or dismiss > AUD, an ADM-only user and roles without data_quality.manage get 403; nothing written 33ms
     → reporting_period: ad_hoc KBEB-068c57bc2c5f overlaps another ad_hoc period
   ✓ findings: resolve or dismiss > authorization is re-checked at commit time: an ended session is 401; the finding stays open 100ms
 ✓ |integration| apps/api/test/integration/benefits/corrections.test.ts (2 tests) 1781ms
   ✓ REQ-S08-017: corrections are linked rows; the original stays visible > amend 240000.5 -> 239500 (delta -500.5); reverse -> 0.0000; three validated rows; nothing more after  701ms
   ✓ REQ-S08-017: corrections are linked rows; the original stays visible > only an approved validation is corrected; FIN only; If-Match 428/409; a reason is required  385ms
 ✓ |integration| apps/worker/test/integration/restart.test.ts (1 test) 8925ms
   ✓ kill the worker mid-job and restart it (REQ-S16-005, A13) > completes the job exactly once, with one task and one reminder  6954ms
 ✓ |integration| apps/api/test/integration/reporting/impact.test.ts (3 tests) 1073ms
 ✓ |integration| apps/api/test/integration/benefits/groups.test.ts (4 tests) 1975ms
 ✓ |integration| apps/api/test/integration/kpi-p4/periods.test.ts (4 tests) 909ms
 ✓ |integration| apps/api/test/integration/workflows/risk-dispositions.test.ts (3 tests) 3763ms
   ✓ risk dispositions (REQ-PB-020) > creates the row, its audit event and one pending risk_disposition approval routed to SP  1274ms
   ✓ risk dispositions (REQ-PB-020) > only an open risk: a closed risk or an issue is 422 risk_disposition.not_open_risk; AUD 403; nothing written  1028ms
   ✓ risk dispositions (REQ-PB-020) > G5 configured to BO: routed to the T11 Go-live / scale party BO; unmapped BO -> 422 routing.role_unmapped, nothing written  1116ms
 ✓ |integration| apps/api/test/integration/kpi-p4/entity-group.test.ts (1 test) 1659ms
   ✓ REQ-S16-014: the KPI entity group through the API > creates and reads each entity with authorization enforced (AUD 403 on writes, 200 on reads)  799ms
 ✓ |integration| apps/api/test/integration/kpi-p4/overrides.test.ts (4 tests) 3728ms
   ✓ RAG overrides (REQ-S07-009) > creates one override in force (preserving the calculated RAG), refuses a second, revokes it  309ms
   ✓ RAG overrides (REQ-S07-009) > is no longer in force after its expiry, with no job (the read compares the expiry with the current time)  1916ms
 ✓ |integration| apps/api/test/integration/jobs/job-schedules.test.ts (3 tests) 711ms
 ✓ |integration| packages/db/test/integration/protection.test.ts (17 tests) 183ms
 ✓ |integration| packages/db/test/integration/pool-bounds.test.ts (7 tests) 2887ms
   ✓ bounded checkout (connectionTimeoutMillis) > a checkout from an exhausted pool fails after the timeout (never hangs) and is recognised  304ms
   ✓ bounded checkout (connectionTimeoutMillis) > through Kysely the same error reaches the caller  310ms
   ✓ bounded idle-in-transaction time (idle_in_transaction_session_timeout) > PostgreSQL ends a transaction left idle past the limit, releasing its row lock; the pool recovers  1246ms
   ✓ bounded idle-in-transaction time (idle_in_transaction_session_timeout) > a transaction that keeps running statements is not affected  1017ms
 ✓ |integration| apps/api/test/integration/kpi/kpi-aud-write-deny.test.ts (18 tests) 1344ms
 ✓ |integration| apps/api/test/integration/benefits/entity-group.test.ts (1 test) 1191ms
   ✓ REQ-S16-017: the benefits entity group through the API > creates and reads each of the seven entities; AUD is refused every mutation and reads every record  711ms
 ✓ |integration| packages/db/test/integration/encoding.test.ts (8 tests) 4632ms
   ✓ a SQL_ASCII database is refused before anything is created > mth-db migrate: exit 1, the message on stderr, nothing applied, no schema_migration table  621ms
   ✓ a SQL_ASCII database is refused before anything is created > mth-db status: exit 1 with the same message, nothing written  474ms
   ✓ a SQL_ASCII database is refused before anything is created > mth-db seed-dev: exit 1 with the same message, nothing written  493ms
   ✓ a SQL_ASCII database is refused before anything is created > mth-db bootstrap: exit 1 with the same message (checked before the arguments are used)  448ms
   ✓ a SQL_ASCII database is refused before anything is created > control: the same CLI migrates a UTF8 scratch database created the same way  2461ms
 ✓ |integration| apps/api/test/integration/workflows/gate-events.test.ts (2 tests) 3256ms
   ✓ gate.submitted / gate.decided (ADR-0035 §7) > submission, supersession and decision each write exactly one event in their transaction; refusals write none  1998ms
   ✓ gate.submitted / gate.decided (ADR-0035 §7) > a G5 approval's event names its scope item and condition ids and the next phase realize  821ms
 ✓ |integration| packages/db/test/integration/bootstrap.test.ts (5 tests) 8367ms
   ✓ mth-db bootstrap > creates the first organization and a technical/access admin with no business permission, fully audited  2115ms
   ✓ mth-db bootstrap > refuses to run twice  1960ms
   ✓ mth-db bootstrap > validates its input and refuses the dev-login issuer  2067ms
   ✓ mth-db seed-dev (synthetic, development only) > seeds synthetic users bound to urn:mth:dev-local once, idempotently  2040ms
 ✓ |integration| apps/api/test/integration/workflows/scale.test.ts (2 tests) 1931ms
   ✓ scale transitions (REQ-S03-004, REQ-S04-007) > before G5: 422 invalid-transition naming G5; the scope reads approved = false; nothing written  887ms
   ✓ scale transitions (REQ-S03-004, REQ-S04-007) > after the G5 approval: inside the scope 201 with its audit event; outside 422; a repeat 409; AUD/ADM 403  841ms
 ✓ |integration| apps/worker/test/integration/schedules.test.ts (2 tests) 2076ms
 ✓ |integration| apps/api/test/integration/reporting/one-source-of-truth.test.ts (2 tests) 984ms
 ✓ |integration| apps/api/test/integration/portfolio/closed-initiatives.test.ts (1 test) 1362ms
   ✓ a cancelled initiative's scores, deliverables and milestones are read-only (422 initiative.read_only) > every write is refused after cancellation and nothing is written; the same writes succeed while open  1162ms
 ✓ |integration| apps/api/test/integration/reporting/orphans.test.ts (3 tests) 939ms
 ✓ |integration| packages/db/test/integration/migrate.test.ts (7 tests) 2578ms
   ✓ mth-db migrate on a fresh database > applies every shipped migration, then reports up to date  1955ms
 ✓ |integration| apps/worker/test/integration/maintenance.test.ts (2 tests) 2103ms
 ✓ |integration| packages/db/test/integration/scratch-drop.test.ts (3 tests) 10728ms
   ✓ dropScratchDatabase never terminates a live client (F-DG1-009) > a drop right after pool.end() raises no 57P01 on the closing pool (40 rounds, 8 clients each)  10093ms
   ✓ dropScratchDatabase never terminates a live client (F-DG1-009) > a client that is still connected is NOT terminated: the drop refuses, names it, and succeeds once it ends  634ms
 ✓ |integration| apps/api/test/integration/adoption/entity-group-metric-link.test.ts (1 test) 508ms
 ✓ |integration| apps/api/test/integration/portfolio/unpaged-lists.test.ts (1 test) 1444ms
   ✓ unpaged P3 lists refuse limit; paged lists accept it (ADR-0021 §11 item 6) > 400 on limit for every unpaged list; 200 with {items} and no nextCursor without it  1031ms

⎯⎯⎯⎯⎯⎯⎯ Failed Tests 2 ⎯⎯⎯⎯⎯⎯⎯

 FAIL  |integration| apps/api/test/integration/kpi-p4/data-quality.test.ts > findings: resolve or dismiss > AUD, an ADM-only user and roles without data_quality.manage get 403; nothing written
error: reporting_period: ad_hoc KBEB-068c57bc2c5f overlaps another ad_hoc period
 ❯ node_modules/.pnpm/pg@8.16.3/node_modules/pg/lib/client.js:545:17
 ❯ PostgresConnection.executeQuery node_modules/.pnpm/kysely@0.28.7/node_modules/kysely/dist/esm/dialect/postgres/postgres-driver.js:90:49
 ❯ node_modules/.pnpm/kysely@0.28.7/node_modules/kysely/dist/esm/query-executor/query-executor-base.js:35:28
 ❯ SingleConnectionProvider.#run node_modules/.pnpm/kysely@0.28.7/node_modules/kysely/dist/esm/driver/single-connection-provider.js:24:16
 ❯ DefaultQueryExecutor.executeQuery node_modules/.pnpm/kysely@0.28.7/node_modules/kysely/dist/esm/query-executor/query-executor-base.js:34:16
 ❯ InsertQueryBuilder.execute node_modules/.pnpm/kysely@0.28.7/node_modules/kysely/dist/esm/query-builder/insert-query-builder.js:1106:24
 ❯ apps/api/test/integration/kpi-p4/kbe-b-fixtures.ts:90:5
     88|     .slice(0, 10);
     89|   await db.transaction().execute(async (tx) => {
     90|     await tx
       |     ^
     91|       .insertInto("reporting_period")
     92|       .values({
 ❯ node_modules/.pnpm/kysely@0.28.7/node_modules/kysely/dist/esm/kysely.js:571:32
 ❯ DefaultConnectionProvider.provideConnection node_modules/.pnpm/kysely@0.28.7/node_modules/kysely/dist/esm/driver/default-connection-provider.js:10:20
 ❯ PostgresConnection.executeQuery node_modules/.pnpm/kysely@0.28.7/node_modules/kysely/dist/esm/dialect/postgres/postgres-driver.js:102:41
 ❯ node_modules/.pnpm/kysely@0.28.7/node_modules/kysely/dist/esm/query-executor/query-executor-base.js:35:28
 ❯ SingleConnectionProvider.#run node_modules/.pnpm/kysely@0.28.7/node_modules/kysely/dist/esm/driver/single-connection-provider.js:24:16
 ❯ DefaultQueryExecutor.executeQuery node_modules/.pnpm/kysely@0.28.7/node_modules/kysely/dist/esm/query-executor/query-executor-base.js:34:16
 ❯ InsertQueryBuilder.execute node_modules/.pnpm/kysely@0.28.7/node_modules/kysely/dist/esm/query-builder/insert-query-builder.js:1106:24
 ❯ apps/api/test/integration/kpi-p4/kbe-b-fixtures.ts:90:5
 ❯ node_modules/.pnpm/kysely@0.28.7/node_modules/kysely/dist/esm/kysely.js:571:32
 ❯ DefaultConnectionProvider.provideConnection node_modules/.pnpm/kysely@0.28.7/node_modules/kysely/dist/esm/driver/default-connection-provider.js:10:20
 ❯ insertFinding apps/api/test/integration/kpi-p4/kbe-b-fixtures.ts:89:3

⎯⎯⎯⎯⎯⎯⎯⎯⎯⎯⎯⎯⎯⎯⎯⎯⎯⎯⎯⎯⎯⎯⎯⎯[1/2]⎯

 FAIL  |integration| apps/api/test/integration/workflows/g5-g6.test.ts > G6 Sustain (REQ-PB-021, REQ-S04-008, REQ-S04-002) > with every fact: 201 with a frozen g6 snapshot; an edit afterwards leaves it unchanged; the SP approval changes no phase, closes nothing and writes nothing under docs/delivery/
AssertionError: expected [ …(13285) ] to deeply equal [ …(13285) ]

[32m- Expected[39m
[31m+ Received[39m

[33m@@ -2608,11 +2608,11 @@[39m
[2m    "handbacks/DG4/T-DG4-BE-M-evidence/lint.log 2483ad1be346a935a081c1f33cdc2e2007c0543f087fc59e7c91594a5e14ec43",[22m
[2m    "handbacks/DG4/T-DG4-BE-M-evidence/openapi-lint.log 55df3ce4097db936f9680376d3fd37de0cdea1e77dcfc08baa110f0ef721d7d0",[22m
[2m    "handbacks/DG4/T-DG4-BE-M-evidence/prettier-check.log b27d3a15d182fc8c6aa885a51d857e0755e2eddb78735e212bfc7a0b6b5da621",[22m
[2m    "handbacks/DG4/T-DG4-BE-M-evidence/typecheck.log 9729f071e12bea18f9729a0e476840bba6d4f27e7716f6cf228d8849113aff26",[22m
[2m    "handbacks/DG4/T-DG4-BE-M-evidence/unit-c-utf8.log cb132c25cff54c54210d35d06a50ab13a7c9384b421168afc62662380b8265e5",[22m
[32m-   "handbacks/DG4/T-DG4-BE-M-evidence/unit-locale-unset.log 8cf70490d25db19c1e3c32b46e0f69bf3148a9e641dcc60cbfeacf746d299c4a",[39m
[31m+   "handbacks/DG4/T-DG4-BE-M-evidence/unit-locale-unset.log 4be1509bb68fb364027262610e330e05fa889e9382dd6436ae0a80653f856e34",[39m
[2m    "handbacks/DG4/T-DG4-BE-M-evidence/validate-historical-DG3.log 603c600f7f10af780f85675dedc76e90dc51e223681ff14b112dcdf127259017",[22m
[2m    "handbacks/DG4/T-DG4-FE-A-evidence/build.log 90b7a5af24b52db6f73d35b632d3b70a67ed3d92444d718c127ae77476b419c0",[22m
[2m    "handbacks/DG4/T-DG4-FE-A-evidence/checks-start.txt c3d985a83b20bd45834a1508bca6c0dd65ed5641cc2a69ea4f8845da247f5231",[22m
[2m    "handbacks/DG4/T-DG4-FE-A-evidence/e2e-all-run1-before-audit-labels.log cb5da31e94404af6fae8d892b795bb688cc10f217e0fd542075e7b67f4907ee3",[22m
[2m    "handbacks/DG4/T-DG4-FE-A-evidence/e2e-all.log 570b8ba380f15feb24b92602fcb17e1f9b21b8eba810144685a1283554a247f4",[22m

 ❯ apps/api/test/integration/workflows/g5-g6.test.ts:399:28
    397|     ).toEqual([]);
    398|     // Product G6 approval changes no engineering DG record (M0412): d…
    399|     expect(deliveryTree()).toEqual(treeBefore);
       |                            ^
    400|     const event = await api.db
    401|       .selectFrom("outbox_event")

⎯⎯⎯⎯⎯⎯⎯⎯⎯⎯⎯⎯⎯⎯⎯⎯⎯⎯⎯⎯⎯⎯⎯⎯[2/2]⎯


 Test Files  2 failed | 145 passed (147)
      Tests  2 failed | 1505 passed (1507)
   Start at  19:25:43
   Duration  1041.43s (transform 10.09s, setup 0ms, collect 366.61s, tests 665.60s, environment 0ms, prepare 155ms)

 ELIFECYCLE  Command failed with exit code 1.
integration exit=1
