port-policy: PostgreSQL listening on port 25520 (attempt 1)
qa disposable cluster: PostgreSQL 16.13 (Ubuntu 16.13-0ubuntu0.24.04.1) on x86_64-pc-linux-gnu, compiled by gcc (Ubuntu 13.3.0-6ubuntu2~24.04.1) 13.3.0, 64-bit; server_encoding UTF8, lc_collate C, lc_ctype C

> mobily-transformation-hub@0.1.0 test:integration /home/user/wt/dg4-fe-d2
> vitest run --project integration


 RUN  v3.2.4 /home/user/wt/dg4-fe-d2

[integration] PostgreSQL 16.13 (Ubuntu 16.13-0ubuntu0.24.04.1); database mth_test_mv20jfy9_18f513e6 (server_encoding UTF8); applied 60 migrations to a fresh database
 ✓ |integration| packages/db/test/integration/catalogue.test.ts (20 tests) 207ms
 ✓ |integration| apps/api/test/integration/kpi/benefit-formulas.test.ts (16 tests) 5048ms
   ✓ T09 register (REQ-PB-056) > the six T09 columns persist; BF-nn codes; the formula is the current version's expression  449ms
   ✓ T09 register (REQ-PB-056) > confidence outside H/M/L -> 400 (create and PATCH), nothing written; the DB CHECK refuses it too  315ms
   ✓ calculations and lineage > records inputs with kind/unit/currency/period/source, assumptions and period; Unknown never 0; append-only  501ms
   ✓ Finance validation of the benefit logic (REQ-PB-055) > FIN validates or rejects with a note; the author gets 403; final once recorded; If-Match 428/409  424ms
   ✓ every mutation: AUD 403, If-Match, audit, archive > If-Match: 428 without, 409 stale on PATCH, archive and new version; archive guards; audit events  433ms
   ✓ loadKpiP3GateFacts: the kpi half of the G4 GateFactsProvider > cases with sections and baseline state (incl. Stale); each financial benefit line's current version state  403ms
 ✓ |integration| apps/api/test/integration/portfolio/prioritization.test.ts (17 tests) 7032ms
   ✓ scores (REQ-PB-047, REQ-PB-048, REQ-S09-001) > score 6 -> 400; 0, 2.5 and '4' -> 400; a weightedScore property -> 400 (read-only); nothing written  370ms
   ✓ scores (REQ-PB-047, REQ-PB-048, REQ-S09-001) > 5,4,3,2,1 under v1 -> stored 3.3000, shown 3.30, 0-100 view 57.5 with its label; appended with its cause; audited  335ms
   ✓ scores (REQ-PB-047, REQ-PB-048, REQ-S09-001) > PATCH: If-Match 428/409; clearing (null) makes it incomplete again; duplicate POST 409; AUD 403 on POST and PATCH  357ms
   ✓ rankings and history (REQ-S09-005, REQ-S09-003) > snapshot: deterministic tie-break, incomplete unranked, submitted -> ranked with audit; v2 activation -> history shows 'weight version 2' as the cause of the rank change  525ms
   ✓ overrides (REQ-S09-005) > an override without a reason is rejected (missing/empty -> 400 at /reason; blank/invisible -> 422); the proposer cannot approve; approved applies with 'override: <reason>'; revoke; AUD 403; If-Match  521ms
   ✓ every BE-D mutation re-authorises inside its transaction (BE18A) > weight sets, scores, rankings and overrides: 403 at commit and nothing changes  699ms
   ✓ comparison view (REQ-S09-004) > more than 500 initiatives -> 422 prioritization.portfolio_too_large  1861ms
 ✓ |integration| apps/api/test/integration/portfolio/roadmap.test.ts (12 tests) 3999ms
   ✓ roadmap waves (T07, REQ-PB-050) > a new transformation shows the four B0079 waves verbatim, bilingual, source-seeded  320ms
   ✓ roadmap waves (T07, REQ-PB-050) > editable columns only: dates, owner, notes with If-Match (428/409), audited; source text 400 and DB-immutable; AUD 403; seeded not archivable  313ms
   ✓ deliverables: submit and acceptance (ADR-0023 §2) > create (version 1, audited, AUD 403), list with the 3-7 count warning, read, edit with If-Match, archive  304ms
   ✓ deliverables: submit and acceptance (ADR-0023 §2) > submit (initiative.edit, If-Match, audited) then acceptance by the executive owner; never the submitter; not-owner 403; AUD 403  403ms
   ✓ deliverables: submit and acceptance (ADR-0023 §2) > a delegate of the executive owner accepts on their behalf (audited as such); never for the submitter  311ms
   ✓ deliverables: submit and acceptance (ADR-0023 §2) > commit-time authorisation on deliverable create, update, submit and acceptance  413ms
   ✓ milestones: approved vs forecast (ADR-0023 §2-§3, REQ-S09-006) > create (initiative.edit or roadmap.edit; no approved date), approve-date (roadmap.approve, reason), re-approval audited, variance computed  397ms
 ✓ |integration| apps/api/test/integration/contract/contract.test.ts (45 tests) 54325ms
   ✓ every operation, validated against the contract and the zod mirrors > kpi module operations (P2; kpi-exercises.ts, owned by kpi-benefits-engineer)  1087ms
   ✓ every operation, validated against the contract and the zod mirrors > P2 backend operations (p2-exercises.ts): every routed operation exercised with a success  3925ms
   ✓ every operation, validated against the contract and the zod mirrors > P3 BE-A operations (p3-exercises-be-a.ts): readiness, outcome hierarchy, gate dispensations  523ms
   ✓ every operation, validated against the contract and the zod mirrors > P3 BE-B operations (p3-exercises-be-b.ts)  1000ms
   ✓ every operation, validated against the contract and the zod mirrors > P3 BE-C operations (p3-exercises-be-c.ts)  901ms
   ✓ every operation, validated against the contract and the zod mirrors > P3 BE-D operations (p3-exercises-be-d.ts)  1919ms
   ✓ every operation, validated against the contract and the zod mirrors > P3 BE-E operations (p3-exercises-be-e.ts)  1063ms
   ✓ every operation, validated against the contract and the zod mirrors > P3 KBE-B operations (p3-exercises-kbe-b.ts)  684ms
   ✓ every operation, validated against the contract and the zod mirrors > P3 KBE-C operations (p3-exercises-kbe-c.ts)  731ms
   ✓ every operation, validated against the contract and the zod mirrors > P4 BE-A operations (p4-exercises-be-a.ts)  415ms
   ✓ every operation, validated against the contract and the zod mirrors > P4 BE-B operations (p4-exercises-be-b.ts)  1068ms
   ✓ every operation, validated against the contract and the zod mirrors > P4 BE-C operations (p4-exercises-be-c.ts)  803ms
   ✓ every operation, validated against the contract and the zod mirrors > P4 BE-D operations (p4-exercises-be-d.ts)  1060ms
   ✓ every operation, validated against the contract and the zod mirrors > P4 BE-E operations (p4-exercises-be-e.ts)  704ms
   ✓ every operation, validated against the contract and the zod mirrors > P4 BE-F operations (p4-exercises-be-f.ts)  2606ms
   ✓ every operation, validated against the contract and the zod mirrors > P4 BE-G operations (p4-exercises-be-g.ts)  1283ms
   ✓ every operation, validated against the contract and the zod mirrors > P4 BE-H operations (p4-exercises-be-h.ts)  1358ms
   ✓ every operation, validated against the contract and the zod mirrors > P4 BE-I operations (p4-exercises-be-i.ts)  1506ms
   ✓ every operation, validated against the contract and the zod mirrors > P4 BE-J operations (p4-exercises-be-j.ts)  817ms
   ✓ every operation, validated against the contract and the zod mirrors > P4 BE-K operations (p4-exercises-be-k.ts)  1510ms
   ✓ every operation, validated against the contract and the zod mirrors > P4 BE-L operations (p4-exercises-be-l.ts)  1045ms
   ✓ every operation, validated against the contract and the zod mirrors > P4 BE-M operations (p4-exercises-be-m.ts)  2355ms
   ✓ every operation, validated against the contract and the zod mirrors > P4 KBE-B operations (p4-exercises-kbe-b.ts)  865ms
   ✓ every operation, validated against the contract and the zod mirrors > P4 KBE-C operations (p4-exercises-kbe-c.ts)  1390ms
   ✓ every operation, validated against the contract and the zod mirrors > P4 KBE-D operations (p4-exercises-kbe-d.ts)  888ms
   ✓ every operation, validated against the contract and the zod mirrors > P4 KBE-D2 operations (p4-exercises-kbe-d2.ts)  979ms
   ✓ every operation, validated against the contract and the zod mirrors > P4 KBE-E operations (p4-exercises-kbe-e.ts)  1498ms
   ✓ every operation, validated against the contract and the zod mirrors > P4 KBE-F operations (p4-exercises-kbe-f.ts)  402ms
   ✓ every operation, validated against the contract and the zod mirrors > P4 KBE-G operations (p4-exercises-kbe-g.ts)  952ms
   ✓ every operation, validated against the contract and the zod mirrors > every GET operation with a path parameter: a malformed id is a declared 400 at /params/<name>; nothing written  1938ms
   ✓ every operation, validated against the contract and the zod mirrors > every operation but the OIDC callback: U+0000 in the query is a declared 400 invalid_character  4032ms
   ✓ every operation, validated against the contract and the zod mirrors > every operation: an undeclared request media type is a declared 400 validation.content_type; nothing written  8837ms
   ✓ every operation, validated against the contract and the zod mirrors > every operation: the rate limiter's 429 is a declared RateLimited problem (live, limits of 1 per minute)  2678ms
 ✓ |integration| apps/api/test/integration/workflows/change-requests.test.ts (10 tests) 2961ms
   ✓ REQ-S09-010: schedule rebaseline through change control > with no policy the DG3 re-approval is unchanged; beyond a configured threshold it is 422, within it 200; budget likewise  379ms
   ✓ REQ-S07-015: a KPI target change (preview, refusal, approval, the old version readable) > the preview lists the bound benefit and the approved G2 decision; a direct second activation is 422; after BO's approval v2 is active and v1 readable  522ms
   ✓ REQ-S04-014: a new version of an approved G4 benefit formula creates one change request > one automatic benefit_logic request routed to Finance; the DG3 response unchanged; G4 decision and snapshot byte-identical  380ms
stdout | apps/api/test/integration/connection-hygiene.test.ts > an over-limit upload (413 evidence.too_large) closes its connection and never stalls app.close() > 30 MiB chunked, written without backpressure like the audit repro: 413, Connection: close, server closes, 0 connections, app.close() prompt
SWEEP {"path":"upload 30 MiB chunked over the limit","status":413,"code":"evidence.too_large","connection":"close","serverCloseMs":0,"connectionsZeroMs":513}

stdout | apps/api/test/integration/connection-hygiene.test.ts > an over-limit upload (413 evidence.too_large) closes its connection and never stalls app.close() > 30 MiB chunked, written without backpressure like the audit repro: 413, Connection: close, server closes, 0 connections, app.close() prompt
SWEEP-CLOSE {"label":"after upload 30 MiB chunked over the limit","ms":0,"completed":true}

stdout | apps/api/test/integration/connection-hygiene.test.ts > an over-limit upload (413 evidence.too_large) closes its connection and never stalls app.close() > 30 MiB content-length, written without backpressure like the audit repro: 413, Connection: close, server closes, 0 connections, app.close() prompt
SWEEP {"path":"upload 30 MiB content-length over the limit","status":413,"code":"evidence.too_large","connection":"close","serverCloseMs":0,"connectionsZeroMs":481}

stdout | apps/api/test/integration/connection-hygiene.test.ts > an over-limit upload (413 evidence.too_large) closes its connection and never stalls app.close() > 30 MiB content-length, written without backpressure like the audit repro: 413, Connection: close, server closes, 0 connections, app.close() prompt
SWEEP-CLOSE {"label":"after upload 30 MiB content-length over the limit","ms":0,"completed":true}

stdout | apps/api/test/integration/connection-hygiene.test.ts > a response sent before the body is read closes the connection and never drains the (unbounded) body > upload route 401/403/404/409/428/400/422, JSON bodyLimit (CL and chunked), media type, unmatched 404, bad URL; then app.close() is prompt
SWEEP {"path":"upload 401 no session","status":401,"code":"unauthenticated","connection":"close","serverCloseMs":0,"connectionsZeroMs":0}

stdout | apps/api/test/integration/connection-hygiene.test.ts > a response sent before the body is read closes the connection and never drains the (unbounded) body > upload route 401/403/404/409/428/400/422, JSON bodyLimit (CL and chunked), media type, unmatched 404, bad URL; then app.close() is prompt
SWEEP {"path":"upload 403 no CSRF token","status":403,"code":"csrf","connection":"close","serverCloseMs":0,"connectionsZeroMs":0}

stdout | apps/api/test/integration/connection-hygiene.test.ts > a response sent before the body is read closes the connection and never drains the (unbounded) body > upload route 401/403/404/409/428/400/422, JSON bodyLimit (CL and chunked), media type, unmatched 404, bad URL; then app.close() is prompt
SWEEP {"path":"upload 404 unknown evidence","status":404,"code":"not_found","connection":"close","serverCloseMs":0,"connectionsZeroMs":0}

stdout | apps/api/test/integration/connection-hygiene.test.ts > a response sent before the body is read closes the connection and never drains the (unbounded) body > upload route 401/403/404/409/428/400/422, JSON bodyLimit (CL and chunked), media type, unmatched 404, bad URL; then app.close() is prompt
SWEEP {"path":"upload 409 stale If-Match","status":409,"code":"version_conflict","connection":"close","serverCloseMs":0,"connectionsZeroMs":0}

stdout | apps/api/test/integration/connection-hygiene.test.ts > a response sent before the body is read closes the connection and never drains the (unbounded) body > upload route 401/403/404/409/428/400/422, JSON bodyLimit (CL and chunked), media type, unmatched 404, bad URL; then app.close() is prompt
SWEEP {"path":"upload 428 no If-Match","status":428,"code":"precondition_required","connection":"close","serverCloseMs":0,"connectionsZeroMs":0}

stdout | apps/api/test/integration/connection-hygiene.test.ts > a response sent before the body is read closes the connection and never drains the (unbounded) body > upload route 401/403/404/409/428/400/422, JSON bodyLimit (CL and chunked), media type, unmatched 404, bad URL; then app.close() is prompt
SWEEP {"path":"upload 400 bad X-File-Name","status":400,"code":"validation.file_name","connection":"close","serverCloseMs":0,"connectionsZeroMs":0}

stdout | apps/api/test/integration/connection-hygiene.test.ts > a response sent before the body is read closes the connection and never drains the (unbounded) body > upload route 401/403/404/409/428/400/422, JSON bodyLimit (CL and chunked), media type, unmatched 404, bad URL; then app.close() is prompt
SWEEP {"path":"upload 422 not a file","status":422,"code":"validation.evidence.not_a_file","connection":"close","serverCloseMs":0,"connectionsZeroMs":0}

stdout | apps/api/test/integration/connection-hygiene.test.ts > a response sent before the body is read closes the connection and never drains the (unbounded) body > upload route 401/403/404/409/428/400/422, JSON bodyLimit (CL and chunked), media type, unmatched 404, bad URL; then app.close() is prompt
SWEEP {"path":"upload 400 undeclared media type (text/plain)","status":400,"code":"validation.content_type","connection":"close","serverCloseMs":0,"connectionsZeroMs":0}

stdout | apps/api/test/integration/connection-hygiene.test.ts > a response sent before the body is read closes the connection and never drains the (unbounded) body > upload route 401/403/404/409/428/400/422, JSON bodyLimit (CL and chunked), media type, unmatched 404, bad URL; then app.close() is prompt
SWEEP {"path":"upload 401 Content-Length 30 MiB","status":401,"code":"unauthenticated","connection":"close","serverCloseMs":0,"connectionsZeroMs":0}

stdout | apps/api/test/integration/connection-hygiene.test.ts > a response sent before the body is read closes the connection and never drains the (unbounded) body > upload route 401/403/404/409/428/400/422, JSON bodyLimit (CL and chunked), media type, unmatched 404, bad URL; then app.close() is prompt
SWEEP {"path":"upload 428 Content-Length 30 MiB","status":428,"code":"precondition_required","connection":"close","serverCloseMs":0,"connectionsZeroMs":0}

stdout | apps/api/test/integration/connection-hygiene.test.ts > a response sent before the body is read closes the connection and never drains the (unbounded) body > upload route 401/403/404/409/428/400/422, JSON bodyLimit (CL and chunked), media type, unmatched 404, bad URL; then app.close() is prompt
SWEEP {"path":"JSON over bodyLimit, chunked","status":400,"code":"validation.body_too_large","connection":"close","serverCloseMs":0,"connectionsZeroMs":0}

stdout | apps/api/test/integration/connection-hygiene.test.ts > a response sent before the body is read closes the connection and never drains the (unbounded) body > upload route 401/403/404/409/428/400/422, JSON bodyLimit (CL and chunked), media type, unmatched 404, bad URL; then app.close() is prompt
SWEEP {"path":"JSON over bodyLimit, Content-Length","status":400,"code":"validation.body_too_large","connection":"close","serverCloseMs":0,"connectionsZeroMs":0}

stdout | apps/api/test/integration/connection-hygiene.test.ts > a response sent before the body is read closes the connection and never drains the (unbounded) body > upload route 401/403/404/409/428/400/422, JSON bodyLimit (CL and chunked), media type, unmatched 404, bad URL; then app.close() is prompt
SWEEP {"path":"unmatched route 404, chunked","status":404,"code":"not_found","connection":"close","serverCloseMs":0,"connectionsZeroMs":0}

stdout | apps/api/test/integration/connection-hygiene.test.ts > a response sent before the body is read closes the connection and never drains the (unbounded) body > upload route 401/403/404/409/428/400/422, JSON bodyLimit (CL and chunked), media type, unmatched 404, bad URL; then app.close() is prompt
SWEEP {"path":"unmatched route 404, Content-Length 30 MiB","status":404,"code":"not_found","connection":"close","serverCloseMs":0,"connectionsZeroMs":0}

stdout | apps/api/test/integration/connection-hygiene.test.ts > a response sent before the body is read closes the connection and never drains the (unbounded) body > upload route 401/403/404/409/428/400/422, JSON bodyLimit (CL and chunked), media type, unmatched 404, bad URL; then app.close() is prompt
SWEEP {"path":"router-level 400 bad URL (FST_ERR_BAD_URL), chunked","status":400,"code":"validation.format","connection":"close","serverCloseMs":0,"connectionsZeroMs":0}

stdout | apps/api/test/integration/connection-hygiene.test.ts > a response sent before the body is read closes the connection and never drains the (unbounded) body > upload route 401/403/404/409/428/400/422, JSON bodyLimit (CL and chunked), media type, unmatched 404, bad URL; then app.close() is prompt
SWEEP-CLOSE {"label":"after the refusals sweep","ms":0,"completed":true}

stdout | apps/api/test/integration/connection-hygiene.test.ts > a response sent before the body is read closes the connection and never drains the (unbounded) body > app.close() while a refused client (403, no CSRF token) KEEPS SENDING its body completes promptly
SWEEP-CLOSE {"label":"while a refused (403) client keeps sending its body","ms":1,"completed":true}

stdout | apps/api/test/integration/connection-hygiene.test.ts > a client that aborts mid-upload leaves no partial object and no leaked socket > content-length: 2 MiB of a 10 MiB upload, then the client destroys the socket
SWEEP {"path":"client abort mid-upload content-length","connectionsZeroMs":25,"partialFilesGoneMs":25}

stdout | apps/api/test/integration/connection-hygiene.test.ts > a client that aborts mid-upload leaves no partial object and no leaked socket > chunked: 2 MiB of a 10 MiB upload, then the client destroys the socket
SWEEP {"path":"client abort mid-upload chunked","connectionsZeroMs":25,"partialFilesGoneMs":0}

stdout | apps/api/test/integration/connection-hygiene.test.ts > shutdown is bounded > app.close() with a STALLED upload in flight completes within the grace period (default 5 s); the stalled socket is closed by the server
SWEEP-CLOSE {"label":"stalled upload in flight (default grace 5 s)","ms":5002,"completed":true}

stdout | apps/api/test/integration/connection-hygiene.test.ts > shutdown is bounded > an in-flight upload that finishes within the grace period completes normally (200, stored byte-exact, Connection: close), then app.close() returns
SWEEP-CLOSE {"label":"in-flight upload finishing during shutdown","ms":487,"completed":true}

stdout | apps/api/test/integration/connection-hygiene.test.ts > shutdown is bounded > a body that stalls outside shutdown is cut by Node's requestTimeout (408, connection closed), nothing stored, no error log
SWEEP {"path":"stalled body, requestTimeout 1.5 s","status":["HTTP/1.1 408"],"closedMs":1759}

stdout | apps/api/test/integration/connection-hygiene.test.ts > shutdown is bounded > SIGTERM: the API process (src/main.ts) exits 0 within the grace period with a stalled upload in flight
SWEEP-CLOSE {"label":"SIGTERM with a stalled upload (main.ts)","ms":5062,"exitCode":0}

stdout | apps/api/test/integration/connection-hygiene.test.ts > unmatched-route 404s are rate limited (audit round 10 observation P3) > a flood on unmatched routes gets 429 rate_limited after the limit (same key and limit as the routes); the SPA fallback still serves index.html
SWEEP {"path":"unmatched-route flood, limit 4/min","statuses":[404,404,404,429]}

 ✓ |integration| apps/api/test/integration/connection-hygiene.test.ts (13 tests) 21584ms
   ✓ an over-limit upload (413 evidence.too_large) closes its connection and never stalls app.close() > 30 MiB chunked, written without backpressure like the audit repro: 413, Connection: close, server closes, 0 connections, app.close() prompt  808ms
   ✓ an over-limit upload (413 evidence.too_large) closes its connection and never stalls app.close() > 30 MiB content-length, written without backpressure like the audit repro: 413, Connection: close, server closes, 0 connections, app.close() prompt  735ms
   ✓ a response sent before the body is read closes the connection and never drains the (unbounded) body > upload route 401/403/404/409/428/400/422, JSON bodyLimit (CL and chunked), media type, unmatched 404, bad URL; then app.close() is prompt  639ms
   ✓ a response sent before the body is read closes the connection and never drains the (unbounded) body > app.close() while a refused client (403, no CSRF token) KEEPS SENDING its body completes promptly  353ms
   ✓ a client that aborts mid-upload leaves no partial object and no leaked socket > content-length: 2 MiB of a 10 MiB upload, then the client destroys the socket  443ms
   ✓ a client that aborts mid-upload leaves no partial object and no leaked socket > chunked: 2 MiB of a 10 MiB upload, then the client destroys the socket  376ms
   ✓ normal traffic is unchanged > a valid 3 MiB upload over a real socket is stored byte-exact with its sha256, and the keep-alive connection serves the next request  953ms
   ✓ shutdown is bounded > app.close() with a STALLED upload in flight completes within the grace period (default 5 s); the stalled socket is closed by the server  5491ms
   ✓ shutdown is bounded > an in-flight upload that finishes within the grace period completes normally (200, stored byte-exact, Connection: close), then app.close() returns  816ms
   ✓ shutdown is bounded > a body that stalls outside shutdown is cut by Node's requestTimeout (408, connection closed), nothing stored, no error log  1883ms
   ✓ shutdown is bounded > SIGTERM: the API process (src/main.ts) exits 0 within the grace period with a stalled upload in flight  8206ms
 ✓ |integration| apps/api/test/integration/adoption/indicators.test.ts (14 tests) 2488ms
 ✓ |integration| apps/api/test/integration/registers.test.ts (23 tests) 4888ms
   ✓ starter structure (ADR-0016 §4; REQ-S12-004, REQ-PB-003) > both End-to-End and Modular creates get the pin, six T01 rows, ten canvas boxes and six gates, each audited  529ms
   ✓ North Star (REQ-PB-033) > one sentence, no line break; refining supersedes (never overwrites); If-Match rules  509ms
   ✓ T01 / T03 template rules and record-level rules > an archived transformation is read-only for its registers (422)  354ms
 ✓ |integration| apps/api/test/integration/workflows/phases.test.ts (14 tests) 4910ms
   ✓ guided phase steps (REQ-S04-001) > each of the six phases shows steps, required evidence, owners (Unknown when unassigned) and a review queue  469ms
   ✓ guided phase steps (REQ-S04-001) > an unmet completion rule cannot be put in review or accepted (422); SQL cannot bypass the rule  408ms
   ✓ guided phase steps (REQ-S04-001) > the review queue: one task per reviewer-role holder (never the owner); accept closes them and enables the next owned step once  383ms
   ✓ guided phase steps (REQ-S04-001) > return with a note, then back to review; a return without a note is 400; invalid transitions are 422  340ms
   ✓ steps never move a gate (REQ-S04-002: completing every phase task leaves the gate Draft) > completing all five Diagnose steps leaves G1 draft, with no submission and an unchanged gate instance  992ms
   ✓ authorization, If-Match and audit on every write (S-4) > AUD (read-only) gets 403 on every write and nothing is written; an outsider gets 404  323ms
   ✓ authorization, If-Match and audit on every write (S-4) > If-Match: 428 when missing, 409 when stale; If-Match "0" on an existing row is 409; creates are version 1  324ms
 ✓ |integration| apps/api/test/integration/media-types.test.ts (21 tests) 3788ms
   ✓ uploadEvidenceContent accepts only application/octet-stream (F-DG2-320) > a valid application/octet-stream upload stores exactly the bytes sent, in both framings (sha256 of the raw input)  395ms
   ✓ the media-type check and the parser lookup agree for every spelling (F-DG2-351) > every OWS/whitespace spelling of octet-stream reaches the octet parser: stored byte-exact (sha256), downloadable  1041ms
 ✓ |integration| apps/api/test/integration/kpi/business-cases.test.ts (17 tests) 8747ms
   ✓ transformation case: the ten B0085 sections (REQ-PB-053) > all ten sections persist and read back; missingSections clears once lines and owners exist  1296ms
   ✓ transformation case: the ten B0085 sections (REQ-PB-053) > one active transformation case per transformation (409); configurable currency; blank text 400  322ms
   ✓ initiative cases and the roll-up (REQ-PB-054, REQ-S05-005) > the total equals the distinct lines once; editing an initiative line changes the roll-up without duplication  650ms
   ✓ initiative cases and the roll-up (REQ-PB-054, REQ-S05-005) > Unknown is never 0; per currency; revenue vs margin and non-financial kept apart  386ms
   ✓ lines: exactly one class (REQ-PB-053, REQ-S05-005) > two classes -> 400 at /class; class/kind and class/value-basis mismatch -> 422; value rules  429ms
   ✓ lines: exactly one class (REQ-PB-053, REQ-S05-005) > one benefit formula backs at most one active line in the transformation (409)  304ms
   ✓ Finance validation of the baseline (REQ-PB-055 part) > FIN validates; the author is refused 403; the hash is stored; a baseline change shows Stale  957ms
   ✓ every mutation: AUD 403, If-Match 428/409, audit, WL record-level > the read-only auditor gets 403 (audited) on all seven mutations, whatever the body  675ms
   ✓ every mutation: AUD 403, If-Match 428/409, audit, WL record-level > If-Match: 428 without, 409 stale, on update/archive of cases and lines; each success audited  748ms
   ✓ every mutation: AUD 403, If-Match 428/409, audit, WL record-level > WL edits only the initiative cases of initiatives they lead (record-level, 403 otherwise)  442ms
   ✓ every mutation: AUD 403, If-Match 428/409, audit, WL record-level > authorization is re-checked at commit time (create line): a grant revoked after authentication -> 403, nothing written  330ms
   ✓ every mutation: AUD 403, If-Match 428/409, audit, WL record-level > authorization is re-checked at commit time (update line): a grant revoked after authentication -> 403, nothing written  405ms
   ✓ every mutation: AUD 403, If-Match 428/409, audit, WL record-level > authorization is re-checked at commit time (archive line): a grant revoked after authentication -> 403, nothing written  381ms
 ✓ |integration| apps/api/test/integration/dependencies/t08.test.ts (19 tests) 7986ms
   ✓ T08 columns, From external, types > the seven T08 columns round-trip; version 1, ETag and Location; audited; listed and read  852ms
   ✓ T08 columns, From external, types > From `external` with a label is accepted (no edge); a label-less external From is 400  490ms
   ✓ T08 columns, From external, types > an unknown or retired type is 422 dependency.unknown_type; nothing written  449ms
   ✓ T08 columns, From external, types > a self-dependency is 422; an initiative of another transformation is 422; From initiative needs its id (400)  581ms
   ✓ dependency types (REQ-PB-052) > add, relabel, retire a custom type: configure only (AUD and TL 403), If-Match 428/409, audited, duplicate 409  370ms
   ✓ cycles (REQ-S09-008, REQ-PB-051) > A→B→C→A is 422 naming the cycle exactly (ADR-0023 §5); nothing written  413ms
   ✓ cycles (REQ-S09-008, REQ-PB-051) > A→B→A is reported the same way ('INI-01 → INI-02 → INI-01'); an archived edge no longer counts  490ms
   ✓ cycles (REQ-S09-008, REQ-PB-051) > PATCH re-runs the check when an endpoint changes (422, nothing written); other edits pass  638ms
   ✓ cycles (REQ-S09-008, REQ-PB-051) > two API requests A→B and B→A at once: exactly one commits, the other is 422 dependency.cycle  442ms
   ✓ cycles (REQ-S09-008, REQ-PB-051) > two DATABASE connections inserting A→B and B→A concurrently: exactly one commits (dependency_acyclic)  470ms
   ✓ authorisation, concurrency and audit of every T08 mutation > AUD 403 on create, update, archive (audited as authorization.denied); 428/409 on update and archive  544ms
   ✓ authorisation, concurrency and audit of every T08 mutation > commit-time authorisation on update and archive: the row lock wait, then 403 on reloaded grants  361ms
   ✓ schedule flags on T08 (ADR-0023 §5) > a predecessor finishing after the needed-by date is flagged; moving its milestone earlier clears it  391ms
   ✓ the DG2 paths stay stable (ADR-0023 §4) > a custom type is shown as 'other' on the DG2 path; a DG2 PATCH of the kinds is 422 dependency.managed_by_t08  336ms
 ✓ |integration| apps/api/test/integration/oidc.test.ts (33 tests) 4062ms
 ✓ |integration| apps/api/test/integration/kpi/kpi-resources.test.ts (23 tests) 1726ms
 ✓ |integration| apps/api/test/integration/portfolio/transitions.test.ts (21 tests) 14423ms
   ✓ submit (draft -> submitted) > REQ-PB-007/REQ-PB-022: before G1 -> 422 invalid-transition with the exact G1 text; errors[] lists every failing precondition; nothing written  1339ms
   ✓ submit (draft -> submitted) > REQ-PB-006: without an outcome/KPI link -> 'Outcome before activity' validation error at /outcomeContributions; accepted once a link exists  462ms
   ✓ submit (draft -> submitted) > Modular: an accepted inherited approval of G1 with verified evidence satisfies submit (never a gate decision)  559ms
   ✓ withdraw and cancel > withdraw: submitted or ranked -> draft with a reason; draft -> 422 not_withdrawable; no reason -> 400  656ms
   ✓ withdraw and cancel > cancel: any non-terminal status -> cancelled with reason and stamps; launched or cancelled -> 422 not_cancellable  1013ms
   ✓ selection (REQ-S09-003): a recorded business approval; ranking never selects; selection never funds > ranking never selects; select writes a portfolio_selection row and shows 'Selected - unfunded'  908ms
   ✓ selection (REQ-S09-003): a recorded business approval; ranking never selects; selection never funds > deselect: selected or funded -> ranked with a rationale; ranked or launched -> 422 not_deselectable  1038ms
   ✓ selection (REQ-S09-003): a recorded business approval; ranking never selects; selection never funds > ADR-0021 §6 (T-DG3-ARCH-03): select/deselect on someone's behalf -> 422 selection.on_behalf_not_supported, even under an active delegation; nothing written  549ms
   ✓ launch (funded -> launched) > REQ-PB-004 (acceptance): End-to-End launch -> 422 'North Star, outcomes and target state not yet approved'; after G2 and G3 approval the same call succeeds  507ms
   ✓ launch (funded -> launched) > direction is checked BEFORE funding: a selected-unfunded End-to-End initiative gets the sequencing reason, errors[] lists both  462ms
   ✓ launch (funded -> launched) > 'Selected - unfunded' cannot launch (also after a rejected/deferred or revoked funding decision); other statuses are not launchable  1164ms
   ✓ launch (funded -> launched) > a draft launched before G1 reports G1 first (precondition 1)  526ms
   ✓ launch (funded -> launched) > End-to-End: an accepted waiver of G3 (G2 approved) satisfies the direction rule for launch; the gate stays unapproved  792ms
   ✓ launch (funded -> launched) > Modular: a funded initiative launches without G2/G3 (not held to the End-to-End rule); WL (no initiative.launch) gets 403  718ms
   ✓ every transition: If-Match 428/409 and AUD 403 (audited denial, nothing written) > submit: 428 without If-Match, 409 stale, 403 for AUD, 404 for an unknown id  527ms
   ✓ every transition: If-Match 428/409 and AUD 403 (audited denial, nothing written) > withdraw: 428 without If-Match, 409 stale, 403 for AUD, 404 for an unknown id  689ms
   ✓ every transition: If-Match 428/409 and AUD 403 (audited denial, nothing written) > select: 428 without If-Match, 409 stale, 403 for AUD, 404 for an unknown id  523ms
   ✓ every transition: If-Match 428/409 and AUD 403 (audited denial, nothing written) > deselect: 428 without If-Match, 409 stale, 403 for AUD, 404 for an unknown id  525ms
   ✓ every transition: If-Match 428/409 and AUD 403 (audited denial, nothing written) > launch: 428 without If-Match, 409 stale, 403 for AUD, 404 for an unknown id  332ms
   ✓ every transition: If-Match 428/409 and AUD 403 (audited denial, nothing written) > cancel: 428 without If-Match, 409 stale, 403 for AUD, 404 for an unknown id  401ms
   ✓ latestFundingState() (ADR-0023 §7): the latest funding decision decides, fail closed > none -> unfunded; approved -> funded; deferred after approved -> unfunded; revoked -> revoked  396ms
 ✓ |integration| apps/api/test/integration/raid/corrective-cases.test.ts (15 tests) 2772ms
   ✓ createCorrectiveCase: a Value Review finding (ADR-0031 §5.5; REQ-PB-085 create:BO,TL,FIN) > AUD 403; ADM-only and outsiders 404 on every operation; nothing written  492ms
 ✓ |integration| apps/api/test/integration/workflows/gate-exceptions.test.ts (14 tests) 13569ms
   ✓ submission with missing mandatory evidence (REQ-S04-012) > the gate page lists the missing items; one missing item -> 422 listing exactly it (DG2 form); nothing written  1743ms
   ✓ submission with missing mandatory evidence (REQ-S04-012) > with accepted unexpired exceptions -> 201; the snapshot and the frozen criterion rows record each exception  1076ms
   ✓ submission with missing mandatory evidence (REQ-S04-012) > a pending, rejected or other-criterion exception does not cover (422 as in DG2)  788ms
   ✓ the waiver record (REQ-S04-013) > a waiver without expiry or compensating action -> 400; past expiry and a non-mandatory key -> 422; nothing written  690ms
   ✓ the waiver record (REQ-S04-013) > the requester cannot decide (403); a non-approver cannot (403); ADM-only 403; AUD 403 on every write  757ms
   ✓ the waiver record (REQ-S04-013) > one hop of delegation: a delegate holding gate_exception.decide decides for the approver (recorded on behalf)  922ms
   ✓ expiry (REQ-S04-013; clock injected) > after expires_on the exception no longer covers: the live view and the submission report the criterion missing again  792ms
   ✓ expiry (REQ-S04-013; clock injected) > approving a submission whose recorded exception has expired -> 422 gate.exception_expired; changes requested is allowed  900ms
   ✓ expiry (REQ-S04-013; clock injected) > approving a submission whose recorded exception was revoked -> 422 gate.exception_revoked (exact text); nothing written; reject allowed  983ms
   ✓ expiry (REQ-S04-013; clock injected) > revoked AND expired reports the revoke; an unrevoked, unexpired exception still lets the approver approve  1918ms
   ✓ expiry (REQ-S04-013; clock injected) > the injected clock also moves the create check: an expiry before the injected business date -> 422  551ms
   ✓ revoke, withdraw and concurrency (ADR-0035 §4, §11) > revoke needs a reason (400) and an accepted exception (422); after revoke the criterion is missing again  1061ms
   ✓ revoke, withdraw and concurrency (ADR-0035 §4, §11) > withdraw: the requester only, pending only, If-Match 428/409; decision If-Match 428/409  641ms
   ✓ revoke, withdraw and concurrency (ADR-0035 §4, §11) > the approver gets one gate_exception_to_decide item on request; it is done once decided; list filters  501ms
 ✓ |integration| apps/api/test/integration/workflows/g5-g6.test.ts (13 tests) 7857ms
   ✓ G5 Scale (REQ-PB-020, REQ-PB-015) > an open High-impact risk without an approved disposition: 422 whose detail and errors list 'Risk closure'; nothing written  800ms
   ✓ G5 Scale (REQ-PB-020, REQ-PB-015) > an approved disposition completes Risk closure (a pending one does not; a medium risk never counts)  755ms
   ✓ G5 Scale (REQ-PB-020, REQ-PB-015) > G5 configured to BO: an SP decision is 403 gate.not_approver, a BO decision with the scale scope is 201  772ms
   ✓ G5 Scale (REQ-PB-020, REQ-PB-015) > the scale-scope rules (ADR-0035 §5): required with a G5 approval, refused elsewhere, items inside the organization  1235ms
   ✓ G5 decision rights (D-094; ADR-0035 §8) > AUD 403 on the G5 submission and decision; an ADM-only caller 403 on the decision (D-094); nothing written  646ms
   ✓ G1-G4 refusals keep the DG2 key form (ADR-0035 §2: the label form is G5/G6 only) > a G4 submission with gaps names the criterion keys in its detail, as in DG3  608ms
   ✓ G6 Sustain (REQ-PB-021, REQ-S04-008, REQ-S04-002) > without an accepted BAU handover: 422 listing 'Ownership transfer'; nothing written  583ms
   ✓ G6 Sustain (REQ-PB-021, REQ-S04-008, REQ-S04-002) > with every fact: 201 with a frozen g6 snapshot; an edit afterwards leaves it unchanged; the SP approval changes no phase, closes nothing and writes no DG delivery record  1336ms
   ✓ G6 Sustain (REQ-PB-021, REQ-S04-008, REQ-S04-002) > G6 allows SP only: a BO cannot be configured as its approver (DG2 422 gate.approver_role_not_allowed)  883ms
 ✓ |integration| apps/api/test/integration/sustainment/controls.test.ts (15 tests) 3819ms
   ✓ control checks: a failed check emits one control_check.failed (REQ-S11-008) > a passed check emits nothing; AUD/WL 403, ADM 404, If-Match 428/409  303ms
   ✓ control checks: a failed check emits one control_check.failed (REQ-S11-008) > authorization is re-checked at commit time: a recorder revoked mid-request gets 403 and nothing is written  457ms
   ✓ S-4 commit-time authorization and S-1 free text on the other mutations of this file > free text: a blank name or outcome note is 400 validation.blank at its pointer; U+0000 is invalid_character  466ms
 ✓ |integration| apps/api/test/integration/portfolio/structure.test.ts (18 tests) 2250ms
 ✓ |integration| apps/api/test/integration/sustainment/handovers.test.ts (11 tests) 2851ms
   ✓ only the receiving owner accepts or returns (REQ-S11-005) > return needs a reason (400 bau_handover.return_reason_required); returned -> edited -> resubmitted  315ms
   ✓ acceptance transfers routine ownership and creates the first review exactly once (REQ-PB-083) > area -> BAU; KPIs, controls and benefits transferred; one review and one My Work item for the BAU owner  302ms
   ✓ preparation rules, gates and concurrency > commit-time: bau_handover.accept revoked while the acceptance waited is 403; nothing written  341ms
 ✓ |integration| apps/api/test/integration/governance/executive-decisions.test.ts (17 tests) 3424ms
   ✓ updateExecutiveDecision and the SLA due date (ADR-0032 §6) > edits an open ask (If-Match 428/409); options replaced (withdrawn, never deleted); re-owning creates the new owner's item  653ms
   ✓ updateExecutiveDecision and the SLA due date (ADR-0032 §6) > T-DG4-BE-R1: the owner's item follows the ask: a required-date change moves it; A -> B -> A leaves one, A's  334ms
 ✓ |integration| apps/api/test/integration/approvals/approvals.test.ts (17 tests) 4823ms
   ✓ routing (REQ-S10-008; ADR-0026 §2, §8) > a mapped person without a business-approver role is refused (422 routing.assignee_not_approver)  511ms
   ✓ request (ADR-0026 §4, §5) > SLA types: next SteerCo is Unknown (never guessed); urgent needs a reason and a configured route; release plan without a milestone is Unknown  769ms
   ✓ decide (REQ-S10-014, REQ-S10-016, REQ-S10-017, REQ-S10-018) > REQ-S10-018: 'request changes' returns the item to the requester without closing it; resubmit opens round 2  310ms
   ✓ decide (REQ-S10-014, REQ-S10-016, REQ-S10-017, REQ-S10-018) > commit-time authorization: a decide right revoked (or a session ended) while the request waits is refused  698ms
 ✓ |integration| apps/api/test/integration/blank-text.test.ts (29 tests) 11346ms
   ✓ blank free text is rejected (400 + pointer), nothing is written and nothing is audited > charter create with a blank field writes no charter  634ms
   ✓ valid text still succeeds (stored as entered) and null still clears > charter: text with surrounding spaces is kept verbatim; null clears; each change is audited once  675ms
   ✓ defense in depth: blank text already in the database is never 'present' (G1 readiness, pre-checks, thesis) > blank In scope, Case for change, thesis part and T01 texts read as missing  554ms
   ✓ invisible-only free text is blank (F-DG2-160) > Out of scope "‏" is 400 validation.blank at /outOfScope; nothing written, no audit  770ms
   ✓ invisible-only free text is blank (F-DG2-160) > Out of scope "" is 400 validation.blank at /outOfScope; nothing written, no audit  597ms
   ✓ invisible-only free text is blank (F-DG2-160) > Out of scope "⁠⁠⁠" is 400 validation.blank at /outOfScope; nothing written, no audit  499ms
   ✓ invisible-only free text is blank (F-DG2-160) > Out of scope "؜" is 400 validation.blank at /outOfScope; nothing written, no audit  545ms
   ✓ invisible-only free text is blank (F-DG2-160) > Out of scope "️͏" is 400 validation.blank at /outOfScope; nothing written, no audit  423ms
   ✓ invisible-only free text is blank (F-DG2-160) > Out of scope "᠋᠏" is 400 validation.blank at /outOfScope; nothing written, no audit  404ms
   ✓ invisible-only free text is blank (F-DG2-160) > Out of scope "\u0001" is 400 validation.blank at /outOfScope; nothing written, no audit  343ms
   ✓ invisible-only free text is blank (F-DG2-160) > Out of scope "󠄀 ឴឵" is 400 validation.blank at /outOfScope; nothing written, no audit  319ms
   ✓ invisible-only free text is blank (F-DG2-160) > Out of scope "𖿤" is 400 validation.blank at /outOfScope; nothing written, no audit  335ms
   ✓ invisible-only free text is blank (F-DG2-160) > Out of scope "𝅙" is 400 validation.blank at /outOfScope; nothing written, no audit  340ms
   ✓ invisible-only free text is blank (F-DG2-160) > Out of scope "𝅙𝅙" is 400 validation.blank at /outOfScope; nothing written, no audit  326ms
   ✓ invisible-only free text is blank (F-DG2-160) > Out of scope " 𖿤\t𝅙 " is 400 validation.blank at /outOfScope; nothing written, no audit  418ms
   ✓ invisible-only free text is blank (F-DG2-160) > visible text that contains U+16FE4 or U+1D159 is accepted verbatim and counts as documented (F-DG2-230)  750ms
   ✓ invisible-only free text is blank (F-DG2-160) > an Arabic Out of scope with RLM marks is accepted verbatim, the pre-check reads pass and G1 does not list it  634ms
   ✓ invisible-only reasons are blank on every reason endpoint (F-DG2-160, T-DG2-BE7) > evidence-link removal: invisible reason is 400 at /reason; a valid reason removes  307ms
   ✓ invisible-only reasons are blank on every reason endpoint (F-DG2-160, T-DG2-BE7) > P1 transformation archive (reasonRequest): invisible reason is 400 at /reason; a valid reason archives  615ms
 ✓ |integration| apps/api/test/integration/sustainment/transition-decisions.test.ts (10 tests) 3405ms
   ✓ create (ADR-0034 §3, §12) > 422 monitoring_after_end, benefit_validated and validation.reference (exact texts); nothing written  405ms
   ✓ REQ-S11-007: forecast stays forecast; monitoring tasks for the residual owner (ADR-0034 §3, §6) > after the decision nothing is validated or sustained, and the residual owner gets the monitoring task once  324ms
   ✓ REQ-S11-007: forecast stays forecast; monitoring tasks for the residual owner (ADR-0034 §3, §6) > parity (D-102 (2)): the worker's runMonitoringScan writes the same rows as the API's scheduleMonitoringReviews  892ms
stdout | apps/api/test/integration/request-io.test.ts > F-DG2-411: a stalled upload holds no pooled connection and no row lock > reviewer's R8: N stalled uploads (N = pool size) leave /me and /readyz answering promptly; nothing is stored
BE17 R8: {"poolSize":5,"stalledUploads":5,"sessions":{"sessions":5,"visible":5,"idleInTx":0,"nonIdle":0},"me":{"status":200,"ms":18},"ready":{"status":200,"ms":38},"patch":{"status":200,"ms":36},"leftovers":[],"rows":0,"closeMs":1,"errors":[]}

stdout | apps/api/test/integration/request-io.test.ts > F-DG2-411: a stalled upload holds no pooled connection and no row lock > an upload whose If-Match goes stale during the body: 409 version_conflict, no content row, no object
BE17 stale-if-match: {"patchDuringBody":{"status":200,"ms":55},"patch":{"status":200,"ms":55},"upload":{"status":409,"type":"urn:mth:problem:version-conflict","title":"Version conflict","detail":"The record was changed by someone else. Review the current version and re-apply your change.","code":"version_conflict","requestId":"01a12483-f8a8-76a9-a660-18dc5cce7e56","currentVersion":2},"rows":0,"files":[],"version":2,"closeMs":1}

stdout | apps/api/test/integration/request-io.test.ts > F-DG2-411: a stalled upload holds no pooled connection and no row lock > valid uploads stay byte-exact with their sha256 (stored, recorded and downloaded), no temporary object left
BE17 valid-uploads: {"out":[{"size":1,"status":200,"rows":1,"sha":true,"files":["/var/tmp/mth-run.xdim35/claude-0/mth-evidence-it-vfdJ5X/01a12483-ed26-733c-acd5-b9e6715470d5/01a12483-ee2d-73ea-aa79-fcc98375c25b/01a12483-faf2-724a-85fd-0b5396f38e8c/01a12483-fb08-7789-b896-6b047487ef10"]},{"size":65536,"status":200,"rows":1,"sha":true,"files":["/var/tmp/mth-run.xdim35/claude-0/mth-evidence-it-vfdJ5X/01a12483-ed26-733c-acd5-b9e6715470d5/01a12483-ee2d-73ea-aa79-fcc98375c25b/01a12483-fbc4-7769-a505-e85c7f777eae/01a12483-fbd1-73ef-985d-6917f86550e9"]},{"size":3145728,"status":200,"rows":1,"sha":true,"files":["/var/tmp/mth-run.xdim35/claude-0/mth-evidence-it-vfdJ5X/01a12483-ed26-733c-acd5-b9e6715470d5/01a12483-ee2d-73ea-aa79-fcc98375c25b/01a12483-fbf2-7356-823d-f6e5ee26237c/01a12483-fc02-76ee-a6ba-f83a3d98b657"]}],"closeMs":0}

stdout | apps/api/test/integration/request-io.test.ts > F-DG2-411: a stalled upload holds no pooled connection and no row lock > sweep: downloads to slow readers (N+1 paused readers, pool size N) hold no pooled connection
BE17 slow-readers: {"poolSize":2,"readers":3,"bytesReceivedWhilePaused":[65536,65536,65536],"fileBytes":25165824,"me":{"status":200,"ms":19},"ready":{"status":200,"ms":7},"sessions":{"sessions":2,"visible":2,"idleInTx":0,"nonIdle":0},"closeMs":1}

stdout | apps/api/test/integration/request-io.test.ts > F-DG2-411: a stalled upload holds no pooled connection and no row lock > defence in depth: an exhausted pool answers 503 after the bounded checkout wait (and /readyz 503), never a hang
BE17 pool-exhausted: {"me":{"status":503,"ms":411},"meCode":"unavailable","ready":{"status":503,"ms":400},"meAfter":{"status":200,"ms":9},"closeMs":0}

stdout | apps/api/test/integration/request-io.test.ts > F-DG2-412: an aborted or stalled body is never a 500 and never an error-level log > R6a stalled JSON body, requestTimeout 408: answered (if at all) below 500, logged below error level, nothing stored
BE17 R6a: {"status":408,"classified":0,"completed":[],"errors":[],"rows":0,"files":[],"closeMs":1}

stdout | apps/api/test/integration/request-io.test.ts > F-DG2-412: an aborted or stalled body is never a 500 and never an error-level log > R6d JSON body aborted by the client: answered (if at all) below 500, logged below error level, nothing stored
BE17 R6d: {"status":null,"classified":26,"completed":[],"errors":[],"rows":0,"files":[],"closeMs":1}

stdout | apps/api/test/integration/request-io.test.ts > F-DG2-412: an aborted or stalled body is never a 500 and never an error-level log > R6c stalled upload body, requestTimeout 408: answered (if at all) below 500, logged below error level, nothing stored
BE17 R6c: {"status":408,"classified":0,"completed":[],"errors":[],"rows":0,"files":[],"closeMs":0}

stdout | apps/api/test/integration/request-io.test.ts > F-DG2-412: an aborted or stalled body is never a 500 and never an error-level log > R6e upload body aborted by the client: answered (if at all) below 500, logged below error level, nothing stored
BE17 R6e: {"status":null,"classified":25,"completed":[],"errors":[],"rows":0,"files":[],"closeMs":0}

stdout | apps/api/test/integration/request-io.test.ts > F-DG2-412: an aborted or stalled body is never a 500 and never an error-level log > no over-match: a database-side ECONNRESET while the request body is still arriving is a 500 with an error log
BE17 db-econnreset: {"status":500,"resets":4,"errors":[{"msg":"unhandled error","code":"ECONNRESET","message":"read ECONNRESET"}]}

 ✓ |integration| apps/api/test/integration/request-io.test.ts (10 tests) 13878ms
   ✓ F-DG2-411: a stalled upload holds no pooled connection and no row lock > reviewer's R8: N stalled uploads (N = pool size) leave /me and /readyz answering promptly; nothing is stored  1995ms
   ✓ F-DG2-411: a stalled upload holds no pooled connection and no row lock > an upload whose If-Match goes stale during the body: 409 version_conflict, no content row, no object  628ms
   ✓ F-DG2-411: a stalled upload holds no pooled connection and no row lock > valid uploads stay byte-exact with their sha256 (stored, recorded and downloaded), no temporary object left  739ms
   ✓ F-DG2-411: a stalled upload holds no pooled connection and no row lock > sweep: downloads to slow readers (N+1 paused readers, pool size N) hold no pooled connection  1681ms
   ✓ F-DG2-411: a stalled upload holds no pooled connection and no row lock > defence in depth: an exhausted pool answers 503 after the bounded checkout wait (and /readyz 503), never a hang  1544ms
   ✓ F-DG2-412: an aborted or stalled body is never a 500 and never an error-level log > R6a stalled JSON body, requestTimeout 408: answered (if at all) below 500, logged below error level, nothing stored  2043ms
   ✓ F-DG2-412: an aborted or stalled body is never a 500 and never an error-level log > R6d JSON body aborted by the client: answered (if at all) below 500, logged below error level, nothing stored  759ms
   ✓ F-DG2-412: an aborted or stalled body is never a 500 and never an error-level log > R6c stalled upload body, requestTimeout 408: answered (if at all) below 500, logged below error level, nothing stored  2035ms
   ✓ F-DG2-412: an aborted or stalled body is never a 500 and never an error-level log > R6e upload body aborted by the client: answered (if at all) below 500, logged below error level, nothing stored  965ms
   ✓ F-DG2-412: an aborted or stalled body is never a 500 and never an error-level log > no over-match: a database-side ECONNRESET while the request body is still arriving is a 500 with an error log  557ms
 ✓ |integration| apps/api/test/integration/gates/g4.test.ts (5 tests) 8268ms
   ✓ G4 submission refused with the missing items named (ADR-0021 §7) > 422 gate_criteria_incomplete names 'Owners', 'Finance validation', the initiative without a gap link, the missing funding and capacity commitment; nothing written  1556ms
   ✓ G4 submission refused with the missing items named (ADR-0021 §7) > an empty portfolio is 'Initiative cards' (g4.portfolio_empty); a capacity over-allocation and Unknown are conflicts  2004ms
   ✓ G4 treats an Unknown schedule as a missing item (D-079; ADR-0021 §7, §11 item 3) > 'Schedule unknown: DEP-nn' refuses the submission; a mitigation or the missing date clears it  1850ms
   ✓ G4 end to end with distinct synthetic TL, FIN, SP and capacity-owner users > TL submits; FIN validates and funds; the capacity owner commits; 403/403/409 hold; SP approves -> phase transform  1395ms
   ✓ G4 end to end with distinct synthetic TL, FIN, SP and capacity-owner users > the submitter cannot decide G4, even holding the approver role (403 gate.submitter_cannot_decide)  1144ms
 ✓ |integration| apps/api/test/integration/adoption/assessment-records.test.ts (10 tests) 2098ms
 ✓ |integration| apps/worker/test/integration/adoption-below-trajectory.test.ts (14 tests) 4193ms
   ✓ the outbox relay fans kpi.deviation_evaluated out (D-102) > one event reaches both consumers exactly once; a relay retry and a replayed send duplicate nothing  391ms
 ✓ |integration| apps/api/test/integration/adoption/assessment-forms.test.ts (10 tests) 2497ms
   ✓ authorisation (ADR-0033 §9) > AUD, TL and FIN 403 on writes; ADM-only and outsiders 404; another transformation 404; commit-time 403  307ms
 ✓ |integration| apps/api/test/integration/adoption/interventions.test.ts (8 tests) 1903ms
 ✓ |integration| apps/api/test/integration/tasks/work-items.test.ts (15 tests) 1250ms
 ✓ |integration| apps/api/test/integration/reporting/modular.test.ts (14 tests) 8812ms
   ✓ REQ-PB-005 / REQ-S03-005: Modular entry at Design with an inherited G2 approval > G2 is labelled inherited (never approved); baseline and outcome link are missing until supplied  1138ms
   ✓ REQ-PB-005 / REQ-S03-005: Modular entry at Design with an inherited G2 approval > a pending inherited approval is inherited_pending_verification and an inherited_approval_unverified warning  596ms
   ✓ REQ-PB-005 / REQ-S03-005: Modular entry at Design with an inherited G2 approval > a gate approved by the platform is the only `approved` label  488ms
   ✓ REQ-PB-005 / REQ-S03-005: Modular entry at Design with an inherited G2 approval > scope: another organization's TO gets 404; a malformed id is 400  729ms
   ✓ REQ-S03-005: labelled inherited records > inherited evidence and baseline are listed with provenance and the inherited label, beside the prior approval  954ms
   ✓ REQ-S03-005: labelled inherited records > End-to-End → 422 inherited_record.not_modular; prior_approval → 422 use_dispensation; nothing written  947ms
   ✓ REQ-S03-005: labelled inherited records > validation: 400 for a missing id or blank text; 422 for a record outside the transformation; 409 duplicate  945ms
   ✓ S-4: authorization, If-Match and audit on every write > AUD and BO get 403 on create and withdraw; nothing written  513ms
   ✓ S-4: authorization, If-Match and audit on every write > T-DG4-BE-R3 (JK.10 item 3): another organization's TO gets 404 on create and withdraw, as on reads; nothing written  532ms
   ✓ S-4: authorization, If-Match and audit on every write > withdraw: 428 without If-Match, 409 stale, 404 unknown id, 422 when already withdrawn  505ms
   ✓ S-4: authorization, If-Match and audit on every write > one audit event per mutation, in the write's transaction  407ms
   ✓ S-4: authorization, If-Match and audit on every write > T-DG4-BE-R3 getInheritedRecord: 200 + ETag active or withdrawn; 404 for a prior_approval id, unknown id, outsider  441ms
   ✓ S-4: authorization, If-Match and audit on every write > commit-time: a grant revoked while the create waited is 403; nothing written  368ms
 ✓ |integration| apps/api/test/integration/benefits/measurements.test.ts (12 tests) 3470ms
   ✓ create, read, list (ADR-0030 §2) > BO records a draft: 201, Location, ETag, basis, one audit event; list newest first; AUD reads  375ms
   ✓ create, read, list (ADR-0030 §2) > the §11 refusals: step, value shape, unmonetised, period taken, period range, unknown evidence  457ms
 ✓ |integration| apps/api/test/integration/transformations.test.ts (30 tests) 7354ms
   ✓ create > persists a draft End-to-End record in Diagnose with organization defaults (Asia/Riyadh, SAR) and a generated code  714ms
   ✓ create > writes exactly one audit event and one outbox event, in the same transaction  354ms
   ✓ create > rolls back record, audit and outbox together when a rule fails (duplicate code -> 409)  353ms
   ✓ Idempotency-Key on create > rejects the same key with a different body (422) and a malformed key (400)  343ms
   ✓ closure is not a status edit (F-DG1-001: closure needs the G6 business approval, absent in P1) > refuses active -> closed with 422 invalid-transition; the record keeps its state, version and audit trail  389ms
   ✓ closure is not a status edit (F-DG1-001: closure needs the G6 business approval, absent in P1) > refuses on_hold -> closed with 422 invalid-transition; the record keeps its state, version and audit trail  435ms
   ✓ closure is not a status edit (F-DG1-001: closure needs the G6 business approval, absent in P1) > refuses a close from draft as well (no path to closed exists in P1)  418ms
   ✓ archive > needs a reason, If-Match and transformation.archive; archived records are read-only and hidden by default  532ms
   ✓ list: filters, sorting and cursor pagination > pages through a stable order without duplicates or gaps  2259ms
   ✓ audit trail endpoint > lists events newest first with actor names, paginated; needs audit.read (TO yes, others 403/404)  503ms
 ✓ |integration| apps/worker/test/integration/raid-corrective.test.ts (10 tests) 3709ms
   ✓ raid.corrective_control and raid.corrective_adoption through the production worker (REQ-S12-016) > a failed control check opens one owned case with a 5-working-day follow-up and one work item; replay and restart create none  871ms
 ✓ |integration| apps/api/test/integration/dg2-repairs.test.ts (13 tests) 6614ms
   ✓ F-DG2-142 evidence-link removal needs edit rights on the record (REQ-S10-001) > repro: a WL cannot remove the TL's link on a T01 row they may not edit (403 + denial audit); the TL can  1156ms
   ✓ charter thesis (F-DG2-203) and current North Star (F-DG2-204) > REQ-PB-030: an empty thesis part is flagged on the charter and keeps G2 g2.outcome_tree incomplete  300ms
   ✓ F-DG2-205 sequential product gates (REQ-S04-005, B0009, B0023) > End-to-End: G2 and G3 cannot be submitted before their predecessor is approved (422 gate.out_of_sequence), nothing written  1055ms
   ✓ F-DG2-205 sequential product gates (REQ-S04-005, B0009, B0023) > repro: a pending G3 cannot be APPROVED while G2 is unapproved (422), the phase does not jump, nothing is written  572ms
   ✓ F-DG2-205 sequential product gates (REQ-S04-005, B0009, B0023) > an approval advances exactly one step from the gate's own phase; it never skips (define -> mobilize refused)  673ms
   ✓ F-DG2-205 sequential product gates (REQ-S04-005, B0009, B0023) > Modular entry stays valid: entering at design, G3 is not blocked by the earlier gates (only by its own criteria)  982ms
 ✓ |integration| apps/api/test/integration/adoption/stakeholder-groups.test.ts (11 tests) 2064ms
   ✓ authorization (ADR-0033 §9; S-4) > AUD is 403 on every write; ADM-only and outsiders 404 on every read and write; nothing is written  401ms
 ✓ |integration| apps/api/test/integration/calendar/calendar.test.ts (13 tests) 2482ms
   ✓ REQ-S15-008: time semantics and per-row currency > changing the organization's default currency affects only new records  858ms
 ✓ |integration| apps/api/test/integration/governance/raci-matrices.test.ts (12 tests) 6152ms
   ✓ REQ-S10-007: independent copies; edits are authorized, versioned and audited > changing one transformation's RACI changes neither the template nor another transformation  543ms
   ✓ REQ-S10-007: independent copies; edits are authorized, versioned and audited > commit-time authorization: a raci.edit right revoked while the request waits is refused, nothing written  538ms
   ✓ governance matrix approval (REQ-S10-007 'versioned, approved changes'; REQ-PB-067 'approve: SP') > submit freezes the version and routes it to the Sponsor; the Sponsor approves it; a later edit returns it to draft  881ms
   ✓ governance matrix approval (REQ-S10-007 'versioned, approved changes'; REQ-PB-067 'approve: SP') > T11: TL submits (decision_right.configure); a rejection returns the matrix to draft and unfreezes the rows  916ms
   ✓ governance matrix approval (REQ-S10-007 'versioned, approved changes'; REQ-PB-067 'approve: SP') > an unmapped Sponsor blocks the submit with a visible routing error; nothing is written  1169ms
   ✓ REQ-PB-008: Transform readiness (operating model before execution) > not ready when the charter decision rights or T11 are empty; ready once they are completed; DG3 readiness unchanged  853ms
 ✓ |integration| apps/api/test/integration/kpi-p4/versions.test.ts (10 tests) 2200ms
   ✓ REQ-S07-001: the dictionary entry holds every listed field > the DG2 create without polarity or unit is still 400; a complete active version reads back every field  356ms
 ✓ |integration| apps/api/test/integration/workflows/modular-waiver.test.ts (13 tests) 16105ms
   ✓ ADR-0021 W1: the one changed condition of createGateDispensation > a Modular G3 waiver with no initiative: 201 pending, version 1, audited gate_dispensation.create  656ms
   ✓ ADR-0021 W1: the one changed condition of createGateDispensation > every other Modular waiver keeps the DG3 refusal: G1, G2, and G3 with an initiative (recorded for A/B)  519ms
   ✓ ADR-0021 W2: who decides a Modular-links waiver > G3's approver (SP) accepts it (200); the recorder (403) and a non-approver (403 gate.not_approver) cannot  852ms
   ✓ ADR-0038 B1 at G3 submission > criteria met, links missing, an accepted waiver in force → 201 with modularLinks in the snapshot; report unchanged  868ms
   ✓ ADR-0038 B1 at G3 submission > only the outcome link missing: missing lists it alone  1263ms
   ✓ ADR-0038 B1 at G3 submission > links supplied: no modularLinks member even with a waiver in force (the snapshot is the DG3 one)  1186ms
   ✓ ADR-0038 B1 at G3 submission > which waiver: the latest expiry, ties broken by the greatest id  1963ms
   ✓ ADR-0038 B1 at G3 submission > pending, rejected, revoked or expired (injected exception clock) waivers → 422 gate.modular_links_missing; nothing written  4258ms
   ✓ ADR-0038 B1 at G3 approval > the waiver in force: approval 201, G3 approved; the decision is the SP's  803ms
   ✓ ADR-0038 B1 at G3 approval > revoked after submission → 422 gate.modular_waiver_revoked with the revoke date; a later waiver does not rescue it; reject stays allowed  1019ms
   ✓ ADR-0038 B1 at G3 approval > expired by approval time (injected clock) → 422 gate.modular_waiver_expired with the expiry date; nothing written  768ms
   ✓ ADR-0038 B1 at G3 approval > revoked and expired: the revoke is reported  925ms
   ✓ ADR-0038 B1 at G3 approval > a Modular G3 submitted with its links (no modularLinks) is decided exactly as before  802ms
 ✓ |integration| apps/worker/test/integration/kpi-recalculate.test.ts (5 tests) 4478ms
   ✓ kpi.recalculate through the relay and the production worker (REQ-S07-013, REQ-S12-006) > writes one run; a redelivery and a restarted worker write no second run  992ms
   ✓ kpi.recalculate: a failure on the last attempt is recorded as a failed run (ADR-0027 §8 step 4; T-DG4-KBE-R1) > through the production worker: the attempt that pg-boss retries records nothing, the final attempt records the failed run and the job dead-letters  1388ms
 ✓ |integration| apps/api/test/integration/sustainment/status-model.test.ts (9 tests) 2856ms
   ✓ labels (ADR-0034 §2; REQ-PB-009, REQ-S11-006) > REQ-PB-009: delivery Complete without a validated benefit is 'Delivered — value validation pending'  986ms
   ✓ labels (ADR-0034 §2; REQ-PB-009, REQ-S11-006) > REQ-S11-006: all initiatives complete with value pending is 'Delivery complete - value validation pending'  476ms
 ✓ |integration| apps/api/test/integration/governance/meetings.test.ts (12 tests) 4402ms
   ✓ createMeeting and getMeeting (REQ-S16-019 Meeting) > TL creates an ad-hoc meeting: chair from the forum's chair party, quorum copied, cut-off on the business calendar  423ms
   ✓ createMeeting and getMeeting (REQ-S16-019 Meeting) > without a business calendar the cut-off is Unknown (calendar_not_configured), never guessed  508ms
   ✓ createMeeting and getMeeting (REQ-S16-019 Meeting) > negative: SP and AUD 403, ADM-only and another organization 404; validation 400; archived forum 422  418ms
   ✓ updateMeeting and the state machine (ADR-0032 §3.1) > start -> close; illegal edges are 422 meeting.status_transition; quorum locks once the session starts  417ms
 ✓ |integration| apps/api/test/integration/groups/groups.test.ts (9 tests) 3302ms
   ✓ groups (ADR-0026 §1) > members: same organization only, one current membership, removal with a reason kept as history  355ms
   ✓ governance parties and role mappings (ADR-0026 §2; REQ-S10-008) > create: role_mapping.assign (TL, TO); WL, AUD 403; one active mapping per party; targets validated; audited  505ms
   ✓ REQ-S16-011: the identity and access entity group through the API, with authorization enforced > creates and reads Organization, BusinessUnit, User, Group, ScopedAssignment and Delegation; reads Role and Permission  476ms
 ✓ |integration| apps/api/test/integration/governance/agenda.test.ts (11 tests) 3529ms
   ✓ publishAgendaItem: the seven elements (REQ-PB-068, REQ-S10-012) > an item may link an open T16 ask instead of a brief; a decided ask or a non-executive decision is not linkable  386ms
   ✓ updateAgendaItem, withdrawAgendaItem and the chair rule > a draft is edited (If-Match 428/409, audited); a published item is 422 not_draft; a withdrawn item is final  317ms
   ✓ authorization (ADR-0032 §9) > AUD 403 on every write, reads in scope; ADM-only and another organization 404  532ms
 ✓ |integration| apps/api/test/integration/gates.test.ts (12 tests) 10608ms
   ✓ starter structure and live readiness > a new transformation has six gate instances (G1-G6), draft, approver SP; G5-G6 are enabled (0059) but out of sequence  1134ms
   ✓ starter structure and live readiness > G1 submission without an initial charter is refused (422 gate_criteria_incomplete) and writes nothing  635ms
   ✓ starter structure and live readiness > REQ-S13-012: evidence that is only a filename (or an inaccessible link) leaves g1.diagnostic incomplete  1399ms
   ✓ submission and decision (business approval by a person) > stale If-Match on submit is 409; a valid submit freezes submission 1 with its criteria and charter version  431ms
   ✓ submission and decision (business approval by a person) > the submitter cannot decide, even when they hold the approver role (403 gate.submitter_cannot_decide)  1478ms
   ✓ submission and decision (business approval by a person) > configuring the approver: allowed roles only, refused while a submission is pending, needs gate.configure  892ms
   ✓ G2 Direction readiness (REQ-PB-036 failing outcomes, REQ-PB-037 guardrails) > lists every outcome whose good outcome test is not passing (ids + criteria); zero guardrails blocks submission  1716ms
   ✓ decision outcome text is cut on a code-point boundary (F-DG2-260) > a rationale with an emoji at the 8000 boundary: the decision is recorded and outcome_text has no U+FFFD  888ms
 ✓ |integration| apps/api/test/integration/governance/decision-rights.test.ts (11 tests) 4649ms
   ✓ REQ-PB-065: the four T11 rows, seeded verbatim (B0099) > POST /transformations copies the four rows verbatim, both matrix headers and the six T12 deliverables (36 cells)  421ms
   ✓ REQ-PB-065: the four T11 rows, seeded verbatim (B0099) > an unmapped Approve party is a visible routing error (422 routing.role_unmapped), never a fallback  956ms
   ✓ T11 edits (ADR-0026 §5; S-4) > TL adds and edits a row; AUD, BO and outsiders are refused; If-Match 428/409; audited; the template never changes  409ms
   ✓ T11 edits (ADR-0026 §5; S-4) > commit-time authorization: a configure right revoked while the request waits is refused, nothing written  698ms
 ✓ |integration| apps/api/test/integration/governance/meeting-series.test.ts (11 tests) 3878ms
   ✓ REQ-PB-060 A01: a series generates meetings on the configured recurrence > a weekly Workstream Review series creates one meeting per week to the horizon in the same call  461ms
   ✓ REQ-PB-060 A01: a series generates meetings on the configured recurrence > REQ-S10-005 A06: weekly -> fortnightly regenerates FUTURE meetings only > cancels future empty meetings, keeps today's, past and content meetings, and generates the fortnightly dates  326ms
   ✓ working days come from the business calendar (ADR-0025 §1) > without a business calendar a daily series generates nothing (calendar_not_configured); a 'keep' weekly series generates with an Unknown cut-off  551ms
   ✓ createMeetingSeries authorization and validation > negative: AUD, TL 403; ADM-only, another organization 404; a forum of another transformation is 400  500ms
 ✓ |integration| apps/api/test/integration/invalid-utf8.test.ts (14 tests) 6864ms
   ✓ a JSON body with invalid UTF-8 is 400 validation.json, the same with Content-Length and chunked > charter create: 400 for every invalid sequence and framing; no charter, no audit row, no U+FFFD stored  1674ms
   ✓ a JSON body with invalid UTF-8 is 400 validation.json, the same with Content-Length and chunked > charter update (PATCH, If-Match): version, value and audit trail unchanged  691ms
   ✓ over a real socket (the framing the reviewer probed), unauthenticated and authenticated > 400 validation.json for both framings, with and without a session; nothing stored  816ms
   ✓ valid UTF-8 round-trips verbatim; one BOM is accepted and stripped > Arabic and emoji text, with Content-Length and chunked: stored and audited byte for byte  1298ms
   ✓ valid UTF-8 round-trips verbatim; one BOM is accepted and stripped > a leading BOM (EF BB BF) is stripped: the charter is created with the exact text  1100ms
 ✓ |integration| apps/api/test/integration/portfolio/capacity.test.ts (7 tests) 7597ms
   ✓ the conflict rule (ADR-0023 §6) > over-allocated with the decimal shortfall; Unknown without a capacity row; a cancelled initiative's demand does not count  1071ms
   ✓ the conflict rule (ADR-0023 §6) > the prioritization view carries the capacity flags (DEFAULT_FLAG_SOURCES wired), on the item and its initiative  1020ms
   ✓ validation, authorization, If-Match and audit of every capacity mutation > roles: create/update with 400, 403 (AUD, no capacity.edit), 409 duplicate code, 428/409 If-Match, audit  644ms
   ✓ validation, authorization, If-Match and audit of every capacity mutation > capacity: FTE is a decimal string (numbers, 3 decimals, negatives -> 400), month is YYYY-MM-01, one active row per role and month  1079ms
   ✓ validation, authorization, If-Match and audit of every capacity mutation > demand: planned -> committed -> released; 422s for the wrong state; commit needs capacity.commit (TL 403, TO 200); audit  1370ms
   ✓ validation, authorization, If-Match and audit of every capacity mutation > a cancelled initiative's demand is read-only: create, update, commit and release -> 422 initiative.read_only  877ms
   ✓ validation, authorization, If-Match and audit of every capacity mutation > BE18A: every capacity mutation re-authorises at commit - a grant revoked while the request waits is 403, nothing written  1274ms
 ✓ |integration| apps/api/test/integration/raid/register.test.ts (15 tests) 2742ms
   ✓ authorization, concurrency and commit-time checks (S-4; ADR-0031 §9) > AUD and a role without raid.edit (BO) get 403 on every write whatever the body; nothing written  343ms
 ✓ |integration| apps/worker/test/integration/gates.test.ts (8 tests) 8138ms
   ✓ gate.submitted -> approver tasks (REQ-S12-009) > one task per required approver referencing the snapshot; redelivery none; supersession cancels; the decider's task is done  1779ms
   ✓ gate.submitted -> approver tasks (REQ-S12-009) > no approver on the transformation: one routing.role_unmapped notice to the submitter, never a silent skip  765ms
   ✓ gate.decided -> enable the next phase and the approved scope (REQ-S12-010) > G2 approval creates the four Design steps and their tasks once; a redelivery creates none  1240ms
   ✓ gate.decided -> enable the next phase and the approved scope (REQ-S12-010) > a G5 approval creates tasks only for its approved scope item and condition (a second initiative gets none)  1105ms
   ✓ parity and wiring (D-102) > the worker's approver resolution equals the API's canDecide for the same people  1036ms
   ✓ gate.exception_expiry_scan (REQ-S04-013) > notifies the requester and the approver exactly once after expiry; a second scan none; status and gate unchanged  2066ms
 ✓ |integration| apps/api/test/integration/portfolio/dispensations.test.ts (7 tests) 6262ms
   ✓ waivers (End-to-End launch sequencing) > create: 201 pending, version 1, audited; reason/expiry required, G1 never waived, no past expiry, AUD 403  770ms
   ✓ waivers (End-to-End launch sequencing) > decide: 428/409, AUD 403, not the recorder (403), only the gate's approver (403); accepted unblocks launch  880ms
   ✓ waivers (End-to-End launch sequencing) > separation of duties: the recorder can never accept their own dispensation (403), even holding gate.decide  743ms
   ✓ waivers (End-to-End launch sequencing) > revoke: only accepted ones, by the approver with a reason; If-Match; AUD 403; the blocker returns  1089ms
   ✓ inherited approvals (Modular entry) > need body, date and evidence; count only when the evidence is VERIFIED and another person accepted them  916ms
   ✓ the gate list and gate view inheritedApproval annotation (ADR-0021 §5; F-DG3-120) > pending_verification → accepted (counts) → revoked; G1 stays draft and no gate decision is ever written  1026ms
   ✓ the gate list and gate view inheritedApproval annotation (ADR-0021 §5; F-DG3-120) > an End-to-End transformation's gates carry inheritedApproval null (the DG2 shape otherwise unchanged)  669ms
 ✓ |integration| apps/api/test/integration/invalid-character.test.ts (20 tests) 7459ms
   ✓ U+0000 in a JSON body string is 400 validation.invalid_character; nothing is written or audited > charter create (outOfScope, freeText): no charter is created  682ms
   ✓ U+0000 in a JSON body string is 400 validation.invalid_character; nothing is written or audited > charter update (inScope): version, value and audit trail unchanged  725ms
   ✓ U+0000 in a JSON body string is 400 validation.invalid_character; nothing is written or audited > a NUL in an object key is reported at that key's pointer  497ms
   ✓ text without NUL is unaffected > visible text with other control-like marks (U+0001 inside, RLM) is accepted verbatim  746ms
   ✓ a lone UTF-16 surrogate in a JSON body string is 400 validation.invalid_character (F-DG2-260) > charter create (outOfScope, text column): no charter is created, nothing is stored as U+FFFD  724ms
   ✓ a lone UTF-16 surrogate in a JSON body string is 400 validation.invalid_character (F-DG2-260) > charter update (inScope): version, value and audit trail unchanged  762ms
   ✓ a lone UTF-16 surrogate in a JSON body string is 400 validation.invalid_character (F-DG2-260) > journey step name (reaches jsonb directly): 400 at /steps/0/name, not validation.format at ''  616ms
   ✓ a lone UTF-16 surrogate in a JSON body string is 400 validation.invalid_character (F-DG2-260) > a lone surrogate in an object key is reported at that key's pointer  598ms
   ✓ a lone UTF-16 surrogate in a JSON body string is 400 validation.invalid_character (F-DG2-260) > emoji (valid surrogate pairs) and Arabic are accepted and stored verbatim, in text and in jsonb  491ms
stdout | apps/api/test/integration/commit-time-auth.test.ts > F-DG2-440: an upload is authorised again at commit time (session re-resolved, grants reloaded) > Q1 the uploader's only grant is revoked while the body streams: 403 forbidden, audited as authorization.denied, nothing committed or stored
BE18 Q1 {"during":["01a12487-92c1-73e1-9047-ffd7d58f7fea.part"],"revoked":1,"response":{"status":403,"code":"forbidden"},"after":{"rows":[],"version":1,"current":null,"files":[],"uploads":0},"denials":[{"record_type":"transformation","record_id":"01a12487-8f6b-70ff-8f09-8b273e7a006e","reason":"POST /api/v1/transformations/:transformationId/evidence/:evidenceId/content requires transformation.read"}]}

stdout | apps/api/test/integration/commit-time-auth.test.ts > F-DG2-440: an upload is authorised again at commit time (session re-resolved, grants reloaded) > Q1b the uploading session is logged out while the body streams: 401 unauthenticated, nothing committed or stored
BE18 Q1b {"logout":200,"me":401,"response":{"status":401,"code":"unauthenticated"},"after":{"rows":[],"version":1,"current":null,"files":[],"uploads":0}}

stdout | apps/api/test/integration/commit-time-auth.test.ts > F-DG2-440: an upload is authorised again at commit time (session re-resolved, grants reloaded) > the uploading session reaches its idle expiry while the body streams: 401 unauthenticated, nothing committed or stored
BE18 idle-expiry {"expired":1,"response":{"status":401,"code":"unauthenticated"},"after":{"rows":[],"version":1,"current":null,"files":[],"uploads":0}}

stdout | apps/api/test/integration/commit-time-auth.test.ts > F-DG2-440: an upload is authorised again at commit time (session re-resolved, grants reloaded) > the uploading session reaches its absolute expiry while the body streams: 401 unauthenticated, nothing committed or stored
BE18 absolute-expiry {"expired":1,"response":{"status":401,"code":"unauthenticated"},"after":{"rows":[],"version":1,"current":null,"files":[],"uploads":0}}

stdout | apps/api/test/integration/commit-time-auth.test.ts > F-DG2-441: no transaction is open while the API waits on the IdP > Q7 never-answering IdP, pool max 3: three concurrent logins hold no connection or transaction; a signed-in user's /me stays prompt; the logins end in 302 idp_unavailable
BE18 Q7 {"pgActivityAt1s":[{"state":"idle","n":3}],"me":200,"meMs":8,"logins":[{"status":302,"location":"/login?error=idp_unavailable","ms":4004},{"status":302,"location":"/login?error=idp_unavailable","ms":4004},{"status":302,"location":"/login?error=idp_unavailable","ms":4004}]}

 ✓ |integration| apps/api/test/integration/commit-time-auth.test.ts (8 tests) 10044ms
   ✓ F-DG2-440: an upload is authorised again at commit time (session re-resolved, grants reloaded) > Q1 the uploader's only grant is revoked while the body streams: 403 forbidden, audited as authorization.denied, nothing committed or stored  629ms
   ✓ F-DG2-440: an upload is authorised again at commit time (session re-resolved, grants reloaded) > Q1b the uploading session is logged out while the body streams: 401 unauthenticated, nothing committed or stored  764ms
   ✓ F-DG2-440: an upload is authorised again at commit time (session re-resolved, grants reloaded) > the uploading session reaches its idle expiry while the body streams: 401 unauthenticated, nothing committed or stored  725ms
   ✓ F-DG2-440: an upload is authorised again at commit time (session re-resolved, grants reloaded) > the uploading session reaches its absolute expiry while the body streams: 401 unauthenticated, nothing committed or stored  611ms
   ✓ F-DG2-440: an upload is authorised again at commit time (session re-resolved, grants reloaded) > the uploader's user account is disabled while the body streams: 401, nothing committed  605ms
   ✓ F-DG2-440: an upload is authorised again at commit time (session re-resolved, grants reloaded) > positive control: an upload whose session and grant stay valid commits (200), byte-exact, audited once  669ms
   ✓ F-DG2-440: an upload is authorised again at commit time (session re-resolved, grants reloaded) > a grant revoked and granted again (a new assignment) while the body streams: the commit sees the CURRENT grants and succeeds  711ms
   ✓ F-DG2-441: no transaction is open while the API waits on the IdP > Q7 never-answering IdP, pool max 3: three concurrent logins hold no connection or transaction; a signed-in user's /me stays prompt; the logins end in 302 idp_unavailable  4284ms
 ✓ |integration| apps/api/test/integration/benefits/finance-validation.test.ts (9 tests) 3923ms
   ✓ REQ-PB-013: only Finance decides, and the audit names the validator > BO, AUD and ADM-only get 403; FIN approves; two audit events by FIN; the task is done; validated +amount  708ms
   ✓ REQ-S08-015: all six items, and the other §11 refusals > items not accepted, approved amount shape, rejection note, If-Match 428/409, SoD  628ms
   ✓ REQ-S08-015: all six items, and the other §11 refusals > a rejected value stays visible as rejected; the period can be measured again  316ms
   ✓ REQ-S08-015: all six items, and the other §11 refusals > REQ-S08-008: approval is refused while the basis is provisional; validating the baseline lifts it  397ms
   ✓ the queue read > queued first, oldest first; status filter; AUD reads; outsider 404; cursor pages  375ms
 ✓ |integration| apps/api/test/integration/benefits/overlaps.test.ts (11 tests) 2349ms
   ✓ the overlap rule (REQ-S08-014) > an update that changes the keys raises a warning; an update of other fields or an open pair raises none  340ms
 ✓ |integration| apps/api/test/integration/delegations/delegations.test.ts (13 tests) 8844ms
   ✓ delegated approvals (REQ-S10-010; ADR-0026 §3 rules 6-9) > after expiry B loses the capability (at once, before any sweep); the sweep then marks it expired, once  3026ms
   ✓ delegated approvals (REQ-S10-010; ADR-0026 §3 rules 6-9) > capability is the delegator's: a delegator who lost approval.decide gives the delegate nothing  1066ms
   ✓ delegated approvals (REQ-S10-010; ADR-0026 §3 rules 6-9) > never to the requester of an approval pending with the delegator (422 delegation.delegate_is_requester)  934ms
   ✓ delegated approvals (REQ-S10-010; ADR-0026 §3 rules 6-9) > the requester cannot approve through a delegation either (SoD: on behalf of the requester is 403)  852ms
 ✓ |integration| apps/api/test/integration/benefits/register.test.ts (17 tests) 2695ms
   ✓ updateBenefit and archiveBenefit > If-Match 428/409; version + 1 and one audit event with the diff  369ms
 ✓ |integration| apps/api/test/integration/kpi-p4/actuals.test.ts (11 tests) 4199ms
   ✓ direct-accept route (REQ-S07-012, REQ-S07-013, REQ-S07-017) > accepts at once: one slot, value 1 in force, one audit event, one kpi.actual_accepted event  473ms
   ✓ review route (REQ-S07-012) > a submitted value is not used until a reviewer accepts it; the accept writes one audit event  585ms
   ✓ review route (REQ-S07-012) > a rejection needs a reason and gives the submitter a correction task; a new value answers it  547ms
   ✓ review route (REQ-S07-012) > an unmapped reviewer party is 422 routing.role_unmapped and nothing is written  304ms
   ✓ refusals of the routine update (ADR-0027 §13) > no active version, period, frequency, scope, currency, shape and evidence, with the exact texts  451ms
 ✓ |integration| apps/api/test/integration/governance/forums.test.ts (12 tests) 2263ms
   ✓ forum participants (REQ-S10-005 'participants') > add a person and a group; duplicates are 409; list; remove is final and audited  304ms
 ✓ |integration| apps/worker/test/integration/sustainment-scans.test.ts (5 tests) 4060ms
   ✓ sustainment.review_scan after closure (REQ-S11-004, REQ-S03-002, REQ-PB-083) > the closed transformation's BAU area gets its next review on time, once; its linked KPI accepts an actual  1524ms
   ✓ sustainment.review_scan after closure (REQ-S11-004, REQ-S03-002, REQ-PB-083) > after a worker outage one run catches up every missed due date, once each; a rerun creates nothing  597ms
   ✓ sustainment.control_check_scan (REQ-S11-008) > end to end: a failed check emits one control_check.failed and slice E opens ONE recovery case (owner, follow-up)  445ms
 ✓ |integration| apps/api/test/integration/portfolio/budget.test.ts (13 tests) 2298ms
   ✓ refusals (ADR-0031 §11, exact codes and texts) > a second active line with the same label (any case) and month -> 409 budget_line.duplicate; archived lines free it  479ms
   ✓ authorization (ADR-0031 §9: budget.edit = TL, FIN) > AUD, WL, TO and BO get 403 on create, update and archive; ADM-only and outsiders 404; nothing written  304ms
 ✓ |integration| apps/api/test/integration/raid/actions.test.ts (9 tests) 2362ms
   ✓ the action register (ADR-0031 §4) > lists every action with its source; filters sourceKind, ownerUserId, status and overdue; DG2 path unchanged  463ms
 ✓ |integration| apps/api/test/integration/portfolio/links.test.ts (12 tests) 4971ms
   ✓ gap links (REQ-PB-040, REQ-PB-046) > G3 completeness is identical with and without initiatives and gap links (TOM is not the portfolio)  1084ms
   ✓ outcome contributions (REQ-PB-032) > needs an outcome (400 at /outcomeId) and a statement; the KPI must belong to the outcome (422)  352ms
   ✓ decision links (T05 'Required decisions', one decision model) > links a canonical decision of the transformation; foreign 422, duplicate 409; removable  964ms
   ✓ authorization on every link mutation > AUD gets 403 on the three creates and the three removes (audited denial, nothing written); a 404 for no access  383ms
 ✓ |integration| apps/api/test/integration/access-scope.test.ts (18 tests) 5406ms
   ✓ cross-scope WRITE is denied (404 when unreadable, 403 when readable but not permitted) > TL at BU a1 may create in a1 but not in the sibling a2 (BU unreadable -> 404) nor in org B  814ms
   ✓ a business-unit-scoped creator can work on what it created, and nothing more (F-DG1-106) > TL @ BU a1: create -> read -> list -> update -> audit -> archive all succeed (explicit, audited assignment)  898ms
   ✓ a business-unit-scoped creator can work on what it created, and nothing more (F-DG1-106) > still denies the BU-scoped creator every OTHER transformation, cross-BU and cross-organization  760ms
   ✓ a business-unit-scoped creator can work on what it created, and nothing more (F-DG1-106) > adds no assignment when the creator can already read the record (TO inherits downward)  621ms
   ✓ a business-unit-scoped creator can work on what it created, and nothing more (F-DG1-106) > never carries over a role that holds an approval permission (no approver is manufactured by a create)  766ms
   ✓ a business-unit-scoped creator can work on what it created, and nothing more (F-DG1-106) > revoking the source BU grant also revokes the derived assignment (same transaction, audited)  705ms
 ✓ |integration| apps/api/test/integration/raid/dependency-entries.test.ts (9 tests) 1762ms
 ✓ |integration| apps/api/test/integration/admin.test.ts (11 tests) 1152ms
   ✓ users > pre-provisions a user with an identity binding (user.manage), 409 on duplicate e-mail or identity, audited  417ms
 ✓ |integration| apps/api/test/integration/approvals/adm-not-approver.test.ts (4 tests) 3225ms
   ✓ REQ-S10-003: an ADM-only user is never a business approver > decideApproval: 403, also as a member of the assignee group; nothing written  1396ms
   ✓ REQ-S10-003: an ADM-only user is never a business approver > unchanged: a reader without the approval right, AUD, a non-member, a user with no grant, and a mixed-grant user  348ms
 ✓ |integration| apps/api/test/integration/reporting/allocation.test.ts (8 tests) 1667ms
   ✓ REQ-S03-006: the 100 % rule > two concurrent writes into one target cannot both commit above 100 %  391ms
 ✓ |integration| apps/api/test/integration/sustainment/closure.test.ts (9 tests) 3913ms
   ✓ closeInitiative (ADR-0034 §7; REQ-PB-009) > a validated benefit needs a BAU owner; then closed (basis validated_value, snapshot), audited; 409 again  1102ms
   ✓ closeInitiative (ADR-0034 §7; REQ-PB-009) > concurrent closes: exactly one closure record (one 201, one 409)  302ms
   ✓ closeInitiative (ADR-0034 §7; REQ-PB-009) > S-4: a TL revoked after the identity hook gets 403 at commit time (initiative and transformation); nothing written  400ms
   ✓ closeTransformation (ADR-0034 §7; REQ-S03-003; D-089 Q4) > in order: not open, G6 not approved, value pending, BAU pending; then closed (status closed, never archived)  880ms
 ✓ |integration| apps/api/test/integration/benefits/scenarios.test.ts (7 tests) 1842ms
   ✓ scenario values are never actuals (REQ-S08-018) > an upside value of 7 777 777 SAR appears in no value line and in no realized or validated figure  345ms
   ✓ scenario value rules (ADR-0029 §10, §11; REQ-S08-010) > parent, archived benefit, period taken, period range, no value, unknown benefit  340ms
 ✓ |integration| apps/api/test/integration/kpi-p4/trajectories.test.ts (8 tests) 1889ms
 ✓ |integration| apps/api/test/integration/reporting/finance-adoption.test.ts (9 tests) 6277ms
   ✓ Finance dashboard (REQ-S13-001 Finance; ADR-0030 §7) > gross lines and headlines drill to their records with an equal decimal sum; the queue count drills to its records  383ms
   ✓ REQ-S13-001: a user scoped to X sees no Y record or figure on the Finance and adoption dashboards > no tile, total or drill-down holds a Y record or figure  386ms
 ✓ |integration| apps/api/test/integration/portfolio/funding.test.ts (8 tests) 9291ms
   ✓ recording a funding decision (business approval) > approved: decision (executive, DEC-nn) + funding_decision + selected -> funded in one transaction, each audited  2008ms
   ✓ recording a funding decision (business approval) > rejected / deferred leave 'Selected - unfunded'; revoked returns funded -> selected; revoking unfunded or launched -> 422  1446ms
   ✓ recording a funding decision (business approval) > an initiative that is not selected -> 422 funding.not_selected with the exact text; nothing written  781ms
   ✓ delegation is refused (ADR-0021 §6) > onBehalfOfUserId -> 422 funding.on_behalf_not_supported at /onBehalfOfUserId, before the business preconditions; nothing written  863ms
   ✓ the deselect rule: deselecting voids funding > funded -> deselected -> re-selected is 'Selected - unfunded' and cannot launch; a new approved decision funds it  992ms
   ✓ validation, authorization and idempotency > 400 for malformed bodies; 422 for amounts numeric(20,4) cannot hold; unknown business case 422  916ms
   ✓ validation, authorization and idempotency > FIN and SP may record; TL, WL, TO and AUD get 403 (audited as authorization.denied); BE18A at commit  990ms
   ✓ validation, authorization and idempotency > Idempotency-Key: the same key and body replays the first response and writes once  1147ms
 ✓ |integration| apps/api/test/integration/bu-hierarchy-guard.test.ts (7 tests) 2616ms
stdout | apps/api/test/integration/shutdown-cleanup.test.ts > F-DG2-460: SIGTERM with an upload in flight leaves no temporary and no final object > R12-07: 2 MiB of a declared 10 MiB upload, then the client stalls; SIGTERM -> exit 0 within grace + backstop; the store is empty
BE18A R12-07 {"during":["01a12489-a617-713f-80ef-dbd79ec474d7/01a12489-a6ed-759e-bb06-b52b39cc63d0/01a12489-b4c7-75c1-9bf4-924178940fb8/01a12489-b519-73a5-a1a4-8824b97b4ce5.part (2097152 B)"],"exitCode":0,"signal":null,"ms":5072,"after":[],"rows":0,"serverClosed":true,"response":""}

stdout | apps/api/test/integration/shutdown-cleanup.test.ts > F-DG2-460: SIGTERM with an upload in flight leaves no temporary and no final object > an upload that is ACTIVELY streaming through the whole grace period: SIGTERM -> exit 0 within grace + backstop; the store is empty
BE18A streaming {"sentAtSignal":786432,"sentTotal":7077888,"exitCode":0,"ms":5047,"after":[],"rows":0,"serverClosed":true}

stdout | apps/api/test/integration/shutdown-cleanup.test.ts > F-DG2-460 defence in depth: the start-up sweep of stale temporaries > removes a .part last written over an hour ago, logs it at info (no content), and keeps a fresh .part and every final object
BE18A sweep {"after":["01a12489-f925-778f-90af-850fd55f290e/01a12489-f925-778f-90af-8b8430cd62cf/01a12489-f925-778f-90af-8dbe7d8503ce/01a12489-f927-754d-9f22-f4fdf62f4168.part (46 B)","01a12489-f925-778f-90af-850fd55f290e/01a12489-f925-778f-90af-8b8430cd62cf/01a12489-f925-778f-90af-8dbe7d8503ce/01a12489-f927-754d-9f22-f85ea9f5bf12 (46 B)","01a12489-f925-778f-90af-850fd55f290e/01a12489-f925-778f-90af-8b8430cd62cf/01a12489-f925-778f-90af-8dbe7d8503ce/01a12489-f927-754d-9f22-ff8397f9e412 (46 B)","01a12489-f925-778f-90af-850fd55f290e/01a12489-f925-778f-90af-8b8430cd62cf/01a12489-f925-778f-90af-8dbe7d8503ce/notes.part (46 B)","01a12489-f92a-72f9-b04f-d5810450b165/01a12489-f92a-72f9-b04f-da8b5c75e562.part (46 B)"],"removals":[{"level":30,"time":1791614387016,"pid":776,"hostname":"vm","key":"01a12489-f925-778f-90af-850fd55f290e/01a12489-f925-778f-90af-8b8430cd62cf/01a12489-f925-778f-90af-8dbe7d8503ce/01a12489-f927-754d-9f22-f061fa07379e.part","sizeBytes":46,"ageMs":7202592,"msg":"evidence store: stale temporary object removed"}],"summary":{"level":30,"time":1791614387017,"pid":776,"hostname":"vm","removed":1,"keptFresh":1,"olderThanMs":3600000,"msg":"evidence store: start-up sweep of stale temporary objects finished"}}

 ✓ |integration| apps/api/test/integration/shutdown-cleanup.test.ts (4 tests) 24072ms
   ✓ F-DG2-460: SIGTERM with an upload in flight leaves no temporary and no final object > R12-07: 2 MiB of a declared 10 MiB upload, then the client stalls; SIGTERM -> exit 0 within grace + backstop; the store is empty  8051ms
   ✓ F-DG2-460: SIGTERM with an upload in flight leaves no temporary and no final object > an upload that is ACTIVELY streaming through the whole grace period: SIGTERM -> exit 0 within grace + backstop; the store is empty  8443ms
   ✓ F-DG2-460: SIGTERM with an upload in flight leaves no temporary and no final object > positive control: an upload that completes before SIGTERM is kept (one final object, its content row), then shutdown is prompt  3862ms
   ✓ F-DG2-460 defence in depth: the start-up sweep of stale temporaries > removes a .part last written over an hour ago, logs it at info (no content), and keeps a fresh .part and every final object  2696ms
 ✓ |integration| apps/api/test/integration/governance/attendance-quorum.test.ts (6 tests) 3200ms
   ✓ REQ-S10-011: decisions cannot be recorded below quorum > quorum 2, one present: 422 meeting.quorum_not_met with both numbers, nothing written; two present: decided  542ms
   ✓ REQ-S10-011: decisions cannot be recorded below quorum > a present non-participant does not count; quorum not configured never blocks and is shown as such  385ms
   ✓ recordMeetingAttendance and updateMeetingAttendance > one row per person (409), representative rule (400), unknown person (400), If-Match, audit, frozen  403ms
 ✓ |integration| apps/api/test/integration/reporting/traceability.test.ts (9 tests) 2064ms
   ✓ S-4: every mutation > If-Match: 428 when missing, 409 when stale; one audit event per mutation; a removed link is never deleted  355ms
 ✓ |integration| apps/api/test/integration/workflows/gate-reviews.test.ts (6 tests) 8428ms
   ✓ the criteria review table (REQ-S04-009) > each criterion row returns all nine fields; unreviewed rows show the six review fields as 'not reviewed' (null)  1646ms
   ✓ the criteria review table (REQ-S04-009) > the latest review is shown; the review list is oldest first; a criterion outside the submission is 404  1173ms
   ✓ Under Review and the enforced transitions (REQ-S04-010) > the first review moves Submitted -> Under Review (one audit event); the approver decides from Under Review  1635ms
   ✓ Under Review and the enforced transitions (REQ-S04-010) > a direct Draft -> Approved is refused (409, nothing written); all seven statuses exist  662ms
   ✓ Under Review and the enforced transitions (REQ-S04-010) > refusals: submitter 403, condition 422, foreign risk 422, AUD 403, If-Match 428; nothing written  1796ms
   ✓ Under Review and the enforced transitions (REQ-S04-010) > the submitter holding a reviewer role is refused with 403 gate.reviewer_is_submitter (SoD)  1362ms
 ✓ |integration| apps/api/test/integration/kpi/kpi-dg2-repairs.test.ts (11 tests) 2582ms
   ✓ F-DG2-141: trajectory approval is refused to whoever set or last changed the target/trajectory > lets a BO approve once another person has replaced every trajectory part the BO had set  343ms
   ✓ F-DG2-201: activateKpiDefinition (draft -> active) > an activated definition clears g2.kpi_definitions.not_active for that KPI in the live G2 evaluation  379ms
 ✓ |integration| apps/api/test/integration/benefits/lifecycle.test.ts (10 tests) 1712ms
 ✓ |integration| apps/api/test/integration/sustainment/performance-areas.test.ts (7 tests) 2707ms
   ✓ performance areas (ADR-0034 §4) > gates: AUD and WL 403 on every write, ADM-only and an outsider 404 (reads too)  358ms
   ✓ links: the area's KPIs and benefits > links a KPI and a benefit of the transformation once; exactly one target; removal is final  405ms
   ✓ areas outlive their transformation (REQ-S03-002, areas half) > after the transformation is closed, its area takes edits, links and a BAU handover with its review  828ms
 ✓ |integration| apps/api/test/integration/governance/minutes.test.ts (5 tests) 3222ms
   ✓ REQ-S10-011: published minutes are immutable > draft -> approved -> published; then 422 meeting_minutes.published and the meeting's records are frozen  649ms
   ✓ REQ-PB-061: a Value Review meeting needs a benefit evidence or forecast output > 422 meeting_minutes.required_output_missing without one (nothing written); published with a forecast output  305ms
   ✓ the minutes state machine, the chair rule and the chair's work item > approved minutes are not edited in place; the chair returns them to draft; the work item follows  415ms
 ✓ |integration| apps/api/test/integration/portfolio/initiatives.test.ts (12 tests) 3489ms
   ✓ validation (nothing written on a refusal) > 422 for a named person outside the organization and for a wave of another transformation  575ms
   ✓ authorization on every initiative mutation > BE18A: the write gate is re-checked at commit - a grant revoked while the request waits is 403, nothing written  1059ms
 ✓ |integration| apps/worker/test/integration/kpi-period-open-restart.test.ts (1 test) 10735ms
   ✓ kill the worker partway through kpi.reporting_period_open and restart it (T-DG4-KBE-R1 item 4) > the restart opens the remaining period once and creates no duplicate period or task  8887ms
 ✓ |integration| apps/api/test/integration/approvals/reminders.test.ts (7 tests) 3774ms
   ✓ approval_outcome: one requester reminder per approve or reject (ADR-0026 §4) > defer and request changes create no approval_outcome reminder; the later decision of round 2 creates one  438ms
   ✓ approval_overdue: the escalation timer's reminders (ADR-0026 §6 step 3) > a deferral to a new date gives one further reminder per person for that date (dedupe by due date)  306ms
   ✓ approval_overdue: the escalation timer's reminders (ADR-0026 §6 step 3) > a group assignee: the group's current approvers get the reminder, a non-approver member does not  1100ms
 ✓ |integration| apps/worker/test/integration/meeting-series.test.ts (5 tests) 4680ms
   ✓ governance.meeting_series_generate (REQ-PB-060 A01) > through the production worker: a sent job generates the meetings once  1784ms
 ✓ |integration| apps/api/test/integration/governance/meeting-action-follow.test.ts (10 tests) 3903ms
   ✓ BE-F2 §8: a meeting action's My Work item follows edits through raid and the DG2 /actions path > raid: done closes the item as done; cancelled closes it as cancelled; a title edit changes nothing  344ms
 ✓ |integration| apps/api/test/integration/access-derived-race.test.ts (4 tests) 3365ms
 ✓ |integration| apps/worker/test/integration/blocker-escalation.test.ts (4 tests) 3890ms
   ✓ REQ-PB-082: a blocker red for N consecutive cycles gets exactly one open executive ask > N = 2: one ask at the second red cycle, with decision, owner and deadline; the consumer and the scan never duplicate it  566ms
   ✓ REQ-PB-082: a blocker red for N consecutive cycles gets exactly one open executive ask > an amber cycle, or a cycle without an observation, in between ends the run  1017ms
   ✓ REQ-PB-082: a blocker red for N consecutive cycles gets exactly one open executive ask > a decided ask lets a new red run create a new one; a disabled rule creates nothing  515ms
   ✓ REQ-PB-082: a blocker red for N consecutive cycles gets exactly one open executive ask > an owner party that maps to no executive gives an unassigned ask and a notice to the lead; the scan skips a blocker whose latest cycle is not red  404ms
 ✓ |integration| apps/api/test/integration/workflows/modular-precondition.test.ts (5 tests) 10109ms
   ✓ D-106 (e): Modular G3 submission needs the baseline and outcome links, or a waiver > 422 gate.modular_links_missing listing both items; nothing written; 201 once both are supplied  2250ms
   ✓ D-106 (e): Modular G3 submission needs the baseline and outcome links, or a waiver > an accepted, unexpired G3 waiver lets it through; an expired or a pending one does not  3136ms
   ✓ D-106 (e): Modular G3 submission needs the baseline and outcome links, or a waiver > the DG2 order is kept: G3 criteria not met → gate_criteria_incomplete first, exactly as before  930ms
   ✓ D-106 (e): Modular G3 submission needs the baseline and outcome links, or a waiver > only G3 carries the precondition: a Modular G4 out of sequence keeps the DG2 refusal  770ms
   ✓ End-to-End G1-G4: unaffected by the Modular precondition (byte comparison in the handback) > the full chain with no baseline and no outcome link: every refusal and success as in DG2/DG3  2876ms
 ✓ |integration| apps/api/test/integration/kpi-p4/create-service.test.ts (3 tests) 550ms
 ✓ |integration| apps/api/test/integration/governance/blocker-status.test.ts (6 tests) 2193ms
 ✓ |integration| apps/api/test/integration/sustainment/lessons.test.ts (7 tests) 2904ms
   ✓ REQ-S11-008 A11: a lesson is searchable from another transformation, in scope only > drafts and archived lessons are never returned; tag filter; cursor paging  312ms
   ✓ lesson lifecycle (ADR-0034 §8, §12) > after the transformation is closed, its lessons are still edited, published and found  1097ms
   ✓ S-4 commit-time authorization and S-1 free text > create, update and publish: an editor revoked mid-request gets 403 and nothing is written  445ms
 ✓ |integration| apps/api/test/integration/identity.test.ts (13 tests) 831ms
 ✓ |integration| apps/api/test/integration/adoption/training.test.ts (5 tests) 1391ms
 ✓ |integration| apps/api/test/integration/sustainment/improvement.test.ts (8 tests) 2756ms
   ✓ create (ADR-0034 §8) > BO and TO create with CI-nn and version 1, audited; a handover-sourced item names its handover  654ms
   ✓ REQ-PB-084 A11: the backlog stays visible and editable after the transformation is closed > after closure: listed, edited, closed and created as before; the transformation is closed, not archived  490ms
 ✓ |integration| apps/api/test/integration/framework-errors.test.ts (11 tests) 1254ms
 ✓ |integration| apps/api/test/integration/reporting/dashboards.test.ts (8 tests) 3301ms
   ✓ REQ-PB-062: the six T10 areas from persisted data, with drill-down > each headline's drilldownHref answers 200 with the same metric and its contributing records  336ms
   ✓ the workstream dashboard (REQ-S13-001 workstream; ADR-0037 §2) > covers its initiatives; Decisions and People & adoption are not_applicable; archived is 422; foreign 404  814ms
 ✓ |integration| apps/api/test/integration/portfolio/schedule-network.test.ts (10 tests) 2126ms
 ✓ |integration| apps/worker/test/integration/decision-sla-escalation.test.ts (5 tests) 2907ms
   ✓ REQ-S12-011: an SLA expiring on a working day escalates once to the next authority with the delay impact > an unmapped next party is a party_unmapped row with the owner's notice; a mapped owner is skipped  505ms
 ✓ |integration| apps/api/test/integration/kpi-p4/version-approval.test.ts (6 tests) 3496ms
   ✓ requestKpiVersionApproval (business approval of a KPI version) > requests through the approval service at the draft version; approving does not activate; activation does  570ms
   ✓ requestKpiVersionApproval (business approval of a KPI version) > an approval of earlier content does not count: edited after approval, activation is 422  348ms
   ✓ requestKpiVersionApproval (business approval of a KPI version) > the requester cannot decide their own request (SoD 403 approval.sod_requester); BO alone cannot request  505ms
   ✓ requestKpiVersionApproval (business approval of a KPI version) > If-Match: 428 when missing, 409 when stale; AUD 403; a direct-policy version 422; nothing written  425ms
   ✓ requestKpiVersionApproval (business approval of a KPI version) > after changes are requested the draft can be edited and the approval resubmitted at the new version  806ms
 ✓ |integration| apps/api/test/integration/portfolio/execution.test.ts (10 tests) 2215ms
   ✓ the other execution fields, from their canonical records > onCriticalPath is true or false only once every duration is known (a new transformation, one network)  375ms
 ✓ |integration| apps/api/test/integration/reporting/my-work.test.ts (9 tests) 1776ms
 ✓ |integration| apps/api/test/integration/workflows/change-requests-in-tx.test.ts (6 tests) 4679ms
   ✓ (a) round-2 resubmission through submitChangeRequest (ADR-0026 amendment A4) > one open approval, round 2, bound to the request's new version; the Sponsor's decision succeeds; round-1 version is 409  902ms
   ✓ (a) round-2 resubmission through submitChangeRequest (ADR-0026 amendment A4) > a resubmission by a lead who is not the approval's requester is 403 approval.not_requester; nothing is written  368ms
   ✓ (b) withdrawChangeRequest on a request in approval (ADR-0036 amendment A2) > changes requested: both withdrawn; a lead who is not the requester gets 403 approval.not_requester first, nothing written  438ms
   ✓ (d) commit-time authorization (S-4) > the requester revoked between the request and its commit: resubmit and withdraw are 403; nothing is written  673ms
 ✓ |integration| apps/api/test/integration/portfolio/g1-agreements.test.ts (7 tests) 12065ms
   ✓ G1 approval needs the three B0032 leadership agreements (ADR-0021 §8) > approve without agreements -> 422 gate.g1_agreements_required with the three pointers; nothing written  1577ms
   ✓ G1 approval needs the three B0032 leadership agreements (ADR-0021 §8) > partial or false confirmations -> 422 naming only the missing ones; nothing written  1110ms
   ✓ G1 approval needs the three B0032 leadership agreements (ADR-0021 §8) > with all three -> 201, three agreement rows confirmed by the decider, agreements in the response and audit diff  1435ms
   ✓ G1 approval needs the three B0032 leadership agreements (ADR-0021 §8) > agreements on G2, or with a non-approve G1 outcome -> 422 gate.agreements_not_applicable; nothing written  1867ms
   ✓ G1 approval needs the three B0032 leadership agreements (ADR-0021 §8) > 403 not-approver, 403 submitter and 409 superseded keep their precedence over the agreement rule  2294ms
   ✓ migration 0025: the deferred guard refuses an approved G1 decision without three agreements at COMMIT > no agreement rows -> the COMMIT fails with gate_decision_g1_agreements and nothing persists  1330ms
   ✓ migration 0025: the deferred guard refuses an approved G1 decision without three agreements at COMMIT > two of three -> refused at COMMIT; all three -> commits  2020ms
 ✓ |integration| apps/api/test/integration/kpi-p4/formulas.test.ts (8 tests) 2549ms
   ✓ REQ-S07-011: circular references > A05: KPI A = B + 1 and B = A * 2 is rejected as circular, naming the path  540ms
   ✓ REQ-S07-011: circular references > a self-reference and a three-KPI cycle are refused; a chain without a cycle is accepted  343ms
   ✓ REQ-S07-011: invalid units (the DG3 engine, unchanged) > A05: adding SAR to a count is rejected with the engine's formula.kind_mismatch  307ms
 ✓ |integration| apps/api/test/integration/benefits/totals.test.ts (6 tests) 4778ms
   ✓ counted once (REQ-PB-058) and the initiative view > a 10 M SAR benefit allocated 60 % / 40 % to two initiatives is 10000000.0000 once; the view shows 60 %  905ms
   ✓ counted once (REQ-PB-058) and the initiative view > a parent is a roll-up: its children are summed once and the parent is listed as excluded  618ms
   ✓ classes, states, n/a (REQ-S08-009, REQ-S08-016, REQ-PB-076) > cash saving and avoided cost are separate lines; pending is not validated; CX is counted, never 0  1133ms
   ✓ gross, implementation cost and net (REQ-S08-011) > a 1 M SAR initiative cost reduces net by exactly 1 M; a cost without an amount makes cost and net Unknown  453ms
   ✓ open overlaps (REQ-S08-014) and the portfolio > a validated value of a benefit with an open overlap is on pendingOverlap, not in validated  972ms
   ✓ open overlaps (REQ-S08-014) and the portfolio > the organization's portfolio total covers the readable transformations; an outsider gets 404  328ms
 ✓ |integration| apps/api/test/integration/kpi-p4/pipeline.test.ts (6 tests) 3367ms
   ✓ the accept pipeline (REQ-S07-013, REQ-S12-006) > one accept -> one audit event, one run (also after a redelivery), one values_recalculated; RAG from the trajectory  804ms
   ✓ the accept pipeline (REQ-S07-013, REQ-S12-006) > review route: no run and Unknown until a reviewer accepts; then one run and the value  305ms
   ✓ roll-up across scopes (REQ-S07-006, REQ-S07-010) > a scope missing in the current period makes the roll-up Unknown (no zero), with a scope_missing finding  667ms
 ✓ |integration| apps/api/test/integration/benefits/valuation-methods.test.ts (6 tests) 1979ms
   ✓ controlled monetisation (REQ-S08-010) > a SAR value on a CX benefit is rejected without an approved method, and accepted once Finance approves  310ms
   ✓ separation of duties and authorization (ADR-0029 §8, §9) > decision: BO, TL, AUD, ADM-only 403; proposal: AUD, ADM-only, FIN 403; If-Match 428/409; 400; 404  478ms
 ✓ |integration| apps/api/test/integration/adoption/champion-constraints.test.ts (6 tests) 1590ms
 ✓ |integration| apps/api/test/integration/governance/matrix-resubmit.test.ts (5 tests) 7884ms
   ✓ (a) round 2 through submitGovernanceMatrix (ADR-0026 amendment A4) > one open approval, round 2, on the new header version; rows frozen again; stale round-1 decision 409; approve succeeds  2727ms
   ✓ (a) round 2 through submitGovernanceMatrix (ADR-0026 amendment A4) > another lead (not the approval's requester) submitting round 2 gets 403 approval.not_requester; nothing is written  1369ms
   ✓ (b) withdrawing a matrix's approval returns the header to draft in the same transaction > round 1 pending and round 2 pending: approval withdrawn, header draft, both audited by one transaction  1188ms
   ✓ (c) POST /approvals/{id}/resubmit refuses governance_matrix_change approvals > 422 approval.resubmit_through_record with the exact text; the approval and the header are unchanged  1085ms
   ✓ (d) commit-time authorization (S-4) > the requester revoked between the request and its commit: round-2 submit is 403; nothing is written  1036ms
 ✓ |integration| apps/api/test/integration/workflows/impact.test.ts (3 tests) 3749ms
   ✓ TOM change after G3: preview, T11 routing, a returned request with one assessment per submitted version > lists the gap, the preserved G3 decision and T10 Portfolio; changes requested -> edit -> submit -> resubmit -> approve  627ms
   ✓ charter scope change after G1: a new charter version; the earlier one stays readable > SP approves; charter version + 1 with its charter_version snapshot; reads are scoped  1363ms
 ✓ |integration| apps/api/test/integration/sustainment/transition-decisions-in-tx.test.ts (6 tests) 3019ms
   ✓ (a) round 2 through submitTransitionDecision (ADR-0026 amendment A4) > one open approval, round 2, on the draft's current version; stale round-1 decision 409; the Sponsor approves  609ms
   ✓ (b) withdrawing a decision in approval withdraws its approval (ADR-0026 amendment A3, A4) > pending and changes requested: approval and decision withdrawn, audited by one transaction; nothing undecidable  497ms
   ✓ (d) commit-time authorization (S-4) > the requester revoked between the request and its commit: resubmit and withdraw are 403; nothing is written  697ms
 ✓ |integration| apps/api/test/integration/governance/escalation-rules.test.ts (6 tests) 2839ms
   ✓ escalation rules (ADR-0032 §8.1) > TO stores a blocker rule (201, version 1, audited); a second of the kind is 409; TL updates it with If-Match  582ms
 ✓ |integration| apps/api/test/integration/platform.test.ts (12 tests) 2235ms
   ✓ health and readiness > reports 503 not_ready/pending when the build ships a migration the database lacks, and fail on checksum drift  320ms
   ✓ readiness requires a UTF8 database (ADR-0003 'Database encoding', T-DG2-BE9) > reports 503 database: fail on a SQL_ASCII database, and database: ok on a UTF8 one created the same way  727ms
 ✓ |integration| tests/qa/integration/a12-cross-scope.test.ts (14 tests) 2482ms
   ✓ A12 cross-scope write is denied and writes nothing; in-scope write succeeds > create is denied outside the caller's scope (no row), allowed inside it  1033ms
 ✓ |integration| apps/worker/test/integration/benefits-queue.test.ts (2 tests) 16456ms
   ✓ benefits.finance_queue through the relay and the production worker (REQ-S12-014) > one queue item; a redelivery and a restarted worker write no second item  15121ms
   ✓ benefits.recalculate_pending (REQ-S07-014, REQ-S12-006) > an accepted KPI actual gives one pending value per benefit and run; replay none; a newer value supersedes  1069ms
 ✓ |integration| apps/api/test/integration/kpi-p4/formula-recalc.test.ts (1 test) 2249ms
   ✓ a formula KPI recalculated from accepted input actuals (T-DG4-KBE-R1 item 4) > is Unknown until every input is accepted, then a + b of the accepted values, re-evaluated on each acceptance  1278ms
 ✓ |integration| apps/api/test/integration/reporting/bu-scope.test.ts (4 tests) 2756ms
   ✓ REQ-S03-001: two transformations in different business units are listed separately > the slice J/K reads: the other business unit's transformation is 404 everywhere and never appears  1250ms
 ✓ |integration| tests/qa/integration/a13-job-idempotency.test.ts (5 tests) 5585ms
   ✓ A13 running worker: a duplicate delivery is a no-op > consumes the event once; an extra job with the same message completes as 'duplicate'  2705ms
 ✓ |integration| apps/api/test/integration/raid/corrective-rules.test.ts (5 tests) 1036ms
 ✓ |integration| apps/worker/test/integration/outbox.test.ts (10 tests) 7921ms
   ✓ worker runtime: end to end, restarts and the dead-letter queue > relays and handles a created transformation, and survives a restart without losing the job  3680ms
   ✓ worker runtime: end to end, restarts and the dead-letter queue > moves a job that keeps failing to ops.failed after the bounded retries  1121ms
 ✓ |integration| apps/api/test/integration/evidence.test.ts (6 tests) 3126ms
   ✓ review (verification) rules > a file needs uploaded content before it can be verified; a new revision resets it to unverified  306ms
   ✓ links > links only to a record of the same transformation (422 otherwise); duplicate active link 409; remove keeps the row  1008ms
 ✓ |integration| apps/api/test/integration/organizations.test.ts (10 tests) 1011ms
 ✓ |integration| apps/api/test/integration/reporting/workspace-header.test.ts (7 tests) 4116ms
 ✓ |integration| apps/api/test/integration/approvals/escalation.test.ts (4 tests) 3813ms
   ✓ approval.escalation_scan (REQ-S10-019) > after the due date plus retries, the approval is escalated exactly once and remains undecided  373ms
   ✓ approval.escalation_scan (REQ-S10-019) > an unmapped next party is recorded as party_unmapped; a deferral to a new date allows one more escalation  1064ms
   ✓ approval.escalation_scan (REQ-S10-019) > an approval with an Unknown due date is never selected  951ms
 ✓ |integration| apps/api/test/integration/sustainment/reopen.test.ts (3 tests) 3619ms
   ✓ reopening preserves the original handover acceptance and closure date (REQ-S11-009) > after the transformation closed, reopen -> cycle 2 linked to the prior handover and closure; nothing overwritten  2053ms
   ✓ reopen refusals and gates > a reopened area cannot be reopened again; AUD and TO 403, ADM 404; If-Match 428/409  733ms
 ✓ |integration| apps/api/test/integration/aud-write-deny.test.ts (128 tests) 5249ms
 ✓ |integration| apps/api/test/integration/benefits/values.test.ts (5 tests) 2603ms
   ✓ REQ-S08-001: seven states kept apart > planned, forecast, measured, submitted, validated, rejected each with its own total; forecast never validated  1112ms
   ✓ plan values (ADR-0030 §1) > create/update by BO with If-Match and audit; the §11 refusals; AUD and ADM-only 403  310ms
 ✓ |integration| apps/api/test/integration/kpi-p4/thresholds.test.ts (5 tests) 1673ms
   ✓ REQ-S07-007: threshold versions > changing the threshold version gives a new RAG for the same actual and approved trajectory (KBE-A evaluator)  406ms
 ✓ |integration| apps/api/test/integration/raid/entity-group.test.ts (7 tests) 2494ms
   ✓ REQ-S16-018: Action (action_item), with owner and status > an action on a Risk and a DG2 action: create and read; AUD 403; 404 outside scope  385ms
 ✓ |integration| apps/api/test/integration/kpi-p4/status.test.ts (5 tests) 4535ms
   ✓ the KPI panel (REQ-S07-008) > returns the seven elements, the explanation naming the threshold version, and i18n keys  641ms
   ✓ the KPI panel (REQ-S07-008) > Stale data shows Stale with its reason, never green; a band outside its bounds is adverse  386ms
   ✓ override display (REQ-S07-009) > an override in force changes displayedRag only; after expiry the calculated RAG displays again  2407ms
   ✓ comparability (REQ-S07-005) > a 4-week period after a 5-week period: trend not_comparable and a not_comparable finding  404ms
 ✓ |integration| apps/api/test/integration/portfolio/hierarchy.test.ts (3 tests) 1695ms
 ✓ |integration| tests/qa/integration/a14-concurrency.test.ts (5 tests) 3846ms
   ✓ A14 transformation PATCH > create returns version 1 with a strong ETag  762ms
   ✓ A14 transformation PATCH > fresh If-Match succeeds and bumps version; stale If-Match is 409 with currentVersion; missing is 428  851ms
   ✓ A14 transformation PATCH > two writers racing on the same version: exactly one 200, the rest 409, version bumped once  1102ms
   ✓ A14 transformation archive > stale If-Match is 409, missing is 428, fresh archives and bumps version  829ms
 ✓ |integration| apps/api/test/integration/portfolio/readiness.test.ts (6 tests) 6619ms
   ✓ POST /transformations uses p3_instantiate_transformation (T-DG3-BE-A) > a new transformation gets the four B0079 waves and the T06 weight set v1 at the source defaults, audited  1316ms
   ✓ GET /transformations/{id}/readiness (REQ-PB-007) > a fresh transformation: every B0012 area missing, both blockers with the exact §3 texts, gates G1-G4 draft  1050ms
   ✓ GET /transformations/{id}/readiness (REQ-PB-007) > T01 content covers areas (content half of g1.diagnostic; technology needs technology AND data)  1179ms
   ✓ GET /transformations/{id}/readiness (REQ-PB-007) > G1 approved clears the submit blocker; G2+G3 approved clear the launch blocker (End-to-End)  992ms
   ✓ GET /transformations/{id}/readiness (REQ-PB-007) > read access only: the auditor reads it; a user outside the transformation gets 404; a malformed id 400  909ms
   ✓ GET /transformations/{id}/outcome-hierarchy (REQ-PB-032) > returns North Star -> outcomes -> KPIs -> targets -> contributions as one tree (read only)  963ms
 ✓ |integration| apps/api/test/integration/adoption/entity-group.test.ts (4 tests) 1457ms
 ✓ |integration| apps/api/test/integration/reporting/filters.test.ts (3 tests) 3708ms
 ✓ |integration| apps/api/test/integration/benefits/allocations.test.ts (6 tests) 1568ms
   ✓ replaceBenefitAllocations (REQ-S08-013) > AUD, ADM-only and a role without benefit.allocate get 403; If-Match 428/409; archived 422  480ms
 ✓ |integration| apps/api/test/integration/reporting/drilldown.test.ts (4 tests) 3740ms
 ✓ |integration| apps/api/test/integration/kpi-p4/data-quality.test.ts (5 tests) 1612ms
   ✓ findings: reads > lists with filters (newest first, cursor) and reads one with its ETag  439ms
 ✓ |integration| apps/api/test/integration/reporting/rag-policy.test.ts (5 tests) 1388ms
 ✓ |integration| apps/api/test/integration/governance/meeting-actions.test.ts (3 tests) 1973ms
 ✓ |integration| apps/api/test/integration/kpi-p4/formula-lineage.test.ts (2 tests) 1182ms
   ✓ formula lineage nests through a formula source (ADR-0027 amendment C1) > N = s * 2 over S = a + b names a's and b's accepted actual versions one level down  544ms
 ✓ |integration| apps/api/test/integration/benefits/corrections.test.ts (2 tests) 1896ms
   ✓ REQ-S08-017: corrections are linked rows; the original stays visible > amend 240000.5 -> 239500 (delta -500.5); reverse -> 0.0000; three validated rows; nothing more after  992ms
   ✓ REQ-S08-017: corrections are linked rows; the original stays visible > only an approved validation is corrected; FIN only; If-Match 428/409; a reason is required  469ms
 ✓ |integration| apps/worker/test/integration/restart.test.ts (1 test) 8336ms
   ✓ kill the worker mid-job and restart it (REQ-S16-005, A13) > completes the job exactly once, with one task and one reminder  6505ms
 ✓ |integration| apps/api/test/integration/kpi-p4/transformation-periods.test.ts (5 tests) 1278ms
 ✓ |integration| apps/api/test/integration/reporting/impact.test.ts (3 tests) 923ms
 ✓ |integration| apps/api/test/integration/governance/meeting-outputs.test.ts (3 tests) 2328ms
   ✓ createMeetingOutput and listMeetingOutputs (REQ-PB-061) > links a canonical record of the forum's outputs; refuses another layer's kind, a wrong type and a foreign record  367ms
 ✓ |integration| apps/api/test/integration/benefits/groups.test.ts (4 tests) 1432ms
   ✓ shared-benefit groups (REQ-PB-058) > the counted benefit must be a member; the counted member cannot leave while counted  436ms
 ✓ |integration| apps/api/test/integration/kpi-p4/periods.test.ts (4 tests) 883ms
   ✓ reporting periods (ADR-0027 §3) > creates a scheduled period, reads it, lists it, opens and closes it with one audit event each  408ms
 ✓ |integration| apps/api/test/integration/sustainment/transition-decisions-server-wiring.test.ts (3 tests) 1223ms
   ✓ D-107: submitTransitionDecision through the real server's wiring > round 2 resubmits through the decision's submit, and a withdrawal withdraws the open approval  504ms
 ✓ |integration| apps/api/test/integration/workflows/risk-dispositions.test.ts (3 tests) 4419ms
   ✓ risk dispositions (REQ-PB-020) > creates the row, its audit event and one pending risk_disposition approval routed to SP  1256ms
   ✓ risk dispositions (REQ-PB-020) > only an open risk: a closed risk or an issue is 422 risk_disposition.not_open_risk; AUD 403; nothing written  1650ms
   ✓ risk dispositions (REQ-PB-020) > G5 configured to BO: routed to the T11 Go-live / scale party BO; unmapped BO -> 422 routing.role_unmapped, nothing written  1350ms
 ✓ |integration| apps/api/test/integration/kpi-p4/entity-group.test.ts (1 test) 1612ms
   ✓ REQ-S16-014: the KPI entity group through the API > creates and reads each entity with authorization enforced (AUD 403 on writes, 200 on reads)  1205ms
 ✓ |integration| apps/api/test/integration/kpi-p4/overrides.test.ts (4 tests) 3025ms
   ✓ RAG overrides (REQ-S07-009) > is no longer in force after its expiry, with no job (the read compares the expiry with the current time)  1920ms
 ✓ |integration| apps/api/test/integration/reporting/scope.test.ts (3 tests) 4762ms
   ✓ REQ-S13-001: a user scoped to X sees no Y record or figure > every drill-down metric and every headline href holds X only  387ms
 ✓ |integration| apps/api/test/integration/benefits/plan-value-read.test.ts (3 tests) 1787ms
   ✓ getBenefitPlanValue (ADR-0030 amendment P1) > transformation.read: AUD reads; outside the scope, another transformation's id, a benefit id or a random id are 404; a malformed id is 400  574ms
 ✓ |integration| apps/api/test/integration/jobs/job-schedules.test.ts (3 tests) 635ms
 ✓ |integration| packages/db/test/integration/protection.test.ts (17 tests) 259ms
 ✓ |integration| packages/db/test/integration/pool-bounds.test.ts (7 tests) 2897ms
   ✓ bounded checkout (connectionTimeoutMillis) > a checkout from an exhausted pool fails after the timeout (never hangs) and is recognised  305ms
   ✓ bounded checkout (connectionTimeoutMillis) > through Kysely the same error reaches the caller  311ms
   ✓ bounded idle-in-transaction time (idle_in_transaction_session_timeout) > PostgreSQL ends a transaction left idle past the limit, releasing its row lock; the pool recovers  1220ms
   ✓ bounded idle-in-transaction time (idle_in_transaction_session_timeout) > a transaction that keeps running statements is not affected  1045ms
 ✓ |integration| apps/api/test/integration/kpi/kpi-aud-write-deny.test.ts (18 tests) 1626ms
 ✓ |integration| apps/api/test/integration/benefits/entity-group.test.ts (1 test) 1681ms
   ✓ REQ-S16-017: the benefits entity group through the API > creates and reads each of the seven entities; AUD is refused every mutation and reads every record  1369ms
 ✓ |integration| packages/db/test/integration/encoding.test.ts (8 tests) 5077ms
   ✓ a SQL_ASCII database is refused before anything is created > mth-db migrate: exit 1, the message on stderr, nothing applied, no schema_migration table  453ms
   ✓ a SQL_ASCII database is refused before anything is created > mth-db status: exit 1 with the same message, nothing written  770ms
   ✓ a SQL_ASCII database is refused before anything is created > mth-db seed-dev: exit 1 with the same message, nothing written  477ms
   ✓ a SQL_ASCII database is refused before anything is created > mth-db bootstrap: exit 1 with the same message (checked before the arguments are used)  539ms
   ✓ a SQL_ASCII database is refused before anything is created > control: the same CLI migrates a UTF8 scratch database created the same way  2643ms
 ✓ |integration| apps/api/test/integration/workflows/gate-events.test.ts (2 tests) 4173ms
   ✓ gate.submitted / gate.decided (ADR-0035 §7) > submission, supersession and decision each write exactly one event in their transaction; refusals write none  2202ms
   ✓ gate.submitted / gate.decided (ADR-0035 §7) > a G5 approval's event names its scope item and condition ids and the next phase realize  1379ms
 ✓ |integration| packages/db/test/integration/bootstrap.test.ts (5 tests) 7644ms
   ✓ mth-db bootstrap > creates the first organization and a technical/access admin with no business permission, fully audited  2302ms
   ✓ mth-db bootstrap > refuses to run twice  1656ms
   ✓ mth-db bootstrap > validates its input and refuses the dev-login issuer  1793ms
   ✓ mth-db seed-dev (synthetic, development only) > seeds synthetic users bound to urn:mth:dev-local once, idempotently  1602ms
 ✓ |integration| apps/api/test/integration/workflows/scale.test.ts (2 tests) 3232ms
   ✓ scale transitions (REQ-S03-004, REQ-S04-007) > before G5: 422 invalid-transition naming G5; the scope reads approved = false; nothing written  1791ms
   ✓ scale transitions (REQ-S03-004, REQ-S04-007) > after the G5 approval: inside the scope 201 with its audit event; outside 422; a repeat 409; AUD/ADM 403  1234ms
 ✓ |integration| apps/worker/test/integration/schedules.test.ts (2 tests) 2455ms
 ✓ |integration| apps/api/test/integration/governance/entity-group.test.ts (1 test) 3038ms
   ✓ REQ-S16-019: the slice D entity group through the API > Forum, Meeting, AgendaItem, Attendance, Minutes and MeetingActionLink: created and read, AUD 403, outside 404  949ms
 ✓ |integration| apps/api/test/integration/reporting/one-source-of-truth.test.ts (2 tests) 1561ms
   ✓ REQ-PB-010: one canonical initiative > one rename shows in the roadmap, the traceability view and the benefits register; one initiative row  391ms
 ✓ |integration| apps/api/test/integration/portfolio/closed-initiatives.test.ts (1 test) 1570ms
   ✓ a cancelled initiative's scores, deliverables and milestones are read-only (422 initiative.read_only) > every write is refused after cancellation and nothing is written; the same writes succeed while open  1397ms
 ✓ |integration| apps/api/test/integration/reporting/orphans.test.ts (3 tests) 1061ms
 ✓ |integration| apps/api/test/integration/adoption/metric-link-read.test.ts (2 tests) 855ms
 ✓ |integration| packages/db/test/integration/migrate.test.ts (7 tests) 2874ms
   ✓ mth-db migrate on a fresh database > applies every shipped migration, then reports up to date  1950ms
 ✓ |integration| apps/worker/test/integration/maintenance.test.ts (2 tests) 2736ms
 ✓ |integration| apps/api/test/integration/kpi-p4/fixture-dates.test.ts (3 tests) 1426ms
   ✓ insertFinding ad-hoc period dates (T-DG4-KBE-R1 item 2) > is deterministic: a fresh organization's periods are 2031-01-02, -03, -04 in call order  585ms
   ✓ insertFinding ad-hoc period dates (T-DG4-KBE-R1 item 2) > is unique per call, also for 12 concurrent calls in one organization  494ms
 ✓ |integration| apps/worker/test/integration/worker-attempt.test.ts (1 test) 4459ms
   ✓ worker.ts passes the job's attempt to its handler (T-DG4-BE-R2) > first attempt {retryCount 0, retryLimit 1} fails and is retried; the retry sees {1, 1}, the final attempt  614ms
 ✓ |integration| packages/db/test/integration/scratch-drop.test.ts (3 tests) 15700ms
   ✓ dropScratchDatabase never terminates a live client (F-DG1-009) > a drop right after pool.end() raises no 57P01 on the closing pool (40 rounds, 8 clients each)  15004ms
   ✓ dropScratchDatabase never terminates a live client (F-DG1-009) > a client that is still connected is NOT terminated: the drop refuses, names it, and succeeds once it ends  695ms
 ✓ |integration| apps/api/test/integration/contract/benefit-register-mirror.test.ts (1 test) 1141ms
 ✓ |integration| apps/api/test/integration/adoption/entity-group-metric-link.test.ts (1 test) 1103ms
 ✓ |integration| apps/api/test/integration/portfolio/unpaged-lists.test.ts (1 test) 1203ms
   ✓ unpaged P3 lists refuse limit; paged lists accept it (ADR-0021 §11 item 6) > 400 on limit for every unpaged list; 200 with {items} and no nextCursor without it  1041ms

 Test Files  184 passed (184)
      Tests  1739 passed (1739)
   Start at  06:28:21
   Duration  1275.88s (transform 11.03s, setup 0ms, collect 435.12s, tests 833.34s, environment 0ms, prepare 184ms)

EXIT 0
