req_id,class,title,source_ref,source_heading,template_id,input_fields,procedure,output,owner_roles,permissions,automation,screen_api,acceptance,increments,final_gate,status,evidence,notes
REQ-S01-001,USER,"Deliver a complete working enterprise transformation platform with source code, persistent database, documentation and a tested self-hosting package",M0076,§1 Role and deliverable,,Application source code;Persistent relational database;Documentation;Tested self-hosting package,"Each delivery stage adds integrated, persisted and tested capability; P7 packages source, migrations, documentation and the self-hosting package",Working platform plus handover package,delivery-orchestrator;solution-architect;devops-engineer;TO,build:delivery team; accept for production:Mobily IT and business authority (never an agent gate),none,All primary navigation areas; /api/v1/*,"A02;A18: the guided end-to-end scenario completes on a persisted database using only native workflows, and the package installs and runs in a clean environment without builder-hosted services",P1;P2;P3;P4;P5;P6;P7,DG7,SPECIFIED,,Cross-cutting; completes only at DG7.
REQ-S01-002,USER,Make the working product name configurable with default 'Mobily Transformation Hub',M0077,§1 Role and deliverable,,"Product name (en, default 'Mobily Transformation Hub');Product name (ar)","ADM edits the name in Administration > Branding; the published value is used by the shell header, page titles, in-app notices and report templates",Configured product name,ADM,edit:ADM; view:all signed-in users,none,Administration > Branding; PUT /api/v1/admin/branding,A06;A20: changing the name updates the shell header in en and ar and the next generated report header without a code change; a fresh install shows 'Mobily Transformation Hub',P1;P5,DG5,SPECIFIED,,Working name only; no claim of official Mobily branding. Branding screen details belong to §15 (AN-03).
REQ-S01-003,USER,"Convert the playbook operating system into connected executable workflows from input through procedure, validation, approval, output, monitoring and correction to sustainment",M0078,§1 Role and deliverable,,Input;Procedure;Validation;Approval where required;Output;Performance and benefits monitoring;Correction;Sustainment,"Every methodology element maps to a chain: inputs are captured and validated server-side, routed for approval where configured, produce linked output records, feed KPI/benefit monitoring, trigger corrective action and hand over to BAU",Connected workflow chain per methodology element,TO;TL;ADM,operate:assigned roles per permissions-matrix.md; configure:ADM (methodology admin),Gate approved -> enable next phase; KPI deviates -> corrective action; BAU handover accepted -> recurring reviews,Transformations workspace; Playbook and Procedures; /api/v1/procedures,"A01;A02: every seeded methodology element shows a linked form or procedure in the coverage view; the guided scenario passes through input, validation, approval, output, monitoring, correction and sustainment on persisted records",P2;P3;P4;P5,DG5,SPECIFIED,,
REQ-S01-004,USER,"Perform the complete transformation management lifecycle natively without depending on spreadsheets, slide decks or external approval emails",M0079,§1 Role and deliverable,,Methodology reading;Data capture;Workshops;KPI updates;Initiative management;Evidence review;Decisions;Approvals;Report generation;BAU performance maintenance,"Each listed activity has an in-app workflow on persisted records; exports and integrations are optional channels and no completion condition requires an uploaded spreadsheet, deck or email",Native workflow for every lifecycle activity,SP;TL;BO;WL;FIN;TO;KDS;TD;CM;SEC,per role; see docs/analysis/permissions-matrix.md,Reporting period opens -> owner tasks with direct links,All primary navigation areas,"A02;A21: the A02 scenario completes with exports, email and AI channels disabled; no workflow step's completion condition references an uploaded spreadsheet, deck or email",P2;P3;P4;P5,DG5,SPECIFIED,,
REQ-S01-005,ENGINEERING,Never imply an external operational change happened because a task was marked complete; require verified evidence or a confirmed integration result,M0080,§1 Role and deliverable,,"Deliverable or task;External change type (customer system | network upgrade | procurement transaction | other);Verified evidence;Integration confirmation (connector, source ID, timestamp)",Deliverables flagged as external changes carry a separate confirmation state that only reviewed evidence or a confirmed connector result can set; task completion alone leaves it Unconfirmed,External-change confirmation state with provenance,WL;BO;TD,complete-task:WL; confirm-external:evidence reviewer (BO or TD) or connector service identity; view:scoped,Connector result received -> record confirmation with provenance,Initiatives and Roadmaps > Deliverable; /api/v1/deliverables/{id}/confirmation,A11;A17: marking the task complete leaves the deliverable Unconfirmed; a filename-only link does not confirm it; reviewed evidence or a test-adapter confirmation sets it and records the source,P3;P4;P6,DG6,SPECIFIED,,
REQ-S01-006,USER,"Deliver a clean source repository and deployment package that Mobily IT can host on its own infrastructure without the original AI builder, a personal account or a mandatory external SaaS backend",M0081,§1 Role and deliverable,,Source repository;Deployment package;Configuration templates without secrets,"Package the system for company-controlled infrastructure and check runtime dependencies for builder-hosted services, personal accounts and mandatory SaaS backends",Transferable deployment package,devops-engineer;delivery-orchestrator;ADM,deploy/operate:Mobily IT,none,Handover documentation; deployment configuration,A18: a clean environment with a different base URL starts from the package and runs key workflows with outbound public internet disabled and no builder or personal credentials configured,P1;P6;P7,DG7,SPECIFIED,,Detailed handover contents are §19 (AN-03).
REQ-S02-001,USER,"Keep every source element set complete and checkable: two modes, six phases, six gates, sixteen templates, ten TOM dimensions, governance cadence, benefits lifecycle, 90-day plan, roaming example and 25-question health check",M0083,§2 Source fidelity and completion rules,,Element set;Expected count;Mapped working feature,A source-inventory check counts each element set in the published methodology and lists any element without a working feature; it runs before a methodology version can be published,Source completeness report,TO;ADM,"view:TO,ADM,AUD; run:ADM",Methodology revision proposed -> run completeness check,Administration > Source coverage; GET /api/v1/admin/source-coverage,"A01;A06: the report shows 2 modes, 6 phases, 6 gates, 16 templates, 10 TOM dimensions, 5 forums, 6 lifecycle steps, 3 launch windows, 1 roaming example and 25 questions; deleting a template in a draft methodology makes the check fail and blocks publish",P2;P5,DG5,SPECIFIED,,"Element sets are implemented by the REQ-PB rows; this row is the completeness control. Related SOURCE rows (share a master-prompt block): REQ-PB-003, REQ-PB-014, REQ-PB-015, REQ-PB-038, REQ-PB-060, REQ-PB-074, REQ-PB-086, REQ-PB-088, REQ-PB-091; class kept USER because this row specifies platform behaviour beyond the playbook (AN-04 class review)."
REQ-S02-003,USER,Publish the requirement register read-only in the Administration area and include it in the IT handover,M0088,§2 Source fidelity and completion rules,,Register rows;Class;Status;Final gate;Evidence links,"The register (with coverage matrices) is imported at release into an Administration view with filters by class, status and area, and included in the handover archive",Administration > Requirement register view and handover copy,ADM;AUD;TO,"view:ADM,AUD,TO; edit:none in-app (register is maintained in the repository)",none,Administration > Requirement register; GET /api/v1/admin/requirements,A01;A28: the in-app view lists the same row count and IDs as docs/delivery/requirements.csv for the release; the handover archive contains the register,P5;P7,DG7,SPECIFIED,,
REQ-S02-004,USER,Link source playbook text to the operational forms and procedures that implement it,M0088,§2 Source fidelity and completion rules,,Source block anchor (B####);Linked form/template;Linked procedure;Linked requirement ID,"In the Playbook reader each source block shows links to its native forms, procedures and requirement IDs; each form shows a 'source' link back to its playbook text",Bidirectional source-to-form links,ADM;TO,edit-links:ADM (via Studio publish); view:all signed-in users,none,Playbook and Procedures > Reader; GET /api/v1/methodology/blocks/{id}/links,A01: opening block B0031 (Template 1) shows a link that opens the T01 register; the T01 form shows a source link back to B0031,P2;P5,DG5,SPECIFIED,,
REQ-S02-005,ENGINEERING,Report completion honestly: every incomplete or externally blocked item names the exact missing dependency and no planned feature is labelled delivered,M0088,§2 Source fidelity and completion rules,,Requirement status (PLANNED | SPECIFIED | IMPLEMENTED | BLOCKED);Missing dependency;Evidence,Register statuses advance only with evidence; BLOCKED rows name the exact missing dependency; release notes and in-app 'About' list unfinished items as such,"Honest status in register, release notes and About page",delivery-orchestrator;release-auditor,set status:delivery-orchestrator; verify:independent reviewers,Gate validation run,docs/delivery/requirements.csv; Administration > About,A24;A28: the validator rejects a BLOCKED row with empty notes and an IMPLEMENTED row without evidence; release notes list every non-IMPLEMENTED row,P0;P7,DG7,SPECIFIED,,
REQ-S02-006,ENGINEERING,"Enforce every required control against persisted server-side data; a navigation shell, static dashboard, clickable mockup or browser-local store never satisfies completion",M0090,§2 Source fidelity and completion rules,,Control;API endpoint;Persisted record,"Every validation, authorization, gate and calculation control executes on the server against the database; tests call the API directly, bypassing the UI",Server-enforced controls,backend-workflow-engineer;qa-verifier,n/a (engineering control),none,/api/v1/* (server),A08;A12: each control test that bypasses the UI and calls the API with invalid or unauthorized input is rejected; clearing browser storage loses no submitted business data,P1;P2;P3;P4;P5;P6,DG6,SPECIFIED,,
REQ-S03-001,USER,"Support multiple transformations, business units, portfolios, workstreams, initiatives and ongoing business performance areas",M0092,§3 Business model and navigation,,Organization;Business unit;Portfolio;Transformation;Workstream;Initiative;Performance area,Users with scope create and link these records; a transformation belongs to one organization and one or more business units and can sit in a portfolio; workstreams group initiatives,Organizational and portfolio hierarchy,TO;TL;ADM,"create-transformation:TL,TO; manage-org-structure:ADM; view:scoped",none,"Transformations > Portfolio; Administration > Organization; /api/v1/transformations, /api/v1/portfolios, /api/v1/performance-areas",A02;A12: two transformations in different business units are listed separately; a user scoped to one business unit cannot list the other's transformations,P1;P2;P3;P4,DG4,SPECIFIED,,
REQ-S03-002,USER,Let performance areas and BAU ownership continue indefinitely while transformations remain time-bounded,M0092,§3 Business model and navigation,,Performance area;BAU owner;Linked KPIs;Transformation closure date,"Closing a transformation does not close its performance areas; their KPIs, owners and review cadence remain active",Persistent performance areas,BO;KDS;TO,"own:BO; update-actuals:KDS,BO; view:scoped",BAU handover accepted -> recurring performance reviews,BAU and Improvement > Performance areas; /api/v1/performance-areas,A11: after a transformation is closed its linked performance area still generates scheduled review tasks and accepts KPI actuals,P4,DG4,SPECIFIED,,
REQ-S03-003,USER,"Keep initiative delivery, business adoption, validated value and transformation closure as separate statuses",M0092,§3 Business model and navigation,,Delivery status;Adoption status;Validated value status;Transformation closure status,Each status has its own state machine and owner; none is derived from another; views show all four side by side,Four independent statuses,WL;BO;FIN;TL,set-delivery:WL; set-adoption:BO; validate-value:FIN; close-transformation:TL after G6 approval; view:scoped,none,Initiatives and Roadmaps > Initiative; Transformations > Workspace; PATCH /api/v1/initiatives/{id}/status,"A11: setting delivery to Complete leaves adoption, validated value and closure unchanged; the API rejects a closure request while validated value is pending unless a transition decision exists",P3;P4,DG4,SPECIFIED,,Related source principle: REQ-PB-009.
REQ-S03-004,USER,"Guide End-to-End progression through the six phases, allowing drafts at any time but enforcing required gate approvals before authorized execution or scaling",M0094,§3 Business model and navigation,,Current phase;Draft records;Gate approval state (G1-G6);Requested transition (execute | scale),The workspace guides users phase by phase; any record can be drafted at any time; transitions that authorize execution (after G4) or scaling (after G5) are refused until the gate is approved or an authorized waiver exists,Guided progression with guarded transitions,TL;SP,draft:assigned roles; execute/scale transition:TL after gate approval; waiver:configured approver only,Gate approved -> enable the authorized next phase/scope,Transformations > Workspace > Phase guide; POST /api/v1/initiatives/{id}/transitions,A02;A08: a Design-phase draft can be saved before G2; a scale transition before G5 approval returns 409 naming G5; after approval it succeeds,P2;P3;P4,DG4,SPECIFIED,,Extends REQ-PB-004 to execution and scaling. Related SOURCE rows (share a master-prompt block): REQ-PB-003; class kept USER because this row specifies platform behaviour beyond the playbook (AN-04 class review).
REQ-S03-005,USER,"In Modular entry, record inherited evidence, baseline and prior approvals as labelled inherited records and never fabricate approvals",M0095,§3 Business model and navigation,,"Entry phase or standalone module (TOM | business case | benefits register);Inherited evidence;Inherited baseline;Prior approval (approver, date, forum, evidence document);Minimum mandatory fields","The modular-entry wizard captures inherited items with provenance; prior approvals are stored as 'inherited - recorded, not granted in platform' and never set a platform gate to Approved; the wizard requires minimum mandatory fields and lists missing links to outcomes and benefits",Modular transformation or standalone module with inherited-record provenance and missing-link list,TL;TO;BO,"create:TL,TO; record-inherited:TL,TO; approve gate:configured approver only; view:scoped",Mandatory gate evidence missing -> display missing items and block submission,Transformations > Enter at phase; POST /api/v1/transformations/{id}/inherited-records,A03: entering at Design with an inherited G2 approval document shows G2 as 'inherited' (not Approved); a missing baseline and outcome link are flagged and G3 submission is rejected until supplied or waived,P2;P3;P4,DG4,SPECIFIED,,Complements REQ-PB-005. Related SOURCE rows (share a master-prompt block): REQ-PB-003; class kept USER because this row specifies platform behaviour beyond the playbook (AN-04 class review).
REQ-S03-006,USER,"Support many-to-many traceability links with explicit contribution and allocation rules, clickable nodes and downstream impact",M0098,§3 Business model and navigation,,From record;To record;Link type;Contribution statement;Allocation % (where value is allocated),Users link records along the chain diagnosed issue -> gap -> initiative -> deliverable -> capability change -> KPI movement -> benefit; every node opens its record; editing a record shows the downstream records affected,Traceability graph with impact view,TO;TL;BO,link:record editors; view:scoped,Record changed -> compute downstream impact list,Transformations > Traceability; GET /api/v1/records/{id}/impact,A01;A10: one initiative links to two gaps and two KPIs; an allocation link set totalling 110% is rejected; changing a KPI target lists the linked benefits and dashboards as affected,P2;P3;P4,DG4,SPECIFIED,,View and orphan report: REQ-PB-044.
REQ-S03-007,USER,"Provide the fourteen primary navigation areas: My Work, Executive Overview, Transformations, Playbook and Procedures, Strategy and KPIs, Target Operating Model, Initiatives and Roadmaps, Governance, Risks and Actions, Benefits and Finance, Change and Adoption, Evidence and Reports, BAU and Improvement, Administration",M0100;M0101;M0102;M0103;M0104;M0105;M0106;M0107;M0108;M0109;M0110;M0111;M0112;M0113,§3 Business model and navigation,,My Work;Executive Overview;Transformations;Playbook and Procedures;Strategy and KPIs;Target Operating Model;Initiatives and Roadmaps;Governance;Risks and Actions;Benefits and Finance;Change and Adoption;Evidence and Reports;BAU and Improvement;Administration,The shell shows the fourteen areas with their source-defined contents; areas and items the user cannot access are hidden server-side,Primary navigation,ADM;all roles,view:per role scope; Administration visible only to ADM and configured admin roles,none,Application shell; GET /api/v1/me/navigation,A01;A12;A20: an ADM sees 14 areas in en and ar; a Workstream Lead does not see Administration; each area's landing page lists the contents named in §3,P1;P2;P3;P4;P5,DG5,SPECIFIED,,
REQ-S03-008,USER,"Provide My Work with assigned actions, drafts, reviews, approvals, missing updates and upcoming deadlines",M0100,§3 Business model and navigation,,Assigned actions;Drafts;Reviews;Approvals;Missing updates;Upcoming deadlines,"My Work aggregates the user's open items across all scoped transformations with direct links, due dates and overdue flags",Personal work queue,all roles,view:own items only,Reporting period opens -> owner tasks appear in My Work,My Work; GET /api/v1/me/work,A02;A12: a KPI owner with a due actual sees it under Missing updates with a link that opens the KPI period entry; another user's items never appear,P1;P2;P4,DG4,SPECIFIED,,
REQ-S03-009,USER,"Provide Executive Overview with outcomes, value, critical initiatives, adoption, blockers and decisions",M0101,§3 Business model and navigation,,Outcomes;Value;Critical initiatives;Adoption;Blockers;Decisions,Executive Overview renders these areas from live canonical records with drill-down,Executive overview,SP;TL;TO,"view:scoped (SP,TL,BO,FIN,TO,AUD)",Accepted KPI actual -> refresh overview,Executive Overview; GET /api/v1/overview,A04: after an accepted KPI actual the overview's outcome tile shows the new actual once and its drill-down lists the source record,P4,DG4,SPECIFIED,,Six T10 areas: REQ-PB-062.
REQ-S03-010,USER,Provide a searchable playbook reader with guidance and launchable executable procedures,M0103,§3 Business model and navigation,,Search term;Source block;Guidance;Procedure,Users search the published methodology text (en and ar) and launch the linked procedure from the reader,Searchable reader with procedure launch,all roles,view:all signed-in users; launch-procedure:roles allowed by the procedure,none,Playbook and Procedures; GET /api/v1/methodology/search,A01: searching 'value pools' returns the Diagnose blocks; the 'Launch' action on the gate-review procedure creates a procedure instance,P2;P5,DG5,SPECIFIED,,
REQ-S03-011,USER,"Show a transformation workspace header with phase, gate readiness, North Star, owners, outcome health, benefits, key decisions and next required actions, with contextual navigation that never requires re-entering the transformation ID",M0114,§3 Business model and navigation,,Phase;Gate readiness;North Star;Owners;Outcome health;Benefits;Key decisions;Next required actions,Opening a transformation sets a context; all related records and areas open filtered to it via links,Transformation workspace header and context,all roles,view:scoped,none,Transformations > Workspace; GET /api/v1/transformations/{id}/summary,A02: from the workspace header one click opens the transformation's RAID filtered to it; the header shows the eight elements with Unknown where data is missing,P1;P2;P4,DG4,SPECIFIED,,
REQ-S04-001,USER,"Give every phase guided inputs, procedural steps, required evidence, named owners, completion rules, outputs and a review queue",M0116,§4 Phase workflows and stage gates,,Guided inputs;Procedural steps;Required evidence;Named owners;Completion rules;Outputs;Review queue,Each phase workspace lists its steps and required evidence with owners; completion rules are evaluated server-side; completed outputs enter the phase review queue,Phase workspace,TL;TO,configure:ADM; own-step:named owners; review:configured reviewers; view:scoped,Step completed -> next step task,Transformations > Workspace > Phase; GET /api/v1/transformations/{id}/phases/{phase},"A02: each of the six phases shows steps, required evidence, owners and a review queue; a step with an unmet completion rule cannot be marked complete via the API",P2;P3;P4,DG4,SPECIFIED,,Related SOURCE rows (share a master-prompt block): REQ-PB-015; class kept USER because this row specifies platform behaviour beyond the playbook (AN-04 class review).
REQ-S04-002,USER,"Make gates explicit approval records tied to a versioned, immutable evidence snapshot, never inferred from task completion",M0116,§4 Phase workflows and stage gates,,Gate instance;Evidence snapshot (record IDs and versions);Snapshot hash;Decision,Submitting a gate freezes the linked evidence record versions into a snapshot; approvers decide on that snapshot; completing all tasks never changes gate state,Gate instance with evidence snapshot,TL;SP,submit:TL; decide:configured approver; view:scoped,Valid gate submission -> route snapshot to approvers,Governance > Stage gates; POST /api/v1/gates/{id}/submissions,A07;A08: completing every phase task leaves the gate Draft; editing a record after submission does not change the snapshot content shown to approvers,P2;P3;P4,DG4,SPECIFIED,,Related SOURCE rows (share a master-prompt block): REQ-PB-015; class kept USER because this row specifies platform behaviour beyond the playbook (AN-04 class review).
REQ-S04-003,USER,Run the Diagnose phase procedure and G1 Case for Change decision,M0118,§4 Phase workflows and stage gates,,Scope;Sponsor;Business/financial performance;Customer experience;Processes/operations;Organization/governance;Technology/data;Capabilities;Baseline evidence;Symptoms vs root causes;Value pools;Confidence,Register scope and sponsor; assess the six areas; collect baseline evidence; separate symptoms from root causes; identify value pools with confidence; submit G1 with the decision question 'agree on the problem/opportunity and value at stake',Current-state diagnostic;trusted baseline;root causes;quantified or explicitly unquantified value pools;case for change;initial charter;G1 decision,TL;SP;FIN;WL,"edit:TL,WL; validate-baseline:FIN; submit:TL; approve:SP (default, configurable); view:scoped",Mandatory gate evidence missing -> block submission,Transformations > Diagnose; Governance > Stage gates > G1,"A02;A08: the G1 pack lists the six required outputs; a value pool without quantification appears as 'unquantified' (not zero); submission without an initial charter is rejected; a G1 decision by a user who is not the configured approver, or by the submitter, returns 403, and a decision on a superseded submission version returns 409",P2,DG2,SPECIFIED,,"G1 evidence checklist: REQ-PB-016. AN-05 (§21 recheck): the invalid-approval clause proves the DG2 evidence 'missing evidence/invalid approval blocked' (M0405) for G1 at DG2. The general approval framework (REQ-S10-016 SoD including delegation, REQ-S10-017 stale approvals for every record type) completes at DG4."
REQ-S04-004,USER,Run the Define phase procedure and G2 Direction decision,M0119,§4 Phase workflows and stage gates,,North Star;Outcome hierarchy;3-5 business outcomes;Outcome owners;KPIs;Targets;Target dates;Leading indicators;Strategic guardrails,"Refine the North Star; build the outcome hierarchy; define 3-5 outcomes with owners, KPIs, targets, target dates and leading indicators; record guardrails; submit G2 with the decision 'outcomes are specific enough to steer choices'",North Star;outcome/KPI tree;KPI dictionary;target trajectory;guardrails;G2 decision,TL;BO;KDS;SP,"edit:TL,BO,KDS; submit:TL; approve:SP (default, configurable); view:scoped",Mandatory gate evidence missing -> block submission,Strategy and KPIs; Governance > Stage gates > G2,"A02;A08: G2 submission without an approved target trajectory for each outcome KPI is rejected naming the KPI; a G2 decision by a user who is not the configured approver, or by the submitter, returns 403, and a decision on a superseded submission version returns 409",P2,DG2,SPECIFIED,,"G2 evidence checklist: REQ-PB-017. AN-05 (§21 recheck): the invalid-approval clause proves 'invalid approval blocked' (M0405) for G2 at DG2; the general approval framework (REQ-S10-016, REQ-S10-017) completes at DG4."
REQ-S04-005,USER,Run the Design phase procedure and G3 Target State decision,M0120,§4 Phase workflows and stage gates,,Ten-dimension TOM;Current vs target state;Future journeys;Capabilities;Design options;Ownership,Facilitate the ten-dimension TOM; compare current and target states; map future journeys and capabilities; resolve design options and ownership; submit G3 with the decision 'the required operating changes are clear',TOM canvas;gap matrix;capability gaps;future journeys/processes;design decisions;G3 decision,TL;BO;WL;SP,"edit:TL,BO; submit:TL; approve:BO or SP per T11 Target-state design; view:scoped",Mandatory gate evidence missing -> block submission,Target Operating Model; Governance > Stage gates > G3,"A02;A08: G3 submission with an Open design decision that has no owner is rejected; the pack lists all ten TOM dimensions; a G3 decision by a user who is not the configured approver (SP, or BO where configured per T11), or by the submitter, returns 403, and a decision on a superseded submission version returns 409",P2,DG2,SPECIFIED,,"G3 evidence checklist: REQ-PB-018. AN-05 (§21 recheck): the invalid-approval clause proves 'invalid approval blocked' (M0405) for G3 at DG2; the general approval framework (REQ-S10-016, REQ-S10-017) completes at DG4."
REQ-S04-006,USER,Run the Mobilize phase procedure and G4 Mobilization decision,M0121,§4 Phase workflows and stage gates,,Gaps;Initiatives;Business cases;Benefit logic;Scores;Waves;Dependencies;Owners;Funding;Capacity,"Convert gaps into initiatives; prepare cases and benefit logic; score and prioritize; sequence waves and dependencies; confirm owners, funding and capacity; submit G4 with the decision 'portfolio is executable and value-backed'",Initiative cards;business cases;prioritization;roadmap;benefit plan;executable resource commitments;G4 decision,TL;WL;FIN;SP,"edit:TL,WL; validate-benefit-logic:FIN; submit:TL; approve:SP (default, configurable); view:scoped",Mandatory gate evidence missing -> block submission,Initiatives and Roadmaps; Governance > Stage gates > G4,"A02;A08: G4 submission with an initiative lacking a funding decision or capacity commitment is rejected naming it; a G4 decision by a user who is not the configured approver, or by the submitter, returns 403, and a decision on a superseded submission version returns 409",P3,DG3,SPECIFIED,,"G4 evidence checklist: REQ-PB-019. AN-05 (§21 recheck): the invalid-approval clause makes the DG3 evidence 'executable approval flow' (M0406) cover rejected invalid approvals for G4 at DG3; the general approval framework (REQ-S10-016, REQ-S10-017) completes at DG4."
REQ-S04-007,USER,Run the Transform phase procedure and G5 Scale decision recording the approved scale scope,M0122,§4 Phase workflows and stage gates,,Workstreams;Forums;Pilots;Milestones;Outcomes;Adoption;RAID;Dependencies;Decisions;Corrective actions,"Operate workstreams and forums; deliver pilots; track milestones, outcomes and adoption; manage RAID, dependencies, decisions and corrective actions; submit G5 with the decision 'results justify the proposed scope of scale' and the proposed scale scope",Performance/pilot evidence;adoption results;resolved material risks or approved dispositions;decision log;G5 decision with approved scope,TL;WL;BO;SP,"edit:TL,WL; submit:TL; approve:SP (default) or BO per T11 'Go-live / scale' (configurable per gate); view:scoped",Mandatory gate evidence missing -> block submission,Transformations > Transform; Governance > Stage gates > G5,A02;A08: G5 submission with an open material risk lacking resolution or approved disposition is rejected; an approval records the scale scope and later scaling outside it is blocked,P4,DG4,SPECIFIED,,"G5 evidence checklist: REQ-PB-020. AN-05 (finding F-DG0-002): the G5 approver is SP by default and can be configured to BO per T11 'Go-live / scale', as in REQ-PB-020. Initiative-level T11 'Go-live / scale' decisions are separate decision records that feed the G5 decision log."
REQ-S04-008,USER,Run the Realize phase procedure and G6 Sustain decision,M0123,§4 Phase workflows and stage gates,,Benefit measurements;Validation;Gaps;Ownership transfer;Controls;Monitoring;Improvement backlog,Measure and validate benefits; correct gaps; transfer ownership and controls; establish sustained monitoring and improvement; submit G6 with the decision 'value is embedded in BAU',Benefit evidence;accepted BAU handover;ownership;controls;continuous-improvement backlog;G6 decision,TL;BO;FIN;SP,"edit:TL,BO; validate:FIN; accept-handover:BO; submit:TL; approve:SP (default, configurable); view:scoped",Mandatory gate evidence missing -> block submission,Transformations > Realize; Governance > Stage gates > G6,A02;A11: G6 submission without an accepted BAU handover is rejected; product G6 approval changes no engineering DG record,P4,DG4,SPECIFIED,,G6 evidence checklist: REQ-PB-021. Product G6 never implies DG7.
REQ-S04-009,USER,"Show on every gate submission, per criterion: criterion, required evidence, completeness, reviewer, finding, open condition, risk, decision and rationale",M0124,§4 Phase workflows and stage gates,,Criterion;Required evidence;Completeness;Reviewer;Finding;Open condition;Risk;Decision;Rationale,The gate review screen lists each criterion row with these fields; reviewers record findings and open conditions; the approver records decision and rationale,Gate criteria review table,TL;SP;TO,submit:TL; review:configured reviewers; decide:configured approver; view:scoped,none,Governance > Stage gates > Review; GET /api/v1/gates/{id}/criteria,A08: a gate decision without rationale is rejected by the API; each criterion row persists all nine fields,P2;P3;P4,DG4,SPECIFIED,,Related SOURCE rows (share a master-prompt block): REQ-PB-015; class kept USER because this row specifies platform behaviour beyond the playbook (AN-04 class review).
REQ-S04-010,USER,"Support gate statuses Draft, Submitted, Under Review, Changes Requested, Approved, Rejected and Deferred with enforced transitions",M0124,§4 Phase workflows and stage gates,,Gate status (Draft | Submitted | Under Review | Changes Requested | Approved | Rejected | Deferred);Transition actor;Timestamp,The server enforces the allowed transitions (for example Changes Requested -> Draft/Submitted; Approved is terminal except via material-change reapproval) and audits each one,Gate status history,TL;SP,transition:role-specific per state; view:scoped,Valid gate submission -> Submitted; review opened -> Under Review,Governance > Stage gates; POST /api/v1/gates/{id}/transitions,A08: all seven statuses exist; a direct Draft -> Approved transition is rejected; each transition writes an audit event,P2;P3;P4,DG4,SPECIFIED,,Exact transition table is an implementation assumption to be fixed in P1 ADRs. Related SOURCE rows (share a master-prompt block): REQ-PB-015; class kept USER because this row specifies platform behaviour beyond the playbook (AN-04 class review).
REQ-S04-011,USER,"Offer conditional approval as a configurable extension recording permitted scope, conditions, owners and deadlines, never authorizing unrestricted scaling",M0124,§4 Phase workflows and stage gates,,Permitted scope;Conditions;Condition owners;Deadlines,"When enabled in Studio, an approver may approve with conditions; the platform allows only the permitted scope and tracks each condition to closure; overdue conditions escalate",Conditional approval with tracked conditions,SP;TL;ADM,enable:ADM; approve-conditionally:configured approver; close-condition:condition owner; view:scoped,Condition deadline passes -> escalate,Governance > Stage gates > Decision; POST /api/v1/gates/{id}/decisions,A08: a conditional G5 approval limited to one region blocks a scale transition for another region; a conditional approval with no scope is rejected,P4;P5,DG5,SPECIFIED,,Extension (not in playbook); disabled by default. Related SOURCE rows (share a master-prompt block): REQ-PB-015; class kept USER because this row specifies platform behaviour beyond the playbook (AN-04 class review).
REQ-S04-012,USER,Block gate submission when mandatory evidence is missing unless a specifically authorized exception is recorded,M0125;M0228,§4 Phase workflows and stage gates,,Mandatory evidence items;Exception record,"Gate readiness is evaluated live and the gate page lists missing mandatory evidence; on submit the server checks each mandatory evidence item; missing items are listed and submission is refused unless an authorized, unexpired exception covers the item",Submission check result,TL,submit:TL; grant-exception:configured authority only,Mandatory gate evidence missing -> display missing requirements and block,Governance > Stage gates; POST /api/v1/gates/{id}/submissions,A08: the gate page lists missing items; submission with one missing mandatory item returns 422 listing it; with a valid exception it succeeds and the snapshot records the exception,P2;P3;P4,DG4,SPECIFIED,,"AN-04 consolidation: absorbs former REQ-S12-008 (Starter automation: when mandatory gate evidence is missing, display the missing requirements and block unauthorized submission); its anchors M0228 and acceptance are carried here."
REQ-S04-013,USER,"Require waivers to record reason, scope, approver, expiry and compensating action",M0125,§4 Phase workflows and stage gates,,Reason;Scope;Approver;Expiry;Compensating action,Authorized approvers grant waivers with all five fields; an expired waiver no longer satisfies the item and the owner is notified,Waiver record,SP;TL,"request:TL; approve:configured authority (not the requester, not ADM); view:scoped",Waiver expiry reached -> reinstate block and notify,Governance > Waivers; POST /api/v1/waivers,A08: a waiver without expiry or compensating action is rejected; after expiry the covered evidence item is again reported missing,P2;P3;P4,DG4,SPECIFIED,,
REQ-S04-014,USER,"Trigger impact assessment and reapproval for material changes to approved scope, baseline, target, TOM, cost or benefit logic while preserving the original approval and snapshot",M0125,§4 Phase workflows and stage gates,,Changed item (scope | baseline | target | TOM | cost | benefit logic);Impact assessment;Reapproval route,Editing an approved item creates a change request with impact assessment routed to the appropriate approver; the original approval and snapshot remain unchanged and viewable,Change request with reapproval and preserved history,TL;SP;FIN;BO,raise:record owner; approve:per T11 and approval policy; view:scoped,Material change -> create change request and route,Governance > Change requests; POST /api/v1/change-requests,A07: changing an approved G4 benefit formula creates a change request; the prior G4 approval and snapshot are still retrievable unchanged,P2;P3;P4,DG4,SPECIFIED,,
REQ-S05-001,USER,"Give every native template form inline help, validation, draft saving, version history, comments, attachments, permissions, bulk editing where suitable and export",M0127,§5 Complete native forms and templates,,Inline help;Validation;Draft saving;Version history;Comments;Attachments;Permissions;Bulk editing;Export,All sixteen templates and first-class records share a form framework providing these capabilities with optimistic concurrency on save,Common form capabilities,all roles,per record permissions,none,"All template screens; /api/v1/{record}/versions, /comments, /attachments, /export","A01;A14: for T01 and T14, a saved draft reopens, a new version is listed in history, a comment and attachment persist, export returns the rows, and a conflicting concurrent save returns a recoverable conflict",P2;P3;P4;P5,DG5,SPECIFIED,,
REQ-S05-002,USER,Allow extension fields on templates without deleting or changing the meaning of any source column,M0127,§5 Complete native forms and templates,,Source column (locked);Extension field,Studio marks source columns as protected; admins may add fields and relabel help but cannot delete source columns or change their type semantics,Protected source columns with extensions,ADM,configure:ADM; view:all,none,Administration > Playbook Studio > Templates,A06: adding an extension field to T03 publishes successfully; attempting to delete the T03 'Gap' column is rejected,P5,DG5,SPECIFIED,,
REQ-S05-003,USER,"Provide per TOM dimension the current/target design, linked gaps, owner, evidence, dependencies and decisions",M0147,§5 Complete native forms and templates,,Dimension;Current design;Target design;Linked gaps;Owner;Evidence;Dependencies;Decisions,"Each of the ten dimensions has a detail page combining canvas text, T03 gaps, evidence, canonical dependencies and T04 decisions",TOM dimension detail,BO;TL,"edit:BO,TL; view:scoped",none,Target Operating Model > Dimension; GET /api/v1/transformations/{id}/tom/dimensions/{dim},A01: each of the ten dimensions shows the seven elements; a dimension without an owner is flagged in G3 readiness,P2,DG2,SPECIFIED,,"Related SOURCE rows (share a master-prompt block): REQ-PB-024, REQ-PB-025, REQ-PB-038, REQ-PB-040, REQ-PB-041, REQ-PB-042; class kept USER because this row specifies platform behaviour beyond the playbook (AN-04 class review)."
REQ-S05-005,USER,"Classify business-case investment (capex, opex, internal FTE, vendor cost, opportunity cost) and benefits (revenue, cost reduction, cost avoidance, working capital, strategic/non-financial) so no item is treated twice",M0148,§5 Complete native forms and templates,,Investment line;Investment class (capex | opex | internal FTE | vendor cost | opportunity cost);Benefit line;Benefit class (revenue | cost reduction | cost avoidance | working capital | strategic/non-financial),Each line carries exactly one class; totals are computed per class; opportunity cost and internal FTE are shown separately from cash investment,Classified investment and benefit totals,TL;FIN,edit:TL; validate:FIN; view:scoped,none,Initiatives and Roadmaps > Business case; /api/v1/business-cases/{id}/lines,A10: a line with two classes is rejected; the case total equals the sum of distinct lines with each counted once,P3,DG3,SPECIFIED,,"Related SOURCE rows (share a master-prompt block): REQ-PB-053, REQ-PB-054; class kept USER because this row specifies platform behaviour beyond the playbook (AN-04 class review)."
REQ-S05-006,USER,"Provide the native operating records added for execution, labelled as extensions where the source gives no full template",M0149,§5 Complete native forms and templates,,Structured evidence;Baseline registry;Value-pool register;Resource/capacity plan;Funding approvals;Process/procedure definitions;Change requests;Meeting records;Corrective plans;Lessons learned;BAU handover;Controls,"Each record type is a persisted, permissioned register; its form and Studio entry show an 'extension' badge where the playbook supplies no template",Twelve extension record types,TO;TL;ADM,per record type; see permissions-matrix.md,none,Respective areas; /api/v1/{record-type},A01: all twelve record types can be created and retrieved via the API; extension-type forms show the extension badge in en and ar,P2;P3;P4;P5,DG5,SPECIFIED,,
REQ-S06-001,USER,"Define procedures with purpose, trigger, scope, prerequisites, inputs and input schema, ordered/conditional/parallel steps, responsible roles, SLA, validation rules, approval path, escalation path, expected outputs, completion conditions, exceptions and version/effective date",M0152,§6 Procedures and configurable methodology,,Purpose;Trigger;Scope;Prerequisites;Inputs;Input schema;Steps (ordered | conditional | parallel);Responsible roles;SLA;Validation rules;Approval path;Escalation path;Expected outputs;Completion conditions;Exceptions;Version;Effective date,Methodology admins author procedure definitions in the procedure builder; the definition is versioned and published,Procedure definition,ADM;TO,author:ADM; review:TO; view:all signed-in users,none,Administration > Playbook Studio > Procedures; /api/v1/procedure-definitions,A06: a procedure with a conditional and a parallel step publishes and runs; a definition missing a trigger or completion condition is rejected,P2;P5,DG5,SPECIFIED,,
REQ-S06-002,USER,"Create a persistent procedure instance on launch showing current step, assignee, due date, missing inputs, completed evidence and next action, whose outputs are real linked records",M0153,§6 Procedures and configurable methodology,,Procedure definition version;Current step;Assignee;Due date;Missing inputs;Completed evidence;Next action;Output records,Launching a procedure creates an instance pinned to the definition version; each step completion is validated server-side and outputs are created as linked records or generated deliverables,Procedure instance,assigned roles,launch:roles in procedure scope; act:step assignee; view:scoped,Step due -> reminder; step overdue -> escalation path,Playbook and Procedures > My procedures; /api/v1/procedure-instances,A02: a baseline-validation instance shows its current step and assignee; completing it creates a validated baseline record linked to the instance,P2;P3;P4;P5,DG5,SPECIFIED,,
REQ-S06-003,USER,"Seed configurable procedures for new transformation intake, baseline validation, KPI submission, TOM approval, initiative prioritization, gate review, scope/target change, benefit validation, executive escalation and BAU handover",M0153,§6 Procedures and configurable methodology,,New transformation intake;Baseline validation;KPI submission;TOM approval;Initiative prioritization;Gate review;Scope/target change;Benefit validation;Executive escalation;BAU handover,The ten procedures are seeded as published definitions and can be edited through Studio,Ten seeded procedures,ADM;TO,configure:ADM; view:all signed-in users,Per procedure trigger,Playbook and Procedures; Administration > Playbook Studio > Procedures,A01;A06: the ten procedures exist after initialization and each can be launched and completed in the A02 scenario,P2;P3;P4;P5,DG5,SPECIFIED,,
REQ-S06-004,USER,"Provide an administrator Playbook Studio to edit methodology text, phases, gates, mandatory artifacts, checklists, templates, fields, labels, help text, validation, formulas, routing, approvers, reminders, escalation rules, dashboards and reporting layouts through the UI",M0154,§6 Procedures and configurable methodology,,Methodology text;Phases;Gates;Mandatory artifacts;Checklists;Templates;Fields;Labels;Help text;Validation;Formulas;Routing;Approvers;Reminders;Escalation rules;Dashboards;Reporting layouts,Methodology admins change these elements in a draft configuration version through the UI without code changes,Draft methodology configuration,ADM,"edit-draft:ADM (methodology admin); view:ADM,TO,AUD",Methodology revision proposed -> impact and validation,Administration > Playbook Studio; /api/v1/admin/methodology-versions,"A06: an admin adds a field to T13, changes a validation rule and changes an approver route in the UI; after publish, with no deployment or application-code change, a new T13 record stores the new field, the changed rule rejects a value it previously accepted, and a submission is routed to the new approver",P5,DG5,SPECIFIED,,
REQ-S06-005,USER,"Support Studio field types text, rich text, number, currency, percentage, date, reference, attachment, lookup, choice and calculated value",M0154,§6 Procedures and configurable methodology,,Field type (text | rich text | number | currency | percentage | date | reference | attachment | lookup | choice | calculated),Each type has server-side validation; percentage is stored as a fraction and currency as decimal with currency code; calculated fields use the safe formula engine,Typed configurable fields,ADM,configure:ADM,none,Administration > Playbook Studio > Fields,A05;A06: a percentage field entered as 12% stores 0.12; a currency field stores decimal SAR without float error; a calculated field referencing an unknown field is rejected,P5,DG5,SPECIFIED,,
REQ-S06-006,ENGINEERING,Protect stable system identifiers and core data invariants from configuration changes,M0154,§6 Procedures and configurable methodology,,System identifier;Protected invariant,"Studio refuses changes that would break invariants: deleting seeded source elements, changing IDs, removing audit, allowing self-approval where prohibited, or making ADM an automatic business approver",Invariant protection,ADM,configure:ADM (within invariants),none,Administration > Playbook Studio,"A06;A12: renaming the label of G3 succeeds; changing its stable ID, deleting a TOM dimension or configuring ADM as an automatic approver is rejected",P5,DG5,SPECIFIED,,
REQ-S06-007,USER,"Publish configuration through Draft, Preview/Test, Review where configured and Publish, with side-by-side diff, affected records, compatibility checks and immutable published versions",M0155,§6 Procedures and configurable methodology,,Configuration version;State (Draft | Preview/Test | Review | Published);Diff;Affected records;Compatibility check result,"The admin previews and tests the draft in a sandbox view, sees a side-by-side diff and affected records, passes compatibility checks, obtains review if configured and publishes; published versions cannot be edited",Published immutable configuration version,ADM;TO,draft/preview:ADM; review:configured reviewer; publish:ADM after review,Methodology revision proposed -> run validation and route review,Administration > Playbook Studio > Publish; POST /api/v1/admin/methodology-versions/{id}/publish,A06: publish without required review is rejected; editing a published version returns 409; the diff lists the added field,P5,DG5,SPECIFIED,,
REQ-S06-008,USER,"Pin existing transformations to their methodology and form versions until a deliberate, approved migration explains mappings, new required fields, invalidated calculations and reapprovals, never silently rewriting history",M0155,§6 Procedures and configurable methodology,,Transformation;Pinned methodology version;Target version;Default mappings;New required fields;Invalidated calculations;Required reapprovals;Migration approval,"Publishing a new version leaves existing transformations pinned; a migration plan is generated, approved and executed per transformation with audit",Version pin and migration record,ADM;TL;SP,plan:ADM; approve-migration:TL or configured business approver; view:scoped,Migration executed -> create reapproval tasks,Administration > Migrations; POST /api/v1/transformations/{id}/methodology-migrations,"A06;A07: after publishing v2, an existing transformation still renders v1 forms; the migration preview lists the new required field and a required G2 reapproval; historical records remain unchanged",P5,DG5,SPECIFIED,,
REQ-S06-009,USER,Roll back configuration by restoring a prior version through an audited change that does not erase later business transactions,M0155,§6 Procedures and configurable methodology,,Prior version;Rollback reason,Rollback publishes a new version equal to the prior content with audit; business records created meanwhile are retained,Rollback configuration version,ADM,rollback:ADM with review where configured,none,Administration > Playbook Studio > Versions,"A07: after rollback, records created under the rolled-back version remain retrievable and the audit trail shows the rollback",P5,DG5,SPECIFIED,,
REQ-S06-010,USER,"Separate administrator configuration from operational editing: owners update assigned data, methodology admins publish shared rules and only authorized business approvers approve policy or financial changes",M0156,§6 Procedures and configurable methodology,,Role;Capability (update assigned data | publish methodology | approve policy/financial change),Capabilities are granted per role and scope and displayed accordingly; methodology publish never grants business approval rights,Role-appropriate capabilities,ADM;SP;FIN;BO,see permissions-matrix.md,none,All areas; Administration,A06;A12: a methodology admin can publish a form change but receives 403 approving a funding reallocation; a KPI owner can update assigned KPI actuals but not Studio,P1;P5,DG5,SPECIFIED,,
REQ-S07-001,USER,"Provide a KPI dictionary with name, description, business purpose, owner, steward, unit, frequency, polarity, numerator/denominator, calculation, baseline and baseline date, target and target date, phased trajectory, source, aggregation rule, data-quality rule, reporting period, approval policy and leading/lagging classification",M0158,§7 KPI engine and change propagation,,Name;Description;Business purpose;Owner;Steward;Unit;Frequency;Polarity;Numerator;Denominator;Calculation;Baseline;Baseline date;Target;Target date;Phased trajectory;Source;Aggregation rule;Data-quality rule;Reporting period;Approval policy;Leading/lagging classification,KDS or TL define KPIs; required fields are validated; the definition is versioned,KPI definition (versioned),KDS;TL;BO,"create/edit:KDS,TL; approve-definition:BO (per approval policy); view:scoped",KPI definition change -> change request,Strategy and KPIs > KPI dictionary; /api/v1/kpis,"A05: a KPI definition persists all listed fields; one without polarity, unit or aggregation rule is rejected",P2;P4,DG4,SPECIFIED,,
REQ-S07-002,ENGINEERING,"Support higher-is-better, lower-is-better, acceptable-band and binary milestone measures",M0159,§7 KPI engine and change propagation,,Polarity (higher-is-better | lower-is-better | acceptable-band | binary milestone);Band lower;Band upper,The calculation engine evaluates variance and status per polarity type,Polarity-aware evaluation,KDS,"configure:KDS,TL; view:scoped",Accepted KPI actual -> evaluate,Strategy and KPIs > KPI; calculation engine,A05: unit tests: higher-better 80 vs expected 90 is adverse; lower-better 80 vs 90 is favourable; band 5-10 with 12 is outside; binary milestone not achieved by due date is adverse,P4,DG4,SPECIFIED,,
REQ-S07-003,USER,"Store actuals by KPI, scope and reporting period",M0159,§7 KPI engine and change propagation,,KPI;Scope (organization | business unit | transformation | performance area);Reporting period;Actual value;Evidence;Observation period;Submitted by,"Each actual is unique per KPI, scope and period; resubmission creates a new version rather than a duplicate",KPI actual,KDS;BO,"submit:KDS,BO (assigned); accept:per approval policy; view:scoped",none,Strategy and KPIs > KPI > Actuals; /api/v1/kpis/{id}/actuals,"A05;A17: a second actual for the same KPI, scope and period is stored as a new version, not a duplicate row",P4,DG4,SPECIFIED,,
REQ-S07-004,ENGINEERING,Distinguish period from cumulative values and percentage changes from percentage-point changes,M0159,§7 KPI engine and change propagation,,Value basis (period | cumulative);Change type (percent | percentage points),The engine stores the basis per KPI and labels changes explicitly; rates are stored as fractions,Correctly labelled values,KDS,configure:KDS,none,Calculation engine; KPI views,A05: a rise from 0.10 to 0.12 is shown as +2.0 pp and +20%; cumulative YTD equals the sum of period flows for a flow KPI,P4,DG4,SPECIFIED,,
REQ-S07-005,ENGINEERING,"Handle missing values, zero denominators, negative baselines and incomparable periods explicitly",M0159,§7 KPI engine and change propagation,,Missing value;Zero denominator;Negative baseline;Incomparable period flag,"Each case returns an explicit status (Unknown, Not computable, Not comparable) with a reason rather than a number",Explicit edge-case statuses,KDS,n/a,none,Calculation engine,"A05: a zero denominator returns 'Not computable' (no division error, not 0); a percentage change from a negative baseline is flagged; comparing a 4-week to a 5-week period is flagged 'Not comparable'",P4,DG4,SPECIFIED,,
REQ-S07-006,ENGINEERING,"Show Unknown or Stale for missing or stale data, never green or zero",M0159,§7 KPI engine and change propagation,,Last actual date;Expected frequency;Staleness threshold,"If no actual exists for the due period or the last actual is older than the threshold, status is Unknown or Stale in all views",Unknown/Stale status,KDS,n/a,Data becomes stale -> visible exception,All KPI views and dashboards,"A05: a KPI with no actual for the current period renders Unknown (grey, labelled) and contributes no zero to aggregates",P4,DG4,SPECIFIED,,
REQ-S07-007,USER,Compute RAG from the approved expected trajectory with configurable thresholds and never from project task completion,M0160,§7 KPI engine and change propagation,,Approved trajectory;Expected-to-date;Amber threshold;Red threshold,RAG = evaluation of actual versus expected-to-date by polarity using configured thresholds; task completion is not an input,Outcome RAG,KDS;TL,"configure-thresholds:TL,KDS per approval policy; view:scoped",Accepted KPI actual -> recompute RAG,Strategy and KPIs; Executive Overview,A04;A05: with all tasks complete and actual below the red threshold the KPI is Red; changing the threshold version recomputes RAG,P4,DG4,SPECIFIED,,Threshold defaults are an implementation assumption. AN-04 resolution vs REQ-PB-063: trajectory-based RAG applies to KPIs and the T10 Outcomes area; the other T10 areas keep the playbook's area-specific RAG logic (Value: validated benefit gap; Portfolio: milestone + outcome risk; Dependencies: decision date / critical path; People: adoption curve). The playbook wins for SOURCE content.
REQ-S07-008,USER,"Always show actual, expected-to-date, final target, variance, trend, data freshness and the rule explanation alongside RAG",M0160,§7 KPI engine and change propagation,,Actual;Expected-to-date;Final target;Variance;Trend;Data freshness;Rule explanation,Every KPI status display includes these seven elements with a plain-language explanation,KPI status panel,all roles,view:scoped,none,Strategy and KPIs > KPI; dashboard tiles,A04;A20: the KPI panel shows all seven elements in en and ar; the explanation names the threshold used,P4,DG4,SPECIFIED,,Related SOURCE rows (share a master-prompt block): REQ-PB-063; class kept USER because this row specifies platform behaviour beyond the playbook (AN-04 class review).
REQ-S07-009,USER,"Allow manual RAG override only by an authorized user with reason, evidence, expiry and audit, preserving the calculated status",M0160,§7 KPI engine and change propagation,,Override RAG;Reason;Evidence;Expiry;Authorized user,An authorized user records the override; both calculated and overridden status are shown; at expiry the override lapses,RAG override record,TL;BO,override:configured authority (not ADM); view:scoped,Override expiry -> revert to calculated,Strategy and KPIs > KPI > Override; POST /api/v1/kpis/{id}/rag-overrides,A05;A12: an override without evidence or expiry is rejected; an unauthorized user gets 403; after expiry the calculated RAG displays,P4,DG4,SPECIFIED,,Related SOURCE rows (share a master-prompt block): REQ-PB-063; class kept USER because this row specifies platform behaviour beyond the playbook (AN-04 class review).
REQ-S07-010,ENGINEERING,"Define aggregations explicitly: sum eligible flows, last value for stocks, weighted ratios where appropriate or an approved custom formula; never average percentages or mix units by default; preserve currency and period",M0161,§7 KPI engine and change propagation,,Aggregation rule (sum | last value | weighted ratio | custom formula);Unit;Currency;Period,Roll-ups apply the KPI's declared rule; mismatched units or currencies are rejected; ratios aggregate from numerators and denominators,Correct roll-ups,KDS,configure:KDS,none,Calculation engine,"A05: two BU ratios 1/10 and 9/10 roll up to 0.50 (weighted), not the mean of percentages; summing SAR with USD without conversion is rejected",P4,DG4,SPECIFIED,,
REQ-S07-011,ENGINEERING,Reject circular references and invalid units in formula dependencies,M0161,§7 KPI engine and change propagation,,Formula;Dependencies;Units,"On save and publish, the dependency graph is checked for cycles and unit compatibility",Validated formula graph,KDS;FIN,"edit:KDS,FIN",Formula revision proposed -> validation,Benefits and Finance > Formulas; Strategy and KPIs > Calculations,A05: KPI A = B + 1 and B = A * 2 is rejected as circular; adding SAR to a count is rejected,P3;P4,DG4,SPECIFIED,,
REQ-S07-012,USER,Route KPI submissions through configurable draft/review/accept or direct-accept routes,M0162,§7 KPI engine and change propagation,,Route (draft -> review -> accept | direct-accept);Reviewer,The KPI's approval policy decides the route; submitted actuals await review unless direct-accept is configured,KPI submission workflow,KDS;BO,"submit:KDS,BO; accept:configured reviewer; view:scoped",Submission -> review task,Strategy and KPIs > KPI > Submit; POST /api/v1/kpis/{id}/actuals/{v}/accept,"A04: with review configured, a submitted actual is not used in calculations until accepted; with direct-accept it is used immediately",P4,DG4,SPECIFIED,,
REQ-S07-013,USER,"On an accepted actual run server-side validation, recalculation of dependent metrics and benefits, dashboard refresh, deviation evaluation and an audit event",M0162,§7 KPI engine and change propagation,,Accepted actual,"Acceptance triggers one idempotent calculation run that updates dependents, refreshes views, evaluates deviation and writes audit",Calculation run,system,n/a (system service identity),Accepted KPI actual changes -> recalculate and refresh,Calculation engine; /api/v1/calculation-runs,A04;A13: accepting one actual produces exactly one calculation run and one audit event; linked dashboards show the new value once,P4,DG4,SPECIFIED,,
REQ-S07-014,USER,"Keep new benefit values pending, not validated realized value, when Finance validation is required",M0162,§7 KPI engine and change propagation,,Benefit;Finance validation required flag;Pending value,Recalculated benefit values enter 'submitted for validation' and are excluded from validated totals until Finance approves,Pending benefit value,FIN,validate:FIN; view:scoped,Benefit evidence submitted -> Finance queue,Benefits and Finance > Validation queue,"A04;A10: after an accepted KPI actual, the linked benefit shows a pending amount and the validated total is unchanged",P4,DG4,SPECIFIED,,
REQ-S07-015,USER,"Handle changes to a KPI definition, baseline or target through a versioned change request with reason, impact preview and list of affected outcomes, benefits, gates, reports and formulas",M0163,§7 KPI engine and change propagation,,Changed field (definition | baseline | target);Reason;Impact preview;Affected outcomes;Affected benefits;Affected gates;Affected reports;Affected formulas,Editing these fields creates a change request; approval creates a new KPI version,KPI change request and version,KDS;TL;BO;FIN,"raise:KDS,TL; approve:per approval policy; view:scoped",Change request -> impact preview,Strategy and KPIs > KPI > Change request; POST /api/v1/change-requests,A07: changing a target shows the affected benefit and G2 approval in the preview; the old version remains retrievable,P4,DG4,SPECIFIED,,
REQ-S07-016,USER,"Apply approved KPI changes prospectively by default; allow retrospective restatement only with explicit period selection, authority and a retained reconciliation; keep issued reports unchanged and reissuable as new versions",M0163,§7 KPI engine and change propagation,,Effective from;Restatement periods;Authority;Reconciliation,"Default effective date is the next period; restatement requires selected periods, authorized approver and reconciliation record; issued snapshots remain intact",Prospective or restated KPI versions,TL;FIN;SP,restate:configured authority; view:scoped,Restatement approved -> recalc selected periods and offer report reissue,Strategy and KPIs > KPI > Restatement,A07: a prospective target change leaves last quarter's RAG unchanged; a restatement of Q1 without authority is rejected; the Q1 report issued earlier is unchanged and a reissue creates version 2,P4;P5,DG5,SPECIFIED,,
REQ-S07-017,USER,"Make the routine KPI update quick: open KPI, select period, enter or import actual and evidence, submit; then show which downstream views changed and whether review is pending",M0164,§7 KPI engine and change propagation,,KPI;Period;Actual;Evidence;Import file (optional),A single form (also mobile-friendly) captures the actual and evidence; after submit a confirmation lists changed views and pending reviews,Submitted actual with downstream summary,KDS;BO,submit:assigned KPI owner/steward,Accepted actual -> downstream list,My Work > Update KPI; POST /api/v1/kpis/{id}/actuals,A04;A20: a keyboard-only user completes an update in four steps; the confirmation lists affected dashboards and 'Finance review pending' where applicable,P4,DG4,SPECIFIED,,
REQ-S08-001,USER,"Track planned, forecast, measured, submitted-for-validation, validated, rejected and sustained benefit values separately",M0166,§8 Benefits and financial validation,,Planned;Forecast;Measured;Submitted for validation;Validated;Rejected;Sustained,Each benefit keeps separate value series per state; aggregations never combine states,Benefit value states,BO;FIN,"enter-plan/forecast:BO; measure:KDS,BO; validate/reject:FIN; view:scoped",Benefit evidence submitted -> Finance queue,Benefits and Finance > Benefit; /api/v1/benefits/{id}/values,A10: a forecast amount never appears in the validated total; a rejected measurement is retained and shown as rejected,P4,DG4,SPECIFIED,,Lifecycle steps: REQ-PB-074.
REQ-S08-002,USER,"Treat a delivered capability as an enabler, not proof of realized value",M0166,§8 Benefits and financial validation,,Capability delivered;Benefit realization,Completing a capability or deliverable updates the Enable step only; realized value requires measurement and validation,Enabler status,BO;FIN,n/a,none,Benefits and Finance > Benefit lifecycle,A11: completing the enabling deliverable leaves realized value unchanged at zero validated and marks the benefit 'enabled - not yet measured',P4,DG4,SPECIFIED,,Related SOURCE rows (share a master-prompt block): REQ-PB-074; class kept USER because this row specifies platform behaviour beyond the playbook (AN-04 class review).
REQ-S08-003,USER,"Record for each benefit a unique ID, type, accountable business owner, Finance validator where applicable, baseline/counterfactual, formula, driver units, target, timing, one-off/recurring classification, currency, measurement source, evidence, confidence, assumptions, contribution links and financial-statement mapping or agreed non-financial KPI",M0167,§8 Benefits and financial validation,,ID;Type;Accountable business owner;Finance validator;Baseline/counterfactual;Formula;Driver units;Target;Timing;One-off/recurring;Currency;Measurement source;Evidence;Confidence;Assumptions;Contribution links;Financial-statement mapping or agreed non-financial KPI,Benefit profile form with server-side validation of required fields,Benefit profile,BO;FIN;TL,"create/edit:BO,TL; assign-validator:FIN; view:scoped",none,Benefits and Finance > Benefit; /api/v1/benefits,"A10: a financial benefit without a financial-statement mapping, or a non-financial one without an agreed KPI, is rejected",P3;P4,DG4,SPECIFIED,,
REQ-S08-004,ENGINEERING,Provide a safe formula builder with a restricted expression language and typed variables that never evaluates arbitrary user-supplied code,M0168,§8 Benefits and financial validation,,Expression;Typed variables;Allowed functions,Formulas are parsed by a whitelist grammar into an AST and evaluated with decimal arithmetic; no eval or dynamic code execution,Safe formula engine,FIN;KDS,"author:FIN,KDS,TL; view:scoped",none,Benefits and Finance > Formula builder; /api/v1/formulas/validate,A05;A12: an expression containing a function call outside the whitelist or a JavaScript payload is rejected at parse time; code review finds no eval/Function use,P3;P4,DG4,SPECIFIED,,
REQ-S08-005,USER,"Preview formula examples, units and edge cases before publication",M0168,§8 Benefits and financial validation,,"Example inputs;Expected units;Edge cases (zero, missing, negative)","Before publishing, the builder shows evaluated examples, the resulting unit and edge-case outcomes",Formula preview,FIN;KDS,preview:formula authors,none,Benefits and Finance > Formula builder > Preview,A05: preview of the revenue uplift example shows SAR as the unit and 'Not computable' for a missing ARPU,P3;P5,DG5,SPECIFIED,,
REQ-S08-006,ENGINEERING,"Version formulas and preserve calculation lineage: input actuals, source versions, assumptions, rates, period and formula version",M0168,§8 Benefits and financial validation,,Formula version;Input actuals;Source versions;Assumptions;Rates;Period,Each calculation run stores its lineage; any displayed number can show its lineage,Calculation lineage,FIN;AUD,view:scoped incl. AUD,none,Calculation lineage panel; GET /api/v1/calculation-runs/{id},"A05;A07: a benefit value drills to the formula version, input actual versions and rates used; after a formula change old results keep the old version reference",P3;P4,DG4,SPECIFIED,,
REQ-S08-007,ENGINEERING,"Validate the revenue uplift example: attach rate stored as a fraction (10% to 12% is 0.02, 2 percentage points) with aligned ARPU, customer population and ramp periods",M0170,§8 Benefits and financial validation,,Change in attach rate (fraction);Eligible customers;ARPU;Period;Ramp,"The formula checks that ARPU, population and ramp share the same period basis before evaluating",Aligned revenue uplift calculation,FIN;KDS,n/a,none,Calculation engine,A05: monthly ARPU combined with an annual population without a conversion is rejected; 0.02 x 100000 x 50 SAR = 100000 SAR exactly,P3,DG3,SPECIFIED,,"Numbers are test fixtures, not Mobily data. Example seeding: REQ-PB-057."
REQ-S08-008,ENGINEERING,Require the same period and a validated comparison basis for the cost reduction example,M0171,§8 Benefits and financial validation,,Eligible volume;Reduction in unit cost;Period;Comparison basis;Comparison basis validation,Cost reduction = eligible volume x reduction in unit cost for the same period; evaluation requires a Finance-validated comparison basis,Validated cost reduction calculation,FIN,validate-basis:FIN,none,Calculation engine,A05;A10: with an unvalidated comparison basis the result is labelled provisional and excluded from validated totals,P3;P4,DG4,SPECIFIED,,Related SOURCE rows (share a master-prompt block): REQ-PB-057; class kept ENGINEERING because this row specifies platform behaviour beyond the playbook (AN-04 class review).
REQ-S08-009,USER,Keep revenue uplift separate from profit or margin benefit and avoided cost separate from cash savings,M0172,§8 Benefits and financial validation,,Benefit class (revenue uplift | profit/margin | cost avoidance | cash savings),Separate classes with separate totals; no automatic conversion between them,Separated benefit totals,FIN,classify:BO; validate:FIN,none,Benefits and Finance > Totals,A10: the Finance dashboard shows revenue uplift and margin benefit on separate lines; cost avoidance is not counted in cash savings,P4,DG4,SPECIFIED,,Related SOURCE rows (share a master-prompt block): REQ-PB-076; class kept USER because this row specifies platform behaviour beyond the playbook (AN-04 class review).
REQ-S08-010,USER,Do not monetize CX or other non-financial benefits without an approved valuation method,M0172,§8 Benefits and financial validation,,Non-financial benefit;Valuation method;Valuation approval,A SAR value can be attached to a non-financial benefit only by referencing a Finance-approved valuation method,Controlled monetization,FIN,approve-method:FIN,none,Benefits and Finance > Valuation methods,A10: entering a SAR value on a CX benefit without an approved method is rejected,P4,DG4,SPECIFIED,,See REQ-PB-076 for Value (SAR) n/a.
REQ-S08-011,USER,"Show gross benefits, implementation cost and net value separately without subtracting the same cost at both initiative and transformation level",M0172,§8 Benefits and financial validation,,Gross benefit;Implementation cost;Net value;Level (initiative | transformation),Costs are canonical lines owned at one level; roll-ups subtract each cost line once,Gross/cost/net view,FIN;TL,view:scoped,none,Benefits and Finance > Value summary,"A10: a 1 million SAR cost recorded on an initiative reduces transformation net value by exactly 1 million SAR, not 2 million",P3;P4,DG4,SPECIFIED,,Related SOURCE rows (share a master-prompt block): REQ-PB-076; class kept USER because this row specifies platform behaviour beyond the playbook (AN-04 class review).
REQ-S08-013,USER,Reject allocations over 100% and show any share below 100% as unallocated,M0173,§8 Benefits and financial validation,,Allocation % per contributor,The server sums allocations per benefit; above 100% is rejected; below 100% shows the remaining share as unallocated,Allocation validation,FIN;BO,"allocate:BO,TL",none,Benefits and Finance > Allocations; PUT /api/v1/benefits/{id}/allocations,A10: allocations 60% + 50% are rejected; 60% + 30% saves and shows 10% unallocated,P4,DG4,SPECIFIED,,Related SOURCE rows (share a master-prompt block): REQ-PB-058; class kept USER because this row specifies platform behaviour beyond the playbook (AN-04 class review).
REQ-S08-014,USER,"Warn about overlapping populations, periods and drivers and require Finance to resolve economic overlaps rules cannot determine",M0173,§8 Benefits and financial validation,,Population;Period;Driver;Overlap warning;Finance resolution,"The system flags benefits sharing driver, population and period; flagged items need a Finance resolution before inclusion in validated totals",Overlap warning and resolution,FIN,resolve:FIN only,Overlap detected -> Finance task,Benefits and Finance > Overlaps,A10: two benefits using the same driver and period raise a warning and remain excluded from validated totals until Finance resolves,P4,DG4,SPECIFIED,,Related SOURCE rows (share a master-prompt block): REQ-PB-058; class kept USER because this row specifies platform behaviour beyond the playbook (AN-04 class review).
REQ-S08-015,USER,"Include baseline, attribution/counterfactual, calculation, evidence, measurement period and assumptions in Finance validation",M0174,§8 Benefits and financial validation,,Baseline;Attribution/counterfactual;Calculation;Evidence;Measurement period;Assumptions,The validation screen presents the six items; the validator records a decision per item and overall,Finance validation record,FIN,validate:FIN only; view:scoped,Benefit evidence submitted -> Finance queue,Benefits and Finance > Validation queue; POST /api/v1/finance-validations,A10;A12: a validation lacking a measurement period is rejected; a non-Finance user gets 403,P4,DG4,SPECIFIED,,Related SOURCE rows (share a master-prompt block): REQ-PB-013; class kept USER because this row specifies platform behaviour beyond the playbook (AN-04 class review).
REQ-S08-016,USER,Keep measure-only submissions out of the validated total until approved,M0174,§8 Benefits and financial validation,,Measurement submission;Approval state,Measurements add to 'measured' only; the validated total changes only on Finance approval,Validated totals integrity,FIN,approve:FIN,none,Benefits and Finance,A10: submitting a measurement leaves the validated total unchanged; approval increases it by exactly the approved amount,P4,DG4,SPECIFIED,,Related SOURCE rows (share a master-prompt block): REQ-PB-013; class kept USER because this row specifies platform behaviour beyond the playbook (AN-04 class review).
REQ-S08-017,USER,Record corrections as amendments or reversals linked to the original record,M0174,§8 Benefits and financial validation,,Original record;Amendment;Reversal;Reason,Validated values cannot be edited in place; corrections create linked amendment or reversal entries,Amendment/reversal entries,FIN,amend:FIN,none,Benefits and Finance > Benefit > History,A07;A10: an in-place edit of a validated value returns 409; a reversal nets the total and both records remain visible,P4,DG4,SPECIFIED,,Related SOURCE rows (share a master-prompt block): REQ-PB-013; class kept USER because this row specifies platform behaviour beyond the playbook (AN-04 class review).
REQ-S08-018,USER,"Support base, upside and downside scenarios without mixing scenarios into reported actuals",M0174,§8 Benefits and financial validation,,Scenario (base | upside | downside);Scenario values,Scenario values are stored separately from actuals and are labelled wherever shown,Scenario sets,TL;FIN,"edit:TL,FIN",none,Initiatives and Roadmaps > Business case > Scenarios,A10: upside scenario values never appear in the realized or validated totals,P3;P4,DG4,SPECIFIED,,Related SOURCE rows (share a master-prompt block): REQ-PB-013; class kept USER because this row specifies platform behaviour beyond the playbook (AN-04 class review).
REQ-S08-019,USER,"Offer NPV, ROI or payback only as an optional extension with explicitly defined methodology, timing and discount-rate assumptions",M0174,§8 Benefits and financial validation,,Metric (NPV | ROI | payback);Methodology;Timing;Discount rate,"Disabled by default; when enabled the calculation shows its assumptions and is labelled as an extension, not a source requirement",Optional financial metrics,FIN;ADM,enable:ADM; define-assumptions:FIN,none,Benefits and Finance > Financial metrics,"A05: with no discount rate configured NPV is not shown; with 10% configured, a fixture cash-flow set gives the expected NPV to 2 decimals",P5,DG5,SPECIFIED,,Extension; not prescribed by the playbook. Related SOURCE rows (share a master-prompt block): REQ-PB-013; class kept USER because this row specifies platform behaviour beyond the playbook (AN-04 class review).
REQ-S09-001,USER,Label and document any 0-100 view of the 1-5 weighted score conversion,M0176,§9 Portfolio prioritization and execution,,Weighted score (1-5);0-100 display value;Conversion rule,If the 0-100 view is enabled the conversion is labelled on screen and documented in help,Labelled score view,TL;TO,configure:ADM,none,Initiatives and Roadmaps > Prioritization,"A05: with the documented conversion (score-1)/4 x 100, a 3.30 score shows 57.5 with the conversion label; the 1-5 value remains the stored result",P3,DG3,SPECIFIED,,"The conversion formula is an implementation assumption; the master prompt only requires labelling and documentation. Related SOURCE rows (share a master-prompt block): REQ-PB-048, REQ-PB-049; class kept USER because this row specifies platform behaviour beyond the playbook (AN-04 class review)."
REQ-S09-003,USER,"Separate proposed rankings, approved portfolio selection and funding approval",M0177,§9 Portfolio prioritization and execution,,Proposed ranking;Approved portfolio selection;Funding approval,"Three distinct records and approvals; ranking does not select, selection does not fund",Separate ranking/selection/funding records,TL;SP;FIN,propose-rank:TL; approve-selection:SP; approve-funding:SteerCo per T11,none,Initiatives and Roadmaps > Portfolio; /api/v1/funding-decisions,A08: a selected initiative without a funding approval shows 'Selected - unfunded' and cannot be launched,P3,DG3,SPECIFIED,,
REQ-S09-004,USER,"Provide value/feasibility comparison, filters, ranked tables, dependency-aware sequencing and capacity conflict indicators",M0177,§9 Portfolio prioritization and execution,,Value;Feasibility;Filters;Rank;Dependencies;Capacity,"Portfolio views plot value vs feasibility, sort ranked tables, sequence respecting dependencies and flag capacity conflicts",Portfolio analysis views,TL;TO,view:scoped,none,Initiatives and Roadmaps > Prioritization,A01: an initiative sequenced before its predecessor is flagged; overlapping demand above capacity shows a conflict indicator,P3,DG3,SPECIFIED,,
REQ-S09-005,USER,Explain ranking changes and overrides,M0177,§9 Portfolio prioritization and execution,,Previous rank;New rank;Cause (score | weight | override);Override reason;Override approver,Rank changes list their causes; manual overrides require reason and an authorized approver,Ranking change log,TL;SP,override:SP or configured authority,none,Initiatives and Roadmaps > Prioritization > History,A07: an override without reason is rejected; the history shows 'weight version 2' as the cause of a rank change,P3,DG3,SPECIFIED,,Weight-set versions come from REQ-PB-049. Since AN-05 (finding F-DG0-001) that row completes at DG3 too.
REQ-S09-006,USER,"Provide roadmap timeline, initiative table and work board using the same data",M0184,§9 Portfolio prioritization and execution,,Initiative;Wave;Dates;Milestones;Status,Three views over the same canonical records; edits in one appear in the others,Roadmap views,TL;WL,"edit:TL,WL; view:scoped",none,Initiatives and Roadmaps > Roadmap,A14: moving a milestone on the timeline updates the table and board; conflicting concurrent edits show a conflict,P3,DG3,SPECIFIED,,
REQ-S09-007,USER,"Track approved vs forecast milestone dates, deliverable acceptance, budget/actual/forecast, role-based capacity, FTE demand, dependencies and decisions",M0184,§9 Portfolio prioritization and execution,,Approved milestone date;Forecast milestone date;Deliverable acceptance;Budget;Actual;Forecast;Role-based capacity;FTE demand;Dependencies;Decisions,Execution tracking fields per initiative with variance display,Execution tracking,WL;TL;FIN,"update:WL; budget:FIN,TL; view:scoped",none,Initiatives and Roadmaps > Initiative > Execution,A05: budget/actual/forecast use decimal SAR; forecast slip vs approved date is shown in working days,P3;P4,DG4,SPECIFIED,,
REQ-S09-008,ENGINEERING,Detect dependency cycles and schedule conflicts,M0184,§9 Portfolio prioritization and execution,,Dependencies;Needed-by dates;Milestone dates,On save the server checks the dependency graph for cycles and needed-by vs delivery date conflicts,Cycle and conflict findings,TL;TO,n/a,Critical dependency slips -> notify,Initiatives and Roadmaps > Dependencies,A01: A->B->C->A is rejected naming the cycle; a predecessor finishing after the successor's needed-by date is flagged,P3,DG3,SPECIFIED,,
REQ-S09-009,ENGINEERING,"Derive critical-path claims from defined scheduling logic, not cosmetic highlighting",M0184;M0250,§9 Portfolio prioritization and execution,,Tasks/milestones;Durations;Dependencies,Critical path is computed by a documented algorithm (zero total float) and only shown when inputs are complete,Computed critical path,TL,view:scoped,Critical dependency slips -> recompute,Initiatives and Roadmaps > Roadmap; Executive Overview > Dependencies,A05: for a fixture network the computed critical path matches the expected chain; with missing durations no critical path is claimed,P3;P4,DG4,SPECIFIED,,"Related SOURCE rows (share a master-prompt block): REQ-PB-062, REQ-PB-063; class kept ENGINEERING because this row specifies platform behaviour beyond the playbook (AN-04 class review)."
REQ-S09-010,USER,Record material rebaselines through change control,M0184,§9 Portfolio prioritization and execution,,Baseline plan version;Rebaseline reason;Approval,Changing approved dates or budgets beyond the material threshold creates a change request; the prior baseline is retained,Rebaseline change request,TL;SP,approve:per T11,none,Governance > Change requests,A07: a material date change without approval leaves the approved date unchanged and shows the forecast separately,P3;P4,DG4,SPECIFIED,,
REQ-S09-011,USER,Collect concise structured owner updates and generate executive views directly from them and canonical metrics,M0185,§9 Portfolio prioritization and execution,,Achievements;Next steps;Milestones;Outcomes;Adoption;Risks;Dependencies;Asks,Owners submit a structured update per period; executive views and packs are generated from updates plus canonical metrics without slide re-creation,Structured update and generated executive view,WL;TL,submit:WL; view:scoped,Reporting period opens -> update tasks,Initiatives and Roadmaps > Updates; /api/v1/updates,A02;A15: the executive pack's workstream section contains the submitted update text and current metrics without manual editing,P4;P5,DG5,SPECIFIED,,
REQ-S10-001,USER,"Implement role and record-level access for the source roles and the implementation roles KPI/Data Steward, Tech/Data contributor, committee member/secretary, read-only auditor and system administrator",M0187,§10 Governance and decisions,,Role (Executive Sponsor | Transformation Lead | Business Owner | Workstream Lead | Finance/Value Office | Transformation Office | KPI/Data Steward | Tech/Data contributor | committee member/secretary | read-only auditor | system administrator);Assignment scope,Roles are assigned per scope; permissions follow docs/analysis/permissions-matrix.md,Role model,ADM;TO,"assign:TO,TL within scope; manage-role-catalogue:ADM",none,Administration > Access; /api/v1/scoped-assignments,A12: the eleven roles exist; a read-only auditor can view but every write returns 403,P1;P2,DG2,SPECIFIED,,Related SOURCE rows (share a master-prompt block): REQ-PB-012; class kept USER because this row specifies platform behaviour beyond the playbook (AN-04 class review).
REQ-S10-002,USER,"Scope access by organization, business unit, transformation and sensitive record so that job title alone never grants access across all transformations",M0188,§10 Governance and decisions,,Organization;Business unit;Transformation;Sensitive record flag;Scoped assignment,Authorization evaluates scoped assignments; sensitive records need explicit grants,Scoped authorization,ADM;TO,"grant:TO,ADM (access admin)",none,All APIs,A12: a Business Owner on transformation X gets 403/404 reading transformation Y; a sensitive benefit is hidden from a workstream member without the grant,P1;P6,DG6,SPECIFIED,,
REQ-S10-003,USER,Never make technical administrators business approvers automatically,M0188,§10 Governance and decisions,,ADM role;Business approval capability,"ADM has no approval capability unless separately assigned a business role in scope, which is audited",SoD between admin and approver,ADM,n/a,none,All approval APIs,A12: an ADM-only user calling a gate or Finance approval endpoint gets 403,P1;P4,DG4,SPECIFIED,,
REQ-S10-004,ENGINEERING,"Enforce permissions on the server for records, files, APIs, exports, search and AI retrieval",M0188;M0330,§10 Governance and decisions,,Record;File;API;Export;Search index;AI retrieval;User scope,"One authorization layer is applied to every read path: record views, file downloads, APIs, export generation, search queries/indexes and AI context retrieval all filter by the requesting user's scoped assignments, using the same scopes as record views","Uniform server-side authorization, including scoped exports and search",backend-workflow-engineer;code-security-reviewer,n/a,none,All APIs; exports; search,"A12: a user without access to transformation Y receives no Y records in search, export, evidence URL or AI retrieval; a user scoped to transformation X exports a portfolio report and receives no Y records, and search returns no Y hits",P1;P5;P6,DG6,SPECIFIED,,AN-04 consolidation: absorbs former REQ-S16-028 (Apply the same authorization scopes to generated exports and search indexes as to record views); its anchors M0330 and acceptance are carried here.
REQ-S10-005,USER,"Make forum recurrence, participants, cut-off dates and agenda rules configurable",M0196,§10 Governance and decisions,,Forum;Recurrence;Participants;Cut-off offset;Agenda rules,TO configures each forum; meetings are generated per recurrence and cut-offs,Configured forum,TO;SEC,configure:TO; view:scoped,Meeting cut-off reached -> draft agenda,Governance > Forums; /api/v1/forums,A06: changing Workstream Review from weekly to fortnightly regenerates future meetings only,P4,DG4,SPECIFIED,,Related SOURCE rows (share a master-prompt block): REQ-PB-066; class kept USER because this row specifies platform behaviour beyond the playbook (AN-04 class review).
REQ-S10-006,USER,"Use an Asia/Riyadh default business calendar with configurable workweek, holidays and working-day SLAs, never hardcoding public holidays or using elapsed days where working days are specified",M0196,§10 Governance and decisions,,Timezone (default Asia/Riyadh);Workweek;Holiday calendar;SLA unit (working days | calendar days),SLA due dates use the configured calendar; holidays are administered data,Business calendar,ADM,configure:ADM; view:all,Decision SLA computed from calendar,Administration > Calendar; /api/v1/calendars,A09: a 5-working-day SLA raised on the day before a configured holiday skips the holiday and weekend days; no holiday exists until configured,P4,DG4,SPECIFIED,,Related SOURCE rows (share a master-prompt block): REQ-PB-066; class kept USER because this row specifies platform behaviour beyond the playbook (AN-04 class review).
REQ-S10-007,USER,Preserve the source RACI as a configurable starting point per transformation,M0203,§10 Governance and decisions,,Seeded RACI version;Transformation RACI;Change reason,"Each transformation starts from the seeded RACI and may adjust it with versioned, approved changes",Transformation RACI,TO;TL;SP,"edit:TO,TL; approve:SP",none,Governance > RACI,A06;A07: changing a transformation's RACI does not change the seeded default or other transformations,P4,DG4,SPECIFIED,,Seeded values: REQ-PB-067.
REQ-S10-008,USER,Map roles to named people or governed groups,M0211,§10 Governance and decisions,,Role;Person;Governed group,RACI and decision-rights roles resolve to named people or groups per transformation,Role-to-person mapping,TO;TL,"assign:TO,TL",none,Transformations > Team,A12: a decision routed to 'Business Owner' reaches the mapped person; an unmapped role blocks routing with a visible error,P2;P4,DG4,SPECIFIED,,Related SOURCE rows (share a master-prompt block): REQ-PB-013; class kept USER because this row specifies platform behaviour beyond the playbook (AN-04 class review).
REQ-S10-009,USER,Require one accountable assignment per deliverable unless a documented governance rule permits otherwise,M0211,§10 Governance and decisions,,Deliverable;Accountable assignment;Exception governance rule,Saving a RACI with zero or multiple A per deliverable is rejected unless an exception rule is referenced,Validated accountability,TO;TL,"edit:TO,TL",none,Governance > RACI,A01: a RACI row with two A entries is rejected; 'A/R' for BAU Handover counts as one accountable,P4,DG4,SPECIFIED,,Related SOURCE rows (share a master-prompt block): REQ-PB-013; class kept USER because this row specifies platform behaviour beyond the playbook (AN-04 class review).
REQ-S10-010,USER,"Support authorized delegation with effective dates, absence handling and preserved audit identity, never creating approval loops",M0211,§10 Governance and decisions,,Delegator;Delegate;Scope;Effective from;Effective to;Absence reason,Delegation grants capabilities for a period; actions record both delegate and delegator; circular delegation or self-approval via delegation is rejected,Delegation record,all approvers,create:the delegator or ADM on request; view:scoped,Delegation expiry -> revoke,My Work > Delegations; /api/v1/delegations,A12: A delegating to B and B to A is rejected; an approval by B shows 'B on behalf of A' in audit; after expiry B loses the capability,P4,DG4,SPECIFIED,,Related SOURCE rows (share a master-prompt block): REQ-PB-013; class kept USER because this row specifies platform behaviour beyond the playbook (AN-04 class review).
REQ-S10-011,USER,"Provide the in-app committee workflow: draft agenda, gather linked decision briefs, review materials, record attendance/quorum where configured, record decisions, approve/publish minutes, assign actions and monitor closure",M0212,§10 Governance and decisions,,Agenda;Decision briefs;Materials;Attendance;Quorum;Decisions;Minutes;Actions,The secretary runs each step on the meeting record; decisions go to the shared decision log and actions to owners,"Meeting record with minutes, decisions and actions",SEC;CM;TL,prepare:SEC; attend:CM; approve-minutes:chair; view:scoped,Meeting cut-off -> draft agenda; action overdue -> reminder,Governance > Meetings; /api/v1/meetings,"A02;A09: with quorum configured, decisions cannot be recorded below quorum; published minutes are immutable and actions appear in owners' My Work",P4,DG4,SPECIFIED,,"Related SOURCE rows (share a master-prompt block): REQ-PB-068, REQ-PB-081; class kept USER because this row specifies platform behaviour beyond the playbook (AN-04 class review)."
REQ-S10-012,USER,"Require executive asks to state decision, why now, options, recommendation, delay impact, decision owner and required date",M0212,§10 Governance and decisions,,Decision;Why now;Options;Recommendation;Delay impact;Decision owner;Required date,Executive ask form validates all seven fields before it can be added to an agenda,Validated executive ask,TL;SEC,"create:TL,SEC; decide:decision owner",Decision SLA expires -> escalate,Governance > Executive decisions,A09: an ask without 'why now' is rejected by the API,P4,DG4,SPECIFIED,,AN-04 resolution vs REQ-PB-081: the seven fields map onto T16 columns (Recommendation = Rec.; Delay impact = Impact if delayed; Decision owner = Owner; Required date = Decision date); T16 column names stay verbatim in the register. Related SOURCE rows (share a master-prompt block): REQ-PB-068; class kept USER because this row specifies platform behaviour beyond the playbook (AN-04 class review).
REQ-S10-013,USER,Generate read-only presentation mode and printable packs from the same underlying records,M0212,§10 Governance and decisions,,Meeting;Agenda items;Linked records,Presentation and print views render live or snapshot records; no copy is edited separately,Presentation mode and printable pack,SEC;CM,view:attendees in scope,none,Governance > Meetings > Present,A15: changing a linked decision before cut-off changes the presentation; the issued pack remains the snapshot,P4;P5,DG5,SPECIFIED,,"Related SOURCE rows (share a master-prompt block): REQ-PB-068, REQ-PB-081; class kept USER because this row specifies platform behaviour beyond the playbook (AN-04 class review)."
REQ-S10-014,USER,"Record for every approval the assignee, request version, due date, rationale, comments and decision timestamp",M0213,§10 Governance and decisions,,Assignee;Request version;Due date;Rationale;Comments;Decision timestamp,Approval records hold these fields and are immutable once decided,Approval record,approvers,decide:assignee,none,My Work > Approvals; /api/v1/approvals,A08: a decision without rationale is rejected; the stored record includes the request version,P2;P4,DG4,SPECIFIED,,
REQ-S10-015,USER,Support sequential or parallel approval rules,M0213,§10 Governance and decisions,,Approval steps;Mode (sequential | parallel);Completion rule,Approval routes are configured per procedure or record type,Configured approval route,ADM;TO,configure:ADM,Valid submission -> route,Administration > Workflows,A06;A08: in a sequential route step 2 is not notified until step 1 approves; in a parallel route both are notified at once,P4;P5,DG5,SPECIFIED,,
REQ-S10-016,USER,Enforce separation of duties so a requester cannot approve their own request when policy prohibits it,M0213,§10 Governance and decisions,,Requester;Approver;SoD policy,The server compares requester (and delegator) with approver,SoD check,all approvers,n/a,none,All approval APIs,A08;A12: the requester approving their own scope change returns 403 under the default policy,P2;P4,DG4,SPECIFIED,,
REQ-S10-017,USER,Reject stale approvals when the submitted record version has changed,M0213,§10 Governance and decisions,,Approved version;Current version,An approval must reference the current submitted version; otherwise it is rejected and the approver sees the diff,Stale-approval rejection,approvers,n/a,none,All approval APIs,A08;A14: approving version 3 after the record moved to version 4 returns 409,P2;P4,DG4,SPECIFIED,,
REQ-S10-018,USER,"Distinguish approval, rejection, request changes and deferral as separate outcomes",M0213,§10 Governance and decisions,,Outcome (approve | reject | request changes | defer),Each outcome has distinct downstream behaviour and reporting,Approval outcome,approvers,decide:assignee,Outcome -> notify requester,All approval screens,A08: 'request changes' returns the item to the requester without closing it; 'defer' requires a new date,P2;P4,DG4,SPECIFIED,,
REQ-S10-019,USER,Let timers escalate overdue approvals but never approve automatically,M0213,§10 Governance and decisions,,Approval due date;Escalation target,An overdue approval escalates to the next authority; no timer path changes the outcome,Escalation without auto-approval,system,n/a,Approval overdue -> escalate,Automation engine,"A09;A13: after the due date plus retries, the approval is escalated exactly once and remains undecided",P4,DG4,SPECIFIED,,
REQ-S11-001,USER,"Implement stakeholder groups with influence/impact, stance, required behavior, intervention plans, champions, communication/training actions and evidence of proficiency",M0215,§11 People adoption and sustained performance,,Stakeholder group;Influence;Impact;Stance;Required behavior;Intervention plan;Champions;Communication actions;Training actions;Proficiency evidence,"Change owners maintain the plan per group, assign champions and actions, and attach proficiency evidence",Stakeholder and adoption plan,BO;WL;TL,"edit:BO,WL,TL; view:scoped",none,Change and Adoption > Stakeholders,A11: a group records influence and impact separately; an intervention with owner and due date appears in My Work,P4,DG4,SPECIFIED,,T13 register: REQ-PB-070.
REQ-S11-002,USER,Provide short native feedback and assessment forms so observations are collected and reviewed in the platform,M0215,§11 People adoption and sustained performance,,Form;Questions;Respondent;Observation;Reviewer,Owners publish short forms; responses and observations are stored and reviewed in-app,Feedback/assessment records,BO;WL,"create:BO,WL; respond:invited users; review:BO",none,Change and Adoption > Assessments,A11: a proficiency observation submitted via the form links to the stakeholder group and counts in the proficiency indicator,P4,DG4,SPECIFIED,,Related SOURCE rows (share a master-prompt block): REQ-PB-070; class kept USER because this row specifies platform behaviour beyond the playbook (AN-04 class review).
REQ-S11-004,USER,Support continuous performance management after project delivery and after transformation closure,M0217,§11 People adoption and sustained performance,,Performance area;KPIs;Review cadence,"Performance reviews, KPI updates and control checks continue on performance areas independent of transformation status",Ongoing performance management,BO;KDS,"update:BO,KDS",Recurring review tasks,BAU and Improvement,"A11: after closure, the next scheduled review task is created on time",P4,DG4,SPECIFIED,,Related SOURCE rows (share a master-prompt block): REQ-PB-083; class kept USER because this row specifies platform behaviour beyond the playbook (AN-04 class review).
REQ-S11-005,USER,"Require the BAU handover to include accepted business owner and KPI owner, operating procedures, controls, evidence, capability readiness, unresolved accepted risks, benefit monitoring cadence, data access and improvement backlog, and capture receiving-owner acceptance",M0217,§11 People adoption and sustained performance,,Accepted business owner;KPI owner;Operating procedures;Controls;Evidence;Capability readiness;Unresolved accepted risks;Benefit monitoring cadence;Data access;Improvement backlog;Receiving-owner acceptance,The handover form validates all items; the receiving owner accepts or returns it,Accepted BAU handover,WL;BO;TL,"prepare:WL,TL; accept:receiving BO only",BAU handover accepted -> transfer ownership,BAU and Improvement > Handovers,A11: a handover missing data access is rejected; acceptance by anyone other than the receiving owner returns 403,P4,DG4,SPECIFIED,,Core handover: REQ-PB-083.
REQ-S11-006,USER,"Show delivery complete, value validation pending and BAU accepted as separate states so success is never inferred from initiative completion",M0218,§11 People adoption and sustained performance,,Delivery complete;Value validation pending;BAU accepted,Transformation success requires the configured value and BAU conditions; views show the three states separately,Separate success states,TL;BO;FIN,view:scoped,none,Transformations > Workspace,"A11: with all initiatives complete and value pending, the transformation shows 'Delivery complete - value validation pending', not successful",P4,DG4,SPECIFIED,,Related SOURCE rows (share a master-prompt block): REQ-PB-009; class kept USER because this row specifies platform behaviour beyond the playbook (AN-04 class review).
REQ-S11-007,USER,"Allow a documented transition decision for long-realization benefits with residual benefit ownership and scheduled monitoring, never labelling forecast future value as sustained",M0218,§11 People adoption and sustained performance,,Benefit;Transition decision;Residual owner;Monitoring schedule,A transition decision assigns the residual owner and monitoring; forecast value stays 'forecast',Benefit transition decision,BO;FIN;SP,decide:SP or configured authority; view:scoped,Monitoring schedule -> review tasks,Benefits and Finance > Transition,"A11: after the transition decision, the benefit's forecast is still shown as forecast and monitoring tasks appear for the residual owner",P4,DG4,SPECIFIED,,Related SOURCE rows (share a master-prompt block): REQ-PB-009; class kept USER because this row specifies platform behaviour beyond the playbook (AN-04 class review).
REQ-S11-008,USER,"Create periodic control checks, review tasks, lessons and continuous-improvement items",M0219,§11 People adoption and sustained performance,,Control;Check frequency;Review task;Lesson;Improvement item,Controls generate periodic checks; lessons and improvement items are logged and reusable across transformations,"Control checks, lessons, CI items",BO;TO,"record:BO,TO",Control check due -> task; control check fails -> recovery action,BAU and Improvement,A11: a failed control check creates a recovery action; a lesson is searchable from another transformation,P4,DG4,SPECIFIED,,Related SOURCE rows (share a master-prompt block): REQ-PB-084; class kept USER because this row specifies platform behaviour beyond the playbook (AN-04 class review).
REQ-S11-009,USER,Preserve earlier closure and handover history when reopening a deteriorating performance area,M0219,§11 People adoption and sustained performance,,Performance area;Reopen reason;Prior closure;Prior handover,Reopening creates a new cycle linked to the prior closure; nothing is overwritten,Reopened performance area with history,BO;TL,"reopen:BO,TL",none,BAU and Improvement > Performance areas,"A07;A11: after reopening, the original handover acceptance and closure date remain visible and unchanged",P4,DG4,SPECIFIED,,Related SOURCE rows (share a master-prompt block): REQ-PB-084; class kept USER because this row specifies platform behaviour beyond the playbook (AN-04 class review).
REQ-S12-001,USER,"Implement server-side event and schedule-driven automation rules with trigger, conditions, actions, scope, owner, effective version and execution history",M0221,§12 Automation engine,,Trigger;Conditions;Actions;Scope;Owner;Effective version;Execution history,Rules are stored versioned; the worker evaluates events and schedules and records every execution,Automation rule and execution history,ADM;TO,"configure:ADM; view-history:ADM,AUD",n/a (engine),Administration > Automation; /api/v1/automation-rules,"A13: each execution is recorded with rule version, trigger event and outcome",P4;P5,DG5,SPECIFIED,,"AN-04: at DG5 the engine must run all sixteen starter automations (M0224-M0239) as versioned, configurable rules, including those consolidated into REQ-S04-012 (M0228), REQ-PB-085 (M0227), REQ-PB-082 (M0233) and REQ-PB-083 (M0237), whose behaviour itself completes at DG4."
REQ-S12-002,USER,"Give administrators a readable rule builder with dry-run preview, enable/disable, retry and a failure queue",M0221,§12 Automation engine,,Rule;Dry-run input;Enabled flag;Failed executions,"Admins build rules in the UI, preview them against sample events without side effects, enable/disable them and retry failures from the queue",Rule builder and failure queue,ADM,configure/retry:ADM,n/a,Administration > Automation > Builder,A06;A13: a dry-run creates no tasks; a failed execution appears in the queue and succeeds on retry without duplicating actions,P5,DG5,SPECIFIED,,
REQ-S12-003,ENGINEERING,Execute automation actions under the initiating or system service identity and the applicable permissions,M0221,§12 Automation engine,,Initiating identity;Service identity;Permission check,Every action is authorized as the initiating user or a constrained service identity,Authorized automation actions,ADM,n/a,n/a,Automation engine,A12: a rule configured to create records in a transformation outside its scope fails with an authorization error in the failure queue,P4;P5,DG5,SPECIFIED,,
REQ-S12-004,USER,"Starter automation: when a new transformation is created, instantiate the selected methodology, forms, phase checklist, role-assignment tasks and optional 90-day plan",M0224,§12 Automation engine,,Selected methodology version;Mode;Optional 90-day plan flag;Start date,On creation the worker instantiates the pinned methodology and creates tasks,Instantiated transformation,system,n/a,New transformation created,Automation engine,A13;A16: creating one transformation produces one set of phase checklists and role tasks; a retry creates no duplicates; with the plan flag the 90-day tasks are dated from the start date,P1;P2;P5,DG5,SPECIFIED,,Related SOURCE rows (share a master-prompt block): REQ-PB-086; class kept USER because this row specifies platform behaviour beyond the playbook (AN-04 class review).
REQ-S12-005,USER,"Starter automation: when a reporting period opens or an update is due, create owner tasks and in-app reminders with direct links",M0225,§12 Automation engine,,Reporting period;Owner;Due item,The scheduler creates one task and one reminder per owner and item with a deep link,Owner tasks and reminders,system,n/a,Reporting period opens or update due,Automation engine; My Work,A13: a period opening creates one task per KPI owner; a worker restart during the run creates no duplicates,P4,DG4,SPECIFIED,,
REQ-S12-006,USER,"Starter automation: when an accepted KPI actual changes, recalculate dependent values and RAG, refresh live views and flag benefit validation where needed",M0226,§12 Automation engine,,Accepted actual,Worker runs the calculation and marks linked benefits for Finance validation,Recalculated values,system,n/a,Accepted KPI actual changes,Automation engine,A04;A13: one accepted actual yields one recalculation and one validation flag,P4,DG4,SPECIFIED,,
REQ-S12-009,USER,"Starter automation: on a valid gate submission, route the exact evidence snapshot to the required approvers",M0229,§12 Automation engine,,Gate submission;Snapshot;Approvers,Approval tasks reference the snapshot ID,Approval tasks,system,n/a,Valid gate submission,Governance > Stage gates,A08;A13: each required approver receives exactly one task referencing the snapshot,P2;P3;P4,DG4,SPECIFIED,,"AN-04 gate fix: increments P2;P5 -> P2;P3;P4, final gate DG5 -> DG4. Needed by gate controls A08 (DG4) and every product gate G1-G6 (REQ-PB-015, REQ-S04-002 at DG4). Administrator configurability of this starter automation in the rule builder is verified under REQ-S12-001/REQ-S12-002 at DG5."
REQ-S12-010,USER,"Starter automation: when a gate is approved, enable the authorized next phase or scope and create its tasks",M0230,§12 Automation engine,,Approved gate;Authorized scope,Only the authorized next phase/scope is enabled,Enabled phase and tasks,system,n/a,Gate is approved,Transformations > Workspace,A02;A13: G2 approval enables Design tasks once; a conditional approval enables only its scope,P2;P3;P4,DG4,SPECIFIED,,"AN-04 gate fix: increments P2;P5 -> P2;P3;P4, final gate DG5 -> DG4. Needed by End-to-End progression REQ-S03-004 and gate controls at DG4. Administrator configurability of this starter automation in the rule builder is verified under REQ-S12-001/REQ-S12-002 at DG5."
REQ-S12-011,USER,"Starter automation: when a decision SLA expires, escalate to the next configured authority and show the delay impact",M0231,§12 Automation engine,,Decision;SLA due;Escalation authority;Delay impact,Escalation creates one escalation record linked to the decision,Escalation,system,n/a,Decision SLA expires,Governance > Executive decisions,A09;A13: an SLA expiring on a working day escalates once to the next authority and shows the delay impact text,P4,DG4,SPECIFIED,,"AN-04 gate fix: increments P4;P5 -> P4, final gate DG5 -> DG4. A09 (DG4) requires working-day SLA escalation. Administrator configurability of this starter automation in the rule builder is verified under REQ-S12-001/REQ-S12-002 at DG5."
REQ-S12-012,USER,"Starter automation: when a critical dependency slips, notify affected owners and recompute forecast impacts using defined scheduling logic",M0232,§12 Automation engine,,Dependency;Slip;Affected owners,Notifications and forecast recomputation follow the scheduling logic,Notifications and forecast update,system,n/a,Critical dependency slips,Initiatives and Roadmaps > Dependencies,A13: a 5-day slip notifies each affected owner once and moves dependent forecasts per the logic,P4;P5,DG5,SPECIFIED,,
REQ-S12-014,USER,"Starter automation: when benefit evidence is submitted, route it to the Finance/value validation queue",M0234,§12 Automation engine,,Benefit evidence,One queue item per submission for the assigned Finance validator,Validation queue item,system,n/a,Benefit evidence submitted,Benefits and Finance > Validation queue,A10;A13: submitting benefit evidence creates exactly one item in the Finance validation queue; replaying the same event creates no second item,P4,DG4,SPECIFIED,,"AN-04 gate fix: increments P4;P5 -> P4, final gate DG5 -> DG4. A10 (DG4) and the P4 Finance-validation evidence require the Finance queue. Administrator configurability of this starter automation in the rule builder is verified under REQ-S12-001/REQ-S12-002 at DG5."
REQ-S12-015,USER,"Starter automation: when a meeting cut-off is reached, generate a draft agenda and pack from current data with a review step before publication",M0235,§12 Automation engine,,Meeting;Cut-off,The draft agenda/pack is created in Draft and requires review before publish,Draft agenda and pack,system,n/a,Meeting cut-off reached,Governance > Meetings,A13;A15: cut-off creates one draft agenda containing current open asks; it is not published without review,P4;P5,DG5,SPECIFIED,,
REQ-S12-016,USER,"Starter automation: when an adoption or control check fails, create a recovery action and assign owner and follow-up date",M0236,§12 Automation engine,,Failed check;Owner;Follow-up date,One recovery action per failed check,Recovery action,system,n/a,Adoption or control check fails,Risks and Actions > Corrective actions,A11;A13: a failed control check creates one owned action with a follow-up date,P4,DG4,SPECIFIED,,"AN-04 gate fix: increments P4;P5 -> P4, final gate DG5 -> DG4. A11 (DG4) requires poor adoption to trigger an intervention. Administrator configurability of this starter automation in the rule builder is verified under REQ-S12-001/REQ-S12-002 at DG5. Adoption interventions themselves: REQ-PB-069 (absorbs former REQ-S11-003)."
REQ-S12-018,USER,"Starter automation: when a methodology or formula revision is proposed, show impact, run validation and route the change for the configured review",M0238,§12 Automation engine,,Proposed revision,Impact analysis and validation run; review tasks are created,Impact report and review routing,system,n/a,Methodology or formula revision is proposed,Administration > Playbook Studio,A06;A07: proposing a formula change lists affected benefits and creates a review task,P5,DG5,SPECIFIED,,
REQ-S12-019,USER,"Starter automation: when a connector or job fails or data becomes stale, create a visible operational exception and retain last known values with freshness labels",M0239,§12 Automation engine,,Connector/job;Failure;Last known value;Freshness,An exception is shown to admins and data owners; values display as Stale with last update time,Operational exception,system,n/a,Connector/job fails or data becomes stale,Administration > Operations,A17;A22: a failing test connector produces one exception and the KPI shows Stale with its last value and date,P5;P6,DG6,SPECIFIED,,
REQ-S12-020,ENGINEERING,"Use durable background jobs, idempotency keys, bounded retries with backoff, transaction-safe event/outbox handling and an operational failure queue",M0240,§12 Automation engine,,Job;Idempotency key;Retry policy;Outbox event,Jobs are persisted in the database; events are written in the same transaction as the change; retries are bounded with backoff,Durable job processing,backend-workflow-engineer;devops-engineer,n/a,n/a,Worker,A13: killing the worker mid-job and restarting completes the job once; after the retry limit it lands in the failure queue,P4;P5,DG5,SPECIFIED,,"AN-05 (§21 recheck): moved from P4;P5;P6/DG6 to P4;P5/DG5. The DG5 evidence 'durable rule retries' (M0408), and REQ-S12-002 (DG5, retry from the failure queue without duplicates), need durable jobs with bounded retries. P6 re-runs A13 for the DG6 evidence 'concurrency/failure recovery' (M0409)."
REQ-S12-021,ENGINEERING,"Prevent duplicate reminders, actions and approvals after retries or restarts",M0240,§12 Automation engine,,Idempotency key,Every side effect is keyed and deduplicated,No duplicate side effects,backend-workflow-engineer,n/a,n/a,Worker,"A13: replaying the same event three times yields one reminder, one action and one approval task",P4;P5,DG5,SPECIFIED,,"AN-05 (§21 recheck): moved from P4;P5;P6/DG6 to P4;P5/DG5. The DG5 evidence 'durable rule retries' (M0408), and REQ-S12-002 (DG5, retry without duplicating actions), need de-duplicated side effects. P6 re-runs A13 at DG6."
REQ-S12-022,USER,"Store scheduled runs and execution outcomes in the database and expose last success, next run, failures and repair actions to authorized administrators",M0240,§12 Automation engine,,Job;Last success;Next run;Failures;Repair action,An operations screen lists jobs with these fields,Job operations view,ADM,view/repair:ADM,n/a,Administration > Operations > Jobs,A22: the jobs screen shows last success and next run for each scheduled job; a non-admin gets 403,P4;P5,DG5,SPECIFIED,,
REQ-S12-023,USER,Always provide an in-app inbox; treat email and enterprise messaging as optional IT-configured adapters whose absence never breaks workflows,M0241,§12 Automation engine,,In-app notification;Optional channel adapter,Every notification is written to the inbox; external channels are sent only when configured,Notifications,ADM,configure-channels:ADM,n/a,My Work > Inbox; Administration > Notifications,A21: with no email adapter configured all workflows complete and notifications appear in the inbox,P4;P6,DG6,SPECIFIED,,
REQ-S12-024,ENGINEERING,Enforce access on notification deep links,M0241,§12 Automation engine,,Deep link;Recipient;Target record,Opening a link re-checks authorization; the notification body shows no content the recipient cannot view,Secure deep links,n/a,n/a,n/a,All deep-link routes,A12: a forwarded link opened by an unauthorized user returns 403 without leaking the record title,P4;P6,DG6,SPECIFIED,,
REQ-S12-025,USER,"Separate business-day timing, quiet hours, digest preferences and urgent escalation policy",M0241,§12 Automation engine,,Business-day timing;Quiet hours;Digest preference;Urgent escalation policy,Non-urgent notifications respect quiet hours and digests; urgent escalations follow their own policy,Notification policies,ADM;all users,configure-policy:ADM; set-preferences:user,n/a,My Work > Preferences,A09: a non-urgent reminder due in quiet hours is delivered in the next digest; an urgent escalation is delivered immediately,P4;P5,DG5,SPECIFIED,,
REQ-S12-026,USER,"Keep human business judgment, investment decisions, gate approvals and Finance attestations as accountable human actions while preparation, routing, calculation and reminders are automatic",M0242,§12 Automation engine,,Automated action type;Human action type,"The engine rejects rules whose action is an approval, investment decision or Finance attestation",Human-only decision boundary,ADM,n/a,n/a,Automation engine,A08;A13: saving a rule with action 'approve gate' is rejected; all automatic preparation and reminder rules run,P4;P5,DG5,SPECIFIED,,
REQ-S13-001,USER,"Provide executive, transformation, workstream, Finance, adoption and personal work dashboards",M0244,§13 Dashboards reports and evidence,,Dashboard (executive | transformation | workstream | Finance | adoption | personal work),Each dashboard renders from canonical records with role-appropriate content,Six dashboards,all roles,view:scoped,Accepted KPI actual -> refresh,Executive Overview; Transformations; Benefits and Finance; Change and Adoption; My Work,"A04;A12: a user scoped to transformation X opens each of the six dashboards and no tile, total or drill-down contains a transformation Y record or figure",P4,DG4,SPECIFIED,,
REQ-S13-002,USER,"Filter dashboards by organization, transformation, owner, period, phase and status",M0244,§13 Dashboards reports and evidence,,Organization;Transformation;Owner;Period;Phase;Status,Filters are applied server-side and shown as chips,Filtered dashboards,all roles,view:scoped,n/a,All dashboards,A04: filtering by period Q1 changes all tiles to Q1 values,P4,DG4,SPECIFIED,,
REQ-S13-003,USER,"Let every headline number drill into its contributing records, period, calculation and evidence, distinguishing zero, unknown and not applicable",M0244,§13 Dashboards reports and evidence,,Headline number;Contributing records;Period;Calculation;Evidence,"Clicking a number shows its breakdown and lineage; zero, Unknown and N/A render distinctly",Drill-down,all roles,view:scoped,n/a,All dashboards,"A04;A05: the validated benefit total drills to its benefit records; a KPI with no data shows Unknown, not 0",P4,DG4,SPECIFIED,,
REQ-S13-004,USER,"Generate charter, diagnostic, TOM, business cases, roadmap, registers, meeting minutes, gate packs, executive dashboard and handover outputs inside the application",M0253,§13 Dashboards reports and evidence,,Output type (charter | diagnostic | TOM | business case | roadmap | registers | meeting minutes | gate pack | executive dashboard | handover),Users generate each output from selected records,Generated outputs,all roles,generate:users with view scope over the records,none,Evidence and Reports; /api/v1/reports,"A15: each of the ten outputs (charter, diagnostic, TOM, business cases, roadmap, registers, meeting minutes, gate packs, executive dashboard, handover) generates from the demo transformation and contains that transformation's ID and records",P5,DG5,SPECIFIED,,
REQ-S13-005,USER,"Provide native reading/presentation views and actual PDF, DOCX, XLSX, PPTX and CSV exports containing the selected records, not generic placeholders",M0253,§13 Dashboards reports and evidence,,Format (PDF | DOCX | XLSX | PPTX | CSV);Selected records,Exports are rendered server-side from selected records,Export files,all roles,export:users with view scope,Long export -> async job with progress,Evidence and Reports > Export,A15: an XLSX export of T15 contains exactly the filtered RAID rows; a PPTX gate pack contains the gate's criteria,P5,DG5,SPECIFIED,,
REQ-S13-006,ENGINEERING,Neutralize formula injection in spreadsheet exports while preserving deliberately authored numeric formulas,M0253,§13 Dashboards reports and evidence,,Cell text;Authored formula,"User text starting with =, +, -, @, tab or CR is escaped; system-authored numeric formulas are written as formulas",Safe spreadsheet export,n/a,n/a,n/a,XLSX/CSV exporters,A15;A12: a RAID description '=HYPERLINK(...)' exports as text; a system SUM total remains a formula,P5,DG5,SPECIFIED,,
REQ-S13-007,USER,"Retain in reporting snapshots the as-of time, reporting period, source record revisions, methodology version, calculation versions and approval state; issued snapshots are immutable while live reports refresh",M0254,§13 Dashboards reports and evidence,,As-of time;Reporting period;Source record revisions;Methodology version;Calculation versions;Approval state,Issuing a report creates an immutable snapshot,Report snapshot,TL;TO;SEC,"issue:TL,TO,SEC; view:scoped",none,Evidence and Reports > Snapshots,"A07;A15: after a later KPI change, the issued snapshot still shows the old values and their versions",P5,DG5,SPECIFIED,,
REQ-S13-008,USER,Label provisional or unvalidated values clearly in reports and exports,M0254,§13 Dashboards reports and evidence,,Validation state,Values not validated carry a 'provisional' label,Labelled values,n/a,n/a,none,All reports,A10;A15: a pending benefit value is labelled provisional in the PDF pack,P5,DG5,SPECIFIED,,
REQ-S13-009,USER,Preserve bilingual Arabic RTL and English LTR layout in exports,M0254,§13 Dashboards reports and evidence,,Language (ar | en),Exports render in the selected language with correct direction and bundled fonts,Bilingual exports,n/a,n/a,none,All exporters,A15;A20: an Arabic PDF renders RTL with readable numbers and identifiers,P5,DG5,SPECIFIED,,
REQ-S13-010,USER,"Provide a secure evidence repository with record linkage, evidence type, source, owner, observation period, upload date, version, checksum and review status",M0255,§13 Dashboards reports and evidence,,Record linkage;Evidence type;Source;Owner;Observation period;Upload date;Version;Checksum;Review status,Evidence items are stored with these fields; new uploads create versions,Evidence item,all contributors,upload:record editors; review:configured reviewer; view:as parent record,none,Evidence and Reports > Evidence; /api/v1/evidence,A01;A12: an uploaded file stores a SHA-256 checksum and version 1; a second upload becomes version 2,P2;P5,DG5,SPECIFIED,,
REQ-S13-011,ENGINEERING,Support native evidence notes and common documents/images with file-type and size controls and safe preview/download,M0255,§13 Dashboards reports and evidence,,Evidence note;File;Allowed types;Max size,Uploads are type- and size-checked; previews are rendered safely (no active content),Safe evidence handling,n/a,n/a,none,Evidence upload/preview,A12: an .exe or an oversized file is rejected; an SVG with script is not executed in preview,P2;P6,DG6,SPECIFIED,,
REQ-S13-012,USER,Treat a filename or inaccessible external link as unverified evidence,M0255,§13 Dashboards reports and evidence,,Evidence reference;Accessibility check;Review status,Evidence counts toward gates only after content is accessible and reviewed,Evidence verification status,reviewers,review:configured reviewer,none,Evidence and Reports > Evidence,A08: a gate criterion satisfied only by a filename remains incomplete,P2,DG2,SPECIFIED,,
REQ-S13-013,ENGINEERING,Preserve evidence access after ownership transfer and apply the parent record's authorization to downloads and previews,M0255,§13 Dashboards reports and evidence,,Evidence;Parent record;Owner,Evidence authorization derives from the parent record; transferring ownership keeps evidence accessible to the new owner,Evidence access control,n/a,n/a,none,Evidence download/preview endpoints,A12: a user without access to the parent gets 403 on the evidence download URL; after BAU handover the new owner can download it,P2;P6,DG6,SPECIFIED,,
