port-policy: PostgreSQL listening on port 25610 (attempt 1)
qa disposable cluster: PostgreSQL 16.13 (Ubuntu 16.13-0ubuntu0.24.04.1) on x86_64-pc-linux-gnu, compiled by gcc (Ubuntu 13.3.0-6ubuntu2~24.04.1) 13.3.0, 64-bit; server_encoding UTF8, lc_collate C, lc_ctype C

> mobily-transformation-hub@0.1.0 test:integration /home/user/wt/dg4-fe-g
> vitest run --project integration


 RUN  v3.2.4 /home/user/wt/dg4-fe-g

[integration] PostgreSQL 16.13 (Ubuntu 16.13-0ubuntu0.24.04.1); database mth_test_mv21165x_ba293502 (server_encoding UTF8); applied 60 migrations to a fresh database
 ✓ |integration| packages/db/test/integration/catalogue.test.ts (20 tests) 195ms
 ✓ |integration| apps/api/test/integration/kpi/benefit-formulas.test.ts (16 tests) 10081ms
   ✓ T09 register (REQ-PB-056) > the six T09 columns persist; BF-nn codes; the formula is the current version's expression  753ms
   ✓ T09 register (REQ-PB-056) > confidence outside H/M/L -> 400 (create and PATCH), nothing written; the DB CHECK refuses it too  932ms
   ✓ T09 register (REQ-PB-056) > an undefined variable -> 422 'Undefined variable: {name}'; an invalid expression writes nothing  703ms
   ✓ the two seeded B0087 examples (REQ-PB-057, REQ-S08-007) > instantiating revenue_uplift and previewing gives exactly 100000 SAR per year; cost_reduction 500000  371ms
   ✓ the two seeded B0087 examples (REQ-PB-057, REQ-S08-007) > changing arpu to period = month while eligible_customers stays year -> 422 formula.period_mismatch  598ms
   ✓ calculations and lineage > records inputs with kind/unit/currency/period/source, assumptions and period; Unknown never 0; append-only  832ms
   ✓ Finance validation of the benefit logic (REQ-PB-055) > FIN validates or rejects with a note; the author gets 403; final once recorded; If-Match 428/409  669ms
   ✓ every mutation: AUD 403, If-Match, audit, archive > the read-only auditor gets 403 (audited) on every T09 mutation, whatever the body  591ms
   ✓ every mutation: AUD 403, If-Match, audit, archive > If-Match: 428 without, 409 stale on PATCH, archive and new version; archive guards; audit events  700ms
   ✓ every mutation: AUD 403, If-Match, audit, archive > authorization is re-checked at commit time (update): a grant revoked after authentication -> 403, nothing written  456ms
   ✓ every mutation: AUD 403, If-Match, audit, archive > authorization is re-checked at commit time (archive): a grant revoked after authentication -> 403, nothing written  516ms
   ✓ every mutation: AUD 403, If-Match, audit, archive > authorization is re-checked at commit time (new version): a grant revoked after authentication -> 403, nothing written  339ms
   ✓ every mutation: AUD 403, If-Match, audit, archive > authorization is re-checked at commit time (calculation): a grant revoked after authentication -> 403, nothing written  551ms
   ✓ every mutation: AUD 403, If-Match, audit, archive > authorization is re-checked at commit time (validation): a grant revoked after authentication -> 403, nothing written  326ms
   ✓ loadKpiP3GateFacts: the kpi half of the G4 GateFactsProvider > cases with sections and baseline state (incl. Stale); each financial benefit line's current version state  750ms
 ✓ |integration| apps/api/test/integration/portfolio/prioritization.test.ts (17 tests) 13440ms
   ✓ scores (REQ-PB-047, REQ-PB-048, REQ-S09-001) > score 6 -> 400; 0, 2.5 and '4' -> 400; a weightedScore property -> 400 (read-only); nothing written  404ms
   ✓ scores (REQ-PB-047, REQ-PB-048, REQ-S09-001) > 5,4,3,2,1 under v1 -> stored 3.3000, shown 3.30, 0-100 view 57.5 with its label; appended with its cause; audited  484ms
   ✓ scores (REQ-PB-047, REQ-PB-048, REQ-S09-001) > a missing score -> 'incomplete' with weightedScore null (never a number, never 0)  542ms
   ✓ scores (REQ-PB-047, REQ-PB-048, REQ-S09-001) > PATCH: If-Match 428/409; clearing (null) makes it incomplete again; duplicate POST 409; AUD 403 on POST and PATCH  981ms
   ✓ weight sets (REQ-PB-049) > 95% and 105% -> 422 prioritization.weights_total, nothing written; 0 -> 422 weight_range; bad pattern -> 400  387ms
   ✓ weight sets (REQ-PB-049) > v2 with risk_compliance 10 and strategic fit 15 is accepted as version 2; the proposer cannot approve; the Sponsor does; AUD 403; If-Match 428/409; audited  560ms
   ✓ weight sets (REQ-PB-049) > the v2 set is used for rescoring; v1 results keep v1; a set is immutable (DB guard)  860ms
   ✓ weight sets (REQ-PB-049) > withdraw: proposed -> withdrawn with a reason (If-Match 428/409, AUD 403, audited); an active set cannot be withdrawn  703ms
   ✓ rankings and history (REQ-S09-005, REQ-S09-003) > snapshot: deterministic tie-break, incomplete unranked, submitted -> ranked with audit; v2 activation -> history shows 'weight version 2' as the cause of the rank change  1329ms
   ✓ rankings and history (REQ-S09-005, REQ-S09-003) > score cause lists the criteria; relative cause when another initiative moved  518ms
   ✓ overrides (REQ-S09-005) > an override without a reason is rejected (missing/empty -> 400 at /reason; blank/invisible -> 422); the proposer cannot approve; approved applies with 'override: <reason>'; revoke; AUD 403; If-Match  903ms
   ✓ every BE-D mutation re-authorises inside its transaction (BE18A) > weight sets, scores, rankings and overrides: 403 at commit and nothing changes  1548ms
   ✓ every BE-D mutation re-authorises inside its transaction (BE18A) > control: the same pause WITHOUT a revocation commits (so the 403 above comes from the commit-time check)  504ms
   ✓ comparison view (REQ-S09-004) > axes, filters (status, completeness, funding, flag) and injected sequencing/capacity flags  607ms
   ✓ comparison view (REQ-S09-004) > more than 500 initiatives -> 422 prioritization.portfolio_too_large  2568ms
 ✓ |integration| apps/api/test/integration/portfolio/roadmap.test.ts (12 tests) 7942ms
   ✓ roadmap waves (T07, REQ-PB-050) > a new transformation shows the four B0079 waves verbatim, bilingual, source-seeded  897ms
   ✓ roadmap waves (T07, REQ-PB-050) > editable columns only: dates, owner, notes with If-Match (428/409), audited; source text 400 and DB-immutable; AUD 403; seeded not archivable  638ms
   ✓ roadmap waves (T07, REQ-PB-050) > teams add non-source waves (201, version 1, audited); overlapping horizons and dates are accepted; duplicate code 409; AUD 403  612ms
   ✓ roadmap waves (T07, REQ-PB-050) > commit-time authorisation on wave create and update (403 after the lock wait, audited, nothing written)  427ms
   ✓ deliverables: submit and acceptance (ADR-0023 §2) > create (version 1, audited, AUD 403), list with the 3-7 count warning, read, edit with If-Match, archive  548ms
   ✓ deliverables: submit and acceptance (ADR-0023 §2) > submit (initiative.edit, If-Match, audited) then acceptance by the executive owner; never the submitter; not-owner 403; AUD 403  994ms
   ✓ deliverables: submit and acceptance (ADR-0023 §2) > a delegate of the executive owner accepts on their behalf (audited as such); never for the submitter  580ms
   ✓ deliverables: submit and acceptance (ADR-0023 §2) > commit-time authorisation on deliverable create, update, submit and acceptance  763ms
   ✓ milestones: approved vs forecast (ADR-0023 §2-§3, REQ-S09-006) > create (initiative.edit or roadmap.edit; no approved date), approve-date (roadmap.approve, reason), re-approval audited, variance computed  601ms
   ✓ milestones: approved vs forecast (ADR-0023 §2-§3, REQ-S09-006) > moving the forecast: If-Match 428, stale 409 with currentVersion, AUD 403, achieved needs an actual date, audited  515ms
   ✓ milestones: approved vs forecast (ADR-0023 §2-§3, REQ-S09-006) > commit-time authorisation on milestone create, update and approve-date  603ms
   ✓ GET /transformations/{id}/roadmap: one read model (REQ-S09-006) > waves, initiatives, milestones, deliverables and initiative dependencies with versions and flags; a moved milestone shows at once  435ms
 ✓ |integration| apps/api/test/integration/contract/contract.test.ts (45 tests) 64629ms
   ✓ every operation, validated against the contract and the zod mirrors > auth + me  386ms
   ✓ every operation, validated against the contract and the zod mirrors > kpi module operations (P2; kpi-exercises.ts, owned by kpi-benefits-engineer)  1836ms
   ✓ every operation, validated against the contract and the zod mirrors > P2 backend operations (p2-exercises.ts): every routed operation exercised with a success  5108ms
   ✓ every operation, validated against the contract and the zod mirrors > P3 BE-A operations (p3-exercises-be-a.ts): readiness, outcome hierarchy, gate dispensations  661ms
   ✓ every operation, validated against the contract and the zod mirrors > P3 BE-B operations (p3-exercises-be-b.ts)  1493ms
   ✓ every operation, validated against the contract and the zod mirrors > P3 BE-C operations (p3-exercises-be-c.ts)  1415ms
   ✓ every operation, validated against the contract and the zod mirrors > P3 BE-D operations (p3-exercises-be-d.ts)  2432ms
   ✓ every operation, validated against the contract and the zod mirrors > P3 BE-E operations (p3-exercises-be-e.ts)  955ms
   ✓ every operation, validated against the contract and the zod mirrors > P3 KBE-B operations (p3-exercises-kbe-b.ts)  545ms
   ✓ every operation, validated against the contract and the zod mirrors > P3 KBE-C operations (p3-exercises-kbe-c.ts)  855ms
   ✓ every operation, validated against the contract and the zod mirrors > P4 BE-A operations (p4-exercises-be-a.ts)  775ms
   ✓ every operation, validated against the contract and the zod mirrors > P4 BE-B operations (p4-exercises-be-b.ts)  1844ms
   ✓ every operation, validated against the contract and the zod mirrors > P4 BE-C operations (p4-exercises-be-c.ts)  968ms
   ✓ every operation, validated against the contract and the zod mirrors > P4 BE-D operations (p4-exercises-be-d.ts)  1951ms
   ✓ every operation, validated against the contract and the zod mirrors > P4 BE-E operations (p4-exercises-be-e.ts)  530ms
   ✓ every operation, validated against the contract and the zod mirrors > P4 BE-F operations (p4-exercises-be-f.ts)  2697ms
   ✓ every operation, validated against the contract and the zod mirrors > P4 BE-G operations (p4-exercises-be-g.ts)  687ms
   ✓ every operation, validated against the contract and the zod mirrors > P4 BE-H operations (p4-exercises-be-h.ts)  1421ms
   ✓ every operation, validated against the contract and the zod mirrors > P4 BE-I operations (p4-exercises-be-i.ts)  1436ms
   ✓ every operation, validated against the contract and the zod mirrors > P4 BE-J operations (p4-exercises-be-j.ts)  765ms
   ✓ every operation, validated against the contract and the zod mirrors > P4 BE-K operations (p4-exercises-be-k.ts)  1511ms
   ✓ every operation, validated against the contract and the zod mirrors > P4 BE-L operations (p4-exercises-be-l.ts)  1468ms
   ✓ every operation, validated against the contract and the zod mirrors > P4 BE-M operations (p4-exercises-be-m.ts)  2189ms
   ✓ every operation, validated against the contract and the zod mirrors > P4 KBE-B operations (p4-exercises-kbe-b.ts)  871ms
   ✓ every operation, validated against the contract and the zod mirrors > P4 KBE-C operations (p4-exercises-kbe-c.ts)  1273ms
   ✓ every operation, validated against the contract and the zod mirrors > P4 KBE-D operations (p4-exercises-kbe-d.ts)  932ms
   ✓ every operation, validated against the contract and the zod mirrors > P4 KBE-D2 operations (p4-exercises-kbe-d2.ts)  888ms
   ✓ every operation, validated against the contract and the zod mirrors > P4 KBE-E operations (p4-exercises-kbe-e.ts)  1606ms
   ✓ every operation, validated against the contract and the zod mirrors > P4 KBE-F operations (p4-exercises-kbe-f.ts)  400ms
   ✓ every operation, validated against the contract and the zod mirrors > P4 KBE-G operations (p4-exercises-kbe-g.ts)  1159ms
   ✓ every operation, validated against the contract and the zod mirrors > every GET operation with a path parameter: a malformed id is a declared 400 at /params/<name>; nothing written  2837ms
   ✓ every operation, validated against the contract and the zod mirrors > every operation but the OIDC callback: U+0000 in the query is a declared 400 invalid_character  5286ms
   ✓ every operation, validated against the contract and the zod mirrors > every operation: an undeclared request media type is a declared 400 validation.content_type; nothing written  9928ms
   ✓ every operation, validated against the contract and the zod mirrors > every operation: the rate limiter's 429 is a declared RateLimited problem (live, limits of 1 per minute)  3828ms
 ✓ |integration| apps/api/test/integration/workflows/change-requests.test.ts (10 tests) 5542ms
   ✓ change requests: create, read, edit, withdraw (S-4) > draft CR-nn with ETag 1; AUD 403; outside and ADM-only 404; exact 400/409/422 refusals; one audit event per mutation  713ms
   ✓ REQ-PB-065 routing, SoD and the frozen impact assessment > a business_scope request is routed to the person mapped to SP; the requester cannot decide; SP's approval applies it  645ms
   ✓ REQ-S09-010: schedule rebaseline through change control > with no policy the DG3 re-approval is unchanged; beyond a configured threshold it is 422, within it 200; budget likewise  693ms
   ✓ REQ-S07-015: a KPI target change (preview, refusal, approval, the old version readable) > the preview lists the bound benefit and the approved G2 decision; a direct second activation is 422; after BO's approval v2 is active and v1 readable  805ms
   ✓ REQ-S04-014: a new version of an approved G4 benefit formula creates one change request > one automatic benefit_logic request routed to Finance; the DG3 response unchanged; G4 decision and snapshot byte-identical  561ms
   ✓ S-4 commit-time authorization and S-1 free text > raise, edit, submit, withdraw and the policy: a TL revoked mid-request gets 403 and nothing is written  482ms
stdout | apps/api/test/integration/connection-hygiene.test.ts > an over-limit upload (413 evidence.too_large) closes its connection and never stalls app.close() > 30 MiB chunked, written without backpressure like the audit repro: 413, Connection: close, server closes, 0 connections, app.close() prompt
SWEEP {"path":"upload 30 MiB chunked over the limit","status":413,"code":"evidence.too_large","connection":"close","serverCloseMs":0,"connectionsZeroMs":504}

stdout | apps/api/test/integration/connection-hygiene.test.ts > an over-limit upload (413 evidence.too_large) closes its connection and never stalls app.close() > 30 MiB chunked, written without backpressure like the audit repro: 413, Connection: close, server closes, 0 connections, app.close() prompt
SWEEP-CLOSE {"label":"after upload 30 MiB chunked over the limit","ms":1,"completed":true}

stdout | apps/api/test/integration/connection-hygiene.test.ts > an over-limit upload (413 evidence.too_large) closes its connection and never stalls app.close() > 30 MiB content-length, written without backpressure like the audit repro: 413, Connection: close, server closes, 0 connections, app.close() prompt
SWEEP {"path":"upload 30 MiB content-length over the limit","status":413,"code":"evidence.too_large","connection":"close","serverCloseMs":0,"connectionsZeroMs":518}

stdout | apps/api/test/integration/connection-hygiene.test.ts > an over-limit upload (413 evidence.too_large) closes its connection and never stalls app.close() > 30 MiB content-length, written without backpressure like the audit repro: 413, Connection: close, server closes, 0 connections, app.close() prompt
SWEEP-CLOSE {"label":"after upload 30 MiB content-length over the limit","ms":0,"completed":true}

stdout | apps/api/test/integration/connection-hygiene.test.ts > a response sent before the body is read closes the connection and never drains the (unbounded) body > upload route 401/403/404/409/428/400/422, JSON bodyLimit (CL and chunked), media type, unmatched 404, bad URL; then app.close() is prompt
SWEEP {"path":"upload 401 no session","status":401,"code":"unauthenticated","connection":"close","serverCloseMs":0,"connectionsZeroMs":0}

stdout | apps/api/test/integration/connection-hygiene.test.ts > a response sent before the body is read closes the connection and never drains the (unbounded) body > upload route 401/403/404/409/428/400/422, JSON bodyLimit (CL and chunked), media type, unmatched 404, bad URL; then app.close() is prompt
SWEEP {"path":"upload 403 no CSRF token","status":403,"code":"csrf","connection":"close","serverCloseMs":0,"connectionsZeroMs":0}

stdout | apps/api/test/integration/connection-hygiene.test.ts > a response sent before the body is read closes the connection and never drains the (unbounded) body > upload route 401/403/404/409/428/400/422, JSON bodyLimit (CL and chunked), media type, unmatched 404, bad URL; then app.close() is prompt
SWEEP {"path":"upload 404 unknown evidence","status":404,"code":"not_found","connection":"close","serverCloseMs":0,"connectionsZeroMs":0}

stdout | apps/api/test/integration/connection-hygiene.test.ts > a response sent before the body is read closes the connection and never drains the (unbounded) body > upload route 401/403/404/409/428/400/422, JSON bodyLimit (CL and chunked), media type, unmatched 404, bad URL; then app.close() is prompt
SWEEP {"path":"upload 409 stale If-Match","status":409,"code":"version_conflict","connection":"close","serverCloseMs":0,"connectionsZeroMs":0}

stdout | apps/api/test/integration/connection-hygiene.test.ts > a response sent before the body is read closes the connection and never drains the (unbounded) body > upload route 401/403/404/409/428/400/422, JSON bodyLimit (CL and chunked), media type, unmatched 404, bad URL; then app.close() is prompt
SWEEP {"path":"upload 428 no If-Match","status":428,"code":"precondition_required","connection":"close","serverCloseMs":0,"connectionsZeroMs":0}

stdout | apps/api/test/integration/connection-hygiene.test.ts > a response sent before the body is read closes the connection and never drains the (unbounded) body > upload route 401/403/404/409/428/400/422, JSON bodyLimit (CL and chunked), media type, unmatched 404, bad URL; then app.close() is prompt
SWEEP {"path":"upload 400 bad X-File-Name","status":400,"code":"validation.file_name","connection":"close","serverCloseMs":0,"connectionsZeroMs":0}

stdout | apps/api/test/integration/connection-hygiene.test.ts > a response sent before the body is read closes the connection and never drains the (unbounded) body > upload route 401/403/404/409/428/400/422, JSON bodyLimit (CL and chunked), media type, unmatched 404, bad URL; then app.close() is prompt
SWEEP {"path":"upload 422 not a file","status":422,"code":"validation.evidence.not_a_file","connection":"close","serverCloseMs":0,"connectionsZeroMs":0}

stdout | apps/api/test/integration/connection-hygiene.test.ts > a response sent before the body is read closes the connection and never drains the (unbounded) body > upload route 401/403/404/409/428/400/422, JSON bodyLimit (CL and chunked), media type, unmatched 404, bad URL; then app.close() is prompt
SWEEP {"path":"upload 400 undeclared media type (text/plain)","status":400,"code":"validation.content_type","connection":"close","serverCloseMs":0,"connectionsZeroMs":0}

stdout | apps/api/test/integration/connection-hygiene.test.ts > a response sent before the body is read closes the connection and never drains the (unbounded) body > upload route 401/403/404/409/428/400/422, JSON bodyLimit (CL and chunked), media type, unmatched 404, bad URL; then app.close() is prompt
SWEEP {"path":"upload 401 Content-Length 30 MiB","status":401,"code":"unauthenticated","connection":"close","serverCloseMs":1,"connectionsZeroMs":0}

stdout | apps/api/test/integration/connection-hygiene.test.ts > a response sent before the body is read closes the connection and never drains the (unbounded) body > upload route 401/403/404/409/428/400/422, JSON bodyLimit (CL and chunked), media type, unmatched 404, bad URL; then app.close() is prompt
SWEEP {"path":"upload 428 Content-Length 30 MiB","status":428,"code":"precondition_required","connection":"close","serverCloseMs":0,"connectionsZeroMs":0}

stdout | apps/api/test/integration/connection-hygiene.test.ts > a response sent before the body is read closes the connection and never drains the (unbounded) body > upload route 401/403/404/409/428/400/422, JSON bodyLimit (CL and chunked), media type, unmatched 404, bad URL; then app.close() is prompt
SWEEP {"path":"JSON over bodyLimit, chunked","status":400,"code":"validation.body_too_large","connection":"close","serverCloseMs":0,"connectionsZeroMs":0}

stdout | apps/api/test/integration/connection-hygiene.test.ts > a response sent before the body is read closes the connection and never drains the (unbounded) body > upload route 401/403/404/409/428/400/422, JSON bodyLimit (CL and chunked), media type, unmatched 404, bad URL; then app.close() is prompt
SWEEP {"path":"JSON over bodyLimit, Content-Length","status":400,"code":"validation.body_too_large","connection":"close","serverCloseMs":0,"connectionsZeroMs":0}

stdout | apps/api/test/integration/connection-hygiene.test.ts > a response sent before the body is read closes the connection and never drains the (unbounded) body > upload route 401/403/404/409/428/400/422, JSON bodyLimit (CL and chunked), media type, unmatched 404, bad URL; then app.close() is prompt
SWEEP {"path":"unmatched route 404, chunked","status":404,"code":"not_found","connection":"close","serverCloseMs":0,"connectionsZeroMs":1}

stdout | apps/api/test/integration/connection-hygiene.test.ts > a response sent before the body is read closes the connection and never drains the (unbounded) body > upload route 401/403/404/409/428/400/422, JSON bodyLimit (CL and chunked), media type, unmatched 404, bad URL; then app.close() is prompt
SWEEP {"path":"unmatched route 404, Content-Length 30 MiB","status":404,"code":"not_found","connection":"close","serverCloseMs":0,"connectionsZeroMs":0}

stdout | apps/api/test/integration/connection-hygiene.test.ts > a response sent before the body is read closes the connection and never drains the (unbounded) body > upload route 401/403/404/409/428/400/422, JSON bodyLimit (CL and chunked), media type, unmatched 404, bad URL; then app.close() is prompt
SWEEP {"path":"router-level 400 bad URL (FST_ERR_BAD_URL), chunked","status":400,"code":"validation.format","connection":"close","serverCloseMs":0,"connectionsZeroMs":0}

stdout | apps/api/test/integration/connection-hygiene.test.ts > a response sent before the body is read closes the connection and never drains the (unbounded) body > upload route 401/403/404/409/428/400/422, JSON bodyLimit (CL and chunked), media type, unmatched 404, bad URL; then app.close() is prompt
SWEEP-CLOSE {"label":"after the refusals sweep","ms":0,"completed":true}

stdout | apps/api/test/integration/connection-hygiene.test.ts > a response sent before the body is read closes the connection and never drains the (unbounded) body > app.close() while a refused client (403, no CSRF token) KEEPS SENDING its body completes promptly
SWEEP-CLOSE {"label":"while a refused (403) client keeps sending its body","ms":0,"completed":true}

stdout | apps/api/test/integration/connection-hygiene.test.ts > a client that aborts mid-upload leaves no partial object and no leaked socket > content-length: 2 MiB of a 10 MiB upload, then the client destroys the socket
SWEEP {"path":"client abort mid-upload content-length","connectionsZeroMs":25,"partialFilesGoneMs":0}

stdout | apps/api/test/integration/connection-hygiene.test.ts > a client that aborts mid-upload leaves no partial object and no leaked socket > chunked: 2 MiB of a 10 MiB upload, then the client destroys the socket
SWEEP {"path":"client abort mid-upload chunked","connectionsZeroMs":24,"partialFilesGoneMs":1}

stdout | apps/api/test/integration/connection-hygiene.test.ts > shutdown is bounded > app.close() with a STALLED upload in flight completes within the grace period (default 5 s); the stalled socket is closed by the server
SWEEP-CLOSE {"label":"stalled upload in flight (default grace 5 s)","ms":5009,"completed":true}

stdout | apps/api/test/integration/connection-hygiene.test.ts > shutdown is bounded > an in-flight upload that finishes within the grace period completes normally (200, stored byte-exact, Connection: close), then app.close() returns
SWEEP-CLOSE {"label":"in-flight upload finishing during shutdown","ms":491,"completed":true}

stdout | apps/api/test/integration/connection-hygiene.test.ts > shutdown is bounded > a body that stalls outside shutdown is cut by Node's requestTimeout (408, connection closed), nothing stored, no error log
SWEEP {"path":"stalled body, requestTimeout 1.5 s","status":["HTTP/1.1 408"],"closedMs":1687}

stdout | apps/api/test/integration/connection-hygiene.test.ts > shutdown is bounded > SIGTERM: the API process (src/main.ts) exits 0 within the grace period with a stalled upload in flight
SWEEP-CLOSE {"label":"SIGTERM with a stalled upload (main.ts)","ms":5044,"exitCode":0}

stdout | apps/api/test/integration/connection-hygiene.test.ts > unmatched-route 404s are rate limited (audit round 10 observation P3) > a flood on unmatched routes gets 429 rate_limited after the limit (same key and limit as the routes); the SPA fallback still serves index.html
SWEEP {"path":"unmatched-route flood, limit 4/min","statuses":[404,404,404,429]}

 ✓ |integration| apps/api/test/integration/connection-hygiene.test.ts (13 tests) 24100ms
   ✓ an over-limit upload (413 evidence.too_large) closes its connection and never stalls app.close() > 30 MiB chunked, written without backpressure like the audit repro: 413, Connection: close, server closes, 0 connections, app.close() prompt  1937ms
   ✓ an over-limit upload (413 evidence.too_large) closes its connection and never stalls app.close() > 30 MiB content-length, written without backpressure like the audit repro: 413, Connection: close, server closes, 0 connections, app.close() prompt  816ms
   ✓ a response sent before the body is read closes the connection and never drains the (unbounded) body > upload route 401/403/404/409/428/400/422, JSON bodyLimit (CL and chunked), media type, unmatched 404, bad URL; then app.close() is prompt  843ms
   ✓ a response sent before the body is read closes the connection and never drains the (unbounded) body > app.close() while a refused client (403, no CSRF token) KEEPS SENDING its body completes promptly  470ms
   ✓ a client that aborts mid-upload leaves no partial object and no leaked socket > content-length: 2 MiB of a 10 MiB upload, then the client destroys the socket  439ms
   ✓ a client that aborts mid-upload leaves no partial object and no leaked socket > chunked: 2 MiB of a 10 MiB upload, then the client destroys the socket  417ms
   ✓ normal traffic is unchanged > a valid 3 MiB upload over a real socket is stored byte-exact with its sha256, and the keep-alive connection serves the next request  1022ms
   ✓ shutdown is bounded > app.close() with a STALLED upload in flight completes within the grace period (default 5 s); the stalled socket is closed by the server  5557ms
   ✓ shutdown is bounded > an in-flight upload that finishes within the grace period completes normally (200, stored byte-exact, Connection: close), then app.close() returns  868ms
   ✓ shutdown is bounded > a body that stalls outside shutdown is cut by Node's requestTimeout (408, connection closed), nothing stored, no error log  1940ms
   ✓ shutdown is bounded > SIGTERM: the API process (src/main.ts) exits 0 within the grace period with a stalled upload in flight  8683ms
 ✓ |integration| apps/api/test/integration/adoption/indicators.test.ts (14 tests) 2683ms
   ✓ adoption metric links (REQ-S16-020 AdoptionMetricLink; ADR-0033 §3, §9, §10) > each §10 refusal with its exact text, before any write  306ms
 ✓ |integration| apps/api/test/integration/registers.test.ts (23 tests) 5799ms
   ✓ starter structure (ADR-0016 §4; REQ-S12-004, REQ-PB-003) > both End-to-End and Modular creates get the pin, six T01 rows, ten canvas boxes and six gates, each audited  659ms
   ✓ North Star (REQ-PB-033) > one sentence, no line break; refining supersedes (never overwrites); If-Match rules  489ms
   ✓ T01 / T03 template rules and record-level rules > an archived transformation is read-only for its registers (422)  378ms
   ✓ outcomes: the good outcome test (B0051, REQ-PB-036), computed server-side on every Outcome response > pass: confirmations, an active owner, a causal chain and a linked KPI; update and archive of the KPI re-evaluate  332ms
 ✓ |integration| apps/api/test/integration/workflows/phases.test.ts (14 tests) 5963ms
   ✓ the phase catalogue (REQ-PB-014) > GET /phases: exactly six phases in order; names, purposes and key outputs equal B0021; objectives equal the phase blocks  328ms
   ✓ the phase catalogue (REQ-PB-014) > the workspace shows the current phase with its purpose, objective and key outputs, and each phase's gate status  342ms
   ✓ guided phase steps (REQ-S04-001) > each of the six phases shows steps, required evidence, owners (Unknown when unassigned) and a review queue  530ms
   ✓ guided phase steps (REQ-S04-001) > listPhaseSteps pages in procedure order with phase and status filters  308ms
   ✓ guided phase steps (REQ-S04-001) > an unmet completion rule cannot be put in review or accepted (422); SQL cannot bypass the rule  405ms
   ✓ guided phase steps (REQ-S04-001) > other completion rules are evaluated server-side (RAID register empty -> 422; no open corrective case -> met)  558ms
   ✓ guided phase steps (REQ-S04-001) > the owner cannot accept their own step (403); a non-owner cannot progress it (403); an owner is required (422)  424ms
   ✓ guided phase steps (REQ-S04-001) > the review queue: one task per reviewer-role holder (never the owner); accept closes them and enables the next owned step once  560ms
   ✓ guided phase steps (REQ-S04-001) > return with a note, then back to review; a return without a note is 400; invalid transitions are 422  305ms
   ✓ steps never move a gate (REQ-S04-002: completing every phase task leaves the gate Draft) > completing all five Diagnose steps leaves G1 draft, with no submission and an unchanged gate instance  691ms
   ✓ authorization, If-Match and audit on every write (S-4) > AUD (read-only) gets 403 on every write and nothing is written; an outsider gets 404  433ms
   ✓ authorization, If-Match and audit on every write (S-4) > If-Match: 428 when missing, 409 when stale; If-Match "0" on an existing row is 409; creates are version 1  442ms
   ✓ authorization, If-Match and audit on every write (S-4) > an evidence item of another transformation cannot be linked (422)  301ms
 ✓ |integration| apps/api/test/integration/media-types.test.ts (21 tests) 3407ms
   ✓ uploadEvidenceContent accepts only application/octet-stream (F-DG2-320) > a valid application/octet-stream upload stores exactly the bytes sent, in both framings (sha256 of the raw input)  301ms
   ✓ the media-type check and the parser lookup agree for every spelling (F-DG2-351) > every OWS/whitespace spelling of octet-stream reaches the octet parser: stored byte-exact (sha256), downloadable  775ms
 ✓ |integration| apps/api/test/integration/kpi/business-cases.test.ts (17 tests) 9597ms
   ✓ transformation case: the ten B0085 sections (REQ-PB-053) > all ten sections persist and read back; missingSections clears once lines and owners exist  1395ms
   ✓ transformation case: the ten B0085 sections (REQ-PB-053) > one active transformation case per transformation (409); configurable currency; blank text 400  397ms
   ✓ initiative cases and the roll-up (REQ-PB-054, REQ-S05-005) > an initiative case links to the one transformation case and fills the lighter set  442ms
   ✓ initiative cases and the roll-up (REQ-PB-054, REQ-S05-005) > the total equals the distinct lines once; editing an initiative line changes the roll-up without duplication  766ms
   ✓ initiative cases and the roll-up (REQ-PB-054, REQ-S05-005) > Unknown is never 0; per currency; revenue vs margin and non-financial kept apart  645ms
   ✓ lines: exactly one class (REQ-PB-053, REQ-S05-005) > two classes -> 400 at /class; class/kind and class/value-basis mismatch -> 422; value rules  437ms
   ✓ Finance validation of the baseline (REQ-PB-055 part) > FIN validates; the author is refused 403; the hash is stored; a baseline change shows Stale  614ms
   ✓ every mutation: AUD 403, If-Match 428/409, audit, WL record-level > the read-only auditor gets 403 (audited) on all seven mutations, whatever the body  304ms
   ✓ every mutation: AUD 403, If-Match 428/409, audit, WL record-level > If-Match: 428 without, 409 stale, on update/archive of cases and lines; each success audited  485ms
   ✓ every mutation: AUD 403, If-Match 428/409, audit, WL record-level > WL edits only the initiative cases of initiatives they lead (record-level, 403 otherwise)  509ms
   ✓ every mutation: AUD 403, If-Match 428/409, audit, WL record-level > authorization is re-checked at commit time (update case): a grant revoked after authentication -> 403, nothing written  434ms
   ✓ every mutation: AUD 403, If-Match 428/409, audit, WL record-level > authorization is re-checked at commit time (archive case): a grant revoked after authentication -> 403, nothing written  336ms
   ✓ every mutation: AUD 403, If-Match 428/409, audit, WL record-level > authorization is re-checked at commit time (validate baseline): a grant revoked after authentication -> 403, nothing written  484ms
   ✓ every mutation: AUD 403, If-Match 428/409, audit, WL record-level > authorization is re-checked at commit time (create line): a grant revoked after authentication -> 403, nothing written  603ms
   ✓ every mutation: AUD 403, If-Match 428/409, audit, WL record-level > authorization is re-checked at commit time (update line): a grant revoked after authentication -> 403, nothing written  661ms
   ✓ every mutation: AUD 403, If-Match 428/409, audit, WL record-level > authorization is re-checked at commit time (archive line): a grant revoked after authentication -> 403, nothing written  583ms
 ✓ |integration| apps/api/test/integration/dependencies/t08.test.ts (19 tests) 8919ms
   ✓ T08 columns, From external, types > the seven T08 columns round-trip; version 1, ETag and Location; audited; listed and read  721ms
   ✓ T08 columns, From external, types > From `external` with a label is accepted (no edge); a label-less external From is 400  595ms
   ✓ T08 columns, From external, types > an unknown or retired type is 422 dependency.unknown_type; nothing written  613ms
   ✓ T08 columns, From external, types > a self-dependency is 422; an initiative of another transformation is 422; From initiative needs its id (400)  817ms
   ✓ dependency types (REQ-PB-052) > the five system types are listed; a system type DELETE is 422 and changes nothing  528ms
   ✓ dependency types (REQ-PB-052) > add, relabel, retire a custom type: configure only (AUD and TL 403), If-Match 428/409, audited, duplicate 409  555ms
   ✓ cycles (REQ-S09-008, REQ-PB-051) > A→B→C→A is 422 naming the cycle exactly (ADR-0023 §5); nothing written  448ms
   ✓ cycles (REQ-S09-008, REQ-PB-051) > A→B→A is reported the same way ('INI-01 → INI-02 → INI-01'); an archived edge no longer counts  385ms
   ✓ cycles (REQ-S09-008, REQ-PB-051) > PATCH re-runs the check when an endpoint changes (422, nothing written); other edits pass  563ms
   ✓ cycles (REQ-S09-008, REQ-PB-051) > two API requests A→B and B→A at once: exactly one commits, the other is 422 dependency.cycle  402ms
   ✓ cycles (REQ-S09-008, REQ-PB-051) > two DATABASE connections inserting A→B and B→A concurrently: exactly one commits (dependency_acyclic)  307ms
   ✓ authorisation, concurrency and audit of every T08 mutation > AUD 403 on create, update, archive (audited as authorization.denied); 428/409 on update and archive  571ms
   ✓ authorisation, concurrency and audit of every T08 mutation > commit-time authorisation: a grant revoked while the create waits for the graph lock is 403; nothing written  408ms
   ✓ authorisation, concurrency and audit of every T08 mutation > commit-time authorisation on update and archive: the row lock wait, then 403 on reloaded grants  431ms
   ✓ schedule flags on T08 (ADR-0023 §5) > a predecessor finishing after the needed-by date is flagged; moving its milestone earlier clears it  485ms
   ✓ schedule flags on T08 (ADR-0023 §5) > missing dates are schedule.unknown, never an empty (no conflict) list  395ms
   ✓ the DG2 paths stay stable (ADR-0023 §4) > a custom type is shown as 'other' on the DG2 path; a DG2 PATCH of the kinds is 422 dependency.managed_by_t08  362ms
 ✓ |integration| apps/api/test/integration/oidc.test.ts (33 tests) 3450ms
 ✓ |integration| apps/api/test/integration/kpi/kpi-resources.test.ts (23 tests) 2208ms
 ✓ |integration| apps/api/test/integration/portfolio/transitions.test.ts (21 tests) 15119ms
   ✓ submit (draft -> submitted) > REQ-PB-007/REQ-PB-022: before G1 -> 422 invalid-transition with the exact G1 text; errors[] lists every failing precondition; nothing written  913ms
   ✓ submit (draft -> submitted) > REQ-PB-006: without an outcome/KPI link -> 'Outcome before activity' validation error at /outcomeContributions; accepted once a link exists  620ms
   ✓ submit (draft -> submitted) > Modular: an accepted inherited approval of G1 with verified evidence satisfies submit (never a gate decision)  842ms
   ✓ withdraw and cancel > withdraw: submitted or ranked -> draft with a reason; draft -> 422 not_withdrawable; no reason -> 400  818ms
   ✓ withdraw and cancel > cancel: any non-terminal status -> cancelled with reason and stamps; launched or cancelled -> 422 not_cancellable  1471ms
   ✓ selection (REQ-S09-003): a recorded business approval; ranking never selects; selection never funds > ranking never selects; select writes a portfolio_selection row and shows 'Selected - unfunded'  608ms
   ✓ selection (REQ-S09-003): a recorded business approval; ranking never selects; selection never funds > deselect: selected or funded -> ranked with a rationale; ranked or launched -> 422 not_deselectable  969ms
   ✓ selection (REQ-S09-003): a recorded business approval; ranking never selects; selection never funds > ADR-0021 §6 (T-DG3-ARCH-03): select/deselect on someone's behalf -> 422 selection.on_behalf_not_supported, even under an active delegation; nothing written  805ms
   ✓ launch (funded -> launched) > REQ-PB-004 (acceptance): End-to-End launch -> 422 'North Star, outcomes and target state not yet approved'; after G2 and G3 approval the same call succeeds  683ms
   ✓ launch (funded -> launched) > direction is checked BEFORE funding: a selected-unfunded End-to-End initiative gets the sequencing reason, errors[] lists both  484ms
   ✓ launch (funded -> launched) > 'Selected - unfunded' cannot launch (also after a rejected/deferred or revoked funding decision); other statuses are not launchable  1256ms
   ✓ launch (funded -> launched) > a draft launched before G1 reports G1 first (precondition 1)  476ms
   ✓ launch (funded -> launched) > End-to-End: an accepted waiver of G3 (G2 approved) satisfies the direction rule for launch; the gate stays unapproved  789ms
   ✓ launch (funded -> launched) > Modular: a funded initiative launches without G2/G3 (not held to the End-to-End rule); WL (no initiative.launch) gets 403  545ms
   ✓ every transition: If-Match 428/409 and AUD 403 (audited denial, nothing written) > submit: 428 without If-Match, 409 stale, 403 for AUD, 404 for an unknown id  505ms
   ✓ every transition: If-Match 428/409 and AUD 403 (audited denial, nothing written) > withdraw: 428 without If-Match, 409 stale, 403 for AUD, 404 for an unknown id  421ms
   ✓ every transition: If-Match 428/409 and AUD 403 (audited denial, nothing written) > select: 428 without If-Match, 409 stale, 403 for AUD, 404 for an unknown id  534ms
   ✓ every transition: If-Match 428/409 and AUD 403 (audited denial, nothing written) > deselect: 428 without If-Match, 409 stale, 403 for AUD, 404 for an unknown id  451ms
   ✓ every transition: If-Match 428/409 and AUD 403 (audited denial, nothing written) > launch: 428 without If-Match, 409 stale, 403 for AUD, 404 for an unknown id  484ms
   ✓ every transition: If-Match 428/409 and AUD 403 (audited denial, nothing written) > cancel: 428 without If-Match, 409 stale, 403 for AUD, 404 for an unknown id  442ms
   ✓ latestFundingState() (ADR-0023 §7): the latest funding decision decides, fail closed > none -> unfunded; approved -> funded; deferred after approved -> unfunded; revoked -> revoked  783ms
 ✓ |integration| apps/api/test/integration/raid/corrective-cases.test.ts (15 tests) 2782ms
   ✓ createCorrectiveCase: a Value Review finding (ADR-0031 §5.5; REQ-PB-085 create:BO,TL,FIN) > AUD 403; ADM-only and outsiders 404 on every operation; nothing written  536ms
   ✓ updateCorrectiveCase and closeCorrectiveCase (ADR-0031 §5.5, §5.6) > closing: owner required for a worker case without owner; closed is final; the item closes; a new case may open  326ms
 ✓ |integration| apps/api/test/integration/workflows/gate-exceptions.test.ts (14 tests) 13032ms
   ✓ submission with missing mandatory evidence (REQ-S04-012) > the gate page lists the missing items; one missing item -> 422 listing exactly it (DG2 form); nothing written  1378ms
   ✓ submission with missing mandatory evidence (REQ-S04-012) > with accepted unexpired exceptions -> 201; the snapshot and the frozen criterion rows record each exception  1300ms
   ✓ submission with missing mandatory evidence (REQ-S04-012) > a pending, rejected or other-criterion exception does not cover (422 as in DG2)  1320ms
   ✓ the waiver record (REQ-S04-013) > a waiver without expiry or compensating action -> 400; past expiry and a non-mandatory key -> 422; nothing written  998ms
   ✓ the waiver record (REQ-S04-013) > the requester cannot decide (403); a non-approver cannot (403); ADM-only 403; AUD 403 on every write  822ms
   ✓ the waiver record (REQ-S04-013) > one hop of delegation: a delegate holding gate_exception.decide decides for the approver (recorded on behalf)  598ms
   ✓ expiry (REQ-S04-013; clock injected) > after expires_on the exception no longer covers: the live view and the submission report the criterion missing again  853ms
   ✓ expiry (REQ-S04-013; clock injected) > approving a submission whose recorded exception has expired -> 422 gate.exception_expired; changes requested is allowed  827ms
   ✓ expiry (REQ-S04-013; clock injected) > approving a submission whose recorded exception was revoked -> 422 gate.exception_revoked (exact text); nothing written; reject allowed  839ms
   ✓ expiry (REQ-S04-013; clock injected) > revoked AND expired reports the revoke; an unrevoked, unexpired exception still lets the approver approve  1371ms
   ✓ expiry (REQ-S04-013; clock injected) > the injected clock also moves the create check: an expiry before the injected business date -> 422  393ms
   ✓ revoke, withdraw and concurrency (ADR-0035 §4, §11) > revoke needs a reason (400) and an accepted exception (422); after revoke the criterion is missing again  704ms
   ✓ revoke, withdraw and concurrency (ADR-0035 §4, §11) > withdraw: the requester only, pending only, If-Match 428/409; decision If-Match 428/409  616ms
   ✓ revoke, withdraw and concurrency (ADR-0035 §4, §11) > the approver gets one gate_exception_to_decide item on request; it is done once decided; list filters  719ms
 ✓ |integration| apps/api/test/integration/workflows/g5-g6.test.ts (13 tests) 7029ms
   ✓ G5 Scale (REQ-PB-020, REQ-PB-015) > an open High-impact risk without an approved disposition: 422 whose detail and errors list 'Risk closure'; nothing written  674ms
   ✓ G5 Scale (REQ-PB-020, REQ-PB-015) > an approved disposition completes Risk closure (a pending one does not; a medium risk never counts)  714ms
   ✓ G5 Scale (REQ-PB-020, REQ-PB-015) > G5 configured to BO: an SP decision is 403 gate.not_approver, a BO decision with the scale scope is 201  646ms
   ✓ G5 Scale (REQ-PB-020, REQ-PB-015) > the scale-scope rules (ADR-0035 §5): required with a G5 approval, refused elsewhere, items inside the organization  1088ms
   ✓ G5 decision rights (D-094; ADR-0035 §8) > AUD 403 on the G5 submission and decision; an ADM-only caller 403 on the decision (D-094); nothing written  556ms
   ✓ G1-G4 refusals keep the DG2 key form (ADR-0035 §2: the label form is G5/G6 only) > a G4 submission with gaps names the criterion keys in its detail, as in DG3  671ms
   ✓ G6 Sustain (REQ-PB-021, REQ-S04-008, REQ-S04-002) > without an accepted BAU handover: 422 listing 'Ownership transfer'; nothing written  461ms
   ✓ G6 Sustain (REQ-PB-021, REQ-S04-008, REQ-S04-002) > with every fact: 201 with a frozen g6 snapshot; an edit afterwards leaves it unchanged; the SP approval changes no phase, closes nothing and writes no DG delivery record  1509ms
   ✓ G6 Sustain (REQ-PB-021, REQ-S04-008, REQ-S04-002) > G6 allows SP only: a BO cannot be configured as its approver (DG2 422 gate.approver_role_not_allowed)  516ms
 ✓ |integration| apps/api/test/integration/sustainment/controls.test.ts (15 tests) 3248ms
   ✓ sustainment reviews: the assignee completes (ADR-0034 §6, §9) > only the assignee completes; final afterwards; work item closed; AUD 403, ADM 404, If-Match 428/409  319ms
   ✓ sustainment reviews: the assignee completes (ADR-0034 §6, §9) > parity (D-102 (2)): the worker's review twin writes the same rows as the API's scheduleAreaReview  435ms
 ✓ |integration| apps/api/test/integration/portfolio/structure.test.ts (18 tests) 2187ms
 ✓ |integration| apps/api/test/integration/sustainment/handovers.test.ts (11 tests) 2513ms
 ✓ |integration| apps/api/test/integration/governance/executive-decisions.test.ts (17 tests) 2581ms
 ✓ |integration| apps/api/test/integration/approvals/approvals.test.ts (17 tests) 4785ms
   ✓ routing (REQ-S10-008; ADR-0026 §2, §8) > a mapped person without a business-approver role is refused (422 routing.assignee_not_approver)  759ms
   ✓ request (ADR-0026 §4, §5) > authorization: approval.request holders only (AUD and a no-role user refused), read gate 404 outside  528ms
   ✓ request (ADR-0026 §4, §5) > SLA types: next SteerCo is Unknown (never guessed); urgent needs a reason and a configured route; release plan without a milestone is Unknown  698ms
   ✓ decide (REQ-S10-014, REQ-S10-016, REQ-S10-017, REQ-S10-018) > commit-time authorization: a decide right revoked (or a session ended) while the request waits is refused  481ms
 ✓ |integration| apps/api/test/integration/blank-text.test.ts (29 tests) 12832ms
   ✓ blank free text is rejected (400 + pointer), nothing is written and nothing is audited > charter create with a blank field writes no charter  568ms
   ✓ valid text still succeeds (stored as entered) and null still clears > charter: text with surrounding spaces is kept verbatim; null clears; each change is audited once  618ms
   ✓ defense in depth: blank text already in the database is never 'present' (G1 readiness, pre-checks, thesis) > blank In scope, Case for change, thesis part and T01 texts read as missing  522ms
   ✓ invisible-only free text is blank (F-DG2-160) > Out of scope "‏" is 400 validation.blank at /outOfScope; nothing written, no audit  373ms
   ✓ invisible-only free text is blank (F-DG2-160) > Out of scope "" is 400 validation.blank at /outOfScope; nothing written, no audit  500ms
   ✓ invisible-only free text is blank (F-DG2-160) > Out of scope "⁠⁠⁠" is 400 validation.blank at /outOfScope; nothing written, no audit  722ms
   ✓ invisible-only free text is blank (F-DG2-160) > Out of scope "؜" is 400 validation.blank at /outOfScope; nothing written, no audit  514ms
   ✓ invisible-only free text is blank (F-DG2-160) > Out of scope "️͏" is 400 validation.blank at /outOfScope; nothing written, no audit  560ms
   ✓ invisible-only free text is blank (F-DG2-160) > Out of scope "᠋᠏" is 400 validation.blank at /outOfScope; nothing written, no audit  798ms
   ✓ invisible-only free text is blank (F-DG2-160) > Out of scope "\u0001" is 400 validation.blank at /outOfScope; nothing written, no audit  513ms
   ✓ invisible-only free text is blank (F-DG2-160) > Out of scope "󠄀 ឴឵" is 400 validation.blank at /outOfScope; nothing written, no audit  712ms
   ✓ invisible-only free text is blank (F-DG2-160) > Out of scope "𖿤" is 400 validation.blank at /outOfScope; nothing written, no audit  635ms
   ✓ invisible-only free text is blank (F-DG2-160) > Out of scope "𝅙" is 400 validation.blank at /outOfScope; nothing written, no audit  519ms
   ✓ invisible-only free text is blank (F-DG2-160) > Out of scope "𝅙𝅙" is 400 validation.blank at /outOfScope; nothing written, no audit  384ms
   ✓ invisible-only free text is blank (F-DG2-160) > Out of scope " 𖿤\t𝅙 " is 400 validation.blank at /outOfScope; nothing written, no audit  492ms
   ✓ invisible-only free text is blank (F-DG2-160) > visible text that contains U+16FE4 or U+1D159 is accepted verbatim and counts as documented (F-DG2-230)  1017ms
   ✓ invisible-only free text is blank (F-DG2-160) > an Arabic Out of scope with RLM marks is accepted verbatim, the pre-check reads pass and G1 does not list it  902ms
   ✓ invisible-only reasons are blank on every reason endpoint (F-DG2-160, T-DG2-BE7) > P1 transformation archive (reasonRequest): invisible reason is 400 at /reason; a valid reason archives  532ms
 ✓ |integration| apps/api/test/integration/sustainment/transition-decisions.test.ts (10 tests) 4103ms
   ✓ create (ADR-0034 §3, §12) > BO and FIN draft; TD-nn, version 1, audited; one live decision per benefit (409 transition_decision.exists)  323ms
   ✓ create (ADR-0034 §3, §12) > 422 monitoring_after_end, benefit_validated and validation.reference (exact texts); nothing written  579ms
   ✓ commit-time authorization (S-4) > a BO revoked after the identity hook gets 403 on create and on submit; nothing is written  330ms
   ✓ decision through the canonical approval (ADR-0034 §3; ADR-0026 §4) > changes requested: an editable draft again; resubmitted through the approval; then approved  307ms
   ✓ decision through the canonical approval (ADR-0034 §3; ADR-0026 §4) > reject: rejected and final; withdrawing a decision in approval withdraws its approval (nothing left undecidable)  318ms
   ✓ REQ-S11-007: forecast stays forecast; monitoring tasks for the residual owner (ADR-0034 §3, §6) > parity (D-102 (2)): the worker's runMonitoringScan writes the same rows as the API's scheduleMonitoringReviews  460ms
stdout | apps/api/test/integration/request-io.test.ts > F-DG2-411: a stalled upload holds no pooled connection and no row lock > reviewer's R8: N stalled uploads (N = pool size) leave /me and /readyz answering promptly; nothing is stored
BE17 R8: {"poolSize":5,"stalledUploads":5,"sessions":{"sessions":5,"visible":5,"idleInTx":0,"nonIdle":0},"me":{"status":200,"ms":7},"ready":{"status":200,"ms":2},"patch":{"status":200,"ms":22},"leftovers":[],"rows":0,"closeMs":1,"errors":[]}

stdout | apps/api/test/integration/request-io.test.ts > F-DG2-411: a stalled upload holds no pooled connection and no row lock > an upload whose If-Match goes stale during the body: 409 version_conflict, no content row, no object
BE17 stale-if-match: {"patchDuringBody":{"status":200,"ms":55},"patch":{"status":200,"ms":55},"upload":{"status":409,"type":"urn:mth:problem:version-conflict","title":"Version conflict","detail":"The record was changed by someone else. Review the current version and re-apply your change.","code":"version_conflict","requestId":"01a12491-3282-76cb-8efe-e898b5ffbf54","currentVersion":2},"rows":0,"files":[],"version":2,"closeMs":1}

stdout | apps/api/test/integration/request-io.test.ts > F-DG2-411: a stalled upload holds no pooled connection and no row lock > valid uploads stay byte-exact with their sha256 (stored, recorded and downloaded), no temporary object left
BE17 valid-uploads: {"out":[{"size":1,"status":200,"rows":1,"sha":true,"files":["/var/tmp/mth-run.X4Zv9H/claude-0/mth-evidence-it-1StYP6/01a12491-25da-729c-939e-44500d0883bc/01a12491-2639-740b-9b04-7948abc13bc3/01a12491-349a-75ad-8698-0715ba0fb38e/01a12491-34c5-7513-83f7-b70c109e87e0"]},{"size":65536,"status":200,"rows":1,"sha":true,"files":["/var/tmp/mth-run.X4Zv9H/claude-0/mth-evidence-it-1StYP6/01a12491-25da-729c-939e-44500d0883bc/01a12491-2639-740b-9b04-7948abc13bc3/01a12491-350c-75d9-b109-30188a7ba579/01a12491-351b-761a-bbb6-7d78bd3a5b83"]},{"size":3145728,"status":200,"rows":1,"sha":true,"files":["/var/tmp/mth-run.X4Zv9H/claude-0/mth-evidence-it-1StYP6/01a12491-25da-729c-939e-44500d0883bc/01a12491-2639-740b-9b04-7948abc13bc3/01a12491-3539-722a-bf22-2f7519098c0f/01a12491-3550-743d-8bf9-74843f807580"]}],"closeMs":4}

stdout | apps/api/test/integration/request-io.test.ts > F-DG2-411: a stalled upload holds no pooled connection and no row lock > sweep: downloads to slow readers (N+1 paused readers, pool size N) hold no pooled connection
BE17 slow-readers: {"poolSize":2,"readers":3,"bytesReceivedWhilePaused":[65536,65536,65536],"fileBytes":25165824,"me":{"status":200,"ms":32},"ready":{"status":200,"ms":3},"sessions":{"sessions":2,"visible":2,"idleInTx":0,"nonIdle":0},"closeMs":3}

stdout | apps/api/test/integration/request-io.test.ts > F-DG2-411: a stalled upload holds no pooled connection and no row lock > defence in depth: an exhausted pool answers 503 after the bounded checkout wait (and /readyz 503), never a hang
BE17 pool-exhausted: {"me":{"status":503,"ms":412},"meCode":"unavailable","ready":{"status":503,"ms":402},"meAfter":{"status":200,"ms":11},"closeMs":0}

stdout | apps/api/test/integration/request-io.test.ts > F-DG2-412: an aborted or stalled body is never a 500 and never an error-level log > R6a stalled JSON body, requestTimeout 408: answered (if at all) below 500, logged below error level, nothing stored
BE17 R6a: {"status":408,"classified":1,"completed":[],"errors":[],"rows":0,"files":[],"closeMs":1}

stdout | apps/api/test/integration/request-io.test.ts > F-DG2-412: an aborted or stalled body is never a 500 and never an error-level log > R6d JSON body aborted by the client: answered (if at all) below 500, logged below error level, nothing stored
BE17 R6d: {"status":null,"classified":25,"completed":[],"errors":[],"rows":0,"files":[],"closeMs":0}

stdout | apps/api/test/integration/request-io.test.ts > F-DG2-412: an aborted or stalled body is never a 500 and never an error-level log > R6c stalled upload body, requestTimeout 408: answered (if at all) below 500, logged below error level, nothing stored
BE17 R6c: {"status":408,"classified":0,"completed":[],"errors":[],"rows":0,"files":[],"closeMs":0}

stdout | apps/api/test/integration/request-io.test.ts > F-DG2-412: an aborted or stalled body is never a 500 and never an error-level log > R6e upload body aborted by the client: answered (if at all) below 500, logged below error level, nothing stored
BE17 R6e: {"status":null,"classified":26,"completed":[],"errors":[],"rows":0,"files":[],"closeMs":0}

stdout | apps/api/test/integration/request-io.test.ts > F-DG2-412: an aborted or stalled body is never a 500 and never an error-level log > no over-match: a database-side ECONNRESET while the request body is still arriving is a 500 with an error log
BE17 db-econnreset: {"status":500,"resets":4,"errors":[{"msg":"unhandled error","code":"ECONNRESET","message":"read ECONNRESET"}]}

 ✓ |integration| apps/api/test/integration/request-io.test.ts (10 tests) 13573ms
   ✓ F-DG2-411: a stalled upload holds no pooled connection and no row lock > reviewer's R8: N stalled uploads (N = pool size) leave /me and /readyz answering promptly; nothing is stored  2449ms
   ✓ F-DG2-411: a stalled upload holds no pooled connection and no row lock > an upload whose If-Match goes stale during the body: 409 version_conflict, no content row, no object  538ms
   ✓ F-DG2-411: a stalled upload holds no pooled connection and no row lock > valid uploads stay byte-exact with their sha256 (stored, recorded and downloaded), no temporary object left  426ms
   ✓ F-DG2-411: a stalled upload holds no pooled connection and no row lock > sweep: downloads to slow readers (N+1 paused readers, pool size N) hold no pooled connection  1456ms
   ✓ F-DG2-411: a stalled upload holds no pooled connection and no row lock > defence in depth: an exhausted pool answers 503 after the bounded checkout wait (and /readyz 503), never a hang  1559ms
   ✓ F-DG2-412: an aborted or stalled body is never a 500 and never an error-level log > R6a stalled JSON body, requestTimeout 408: answered (if at all) below 500, logged below error level, nothing stored  2133ms
   ✓ F-DG2-412: an aborted or stalled body is never a 500 and never an error-level log > R6d JSON body aborted by the client: answered (if at all) below 500, logged below error level, nothing stored  786ms
   ✓ F-DG2-412: an aborted or stalled body is never a 500 and never an error-level log > R6c stalled upload body, requestTimeout 408: answered (if at all) below 500, logged below error level, nothing stored  2102ms
   ✓ F-DG2-412: an aborted or stalled body is never a 500 and never an error-level log > R6e upload body aborted by the client: answered (if at all) below 500, logged below error level, nothing stored  819ms
   ✓ F-DG2-412: an aborted or stalled body is never a 500 and never an error-level log > no over-match: a database-side ECONNRESET while the request body is still arriving is a 500 with an error log  443ms
 ✓ |integration| apps/api/test/integration/gates/g4.test.ts (5 tests) 7331ms
   ✓ G4 submission refused with the missing items named (ADR-0021 §7) > 422 gate_criteria_incomplete names 'Owners', 'Finance validation', the initiative without a gap link, the missing funding and capacity commitment; nothing written  1723ms
   ✓ G4 submission refused with the missing items named (ADR-0021 §7) > an empty portfolio is 'Initiative cards' (g4.portfolio_empty); a capacity over-allocation and Unknown are conflicts  1322ms
   ✓ G4 treats an Unknown schedule as a missing item (D-079; ADR-0021 §7, §11 item 3) > 'Schedule unknown: DEP-nn' refuses the submission; a mitigation or the missing date clears it  1211ms
   ✓ G4 end to end with distinct synthetic TL, FIN, SP and capacity-owner users > TL submits; FIN validates and funds; the capacity owner commits; 403/403/409 hold; SP approves -> phase transform  1750ms
   ✓ G4 end to end with distinct synthetic TL, FIN, SP and capacity-owner users > the submitter cannot decide G4, even holding the approver role (403 gate.submitter_cannot_decide)  1181ms
 ✓ |integration| apps/api/test/integration/adoption/assessment-records.test.ts (10 tests) 2367ms
   ✓ review and withdrawal (ADR-0033 §5, §9) > the respondent or a reviewer withdraws; it stops counting; others 403; withdrawn is final  340ms
   ✓ authorisation (ADR-0033 §9) > commit-time 403 on a response and on the respondent's own withdrawal; nothing written  307ms
 ✓ |integration| apps/worker/test/integration/adoption-below-trajectory.test.ts (14 tests) 2339ms
   ✓ the outbox relay fans kpi.deviation_evaluated out (D-102) > one event reaches both consumers exactly once; a relay retry and a replayed send duplicate nothing  340ms
 ✓ |integration| apps/api/test/integration/adoption/assessment-forms.test.ts (10 tests) 2547ms
   ✓ authorisation (ADR-0033 §9) > AUD, TL and FIN 403 on writes; ADM-only and outsiders 404; another transformation 404; commit-time 403  390ms
   ✓ authorisation (ADR-0033 §9) > commit-time 403 on create, edit, retire, invite and cancel; nothing written  576ms
 ✓ |integration| apps/api/test/integration/adoption/interventions.test.ts (8 tests) 2140ms
   ✓ manual interventions and My Work (REQ-S11-001 A11) > AUD 403 on writes; ADM-only and outsiders 404 everywhere; commit-time 403; nothing written  330ms
 ✓ |integration| apps/api/test/integration/tasks/work-items.test.ts (15 tests) 1733ms
 ✓ |integration| apps/api/test/integration/reporting/modular.test.ts (14 tests) 10041ms
   ✓ REQ-PB-005 / REQ-S03-005: Modular entry at Design with an inherited G2 approval > G2 is labelled inherited (never approved); baseline and outcome link are missing until supplied  893ms
   ✓ REQ-PB-005 / REQ-S03-005: Modular entry at Design with an inherited G2 approval > a pending inherited approval is inherited_pending_verification and an inherited_approval_unverified warning  642ms
   ✓ REQ-PB-005 / REQ-S03-005: Modular entry at Design with an inherited G2 approval > a gate approved by the platform is the only `approved` label  702ms
   ✓ REQ-PB-005 / REQ-S03-005: Modular entry at Design with an inherited G2 approval > scope: another organization's TO gets 404; a malformed id is 400  523ms
   ✓ REQ-S03-005: labelled inherited records > inherited evidence and baseline are listed with provenance and the inherited label, beside the prior approval  670ms
   ✓ REQ-S03-005: labelled inherited records > End-to-End → 422 inherited_record.not_modular; prior_approval → 422 use_dispensation; nothing written  1160ms
   ✓ REQ-S03-005: labelled inherited records > validation: 400 for a missing id or blank text; 422 for a record outside the transformation; 409 duplicate  1369ms
   ✓ S-4: authorization, If-Match and audit on every write > AUD and BO get 403 on create and withdraw; nothing written  535ms
   ✓ S-4: authorization, If-Match and audit on every write > T-DG4-BE-R3 (JK.10 item 3): another organization's TO gets 404 on create and withdraw, as on reads; nothing written  517ms
   ✓ S-4: authorization, If-Match and audit on every write > withdraw: 428 without If-Match, 409 stale, 404 unknown id, 422 when already withdrawn  747ms
   ✓ S-4: authorization, If-Match and audit on every write > one audit event per mutation, in the write's transaction  794ms
   ✓ S-4: authorization, If-Match and audit on every write > T-DG4-BE-R3 getInheritedRecord: 200 + ETag active or withdrawn; 404 for a prior_approval id, unknown id, outsider  697ms
   ✓ S-4: authorization, If-Match and audit on every write > commit-time: a grant revoked while the create waited is 403; nothing written  469ms
 ✓ |integration| apps/api/test/integration/benefits/measurements.test.ts (12 tests) 4656ms
   ✓ create, read, list (ADR-0030 §2) > BO records a draft: 201, Location, ETag, basis, one audit event; list newest first; AUD reads  445ms
   ✓ create, read, list (ADR-0030 §2) > the §11 refusals: step, value shape, unmonetised, period taken, period range, unknown evidence  795ms
   ✓ submission (REQ-S08-016, REQ-S12-014 API half) > submit needs the period and evidence; If-Match 428/409; one audit event and one outbox event; pending only  486ms
   ✓ the formula engine and lineage (REQ-S08-004, REQ-S08-006, REQ-S08-008) > Δ attach × customers × ARPU = 0.02 × 100000 × 50 = 100000.0000; getBenefitMeasurement returns the lineage  350ms
   ✓ the formula engine and lineage (REQ-S08-004, REQ-S08-006, REQ-S08-008) > REQ-S08-006: after a formula change, an older measurement keeps its formula version reference  417ms
   ✓ the finance queue item from a submission (REQ-S12-014) > one queue item per submission with the six-key snapshot; replaying the event creates none  426ms
 ✓ |integration| apps/api/test/integration/transformations.test.ts (30 tests) 8189ms
   ✓ create > persists a draft End-to-End record in Diagnose with organization defaults (Asia/Riyadh, SAR) and a generated code  973ms
   ✓ create > writes exactly one audit event and one outbox event, in the same transaction  339ms
   ✓ create > rolls back record, audit and outbox together when a rule fails (duplicate code -> 409)  497ms
   ✓ Idempotency-Key on create > replays the original 201 for the same key and body, creating one record, one audit event and one outbox event  421ms
   ✓ Idempotency-Key on create > rejects the same key with a different body (422) and a malformed key (400)  385ms
   ✓ closure is not a status edit (F-DG1-001: closure needs the G6 business approval, absent in P1) > refuses active -> closed with 422 invalid-transition; the record keeps its state, version and audit trail  459ms
   ✓ closure is not a status edit (F-DG1-001: closure needs the G6 business approval, absent in P1) > refuses on_hold -> closed with 422 invalid-transition; the record keeps its state, version and audit trail  435ms
   ✓ closure is not a status edit (F-DG1-001: closure needs the G6 business approval, absent in P1) > refuses a close from draft as well (no path to closed exists in P1)  347ms
   ✓ archive > needs a reason, If-Match and transformation.archive; archived records are read-only and hidden by default  554ms
   ✓ list: filters, sorting and cursor pagination > pages through a stable order without duplicates or gaps  2289ms
   ✓ audit trail endpoint > lists events newest first with actor names, paginated; needs audit.read (TO yes, others 403/404)  457ms
 ✓ |integration| apps/worker/test/integration/raid-corrective.test.ts (10 tests) 3328ms
   ✓ raid.corrective_control and raid.corrective_adoption through the production worker (REQ-S12-016) > a failed control check opens one owned case with a 5-working-day follow-up and one work item; replay and restart create none  951ms
 ✓ |integration| apps/api/test/integration/dg2-repairs.test.ts (13 tests) 6307ms
   ✓ F-DG2-142 evidence-link removal needs edit rights on the record (REQ-S10-001) > repro: a WL cannot remove the TL's link on a T01 row they may not edit (403 + denial audit); the TL can  603ms
   ✓ charter thesis (F-DG2-203) and current North Star (F-DG2-204) > REQ-PB-030: an empty thesis part is flagged on the charter and keeps G2 g2.outcome_tree incomplete  305ms
   ✓ F-DG2-205 sequential product gates (REQ-S04-005, B0009, B0023) > End-to-End: G2 and G3 cannot be submitted before their predecessor is approved (422 gate.out_of_sequence), nothing written  992ms
   ✓ F-DG2-205 sequential product gates (REQ-S04-005, B0009, B0023) > repro: a pending G3 cannot be APPROVED while G2 is unapproved (422), the phase does not jump, nothing is written  744ms
   ✓ F-DG2-205 sequential product gates (REQ-S04-005, B0009, B0023) > an approval advances exactly one step from the gate's own phase; it never skips (define -> mobilize refused)  593ms
   ✓ F-DG2-205 sequential product gates (REQ-S04-005, B0009, B0023) > Modular entry stays valid: entering at design, G3 is not blocked by the earlier gates (only by its own criteria)  957ms
 ✓ |integration| apps/api/test/integration/adoption/stakeholder-groups.test.ts (11 tests) 2159ms
   ✓ authorization (ADR-0033 §9; S-4) > AUD is 403 on every write; ADM-only and outsiders 404 on every read and write; nothing is written  422ms
 ✓ |integration| apps/api/test/integration/calendar/calendar.test.ts (13 tests) 2999ms
   ✓ REQ-S15-008: time semantics and per-row currency > changing the organization's default currency affects only new records  1268ms
 ✓ |integration| apps/api/test/integration/governance/raci-matrices.test.ts (12 tests) 7429ms
   ✓ REQ-S10-007: independent copies; edits are authorized, versioned and audited > changing one transformation's RACI changes neither the template nor another transformation  896ms
   ✓ REQ-S10-007: independent copies; edits are authorized, versioned and audited > AUD, BO and outsiders are refused; If-Match 428/409; each changed cell and the deliverable are audited  323ms
   ✓ REQ-S10-007: independent copies; edits are authorized, versioned and audited > commit-time authorization: a raci.edit right revoked while the request waits is refused, nothing written  852ms
   ✓ governance matrix approval (REQ-S10-007 'versioned, approved changes'; REQ-PB-067 'approve: SP') > submit freezes the version and routes it to the Sponsor; the Sponsor approves it; a later edit returns it to draft  1003ms
   ✓ governance matrix approval (REQ-S10-007 'versioned, approved changes'; REQ-PB-067 'approve: SP') > T11: TL submits (decision_right.configure); a rejection returns the matrix to draft and unfreezes the rows  1184ms
   ✓ governance matrix approval (REQ-S10-007 'versioned, approved changes'; REQ-PB-067 'approve: SP') > an unmapped Sponsor blocks the submit with a visible routing error; nothing is written  726ms
   ✓ REQ-PB-008: Transform readiness (operating model before execution) > not ready when the charter decision rights or T11 are empty; ready once they are completed; DG3 readiness unchanged  853ms
 ✓ |integration| apps/api/test/integration/kpi-p4/versions.test.ts (10 tests) 2761ms
   ✓ REQ-S07-001: the dictionary entry holds every listed field > the DG2 create without polarity or unit is still 400; a complete active version reads back every field  456ms
   ✓ version lifecycle > one draft; version 2 needs a change reason; activation supersedes the previous version (one audit event each, one outbox event)  409ms
   ✓ S-4: If-Match, audit, authorization > AUD and an ADM-only user get 403 on every version mutation; KDS/TL write; reads are open to AUD  436ms
 ✓ |integration| apps/api/test/integration/workflows/modular-waiver.test.ts (13 tests) 15222ms
   ✓ ADR-0021 W1: the one changed condition of createGateDispensation > a Modular G3 waiver with no initiative: 201 pending, version 1, audited gate_dispensation.create  799ms
   ✓ ADR-0021 W1: the one changed condition of createGateDispensation > every other Modular waiver keeps the DG3 refusal: G1, G2, and G3 with an initiative (recorded for A/B)  760ms
   ✓ ADR-0021 W2: who decides a Modular-links waiver > G3's approver (SP) accepts it (200); the recorder (403) and a non-approver (403 gate.not_approver) cannot  713ms
   ✓ ADR-0038 B1 at G3 submission > criteria met, links missing, an accepted waiver in force → 201 with modularLinks in the snapshot; report unchanged  1096ms
   ✓ ADR-0038 B1 at G3 submission > only the outcome link missing: missing lists it alone  856ms
   ✓ ADR-0038 B1 at G3 submission > links supplied: no modularLinks member even with a waiver in force (the snapshot is the DG3 one)  818ms
   ✓ ADR-0038 B1 at G3 submission > which waiver: the latest expiry, ties broken by the greatest id  1741ms
   ✓ ADR-0038 B1 at G3 submission > pending, rejected, revoked or expired (injected exception clock) waivers → 422 gate.modular_links_missing; nothing written  3754ms
   ✓ ADR-0038 B1 at G3 approval > the waiver in force: approval 201, G3 approved; the decision is the SP's  764ms
   ✓ ADR-0038 B1 at G3 approval > revoked after submission → 422 gate.modular_waiver_revoked with the revoke date; a later waiver does not rescue it; reject stays allowed  864ms
   ✓ ADR-0038 B1 at G3 approval > expired by approval time (injected clock) → 422 gate.modular_waiver_expired with the expiry date; nothing written  883ms
   ✓ ADR-0038 B1 at G3 approval > revoked and expired: the revoke is reported  1046ms
   ✓ ADR-0038 B1 at G3 approval > a Modular G3 submitted with its links (no modularLinks) is decided exactly as before  1000ms
 ✓ |integration| apps/worker/test/integration/kpi-recalculate.test.ts (5 tests) 4469ms
   ✓ kpi.recalculate through the relay and the production worker (REQ-S07-013, REQ-S12-006) > writes one run; a redelivery and a restarted worker write no second run  1078ms
   ✓ kpi.recalculate: a failure on the last attempt is recorded as a failed run (ADR-0027 §8 step 4; T-DG4-KBE-R1) > through the production worker: the attempt that pg-boss retries records nothing, the final attempt records the failed run and the job dead-letters  1417ms
 ✓ |integration| apps/api/test/integration/sustainment/status-model.test.ts (9 tests) 2260ms
   ✓ labels (ADR-0034 §2; REQ-PB-009, REQ-S11-006) > REQ-PB-009: delivery Complete without a validated benefit is 'Delivered — value validation pending'  666ms
   ✓ labels (ADR-0034 §2; REQ-PB-009, REQ-S11-006) > REQ-S11-006: all initiatives complete with value pending is 'Delivery complete - value validation pending'  314ms
 ✓ |integration| apps/api/test/integration/governance/meetings.test.ts (12 tests) 2895ms
   ✓ createMeeting and getMeeting (REQ-S16-019 Meeting) > without a business calendar the cut-off is Unknown (calendar_not_configured), never guessed  391ms
 ✓ |integration| apps/api/test/integration/groups/groups.test.ts (9 tests) 2508ms
   ✓ governance parties and role mappings (ADR-0026 §2; REQ-S10-008) > create: role_mapping.assign (TL, TO); WL, AUD 403; one active mapping per party; targets validated; audited  435ms
 ✓ |integration| apps/api/test/integration/governance/agenda.test.ts (11 tests) 2761ms
   ✓ publishAgendaItem: the seven elements (REQ-PB-068, REQ-S10-012) > REQ-PB-061: a complete brief publishes into T16 (brief cleared), and the Outcome recorded in the meeting appears in T16  315ms
 ✓ |integration| apps/api/test/integration/gates.test.ts (12 tests) 8765ms
   ✓ starter structure and live readiness > a new transformation has six gate instances (G1-G6), draft, approver SP; G5-G6 are enabled (0059) but out of sequence  952ms
   ✓ starter structure and live readiness > G1 submission without an initial charter is refused (422 gate_criteria_incomplete) and writes nothing  661ms
   ✓ starter structure and live readiness > REQ-S13-012: evidence that is only a filename (or an inaccessible link) leaves g1.diagnostic incomplete  900ms
   ✓ submission and decision (business approval by a person) > the submitter cannot decide, even when they hold the approver role (403 gate.submitter_cannot_decide)  1297ms
   ✓ submission and decision (business approval by a person) > the configured approver (SP) approves the current submission: decision recorded, G1 approved, phase -> define  332ms
   ✓ submission and decision (business approval by a person) > configuring the approver: allowed roles only, refused while a submission is pending, needs gate.configure  700ms
   ✓ G2 Direction readiness (REQ-PB-036 failing outcomes, REQ-PB-037 guardrails) > lists every outcome whose good outcome test is not passing (ids + criteria); zero guardrails blocks submission  1430ms
   ✓ decision outcome text is cut on a code-point boundary (F-DG2-260) > a rationale with an emoji at the 8000 boundary: the decision is recorded and outcome_text has no U+FFFD  880ms
 ✓ |integration| apps/api/test/integration/governance/decision-rights.test.ts (11 tests) 3494ms
   ✓ REQ-PB-065: the four T11 rows, seeded verbatim (B0099) > POST /transformations copies the four rows verbatim, both matrix headers and the six T12 deliverables (36 cells)  434ms
   ✓ REQ-PB-065: the four T11 rows, seeded verbatim (B0099) > an unmapped Approve party is a visible routing error (422 routing.role_unmapped), never a fallback  702ms
   ✓ T11 edits (ADR-0026 §5; S-4) > commit-time authorization: a configure right revoked while the request waits is refused, nothing written  627ms
 ✓ |integration| apps/api/test/integration/governance/meeting-series.test.ts (11 tests) 3741ms
   ✓ working days come from the business calendar (ADR-0025 §1) > without a business calendar a daily series generates nothing (calendar_not_configured); a 'keep' weekly series generates with an Unknown cut-off  651ms
   ✓ createMeetingSeries authorization and validation > negative: AUD, TL 403; ADM-only, another organization 404; a forum of another transformation is 400  489ms
 ✓ |integration| apps/api/test/integration/invalid-utf8.test.ts (14 tests) 6421ms
   ✓ a JSON body with invalid UTF-8 is 400 validation.json, the same with Content-Length and chunked > charter create: 400 for every invalid sequence and framing; no charter, no audit row, no U+FFFD stored  1726ms
   ✓ a JSON body with invalid UTF-8 is 400 validation.json, the same with Content-Length and chunked > charter update (PATCH, If-Match): version, value and audit trail unchanged  507ms
   ✓ over a real socket (the framing the reviewer probed), unauthenticated and authenticated > 400 validation.json for both framings, with and without a session; nothing stored  505ms
   ✓ valid UTF-8 round-trips verbatim; one BOM is accepted and stripped > Arabic and emoji text, with Content-Length and chunked: stored and audited byte for byte  1182ms
   ✓ valid UTF-8 round-trips verbatim; one BOM is accepted and stripped > a leading BOM (EF BB BF) is stripped: the charter is created with the exact text  1075ms
   ✓ rate limiting still applies to the refused requests > invalid-UTF-8 bodies count against the limit: 400 until the limit, then 429  376ms
 ✓ |integration| apps/api/test/integration/portfolio/capacity.test.ts (7 tests) 6959ms
   ✓ the conflict rule (ADR-0023 §6) > over-allocated with the decimal shortfall; Unknown without a capacity row; a cancelled initiative's demand does not count  1051ms
   ✓ the conflict rule (ADR-0023 §6) > the prioritization view carries the capacity flags (DEFAULT_FLAG_SOURCES wired), on the item and its initiative  1080ms
   ✓ validation, authorization, If-Match and audit of every capacity mutation > roles: create/update with 400, 403 (AUD, no capacity.edit), 409 duplicate code, 428/409 If-Match, audit  628ms
   ✓ validation, authorization, If-Match and audit of every capacity mutation > capacity: FTE is a decimal string (numbers, 3 decimals, negatives -> 400), month is YYYY-MM-01, one active row per role and month  1316ms
   ✓ validation, authorization, If-Match and audit of every capacity mutation > demand: planned -> committed -> released; 422s for the wrong state; commit needs capacity.commit (TL 403, TO 200); audit  1029ms
   ✓ validation, authorization, If-Match and audit of every capacity mutation > a cancelled initiative's demand is read-only: create, update, commit and release -> 422 initiative.read_only  633ms
   ✓ validation, authorization, If-Match and audit of every capacity mutation > BE18A: every capacity mutation re-authorises at commit - a grant revoked while the request waits is 403, nothing written  1075ms
 ✓ |integration| apps/api/test/integration/raid/register.test.ts (15 tests) 1993ms
 ✓ |integration| apps/worker/test/integration/gates.test.ts (8 tests) 7291ms
   ✓ gate.submitted -> approver tasks (REQ-S12-009) > one task per required approver referencing the snapshot; redelivery none; supersession cancels; the decider's task is done  1568ms
   ✓ gate.submitted -> approver tasks (REQ-S12-009) > no approver on the transformation: one routing.role_unmapped notice to the submitter, never a silent skip  669ms
   ✓ gate.decided -> enable the next phase and the approved scope (REQ-S12-010) > G2 approval creates the four Design steps and their tasks once; a redelivery creates none  1150ms
   ✓ gate.decided -> enable the next phase and the approved scope (REQ-S12-010) > a G5 approval creates tasks only for its approved scope item and condition (a second initiative gets none)  822ms
   ✓ parity and wiring (D-102) > the worker's approver resolution equals the API's canDecide for the same people  879ms
   ✓ gate.exception_expiry_scan (REQ-S04-013) > notifies the requester and the approver exactly once after expiry; a second scan none; status and gate unchanged  2060ms
 ✓ |integration| apps/api/test/integration/portfolio/dispensations.test.ts (7 tests) 6065ms
   ✓ waivers (End-to-End launch sequencing) > create: 201 pending, version 1, audited; reason/expiry required, G1 never waived, no past expiry, AUD 403  690ms
   ✓ waivers (End-to-End launch sequencing) > decide: 428/409, AUD 403, not the recorder (403), only the gate's approver (403); accepted unblocks launch  789ms
   ✓ waivers (End-to-End launch sequencing) > separation of duties: the recorder can never accept their own dispensation (403), even holding gate.decide  618ms
   ✓ waivers (End-to-End launch sequencing) > revoke: only accepted ones, by the approver with a reason; If-Match; AUD 403; the blocker returns  768ms
   ✓ inherited approvals (Modular entry) > need body, date and evidence; count only when the evidence is VERIFIED and another person accepted them  884ms
   ✓ the gate list and gate view inheritedApproval annotation (ADR-0021 §5; F-DG3-120) > pending_verification → accepted (counts) → revoked; G1 stays draft and no gate decision is ever written  1432ms
   ✓ the gate list and gate view inheritedApproval annotation (ADR-0021 §5; F-DG3-120) > an End-to-End transformation's gates carry inheritedApproval null (the DG2 shape otherwise unchanged)  625ms
 ✓ |integration| apps/api/test/integration/invalid-character.test.ts (20 tests) 5600ms
   ✓ U+0000 in a JSON body string is 400 validation.invalid_character; nothing is written or audited > charter create (outOfScope, freeText): no charter is created  483ms
   ✓ U+0000 in a JSON body string is 400 validation.invalid_character; nothing is written or audited > charter update (inScope): version, value and audit trail unchanged  548ms
   ✓ U+0000 in a JSON body string is 400 validation.invalid_character; nothing is written or audited > a NUL in an object key is reported at that key's pointer  490ms
   ✓ text without NUL is unaffected > visible text with other control-like marks (U+0001 inside, RLM) is accepted verbatim  522ms
   ✓ a lone UTF-16 surrogate in a JSON body string is 400 validation.invalid_character (F-DG2-260) > charter create (outOfScope, text column): no charter is created, nothing is stored as U+FFFD  496ms
   ✓ a lone UTF-16 surrogate in a JSON body string is 400 validation.invalid_character (F-DG2-260) > charter update (inScope): version, value and audit trail unchanged  504ms
   ✓ a lone UTF-16 surrogate in a JSON body string is 400 validation.invalid_character (F-DG2-260) > journey step name (reaches jsonb directly): 400 at /steps/0/name, not validation.format at ''  517ms
   ✓ a lone UTF-16 surrogate in a JSON body string is 400 validation.invalid_character (F-DG2-260) > a lone surrogate in an object key is reported at that key's pointer  480ms
   ✓ a lone UTF-16 surrogate in a JSON body string is 400 validation.invalid_character (F-DG2-260) > emoji (valid surrogate pairs) and Arabic are accepted and stored verbatim, in text and in jsonb  509ms
stdout | apps/api/test/integration/commit-time-auth.test.ts > F-DG2-440: an upload is authorised again at commit time (session re-resolved, grants reloaded) > Q1 the uploader's only grant is revoked while the body streams: 403 forbidden, audited as authorization.denied, nothing committed or stored
BE18 Q1 {"during":["01a12494-a64a-71dd-bfc8-ddcdf6a7b3a6.part"],"revoked":1,"response":{"status":403,"code":"forbidden"},"after":{"rows":[],"version":1,"current":null,"files":[],"uploads":0},"denials":[{"record_type":"transformation","record_id":"01a12494-a345-742a-bf5e-5f62334443ef","reason":"POST /api/v1/transformations/:transformationId/evidence/:evidenceId/content requires transformation.read"}]}

stdout | apps/api/test/integration/commit-time-auth.test.ts > F-DG2-440: an upload is authorised again at commit time (session re-resolved, grants reloaded) > Q1b the uploading session is logged out while the body streams: 401 unauthenticated, nothing committed or stored
BE18 Q1b {"logout":200,"me":401,"response":{"status":401,"code":"unauthenticated"},"after":{"rows":[],"version":1,"current":null,"files":[],"uploads":0}}

stdout | apps/api/test/integration/commit-time-auth.test.ts > F-DG2-440: an upload is authorised again at commit time (session re-resolved, grants reloaded) > the uploading session reaches its idle expiry while the body streams: 401 unauthenticated, nothing committed or stored
BE18 idle-expiry {"expired":1,"response":{"status":401,"code":"unauthenticated"},"after":{"rows":[],"version":1,"current":null,"files":[],"uploads":0}}

stdout | apps/api/test/integration/commit-time-auth.test.ts > F-DG2-440: an upload is authorised again at commit time (session re-resolved, grants reloaded) > the uploading session reaches its absolute expiry while the body streams: 401 unauthenticated, nothing committed or stored
BE18 absolute-expiry {"expired":1,"response":{"status":401,"code":"unauthenticated"},"after":{"rows":[],"version":1,"current":null,"files":[],"uploads":0}}

stdout | apps/api/test/integration/commit-time-auth.test.ts > F-DG2-441: no transaction is open while the API waits on the IdP > Q7 never-answering IdP, pool max 3: three concurrent logins hold no connection or transaction; a signed-in user's /me stays prompt; the logins end in 302 idp_unavailable
BE18 Q7 {"pgActivityAt1s":[{"state":"idle","n":3}],"me":200,"meMs":8,"logins":[{"status":302,"location":"/login?error=idp_unavailable","ms":4005},{"status":302,"location":"/login?error=idp_unavailable","ms":4005},{"status":302,"location":"/login?error=idp_unavailable","ms":4005}]}

 ✓ |integration| apps/api/test/integration/commit-time-auth.test.ts (8 tests) 8864ms
   ✓ F-DG2-440: an upload is authorised again at commit time (session re-resolved, grants reloaded) > Q1 the uploader's only grant is revoked while the body streams: 403 forbidden, audited as authorization.denied, nothing committed or stored  653ms
   ✓ F-DG2-440: an upload is authorised again at commit time (session re-resolved, grants reloaded) > Q1b the uploading session is logged out while the body streams: 401 unauthenticated, nothing committed or stored  575ms
   ✓ F-DG2-440: an upload is authorised again at commit time (session re-resolved, grants reloaded) > the uploading session reaches its idle expiry while the body streams: 401 unauthenticated, nothing committed or stored  538ms
   ✓ F-DG2-440: an upload is authorised again at commit time (session re-resolved, grants reloaded) > the uploading session reaches its absolute expiry while the body streams: 401 unauthenticated, nothing committed or stored  602ms
   ✓ F-DG2-440: an upload is authorised again at commit time (session re-resolved, grants reloaded) > the uploader's user account is disabled while the body streams: 401, nothing committed  555ms
   ✓ F-DG2-440: an upload is authorised again at commit time (session re-resolved, grants reloaded) > positive control: an upload whose session and grant stay valid commits (200), byte-exact, audited once  469ms
   ✓ F-DG2-440: an upload is authorised again at commit time (session re-resolved, grants reloaded) > a grant revoked and granted again (a new assignment) while the body streams: the commit sees the CURRENT grants and succeeds  524ms
   ✓ F-DG2-441: no transaction is open while the API waits on the IdP > Q7 never-answering IdP, pool max 3: three concurrent logins hold no connection or transaction; a signed-in user's /me stays prompt; the logins end in 302 idp_unavailable  4142ms
 ✓ |integration| apps/api/test/integration/benefits/finance-validation.test.ts (9 tests) 3002ms
   ✓ REQ-PB-013: only Finance decides, and the audit names the validator > BO, AUD and ADM-only get 403; FIN approves; two audit events by FIN; the task is done; validated +amount  555ms
   ✓ REQ-S08-015: all six items, and the other §11 refusals > items not accepted, approved amount shape, rejection note, If-Match 428/409, SoD  318ms
   ✓ the queue read > queued first, oldest first; status filter; AUD reads; outsider 404; cursor pages  327ms
 ✓ |integration| apps/api/test/integration/benefits/overlaps.test.ts (11 tests) 1833ms
 ✓ |integration| apps/api/test/integration/delegations/delegations.test.ts (13 tests) 7440ms
   ✓ delegated approvals (REQ-S10-010; ADR-0026 §3 rules 6-9) > after expiry B loses the capability (at once, before any sweep); the sweep then marks it expired, once  2897ms
   ✓ delegated approvals (REQ-S10-010; ADR-0026 §3 rules 6-9) > capability is the delegator's: a delegator who lost approval.decide gives the delegate nothing  954ms
   ✓ delegated approvals (REQ-S10-010; ADR-0026 §3 rules 6-9) > never to the requester of an approval pending with the delegator (422 delegation.delegate_is_requester)  736ms
   ✓ delegated approvals (REQ-S10-010; ADR-0026 §3 rules 6-9) > the requester cannot approve through a delegation either (SoD: on behalf of the requester is 403)  713ms
 ✓ |integration| apps/api/test/integration/benefits/register.test.ts (17 tests) 1700ms
 ✓ |integration| apps/api/test/integration/kpi-p4/actuals.test.ts (11 tests) 3087ms
   ✓ review route (REQ-S07-012) > a submitted value is not used until a reviewer accepts it; the accept writes one audit event  460ms
   ✓ refusals of the routine update (ADR-0027 §13) > no active version, period, frequency, scope, currency, shape and evidence, with the exact texts  340ms
 ✓ |integration| apps/api/test/integration/governance/forums.test.ts (12 tests) 1539ms
 ✓ |integration| apps/worker/test/integration/sustainment-scans.test.ts (5 tests) 2443ms
   ✓ sustainment.review_scan after closure (REQ-S11-004, REQ-S03-002, REQ-PB-083) > the closed transformation's BAU area gets its next review on time, once; its linked KPI accepts an actual  1007ms
   ✓ sustainment.review_scan after closure (REQ-S11-004, REQ-S03-002, REQ-PB-083) > after a worker outage one run catches up every missed due date, once each; a rerun creates nothing  301ms
   ✓ sustainment.control_check_scan (REQ-S11-008) > end to end: a failed check emits one control_check.failed and slice E opens ONE recovery case (owner, follow-up)  457ms
 ✓ |integration| apps/api/test/integration/portfolio/budget.test.ts (13 tests) 1287ms
 ✓ |integration| apps/api/test/integration/raid/actions.test.ts (9 tests) 1811ms
   ✓ the action register (ADR-0031 §4) > lists every action with its source; filters sourceKind, ownerUserId, status and overdue; DG2 path unchanged  329ms
 ✓ |integration| apps/api/test/integration/portfolio/links.test.ts (12 tests) 3752ms
   ✓ gap links (REQ-PB-040, REQ-PB-046) > G3 completeness is identical with and without initiatives and gap links (TOM is not the portfolio)  904ms
   ✓ decision links (T05 'Required decisions', one decision model) > links a canonical decision of the transformation; foreign 422, duplicate 409; removable  786ms
   ✓ authorization on every link mutation > AUD gets 403 on the three creates and the three removes (audited denial, nothing written); a 404 for no access  333ms
 ✓ |integration| apps/api/test/integration/access-scope.test.ts (18 tests) 3953ms
   ✓ cross-scope WRITE is denied (404 when unreadable, 403 when readable but not permitted) > TL at BU a1 may create in a1 but not in the sibling a2 (BU unreadable -> 404) nor in org B  576ms
   ✓ a business-unit-scoped creator can work on what it created, and nothing more (F-DG1-106) > TL @ BU a1: create -> read -> list -> update -> audit -> archive all succeed (explicit, audited assignment)  641ms
   ✓ a business-unit-scoped creator can work on what it created, and nothing more (F-DG1-106) > still denies the BU-scoped creator every OTHER transformation, cross-BU and cross-organization  587ms
   ✓ a business-unit-scoped creator can work on what it created, and nothing more (F-DG1-106) > adds no assignment when the creator can already read the record (TO inherits downward)  464ms
   ✓ a business-unit-scoped creator can work on what it created, and nothing more (F-DG1-106) > never carries over a role that holds an approval permission (no approver is manufactured by a create)  482ms
   ✓ a business-unit-scoped creator can work on what it created, and nothing more (F-DG1-106) > revoking the source BU grant also revokes the derived assignment (same transaction, audited)  512ms
 ✓ |integration| apps/api/test/integration/raid/dependency-entries.test.ts (9 tests) 1606ms
 ✓ |integration| apps/api/test/integration/admin.test.ts (11 tests) 914ms
 ✓ |integration| apps/api/test/integration/approvals/adm-not-approver.test.ts (4 tests) 3094ms
   ✓ REQ-S10-003: an ADM-only user is never a business approver > decideApproval: 403, also as a member of the assignee group; nothing written  1144ms
   ✓ REQ-S10-003: an ADM-only user is never a business approver > unchanged: a reader without the approval right, AUD, a non-member, a user with no grant, and a mixed-grant user  328ms
 ✓ |integration| apps/api/test/integration/reporting/allocation.test.ts (8 tests) 1944ms
   ✓ REQ-S03-006: the 100 % rule > two concurrent writes into one target cannot both commit above 100 %  567ms
 ✓ |integration| apps/api/test/integration/sustainment/closure.test.ts (9 tests) 3460ms
   ✓ closeInitiative (ADR-0034 §7; REQ-PB-009) > a validated benefit needs a BAU owner; then closed (basis validated_value, snapshot), audited; 409 again  616ms
   ✓ closeInitiative (ADR-0034 §7; REQ-PB-009) > a benefit covered by an approved transition decision closes with basis transition_decision  303ms
   ✓ closeTransformation (ADR-0034 §7; REQ-S03-003; D-089 Q4) > in order: not open, G6 not approved, value pending, BAU pending; then closed (status closed, never archived)  1022ms
 ✓ |integration| apps/api/test/integration/benefits/scenarios.test.ts (7 tests) 1441ms
 ✓ |integration| apps/api/test/integration/kpi-p4/trajectories.test.ts (8 tests) 1576ms
   ✓ approval (in-product business approval) > never by the creator; SP approves; the next approved version supersedes it; one kpi.trajectory_approved event each  422ms
 ✓ |integration| apps/api/test/integration/reporting/finance-adoption.test.ts (9 tests) 5227ms
   ✓ REQ-S13-001: a user scoped to X sees no Y record or figure on the Finance and adoption dashboards > no tile, total or drill-down holds a Y record or figure  408ms
 ✓ |integration| apps/api/test/integration/portfolio/funding.test.ts (8 tests) 9065ms
   ✓ recording a funding decision (business approval) > approved: decision (executive, DEC-nn) + funding_decision + selected -> funded in one transaction, each audited  2020ms
   ✓ recording a funding decision (business approval) > rejected / deferred leave 'Selected - unfunded'; revoked returns funded -> selected; revoking unfunded or launched -> 422  1166ms
   ✓ recording a funding decision (business approval) > an initiative that is not selected -> 422 funding.not_selected with the exact text; nothing written  711ms
   ✓ delegation is refused (ADR-0021 §6) > onBehalfOfUserId -> 422 funding.on_behalf_not_supported at /onBehalfOfUserId, before the business preconditions; nothing written  1016ms
   ✓ the deselect rule: deselecting voids funding > funded -> deselected -> re-selected is 'Selected - unfunded' and cannot launch; a new approved decision funds it  1147ms
   ✓ validation, authorization and idempotency > 400 for malformed bodies; 422 for amounts numeric(20,4) cannot hold; unknown business case 422  928ms
   ✓ validation, authorization and idempotency > FIN and SP may record; TL, WL, TO and AUD get 403 (audited as authorization.denied); BE18A at commit  1075ms
   ✓ validation, authorization and idempotency > Idempotency-Key: the same key and body replays the first response and writes once  844ms
 ✓ |integration| apps/api/test/integration/bu-hierarchy-guard.test.ts (7 tests) 2733ms
stdout | apps/api/test/integration/shutdown-cleanup.test.ts > F-DG2-460: SIGTERM with an upload in flight leaves no temporary and no final object > R12-07: 2 MiB of a declared 10 MiB upload, then the client stalls; SIGTERM -> exit 0 within grace + backstop; the store is empty
BE18A R12-07 {"during":["01a12496-6781-7169-ab48-dabd9048c03f/01a12496-6816-71a9-9a16-9be9a443b9fb/01a12496-7615-777c-8ea2-d9d41edf502d/01a12496-767b-747c-9248-f039989ec391.part (2097152 B)"],"exitCode":0,"signal":null,"ms":5072,"after":[],"rows":0,"serverClosed":true,"response":""}

stdout | apps/api/test/integration/shutdown-cleanup.test.ts > F-DG2-460: SIGTERM with an upload in flight leaves no temporary and no final object > an upload that is ACTIVELY streaming through the whole grace period: SIGTERM -> exit 0 within grace + backstop; the store is empty
BE18A streaming {"sentAtSignal":786432,"sentTotal":7208960,"exitCode":0,"ms":5055,"after":[],"rows":0,"serverClosed":true}

stdout | apps/api/test/integration/shutdown-cleanup.test.ts > F-DG2-460 defence in depth: the start-up sweep of stale temporaries > removes a .part last written over an hour ago, logs it at info (no content), and keeps a fresh .part and every final object
BE18A sweep {"after":["01a12496-b947-713a-bbf7-2cd2cd786ef6/01a12496-b947-713a-bbf7-33284a0fbae7/01a12496-b947-713a-bbf7-34b729a582df/01a12496-b948-7694-851d-836104bfd815.part (46 B)","01a12496-b947-713a-bbf7-2cd2cd786ef6/01a12496-b947-713a-bbf7-33284a0fbae7/01a12496-b947-713a-bbf7-34b729a582df/01a12496-b948-7694-851d-863aede5f923 (46 B)","01a12496-b947-713a-bbf7-2cd2cd786ef6/01a12496-b947-713a-bbf7-33284a0fbae7/01a12496-b947-713a-bbf7-34b729a582df/01a12496-b948-7694-851d-89a0a9a010bc (46 B)","01a12496-b947-713a-bbf7-2cd2cd786ef6/01a12496-b947-713a-bbf7-33284a0fbae7/01a12496-b947-713a-bbf7-34b729a582df/notes.part (46 B)","01a12496-b948-7694-851d-8c8aa98b2211/01a12496-b948-7694-851d-91155d5aa77f.part (46 B)"],"removals":[{"level":30,"time":1791615223290,"pid":776,"hostname":"vm","key":"01a12496-b947-713a-bbf7-2cd2cd786ef6/01a12496-b947-713a-bbf7-33284a0fbae7/01a12496-b947-713a-bbf7-34b729a582df/01a12496-b947-713a-bbf7-3989b12f61ba.part","sizeBytes":46,"ageMs":7203250,"msg":"evidence store: stale temporary object removed"}],"summary":{"level":30,"time":1791615223291,"pid":776,"hostname":"vm","removed":1,"keptFresh":1,"olderThanMs":3600000,"msg":"evidence store: start-up sweep of stale temporary objects finished"}}

 ✓ |integration| apps/api/test/integration/shutdown-cleanup.test.ts (4 tests) 24417ms
   ✓ F-DG2-460: SIGTERM with an upload in flight leaves no temporary and no final object > R12-07: 2 MiB of a declared 10 MiB upload, then the client stalls; SIGTERM -> exit 0 within grace + backstop; the store is empty  7999ms
   ✓ F-DG2-460: SIGTERM with an upload in flight leaves no temporary and no final object > an upload that is ACTIVELY streaming through the whole grace period: SIGTERM -> exit 0 within grace + backstop; the store is empty  8783ms
   ✓ F-DG2-460: SIGTERM with an upload in flight leaves no temporary and no final object > positive control: an upload that completes before SIGTERM is kept (one final object, its content row), then shutdown is prompt  3222ms
   ✓ F-DG2-460 defence in depth: the start-up sweep of stale temporaries > removes a .part last written over an hour ago, logs it at info (no content), and keeps a fresh .part and every final object  3336ms
 ✓ |integration| apps/api/test/integration/governance/attendance-quorum.test.ts (6 tests) 4085ms
   ✓ REQ-S10-011: decisions cannot be recorded below quorum > quorum 2, one present: 422 meeting.quorum_not_met with both numbers, nothing written; two present: decided  472ms
   ✓ REQ-S10-011: decisions cannot be recorded below quorum > a present non-participant does not count; quorum not configured never blocks and is shown as such  512ms
   ✓ the Outcome rules (ADR-0032 §3.3, §6, §9) > not the owner 403 executive_decision.not_owner; AUD 403; ADM-only 403; outside the session 422 not_in_session  456ms
   ✓ recordMeetingAttendance and updateMeetingAttendance > one row per person (409), representative rule (400), unknown person (400), If-Match, audit, frozen  558ms
 ✓ |integration| apps/api/test/integration/reporting/traceability.test.ts (9 tests) 2058ms
   ✓ S-4: every mutation > If-Match: 428 when missing, 409 when stale; one audit event per mutation; a removed link is never deleted  395ms
   ✓ S-4: every mutation > a link of another transformation is 404 by id  305ms
 ✓ |integration| apps/api/test/integration/workflows/gate-reviews.test.ts (6 tests) 9117ms
   ✓ the criteria review table (REQ-S04-009) > each criterion row returns all nine fields; unreviewed rows show the six review fields as 'not reviewed' (null)  1593ms
   ✓ the criteria review table (REQ-S04-009) > the latest review is shown; the review list is oldest first; a criterion outside the submission is 404  1713ms
   ✓ Under Review and the enforced transitions (REQ-S04-010) > the first review moves Submitted -> Under Review (one audit event); the approver decides from Under Review  1542ms
   ✓ Under Review and the enforced transitions (REQ-S04-010) > a direct Draft -> Approved is refused (409, nothing written); all seven statuses exist  705ms
   ✓ Under Review and the enforced transitions (REQ-S04-010) > refusals: submitter 403, condition 422, foreign risk 422, AUD 403, If-Match 428; nothing written  2013ms
   ✓ Under Review and the enforced transitions (REQ-S04-010) > the submitter holding a reviewer role is refused with 403 gate.reviewer_is_submitter (SoD)  1449ms
 ✓ |integration| apps/api/test/integration/kpi/kpi-dg2-repairs.test.ts (11 tests) 2257ms
   ✓ F-DG2-141: trajectory approval is refused to whoever set or last changed the target/trajectory > repro: TL creates a row with target 100, BO changes it to 5, BO approves -> 403 (audited); SP approves  395ms
 ✓ |integration| apps/api/test/integration/benefits/lifecycle.test.ts (10 tests) 2492ms
   ✓ advanceBenefitLifecycle (REQ-PB-074) > Measure needs the Enable output (at least one active enabler); one step at a time  332ms
   ✓ advanceBenefitLifecycle (REQ-PB-074) > Correct needs a recovery plan; Sustain requires a BAU owner and a control cadence  478ms
 ✓ |integration| apps/api/test/integration/sustainment/performance-areas.test.ts (7 tests) 2526ms
   ✓ performance areas (ADR-0034 §4) > update with If-Match (428/409); list with status filter and pagination; retire is final  307ms
   ✓ areas outlive their transformation (REQ-S03-002, areas half) > after the transformation is closed, its area takes edits, links and a BAU handover with its review  879ms
 ✓ |integration| apps/api/test/integration/governance/minutes.test.ts (5 tests) 2963ms
   ✓ REQ-S10-011: published minutes are immutable > draft -> approved -> published; then 422 meeting_minutes.published and the meeting's records are frozen  429ms
   ✓ REQ-PB-061: a Value Review meeting needs a benefit evidence or forecast output > 422 meeting_minutes.required_output_missing without one (nothing written); published with a forecast output  445ms
   ✓ the minutes state machine, the chair rule and the chair's work item > approved minutes are not edited in place; the chair returns them to draft; the work item follows  304ms
   ✓ the minutes state machine, the chair rule and the chair's work item > authorization: AUD 403 on writes; ADM-only and another organization 404; commit-time 403  431ms
 ✓ |integration| apps/api/test/integration/portfolio/initiatives.test.ts (12 tests) 3684ms
   ✓ validation (nothing written on a refusal) > 422 for a named person outside the organization and for a wave of another transformation  677ms
   ✓ authorization on every initiative mutation > BE18A: the write gate is re-checked at commit - a grant revoked while the request waits is 403, nothing written  904ms
 ✓ |integration| apps/worker/test/integration/kpi-period-open-restart.test.ts (1 test) 11004ms
   ✓ kill the worker partway through kpi.reporting_period_open and restart it (T-DG4-KBE-R1 item 4) > the restart opens the remaining period once and creates no duplicate period or task  8519ms
 ✓ |integration| apps/api/test/integration/approvals/reminders.test.ts (7 tests) 4223ms
   ✓ approval_overdue: the escalation timer's reminders (ADR-0026 §6 step 3) > a group assignee: the group's current approvers get the reminder, a non-approver member does not  1316ms
 ✓ |integration| apps/worker/test/integration/meeting-series.test.ts (5 tests) 4692ms
   ✓ governance.meeting_series_generate (REQ-PB-060 A01) > through the production worker: a sent job generates the meetings once  1776ms
 ✓ |integration| apps/api/test/integration/governance/meeting-action-follow.test.ts (10 tests) 2703ms
 ✓ |integration| apps/api/test/integration/access-derived-race.test.ts (4 tests) 2431ms
 ✓ |integration| apps/worker/test/integration/blocker-escalation.test.ts (4 tests) 3334ms
   ✓ REQ-PB-082: a blocker red for N consecutive cycles gets exactly one open executive ask > N = 2: one ask at the second red cycle, with decision, owner and deadline; the consumer and the scan never duplicate it  329ms
   ✓ REQ-PB-082: a blocker red for N consecutive cycles gets exactly one open executive ask > an amber cycle, or a cycle without an observation, in between ends the run  1028ms
   ✓ REQ-PB-082: a blocker red for N consecutive cycles gets exactly one open executive ask > a decided ask lets a new red run create a new one; a disabled rule creates nothing  625ms
   ✓ REQ-PB-082: a blocker red for N consecutive cycles gets exactly one open executive ask > an owner party that maps to no executive gives an unassigned ask and a notice to the lead; the scan skips a blocker whose latest cycle is not red  386ms
 ✓ |integration| apps/api/test/integration/workflows/modular-precondition.test.ts (5 tests) 9118ms
   ✓ D-106 (e): Modular G3 submission needs the baseline and outcome links, or a waiver > 422 gate.modular_links_missing listing both items; nothing written; 201 once both are supplied  1623ms
   ✓ D-106 (e): Modular G3 submission needs the baseline and outcome links, or a waiver > an accepted, unexpired G3 waiver lets it through; an expired or a pending one does not  3317ms
   ✓ D-106 (e): Modular G3 submission needs the baseline and outcome links, or a waiver > the DG2 order is kept: G3 criteria not met → gate_criteria_incomplete first, exactly as before  744ms
   ✓ D-106 (e): Modular G3 submission needs the baseline and outcome links, or a waiver > only G3 carries the precondition: a Modular G4 out of sequence keeps the DG2 refusal  680ms
   ✓ End-to-End G1-G4: unaffected by the Modular precondition (byte comparison in the handback) > the full chain with no baseline and no outcome link: every refusal and success as in DG2/DG3  2603ms
 ✓ |integration| apps/api/test/integration/kpi-p4/create-service.test.ts (3 tests) 461ms
 ✓ |integration| apps/api/test/integration/governance/blocker-status.test.ts (6 tests) 2205ms
 ✓ |integration| apps/api/test/integration/sustainment/lessons.test.ts (7 tests) 2021ms
   ✓ lesson lifecycle (ADR-0034 §8, §12) > after the transformation is closed, its lessons are still edited, published and found  621ms
 ✓ |integration| apps/api/test/integration/identity.test.ts (13 tests) 802ms
 ✓ |integration| apps/api/test/integration/adoption/training.test.ts (5 tests) 1510ms
   ✓ authorisation (ADR-0033 §9) > AUD and TL 403; ADM-only and outsiders 404; archived group 422; commit-time 403  351ms
 ✓ |integration| apps/api/test/integration/sustainment/improvement.test.ts (8 tests) 1748ms
   ✓ create (ADR-0034 §8) > BO and TO create with CI-nn and version 1, audited; a handover-sourced item names its handover  361ms
   ✓ REQ-PB-084 A11: the backlog stays visible and editable after the transformation is closed > after closure: listed, edited, closed and created as before; the transformation is closed, not archived  380ms
 ✓ |integration| apps/api/test/integration/framework-errors.test.ts (11 tests) 1452ms
 ✓ |integration| apps/api/test/integration/reporting/dashboards.test.ts (8 tests) 3136ms
   ✓ REQ-PB-062: the six T10 areas from persisted data, with drill-down > each headline's drilldownHref answers 200 with the same metric and its contributing records  354ms
   ✓ the workstream dashboard (REQ-S13-001 workstream; ADR-0037 §2) > covers its initiatives; Decisions and People & adoption are not_applicable; archived is 422; foreign 404  834ms
 ✓ |integration| apps/api/test/integration/portfolio/schedule-network.test.ts (10 tests) 1634ms
 ✓ |integration| apps/worker/test/integration/decision-sla-escalation.test.ts (5 tests) 2223ms
   ✓ REQ-S12-011: an SLA expiring on a working day escalates once to the next authority with the delay impact > the first working-day scan after the SLA date escalates to SP; a second scan creates nothing; the decision is untouched  323ms
 ✓ |integration| apps/api/test/integration/kpi-p4/version-approval.test.ts (6 tests) 2195ms
   ✓ requestKpiVersionApproval (business approval of a KPI version) > requests through the approval service at the draft version; approving does not activate; activation does  410ms
   ✓ requestKpiVersionApproval (business approval of a KPI version) > the requester cannot decide their own request (SoD 403 approval.sod_requester); BO alone cannot request  306ms
   ✓ requestKpiVersionApproval (business approval of a KPI version) > after changes are requested the draft can be edited and the approval resubmitted at the new version  359ms
 ✓ |integration| apps/api/test/integration/portfolio/execution.test.ts (10 tests) 1041ms
 ✓ |integration| apps/api/test/integration/reporting/my-work.test.ts (9 tests) 1939ms
 ✓ |integration| apps/api/test/integration/workflows/change-requests-in-tx.test.ts (6 tests) 3330ms
   ✓ (a) round-2 resubmission through submitChangeRequest (ADR-0026 amendment A4) > one open approval, round 2, bound to the request's new version; the Sponsor's decision succeeds; round-1 version is 409  564ms
   ✓ (d) commit-time authorization (S-4) > the requester revoked between the request and its commit: resubmit and withdraw are 403; nothing is written  579ms
 ✓ |integration| apps/api/test/integration/portfolio/g1-agreements.test.ts (7 tests) 7355ms
   ✓ G1 approval needs the three B0032 leadership agreements (ADR-0021 §8) > approve without agreements -> 422 gate.g1_agreements_required with the three pointers; nothing written  776ms
   ✓ G1 approval needs the three B0032 leadership agreements (ADR-0021 §8) > partial or false confirmations -> 422 naming only the missing ones; nothing written  743ms
   ✓ G1 approval needs the three B0032 leadership agreements (ADR-0021 §8) > with all three -> 201, three agreement rows confirmed by the decider, agreements in the response and audit diff  794ms
   ✓ G1 approval needs the three B0032 leadership agreements (ADR-0021 §8) > agreements on G2, or with a non-approve G1 outcome -> 422 gate.agreements_not_applicable; nothing written  1401ms
   ✓ G1 approval needs the three B0032 leadership agreements (ADR-0021 §8) > 403 not-approver, 403 submitter and 409 superseded keep their precedence over the agreement rule  1265ms
   ✓ migration 0025: the deferred guard refuses an approved G1 decision without three agreements at COMMIT > no agreement rows -> the COMMIT fails with gate_decision_g1_agreements and nothing persists  760ms
   ✓ migration 0025: the deferred guard refuses an approved G1 decision without three agreements at COMMIT > two of three -> refused at COMMIT; all three -> commits  1520ms
 ✓ |integration| apps/api/test/integration/kpi-p4/formulas.test.ts (8 tests) 1811ms
 ✓ |integration| apps/api/test/integration/benefits/totals.test.ts (6 tests) 3357ms
   ✓ counted once (REQ-PB-058) and the initiative view > a 10 M SAR benefit allocated 60 % / 40 % to two initiatives is 10000000.0000 once; the view shows 60 %  933ms
   ✓ classes, states, n/a (REQ-S08-009, REQ-S08-016, REQ-PB-076) > cash saving and avoided cost are separate lines; pending is not validated; CX is counted, never 0  786ms
   ✓ gross, implementation cost and net (REQ-S08-011) > a 1 M SAR initiative cost reduces net by exactly 1 M; a cost without an amount makes cost and net Unknown  343ms
   ✓ open overlaps (REQ-S08-014) and the portfolio > a validated value of a benefit with an open overlap is on pendingOverlap, not in validated  409ms
 ✓ |integration| apps/api/test/integration/kpi-p4/pipeline.test.ts (6 tests) 2245ms
   ✓ the accept pipeline (REQ-S07-013, REQ-S12-006) > one accept -> one audit event, one run (also after a redelivery), one values_recalculated; RAG from the trajectory  504ms
   ✓ roll-up across scopes (REQ-S07-006, REQ-S07-010) > a scope missing in the current period makes the roll-up Unknown (no zero), with a scope_missing finding  523ms
 ✓ |integration| apps/api/test/integration/benefits/valuation-methods.test.ts (6 tests) 1689ms
   ✓ controlled monetisation (REQ-S08-010) > a SAR value on a CX benefit is rejected without an approved method, and accepted once Finance approves  415ms
   ✓ controlled monetisation (REQ-S08-010) > retire: only an approved method; it stays valid for existing benefits, new references are refused  400ms
 ✓ |integration| apps/api/test/integration/adoption/champion-constraints.test.ts (6 tests) 1521ms
 ✓ |integration| apps/api/test/integration/governance/matrix-resubmit.test.ts (5 tests) 5983ms
   ✓ (a) round 2 through submitGovernanceMatrix (ADR-0026 amendment A4) > one open approval, round 2, on the new header version; rows frozen again; stale round-1 decision 409; approve succeeds  1683ms
   ✓ (a) round 2 through submitGovernanceMatrix (ADR-0026 amendment A4) > another lead (not the approval's requester) submitting round 2 gets 403 approval.not_requester; nothing is written  1025ms
   ✓ (b) withdrawing a matrix's approval returns the header to draft in the same transaction > round 1 pending and round 2 pending: approval withdrawn, header draft, both audited by one transaction  1168ms
   ✓ (c) POST /approvals/{id}/resubmit refuses governance_matrix_change approvals > 422 approval.resubmit_through_record with the exact text; the approval and the header are unchanged  901ms
   ✓ (d) commit-time authorization (S-4) > the requester revoked between the request and its commit: round-2 submit is 403; nothing is written  910ms
 ✓ |integration| apps/api/test/integration/workflows/impact.test.ts (3 tests) 2717ms
   ✓ TOM change after G3: preview, T11 routing, a returned request with one assessment per submitted version > lists the gap, the preserved G3 decision and T10 Portfolio; changes requested -> edit -> submit -> resubmit -> approve  588ms
   ✓ charter scope change after G1: a new charter version; the earlier one stays readable > SP approves; charter version + 1 with its charter_version snapshot; reads are scoped  1051ms
 ✓ |integration| apps/api/test/integration/sustainment/transition-decisions-in-tx.test.ts (6 tests) 2681ms
   ✓ (a) round 2 through submitTransitionDecision (ADR-0026 amendment A4) > one open approval, round 2, on the draft's current version; stale round-1 decision 409; the Sponsor approves  664ms
   ✓ (b) withdrawing a decision in approval withdraws its approval (ADR-0026 amendment A3, A4) > pending and changes requested: approval and decision withdrawn, audited by one transaction; nothing undecidable  358ms
   ✓ (d) commit-time authorization (S-4) > the requester revoked between the request and its commit: resubmit and withdraw are 403; nothing is written  591ms
 ✓ |integration| apps/api/test/integration/governance/escalation-rules.test.ts (6 tests) 1638ms
 ✓ |integration| apps/api/test/integration/platform.test.ts (12 tests) 1706ms
   ✓ readiness requires a UTF8 database (ADR-0003 'Database encoding', T-DG2-BE9) > reports 503 database: fail on a SQL_ASCII database, and database: ok on a UTF8 one created the same way  463ms
 ✓ |integration| tests/qa/integration/a12-cross-scope.test.ts (14 tests) 1716ms
   ✓ A12 cross-scope write is denied and writes nothing; in-scope write succeeds > create is denied outside the caller's scope (no row), allowed inside it  684ms
 ✓ |integration| apps/worker/test/integration/benefits-queue.test.ts (2 tests) 17132ms
   ✓ benefits.finance_queue through the relay and the production worker (REQ-S12-014) > one queue item; a redelivery and a restarted worker write no second item  15753ms
   ✓ benefits.recalculate_pending (REQ-S07-014, REQ-S12-006) > an accepted KPI actual gives one pending value per benefit and run; replay none; a newer value supersedes  1130ms
 ✓ |integration| apps/api/test/integration/kpi-p4/formula-recalc.test.ts (1 test) 1371ms
   ✓ a formula KPI recalculated from accepted input actuals (T-DG4-KBE-R1 item 4) > is Unknown until every input is accepted, then a + b of the accepted values, re-evaluated on each acceptance  734ms
 ✓ |integration| apps/api/test/integration/reporting/bu-scope.test.ts (4 tests) 1826ms
   ✓ REQ-S03-001: two transformations in different business units are listed separately > the slice J/K reads: the other business unit's transformation is 404 everywhere and never appears  907ms
 ✓ |integration| tests/qa/integration/a13-job-idempotency.test.ts (5 tests) 4914ms
   ✓ A13 running worker: a duplicate delivery is a no-op > consumes the event once; an extra job with the same message completes as 'duplicate'  2736ms
 ✓ |integration| apps/api/test/integration/raid/corrective-rules.test.ts (5 tests) 1034ms
 ✓ |integration| apps/worker/test/integration/outbox.test.ts (10 tests) 7311ms
   ✓ worker runtime: end to end, restarts and the dead-letter queue > relays and handles a created transformation, and survives a restart without losing the job  3818ms
   ✓ worker runtime: end to end, restarts and the dead-letter queue > moves a job that keeps failing to ops.failed after the bounded retries  1207ms
 ✓ |integration| apps/api/test/integration/evidence.test.ts (6 tests) 2617ms
   ✓ links > links only to a record of the same transformation (422 otherwise); duplicate active link 409; remove keeps the row  949ms
 ✓ |integration| apps/api/test/integration/organizations.test.ts (10 tests) 624ms
 ✓ |integration| apps/api/test/integration/reporting/workspace-header.test.ts (7 tests) 2872ms
 ✓ |integration| apps/api/test/integration/approvals/escalation.test.ts (4 tests) 3278ms
   ✓ approval.escalation_scan (REQ-S10-019) > after the due date plus retries, the approval is escalated exactly once and remains undecided  359ms
   ✓ approval.escalation_scan (REQ-S10-019) > an unmapped next party is recorded as party_unmapped; a deferral to a new date allows one more escalation  1017ms
   ✓ approval.escalation_scan (REQ-S10-019) > an approval with an Unknown due date is never selected  829ms
 ✓ |integration| apps/api/test/integration/sustainment/reopen.test.ts (3 tests) 2187ms
   ✓ reopening preserves the original handover acceptance and closure date (REQ-S11-009) > after the transformation closed, reopen -> cycle 2 linked to the prior handover and closure; nothing overwritten  907ms
   ✓ reopen refusals and gates > a reopened area cannot be reopened again; AUD and TO 403, ADM 404; If-Match 428/409  493ms
 ✓ |integration| apps/api/test/integration/aud-write-deny.test.ts (128 tests) 4272ms
 ✓ |integration| apps/api/test/integration/benefits/values.test.ts (5 tests) 1584ms
   ✓ REQ-S08-001: seven states kept apart > planned, forecast, measured, submitted, validated, rejected each with its own total; forecast never validated  550ms
 ✓ |integration| apps/api/test/integration/kpi-p4/thresholds.test.ts (5 tests) 1098ms
 ✓ |integration| apps/api/test/integration/raid/entity-group.test.ts (7 tests) 1796ms
 ✓ |integration| apps/api/test/integration/kpi-p4/status.test.ts (5 tests) 3521ms
   ✓ the KPI panel (REQ-S07-008) > returns the seven elements, the explanation naming the threshold version, and i18n keys  308ms
   ✓ the KPI panel (REQ-S07-008) > Stale data shows Stale with its reason, never green; a band outside its bounds is adverse  313ms
   ✓ override display (REQ-S07-009) > an override in force changes displayedRag only; after expiry the calculated RAG displays again  1994ms
   ✓ comparability (REQ-S07-005) > a 4-week period after a 5-week period: trend not_comparable and a not_comparable finding  437ms
 ✓ |integration| apps/api/test/integration/portfolio/hierarchy.test.ts (3 tests) 1458ms
 ✓ |integration| tests/qa/integration/a14-concurrency.test.ts (5 tests) 2934ms
   ✓ A14 transformation PATCH > create returns version 1 with a strong ETag  674ms
   ✓ A14 transformation PATCH > fresh If-Match succeeds and bumps version; stale If-Match is 409 with currentVersion; missing is 428  644ms
   ✓ A14 transformation PATCH > two writers racing on the same version: exactly one 200, the rest 409, version bumped once  697ms
   ✓ A14 transformation archive > stale If-Match is 409, missing is 428, fresh archives and bumps version  732ms
 ✓ |integration| apps/api/test/integration/portfolio/readiness.test.ts (6 tests) 4876ms
   ✓ POST /transformations uses p3_instantiate_transformation (T-DG3-BE-A) > a new transformation gets the four B0079 waves and the T06 weight set v1 at the source defaults, audited  748ms
   ✓ GET /transformations/{id}/readiness (REQ-PB-007) > a fresh transformation: every B0012 area missing, both blockers with the exact §3 texts, gates G1-G4 draft  636ms
   ✓ GET /transformations/{id}/readiness (REQ-PB-007) > T01 content covers areas (content half of g1.diagnostic; technology needs technology AND data)  923ms
   ✓ GET /transformations/{id}/readiness (REQ-PB-007) > G1 approved clears the submit blocker; G2+G3 approved clear the launch blocker (End-to-End)  768ms
   ✓ GET /transformations/{id}/readiness (REQ-PB-007) > read access only: the auditor reads it; a user outside the transformation gets 404; a malformed id 400  847ms
   ✓ GET /transformations/{id}/outcome-hierarchy (REQ-PB-032) > returns North Star -> outcomes -> KPIs -> targets -> contributions as one tree (read only)  844ms
 ✓ |integration| apps/api/test/integration/adoption/entity-group.test.ts (4 tests) 1172ms
 ✓ |integration| apps/api/test/integration/reporting/filters.test.ts (3 tests) 3158ms
 ✓ |integration| apps/api/test/integration/benefits/allocations.test.ts (6 tests) 1057ms
 ✓ |integration| apps/api/test/integration/reporting/drilldown.test.ts (4 tests) 3645ms
 ✓ |integration| apps/api/test/integration/kpi-p4/data-quality.test.ts (5 tests) 1491ms
   ✓ findings: reads > lists with filters (newest first, cursor) and reads one with its ETag  370ms
 ✓ |integration| apps/api/test/integration/reporting/rag-policy.test.ts (5 tests) 1621ms
 ✓ |integration| apps/api/test/integration/governance/meeting-actions.test.ts (3 tests) 1975ms
 ✓ |integration| apps/api/test/integration/kpi-p4/formula-lineage.test.ts (2 tests) 1376ms
   ✓ formula lineage nests through a formula source (ADR-0027 amendment C1) > N = s * 2 over S = a + b names a's and b's accepted actual versions one level down  598ms
 ✓ |integration| apps/api/test/integration/benefits/corrections.test.ts (2 tests) 1419ms
   ✓ REQ-S08-017: corrections are linked rows; the original stays visible > amend 240000.5 -> 239500 (delta -500.5); reverse -> 0.0000; three validated rows; nothing more after  670ms
   ✓ REQ-S08-017: corrections are linked rows; the original stays visible > only an approved validation is corrected; FIN only; If-Match 428/409; a reason is required  450ms
 ✓ |integration| apps/worker/test/integration/restart.test.ts (1 test) 8186ms
   ✓ kill the worker mid-job and restart it (REQ-S16-005, A13) > completes the job exactly once, with one task and one reminder  6436ms
 ✓ |integration| apps/api/test/integration/kpi-p4/transformation-periods.test.ts (5 tests) 1252ms
 ✓ |integration| apps/api/test/integration/reporting/impact.test.ts (3 tests) 1325ms
 ✓ |integration| apps/api/test/integration/governance/meeting-outputs.test.ts (3 tests) 1975ms
   ✓ createMeetingOutput and listMeetingOutputs (REQ-PB-061) > authorization: AUD 403; ADM-only and another organization 404; frozen; commit-time 403  302ms
 ✓ |integration| apps/api/test/integration/benefits/groups.test.ts (4 tests) 1012ms
 ✓ |integration| apps/api/test/integration/kpi-p4/periods.test.ts (4 tests) 597ms
 ✓ |integration| apps/api/test/integration/sustainment/transition-decisions-server-wiring.test.ts (3 tests) 940ms
   ✓ D-107: submitTransitionDecision through the real server's wiring > round 2 resubmits through the decision's submit, and a withdrawal withdraws the open approval  380ms
 ✓ |integration| apps/api/test/integration/workflows/risk-dispositions.test.ts (3 tests) 3395ms
   ✓ risk dispositions (REQ-PB-020) > creates the row, its audit event and one pending risk_disposition approval routed to SP  1119ms
   ✓ risk dispositions (REQ-PB-020) > only an open risk: a closed risk or an issue is 422 risk_disposition.not_open_risk; AUD 403; nothing written  996ms
   ✓ risk dispositions (REQ-PB-020) > G5 configured to BO: routed to the T11 Go-live / scale party BO; unmapped BO -> 422 routing.role_unmapped, nothing written  1112ms
 ✓ |integration| apps/api/test/integration/kpi-p4/entity-group.test.ts (1 test) 1115ms
   ✓ REQ-S16-014: the KPI entity group through the API > creates and reads each entity with authorization enforced (AUD 403 on writes, 200 on reads)  727ms
 ✓ |integration| apps/api/test/integration/kpi-p4/overrides.test.ts (4 tests) 2821ms
   ✓ RAG overrides (REQ-S07-009) > is no longer in force after its expiry, with no job (the read compares the expiry with the current time)  1814ms
 ✓ |integration| apps/api/test/integration/reporting/scope.test.ts (3 tests) 4754ms
   ✓ REQ-S13-001: a user scoped to X sees no Y record or figure > every drill-down metric and every headline href holds X only  439ms
 ✓ |integration| apps/api/test/integration/benefits/plan-value-read.test.ts (3 tests) 964ms
 ✓ |integration| apps/api/test/integration/jobs/job-schedules.test.ts (3 tests) 793ms
 ✓ |integration| packages/db/test/integration/protection.test.ts (17 tests) 167ms
 ✓ |integration| packages/db/test/integration/pool-bounds.test.ts (7 tests) 2923ms
   ✓ bounded checkout (connectionTimeoutMillis) > a checkout from an exhausted pool fails after the timeout (never hangs) and is recognised  305ms
   ✓ bounded checkout (connectionTimeoutMillis) > through Kysely the same error reaches the caller  306ms
   ✓ bounded idle-in-transaction time (idle_in_transaction_session_timeout) > PostgreSQL ends a transaction left idle past the limit, releasing its row lock; the pool recovers  1219ms
   ✓ bounded idle-in-transaction time (idle_in_transaction_session_timeout) > a transaction that keeps running statements is not affected  1019ms
 ✓ |integration| apps/api/test/integration/kpi/kpi-aud-write-deny.test.ts (18 tests) 1295ms
 ✓ |integration| apps/api/test/integration/benefits/entity-group.test.ts (1 test) 1335ms
   ✓ REQ-S16-017: the benefits entity group through the API > creates and reads each of the seven entities; AUD is refused every mutation and reads every record  964ms
 ✓ |integration| packages/db/test/integration/encoding.test.ts (8 tests) 4832ms
   ✓ a SQL_ASCII database is refused before anything is created > mth-db migrate: exit 1, the message on stderr, nothing applied, no schema_migration table  550ms
   ✓ a SQL_ASCII database is refused before anything is created > mth-db status: exit 1 with the same message, nothing written  446ms
   ✓ a SQL_ASCII database is refused before anything is created > mth-db seed-dev: exit 1 with the same message, nothing written  416ms
   ✓ a SQL_ASCII database is refused before anything is created > mth-db bootstrap: exit 1 with the same message (checked before the arguments are used)  621ms
   ✓ a SQL_ASCII database is refused before anything is created > control: the same CLI migrates a UTF8 scratch database created the same way  2606ms
 ✓ |integration| apps/api/test/integration/workflows/gate-events.test.ts (2 tests) 3798ms
   ✓ gate.submitted / gate.decided (ADR-0035 §7) > submission, supersession and decision each write exactly one event in their transaction; refusals write none  2390ms
   ✓ gate.submitted / gate.decided (ADR-0035 §7) > a G5 approval's event names its scope item and condition ids and the next phase realize  1265ms
 ✓ |integration| packages/db/test/integration/bootstrap.test.ts (5 tests) 8904ms
   ✓ mth-db bootstrap > creates the first organization and a technical/access admin with no business permission, fully audited  2268ms
   ✓ mth-db bootstrap > refuses to run twice  2976ms
   ✓ mth-db bootstrap > validates its input and refuses the dev-login issuer  1721ms
   ✓ mth-db seed-dev (synthetic, development only) > seeds synthetic users bound to urn:mth:dev-local once, idempotently  1727ms
 ✓ |integration| apps/api/test/integration/workflows/scale.test.ts (2 tests) 3259ms
   ✓ scale transitions (REQ-S03-004, REQ-S04-007) > before G5: 422 invalid-transition naming G5; the scope reads approved = false; nothing written  1551ms
   ✓ scale transitions (REQ-S03-004, REQ-S04-007) > after the G5 approval: inside the scope 201 with its audit event; outside 422; a repeat 409; AUD/ADM 403  1501ms
 ✓ |integration| apps/worker/test/integration/schedules.test.ts (2 tests) 2051ms
 ✓ |integration| apps/api/test/integration/governance/entity-group.test.ts (1 test) 2954ms
   ✓ REQ-S16-019: the slice D entity group through the API > Forum, Meeting, AgendaItem, Attendance, Minutes and MeetingActionLink: created and read, AUD 403, outside 404  960ms
 ✓ |integration| apps/api/test/integration/reporting/one-source-of-truth.test.ts (2 tests) 1184ms
 ✓ |integration| apps/api/test/integration/portfolio/closed-initiatives.test.ts (1 test) 1723ms
   ✓ a cancelled initiative's scores, deliverables and milestones are read-only (422 initiative.read_only) > every write is refused after cancellation and nothing is written; the same writes succeed while open  1589ms
 ✓ |integration| apps/api/test/integration/reporting/orphans.test.ts (3 tests) 1228ms
 ✓ |integration| apps/api/test/integration/adoption/metric-link-read.test.ts (2 tests) 888ms
 ✓ |integration| packages/db/test/integration/migrate.test.ts (7 tests) 2622ms
   ✓ mth-db migrate on a fresh database > applies every shipped migration, then reports up to date  2051ms
 ✓ |integration| apps/worker/test/integration/maintenance.test.ts (2 tests) 2528ms
 ✓ |integration| apps/api/test/integration/kpi-p4/fixture-dates.test.ts (3 tests) 1295ms
   ✓ insertFinding ad-hoc period dates (T-DG4-KBE-R1 item 2) > is deterministic: a fresh organization's periods are 2031-01-02, -03, -04 in call order  464ms
   ✓ insertFinding ad-hoc period dates (T-DG4-KBE-R1 item 2) > is unique per call, also for 12 concurrent calls in one organization  525ms
 ✓ |integration| apps/worker/test/integration/worker-attempt.test.ts (1 test) 3712ms
   ✓ worker.ts passes the job's attempt to its handler (T-DG4-BE-R2) > first attempt {retryCount 0, retryLimit 1} fails and is retried; the retry sees {1, 1}, the final attempt  1094ms
 ✓ |integration| packages/db/test/integration/scratch-drop.test.ts (3 tests) 11477ms
   ✓ dropScratchDatabase never terminates a live client (F-DG1-009) > a drop right after pool.end() raises no 57P01 on the closing pool (40 rounds, 8 clients each)  10872ms
   ✓ dropScratchDatabase never terminates a live client (F-DG1-009) > a client that is still connected is NOT terminated: the drop refuses, names it, and succeeds once it ends  603ms
 ✓ |integration| apps/api/test/integration/contract/benefit-register-mirror.test.ts (1 test) 1136ms
 ✓ |integration| apps/api/test/integration/adoption/entity-group-metric-link.test.ts (1 test) 424ms
 ✓ |integration| apps/api/test/integration/portfolio/unpaged-lists.test.ts (1 test) 1170ms
   ✓ unpaged P3 lists refuse limit; paged lists accept it (ADR-0021 §11 item 6) > 400 on limit for every unpaged list; 200 with {items} and no nextCursor without it  976ms

 Test Files  184 passed (184)
      Tests  1739 passed (1739)
   Start at  06:42:08
   Duration  1194.26s (transform 13.36s, setup 0ms, collect 390.67s, tests 795.15s, environment 0ms, prepare 118ms)

