# negative control: HEAD's 14 source files + FE12 tests; node v24.21.0; cwd apps/web
# cmd: npx vitest run --config vitest.config.ts src/pages/render-time-language.test.tsx src/pages/team/team.test.tsx src/components/LanguageSwitch.test.tsx

 RUN  v3.2.4 /home/user/My-owns/apps/web

 ❯ |unit-web| src/components/LanguageSwitch.test.tsx (10 tests | 2 failed) 2399ms
   ✓ a refused language save, 'en' → other ('403 csrf') > keeps ar on screen and says, in ar, that it was not saved  625ms
   ✓ a refused language save, 'ar' → other ('403 csrf') > keeps en on screen and says, in en, that it was not saved  422ms
   ✓ a refused language save, 'en' → other ('403 forbidden') > keeps ar on screen and says, in ar, that it was not saved  430ms
   ✓ a refused language save, 'ar' → other ('503') > keeps en on screen and says, in en, that it was not saved  406ms
   ✓ the live region and the persisted preference > switching back clears the notice; the region stays in the DOM, empty 88ms
   ✓ the live region and the persisted preference > a successful save never flips back to the previous language while the PUT is in flight 214ms
   ✓ the live region and the persisted preference > if the persisted preference changes later and is re-applied, the notice says so in that language 117ms
   × the live region and the persisted preference > en: the notice is a warning banner below the header, not inside it 51ms
     → expected <button type="button" …(3)></button> to be <header class="app-header">…(6)</header> // Object.is equality
   × the live region and the persisted preference > ar: the notice is a warning banner below the header, not inside it 26ms
     → expected <button type="button" …(3)></button> to be <header class="app-header">…(6)</header> // Object.is equality
   ✓ the live region and the persisted preference > the signed-out sign-in page has no live region (and so no competing status) 17ms
 ❯ |unit-web| src/pages/team/team.test.tsx (10 tests | 2 failed) 13108ms
   ✓ Team (English LTR) > shows the six governance roles with B0018 accountability text verbatim and who holds each  475ms
   ✓ Team (English LTR) > lists team members with the accountability on each assignment, sortable and filterable 265ms
   ✓ Team (English LTR) > a Transformation Lead assigns a Workstream Lead: Idempotency-Key, reason, accountability preview  316ms
   ✓ Team (English LTR) > shows a 403 from the server in words; nothing is assigned 232ms
   ✓ Team: read-only auditor (AUD) > sees the roles, accountabilities and members, a read-only note, and no assign control 114ms
   ✓ Team (Arabic RTL) > shows Arabic role names and the provisional Arabic accountability text 147ms
   ✓ Team assign dialog: accountability preview follows the selected role (F-DG2-430) > en: WL on open, then KDS, TD, none and WL again, in StrictMode with no React warning  310ms
   ✓ Team assign dialog: accountability preview follows the selected role (F-DG2-430) > ar: WL on open, then KDS, TD, none and WL again, in StrictMode with no React warning  307ms
   × Team: the success notice follows a language switch, 'en' → 'ar' > the notice is shown in the language now on screen, not the one it was created in 5466ms
     → expected ' Role assigned: Workstream Lead. The …' to contain 'أُسند الدور: قائد مسار العمل. الإسناد…'

Ignored nodes: comments, script, style
<html
  dir="rtl"
  lang="ar"
>
  <head>
    <title>
      الفريق · TR-0001 · منصة موبايلي للتحوّل
    </title>
  </head>
  <body>
    <div>
      <div
        class="app"
      >
        <a
          class="skip-link"
          href="#main"
        >
          انتقل إلى المحتوى الرئيسي
        </a>
        <header
          class="app-header"
        >
          <button
            aria-controls="_r_1s_"
            aria-expanded="false"
            class="button button--ghost-inverse nav-toggle"
            type="button"
          >
            <svg
              aria-hidden="true"
              class="icon"
              fill="none"
              focusable="false"
              height="16"
              stroke="currentColor"
              stroke-linecap="round"
              stroke-linejoin="round"
              stroke-width="1.8"
              viewBox="0 0 20 20"
              width="16"
            >
              <path
                d="M3 5h14M3 10h14M3 15h14"
              />
            </svg>
            <span
              class="visually-hidden"
            >
              إظهار التنقل أو إخفاؤه
            </span>
          </button>
          <a
            class="wordmark"
            data-discover="true"
            data-testid="wordmark"
            href="/"
          >
            <span
              class="wordmark__name"
            >
              منصة موبايلي للتحوّل
            </span>
            <span
              class="badge badge--provisional"
              data-testid="provisional-badge"
              title="شعار نصي مؤقت: لم يُقدَّم شعار رسمي. الألوان رموز تصميم مؤقتة وليست ألوان علامة موبايلي المعتمدة."
            >
              مؤقت
            </span>
            <span
              class="visually-hidden"
            >
              شعار نصي مؤقت: لم يُقدَّم شعار رسمي. الألوان رموز تصميم مؤقتة وليست ألوان علامة موبايلي المعتمدة.
            </span>
          </a>
          <div
            class="app-header__spacer"
          />
          <span
            class="language-switch"
          >
            <button
              aria-label="تغيير اللغة إلى English"
              class="button button--ghost-inverse button--small"
              lang="en"
              type="button"
            >
              English
            </button>
            <span
              aria-atomic="true"
              aria-live="polite"
              class="language-switch__live"
              lang="ar"
            />
          </span>
          <div
            class="user-box"
          >
            <span
              class="user-box__name"
            >
              Synthetic Test User
            </span>
            <span
              class="user-box__org"
            >
              جهة اصطناعية
            </span>
          </div>
          <button
            class="button button--ghost-inverse button--small"
            type="button"
          >
            <svg
              aria-hidden="true"
              class="icon"
              fill="none"
              focusable="false"
              height="16"
              stroke="currentColor"
              stroke-linecap="round"
              stroke-linejoin="round"
              stroke-width="1.8"
              viewBox="0 0 20 20"
              width="16"
            >
              <path
                d="M8 4H4v12h4M12 6l4 4-4 4M16 10H8"
              />
            </svg>
             
            تسجيل الخروج
          </button>
        </header>
        <div
          class="app-body"
        >
          <nav
            aria-label="التنقل الرئيسي"
            class="app-nav"
            id="_r_1s_"
          >
            <ul
              class="app-nav__list"
            >
              <li>
                <a
                  class="app-nav__link"
                  data-area="myWork"
                  data-discover="true"
                  href="/my-work"
                >
                  <span>
                    عملي
                  </span>
                </a>
              </li>
              <li>
                <a
                  class="app-nav__link"
                  data-area="executive"
                  data-discover="true"
                  href="/executive-overview"
                >
                  <span>
                    النظرة التنفيذية
                  </span>
                  <span
                    class="app-nav__tag"
                  >
                    مخطط
                  </span>
                </a>
              </li>
     ...
   × Team: the success notice follows a language switch, 'ar' → 'en' > the notice is shown in the language now on screen, not the one it was created in 5473ms
     → expected ' أُسند الدور: قائد مسار العمل. الإسنا…' to contain 'Role assigned: Workstream Lead. The a…'

Ignored nodes: comments, script, style
<html
  dir="ltr"
  lang="en"
>
  <head>
    <title>
      Team · TR-0001 · Mobily Transformation Hub
    </title>
  </head>
  <body>
    <div>
      <div
        class="app"
      >
        <a
          class="skip-link"
          href="#main"
        >
          Skip to main content
        </a>
        <header
          class="app-header"
        >
          <button
            aria-controls="_r_27_"
            aria-expanded="false"
            class="button button--ghost-inverse nav-toggle"
            type="button"
          >
            <svg
              aria-hidden="true"
              class="icon"
              fill="none"
              focusable="false"
              height="16"
              stroke="currentColor"
              stroke-linecap="round"
              stroke-linejoin="round"
              stroke-width="1.8"
              viewBox="0 0 20 20"
              width="16"
            >
              <path
                d="M3 5h14M3 10h14M3 15h14"
              />
            </svg>
            <span
              class="visually-hidden"
            >
              Show or hide navigation
            </span>
          </button>
          <a
            class="wordmark"
            data-discover="true"
            data-testid="wordmark"
            href="/"
          >
            <span
              class="wordmark__name"
            >
              Mobily Transformation Hub
            </span>
            <span
              class="badge badge--provisional"
              data-testid="provisional-badge"
              title="Provisional wordmark: no official logo has been supplied. Colours are provisional design tokens, not verified Mobily brand values."
            >
              Provisional
            </span>
            <span
              class="visually-hidden"
            >
              Provisional wordmark: no official logo has been supplied. Colours are provisional design tokens, not verified Mobily brand values.
            </span>
          </a>
          <div
            class="app-header__spacer"
          />
          <span
            class="language-switch"
          >
            <button
              aria-label="Switch language to العربية"
              class="button button--ghost-inverse button--small"
              lang="ar"
              type="button"
            >
              العربية
            </button>
            <span
              aria-atomic="true"
              aria-live="polite"
              class="language-switch__live"
              lang="en"
            />
          </span>
          <div
            class="user-box"
          >
            <span
              class="user-box__name"
            >
              Synthetic Test User
            </span>
            <span
              class="user-box__org"
            >
              Synthetic Organization
            </span>
          </div>
          <button
            class="button button--ghost-inverse button--small"
            type="button"
          >
            <svg
              aria-hidden="true"
              class="icon"
              fill="none"
              focusable="false"
              height="16"
              stroke="currentColor"
              stroke-linecap="round"
              stroke-linejoin="round"
              stroke-width="1.8"
              viewBox="0 0 20 20"
              width="16"
            >
              <path
                d="M8 4H4v12h4M12 6l4 4-4 4M16 10H8"
              />
            </svg>
             
            Sign out
          </button>
        </header>
        <div
          class="app-body"
        >
          <nav
            aria-label="Primary navigation"
            class="app-nav"
            id="_r_27_"
          >
            <ul
              class="app-nav__list"
            >
              <li>
                <a
                  class="app-nav__link"
                  data-area="myWork"
                  data-discover="true"
                  href="/my-work"
                >
                  <span>
                    My Work
                  </span>
                </a>
              </li>
              <li>
                <a
                  class="app-nav__link"
                  data-area="executive"
                  data-discover="true"
                  href="/executive-overview"
                >
                  <span>
                    Executive Overview
                  </span>
                  <span
                    class="app-nav__tag"
                  >
                    Planned
    ...
 ❯ |unit-web| src/pages/render-time-language.test.tsx (28 tests | 28 failed) 148047ms
   × sign-in (dev form), 'en' → 'ar' > an invalid user name: the inline message follows the switch 5338ms
     → expected ' Enter a user name of 2 to 64 lowerca…' to contain 'أدخل اسم مستخدم من 2 إلى 64 حرفًا من …'

Ignored nodes: comments, script, style
<html
  dir="rtl"
  lang="ar"
>
  <head>
    <title>
      تسجيل الدخول · منصة موبايلي للتحوّل
    </title>
  </head>
  <body>
    <div>
      <div
        class="login"
      >
        <header
          class="app-header app-header--login"
        >
          <a
            class="wordmark"
            data-discover="true"
            data-testid="wordmark"
            href="/login"
          >
            <span
              class="wordmark__name"
            >
              منصة موبايلي للتحوّل
            </span>
            <span
              class="badge badge--provisional"
              data-testid="provisional-badge"
              title="شعار نصي مؤقت: لم يُقدَّم شعار رسمي. الألوان رموز تصميم مؤقتة وليست ألوان علامة موبايلي المعتمدة."
            >
              مؤقت
            </span>
            <span
              class="visually-hidden"
            >
              شعار نصي مؤقت: لم يُقدَّم شعار رسمي. الألوان رموز تصميم مؤقتة وليست ألوان علامة موبايلي المعتمدة.
            </span>
          </a>
          <div
            class="app-header__spacer"
          />
          <span
            class="language-switch"
          >
            <button
              aria-label="تغيير اللغة إلى English"
              class="button button--ghost-inverse button--small"
              lang="en"
              type="button"
            >
              English
            </button>
          </span>
        </header>
        <main
          class="login__main"
          id="main"
        >
          <section
            aria-labelledby="login-title"
            class="card login__card"
          >
            <h1
              id="login-title"
            >
              تسجيل الدخول
            </h1>
            <p
              class="muted"
            >
              سجّل الدخول بحسابك المؤسسي للمتابعة.
            </p>
            <a
              class="button button--primary button--block"
              href="/api/v1/auth/login?returnTo=%2F"
            >
              تسجيل الدخول بالحساب المؤسسي
            </a>
            <p
              class="muted small"
            >
              ستُحوَّل إلى مزوّد الهوية الخاص بجهتك.
            </p>
            <form
              aria-labelledby="_r_0_-title"
              class="dev-login"
              novalidate=""
            >
              <h2
                class="dev-login__title"
                id="_r_0_-title"
              >
                تسجيل دخول بيئة التطوير
              </h2>
              <p
                class="banner banner--warning"
                id="_r_1_"
              >
                <svg
                  aria-hidden="true"
                  class="icon"
                  fill="none"
                  focusable="false"
                  height="16"
                  stroke="currentColor"
                  stroke-linecap="round"
                  stroke-linejoin="round"
                  stroke-width="1.8"
                  viewBox="0 0 20 20"
                  width="16"
                >
                  <path
                    d="M10 3l8 14H2L10 3zm0 5v4m0 3v.5"
                  />
                </svg>
                 
                لوضع التطوير فقط: يسجّل دخول مستخدم اصطناعي مُعدّ مسبقًا. غير متاح في بيئة الإنتاج.
              </p>
              <div
                class="field field--invalid"
              >
                <label
                  class="field__label"
                  for="_r_0_"
                >
                  اسم المستخدم الاصطناعي
                </label>
                <input
                  aria-describedby="_r_1_ _r_2_"
                  aria-invalid="true"
                  autocomplete="username"
                  dir="ltr"
                  id="_r_0_"
                  name="username"
                  required=""
                  value="X"
                />
                <p
                  class="field__error"
                  id="_r_2_"
                  role="alert"
                >
                  <svg
                    aria-hidden="true"
                    class="icon"
                    fill="none"
                    focusable="false"
                    height="16"
                    stroke="currentColor"
                    stroke-linecap="round"
                    stroke-linejoin="round"
                    stroke-width="1.8"
                    viewBox="0 0 20 20"
                    width="16"
                  >
                    <path
                      d="M10 3l8 14H2L10 3zm0 5v4m0 3v.5"
                    />
                  </svg>
                   
                  Enter a user name of 2 to 64 lowercase letters, digits, dots, hyphens or underscores.
                </p>
              </div>
              <button
                class="button button--secondary"
                type="submit"
              >
                تسجيل الدخول (بيئة التطوير)
              </button>
            </form>
          </section>
          <p
            class="login__notice small"
          >
            الهوية البصرية مؤقتة: الشعار النصي والألوان بدائل مؤقتة وليست أصولًا رسمية لعلامة موبايلي.
          </p>
        </main>
      </div>
    </div>
  </body>
</html>
   × sign-in (dev form), 'en' → 'ar' > a refused sign-in: the server's problem follows the switch 5080ms
     → expected ' You do not have permission for this …' to contain 'ليست لديك صلاحية لهذا الإجراء.'

Ignored nodes: comments, script, style
<html
  dir="rtl"
  lang="ar"
>
  <head>
    <title>
      تسجيل الدخول · منصة موبايلي للتحوّل
    </title>
  </head>
  <body>
    <div>
      <div
        class="login"
      >
        <header
          class="app-header app-header--login"
        >
          <a
            class="wordmark"
            data-discover="true"
            data-testid="wordmark"
            href="/login"
          >
            <span
              class="wordmark__name"
            >
              منصة موبايلي للتحوّل
            </span>
            <span
              class="badge badge--provisional"
              data-testid="provisional-badge"
              title="شعار نصي مؤقت: لم يُقدَّم شعار رسمي. الألوان رموز تصميم مؤقتة وليست ألوان علامة موبايلي المعتمدة."
            >
              مؤقت
            </span>
            <span
              class="visually-hidden"
            >
              شعار نصي مؤقت: لم يُقدَّم شعار رسمي. الألوان رموز تصميم مؤقتة وليست ألوان علامة موبايلي المعتمدة.
            </span>
          </a>
          <div
            class="app-header__spacer"
          />
          <span
            class="language-switch"
          >
            <button
              aria-label="تغيير اللغة إلى English"
              class="button button--ghost-inverse button--small"
              lang="en"
              type="button"
            >
              English
            </button>
          </span>
        </header>
        <main
          class="login__main"
          id="main"
        >
          <section
            aria-labelledby="login-title"
            class="card login__card"
          >
            <h1
              id="login-title"
            >
              تسجيل الدخول
            </h1>
            <p
              class="muted"
            >
              سجّل الدخول بحسابك المؤسسي للمتابعة.
            </p>
            <a
              class="button button--primary button--block"
              href="/api/v1/auth/login?returnTo=%2F"
            >
              تسجيل الدخول بالحساب المؤسسي
            </a>
            <p
              class="muted small"
            >
              ستُحوَّل إلى مزوّد الهوية الخاص بجهتك.
            </p>
            <form
              aria-labelledby="_r_3_-title"
              class="dev-login"
              novalidate=""
            >
              <h2
                class="dev-login__title"
                id="_r_3_-title"
              >
                تسجيل دخول بيئة التطوير
              </h2>
              <p
                class="banner banner--warning"
                id="_r_4_"
              >
                <svg
                  aria-hidden="true"
                  class="icon"
                  fill="none"
                  focusable="false"
                  height="16"
                  stroke="currentColor"
                  stroke-linecap="round"
                  stroke-linejoin="round"
                  stroke-width="1.8"
                  viewBox="0 0 20 20"
                  width="16"
                >
                  <path
                    d="M10 3l8 14H2L10 3zm0 5v4m0 3v.5"
                  />
                </svg>
                 
                لوضع التطوير فقط: يسجّل دخول مستخدم اصطناعي مُعدّ مسبقًا. غير متاح في بيئة الإنتاج.
              </p>
              <div
                class="field field--invalid"
              >
                <label
                  class="field__label"
                  for="_r_3_"
                >
                  اسم المستخدم الاصطناعي
                </label>
                <input
                  aria-describedby="_r_4_ _r_5_"
                  aria-invalid="true"
                  autocomplete="username"
                  dir="ltr"
                  id="_r_3_"
                  name="username"
                  required=""
                  value="synthetic.user"
                />
                <p
                  class="field__error"
                  id="_r_5_"
                  role="alert"
                >
                  <svg
                    aria-hidden="true"
                    class="icon"
                    fill="none"
                    focusable="false"
                    height="16"
                    stroke="currentColor"
                    stroke-linecap="round"
                    stroke-linejoin="round"
                    stroke-width="1.8"
                    viewBox="0 0 20 20"
                    width="16"
                  >
                    <path
                      d="M10 3l8 14H2L10 3zm0 5v4m0 3v.5"
                    />
                  </svg>
                   
                  You do not have permission for this action.
                </p>
              </div>
              <button
                class="button button--secondary"
                type="submit"
              >
                تسجيل الدخول (بيئة التطوير)
              </button>
            </form>
          </section>
          <p
            class="login__notice small"
          >
            الهوية البصرية مؤقتة: الشعار النصي والألوان بدائل مؤقتة وليست أصولًا رسمية لعلامة موبايلي.
          </p>
        </main>
      </div>
    </div>
  </body>
</html>
   × sign-in (dev form), 'ar' → 'en' > an invalid user name: the inline message follows the switch 5089ms
     → expected ' أدخل اسم مستخدم من 2 إلى 64 حرفًا من…' to contain 'Enter a user name of 2 to 64 lowercas…'

Ignored nodes: comments, script, style
<html
  dir="ltr"
  lang="en"
>
  <head>
    <title>
      Sign in · Mobily Transformation Hub
    </title>
  </head>
  <body>
    <div>
      <div
        class="login"
      >
        <header
          class="app-header app-header--login"
        >
          <a
            class="wordmark"
            data-discover="true"
            data-testid="wordmark"
            href="/login"
          >
            <span
              class="wordmark__name"
            >
              Mobily Transformation Hub
            </span>
            <span
              class="badge badge--provisional"
              data-testid="provisional-badge"
              title="Provisional wordmark: no official logo has been supplied. Colours are provisional design tokens, not verified Mobily brand values."
            >
              Provisional
            </span>
            <span
              class="visually-hidden"
            >
              Provisional wordmark: no official logo has been supplied. Colours are provisional design tokens, not verified Mobily brand values.
            </span>
          </a>
          <div
            class="app-header__spacer"
          />
          <span
            class="language-switch"
          >
            <button
              aria-label="Switch language to العربية"
              class="button button--ghost-inverse button--small"
              lang="ar"
              type="button"
            >
              العربية
            </button>
          </span>
        </header>
        <main
          class="login__main"
          id="main"
        >
          <section
            aria-labelledby="login-title"
            class="card login__card"
          >
            <h1
              id="login-title"
            >
              Sign in
            </h1>
            <p
              class="muted"
            >
              Sign in with your corporate account to continue.
            </p>
            <a
              class="button button--primary button--block"
              href="/api/v1/auth/login?returnTo=%2F"
            >
              Sign in with corporate account
            </a>
            <p
              class="muted small"
            >
              You will be redirected to your organization's identity provider.
            </p>
            <form
              aria-labelledby="_r_6_-title"
              class="dev-login"
              novalidate=""
            >
              <h2
                class="dev-login__title"
                id="_r_6_-title"
              >
                Development sign-in
              </h2>
              <p
                class="banner banner--warning"
                id="_r_7_"
              >
                <svg
                  aria-hidden="true"
                  class="icon"
                  fill="none"
                  focusable="false"
                  height="16"
                  stroke="currentColor"
                  stroke-linecap="round"
                  stroke-linejoin="round"
                  stroke-width="1.8"
                  viewBox="0 0 20 20"
                  width="16"
                >
                  <path
                    d="M10 3l8 14H2L10 3zm0 5v4m0 3v.5"
                  />
                </svg>
                 
                Development mode only: signs in a seeded synthetic user. Not available in production.
              </p>
              <div
                class="field field--invalid"
              >
                <label
                  class="field__label"
                  for="_r_6_"
                >
                  Synthetic user name
                </label>
                <input
                  aria-describedby="_r_7_ _r_8_"
                  aria-invalid="true"
                  autocomplete="username"
                  dir="ltr"
                  id="_r_6_"
                  name="username"
                  required=""
                  value="X"
                />
                <p
                  class="field__error"
                  id="_r_8_"
                  role="alert"
                >
                  <svg
                    aria-hidden="true"
                    class="icon"
                    fill="none"
                    focusable="false"
                    height="16"
                    stroke="currentColor"
                    stroke-linecap="round"
                    stroke-linejoin="round"
                    stroke-width="1.8"
                    viewBox="0 0 20 20"
                    width="16"
                  >
                    <path
                      d="M10 3l8 14H2L10 3zm0 5v4m0 3v.5"
                    />
                  </svg>
                   
                  أدخل اسم مستخدم من 2 إلى 64 حرفًا من الأحرف اللاتينية الصغيرة أو الأرقام أو النقاط أو الشرطات أو الشرطات السفلية.
                </p>
              </div>
              <button
                class="button button--secondary"
                type="submit"
              >
                Sign in (development)
              </button>
            </form>
          </section>
          <p
            class="login__notice small"
          >
            Branding is provisional: the text wordmark and colours are placeholders, not official Mobily brand assets.
          </p>
        </main>
      </div>
    </div>
  </body>
</html>
   × sign-in (dev form), 'ar' → 'en' > a refused sign-in: the server's problem follows the switch 5076ms
     → expected ' ليست لديك صلاحية لهذا الإجراء.' to contain 'You do not have permission for this a…'

Ignored nodes: comments, script, style
<html
  dir="ltr"
  lang="en"
>
  <head>
    <title>
      Sign in · Mobily Transformation Hub
    </title>
  </head>
  <body>
    <div>
      <div
        class="login"
      >
        <header
          class="app-header app-header--login"
        >
          <a
            class="wordmark"
            data-discover="true"
            data-testid="wordmark"
            href="/login"
          >
            <span
              class="wordmark__name"
            >
              Mobily Transformation Hub
            </span>
            <span
              class="badge badge--provisional"
              data-testid="provisional-badge"
              title="Provisional wordmark: no official logo has been supplied. Colours are provisional design tokens, not verified Mobily brand values."
            >
              Provisional
            </span>
            <span
              class="visually-hidden"
            >
              Provisional wordmark: no official logo has been supplied. Colours are provisional design tokens, not verified Mobily brand values.
            </span>
          </a>
          <div
            class="app-header__spacer"
          />
          <span
            class="language-switch"
          >
            <button
              aria-label="Switch language to العربية"
              class="button button--ghost-inverse button--small"
              lang="ar"
              type="button"
            >
              العربية
            </button>
          </span>
        </header>
        <main
          class="login__main"
          id="main"
        >
          <section
            aria-labelledby="login-title"
            class="card login__card"
          >
            <h1
              id="login-title"
            >
              Sign in
            </h1>
            <p
              class="muted"
            >
              Sign in with your corporate account to continue.
            </p>
            <a
              class="button button--primary button--block"
              href="/api/v1/auth/login?returnTo=%2F"
            >
              Sign in with corporate account
            </a>
            <p
              class="muted small"
            >
              You will be redirected to your organization's identity provider.
            </p>
            <form
              aria-labelledby="_r_9_-title"
              class="dev-login"
              novalidate=""
            >
              <h2
                class="dev-login__title"
                id="_r_9_-title"
              >
                Development sign-in
              </h2>
              <p
                class="banner banner--warning"
                id="_r_a_"
              >
                <svg
                  aria-hidden="true"
                  class="icon"
                  fill="none"
                  focusable="false"
                  height="16"
                  stroke="currentColor"
                  stroke-linecap="round"
                  stroke-linejoin="round"
                  stroke-width="1.8"
                  viewBox="0 0 20 20"
                  width="16"
                >
                  <path
                    d="M10 3l8 14H2L10 3zm0 5v4m0 3v.5"
                  />
                </svg>
                 
                Development mode only: signs in a seeded synthetic user. Not available in production.
              </p>
              <div
                class="field field--invalid"
              >
                <label
                  class="field__label"
                  for="_r_9_"
                >
                  Synthetic user name
                </label>
                <input
                  aria-describedby="_r_a_ _r_b_"
                  aria-invalid="true"
                  autocomplete="username"
                  dir="ltr"
                  id="_r_9_"
                  name="username"
                  required=""
                  value="synthetic.user"
                />
                <p
                  class="field__error"
                  id="_r_b_"
                  role="alert"
                >
                  <svg
                    aria-hidden="true"
                    class="icon"
                    fill="none"
                    focusable="false"
                    height="16"
                    stroke="currentColor"
                    stroke-linecap="round"
                    stroke-linejoin="round"
                    stroke-width="1.8"
                    viewBox="0 0 20 20"
                    width="16"
                  >
                    <path
                      d="M10 3l8 14H2L10 3zm0 5v4m0 3v.5"
                    />
                  </svg>
                   
                  ليست لديك صلاحية لهذا الإجراء.
                </p>
              </div>
              <button
                class="button button--secondary"
                type="submit"
              >
                Sign in (development)
              </button>
            </form>
          </section>
          <p
            class="login__notice small"
          >
            Branding is provisional: the text wordmark and colours are placeholders, not official Mobily brand assets.
          </p>
        </main>
      </div>
    </div>
  </body>
</html>
   × journey step editor, 'en' → 'ar' > a field error on a step follows the switch 5643ms
     → expected 'Enter some text; spaces alone are not…' to contain 'أدخِل نصاً؛ المسافات وحدها ليست قيمة.'

Ignored nodes: comments, script, style
<html
  dir="rtl"
  lang="ar"
>
  <head>
    <title>
      التصميم · TR-0001 · منصة موبايلي للتحوّل
    </title>
  </head>
  <body>
    <div>
      <div
        class="app"
      >
        <a
          class="skip-link"
          href="#main"
        >
          انتقل إلى المحتوى الرئيسي
        </a>
        <header
          class="app-header"
        >
          <button
            aria-controls="_r_c_"
            aria-expanded="false"
            class="button button--ghost-inverse nav-toggle"
            type="button"
          >
            <svg
              aria-hidden="true"
              class="icon"
              fill="none"
              focusable="false"
              height="16"
              stroke="currentColor"
              stroke-linecap="round"
              stroke-linejoin="round"
              stroke-width="1.8"
              viewBox="0 0 20 20"
              width="16"
            >
              <path
                d="M3 5h14M3 10h14M3 15h14"
              />
            </svg>
            <span
              class="visually-hidden"
            >
              إظهار التنقل أو إخفاؤه
            </span>
          </button>
          <a
            class="wordmark"
            data-discover="true"
            data-testid="wordmark"
            href="/"
          >
            <span
              class="wordmark__name"
            >
              منصة موبايلي للتحوّل
            </span>
            <span
              class="badge badge--provisional"
              data-testid="provisional-badge"
              title="شعار نصي مؤقت: لم يُقدَّم شعار رسمي. الألوان رموز تصميم مؤقتة وليست ألوان علامة موبايلي المعتمدة."
            >
              مؤقت
            </span>
            <span
              class="visually-hidden"
            >
              شعار نصي مؤقت: لم يُقدَّم شعار رسمي. الألوان رموز تصميم مؤقتة وليست ألوان علامة موبايلي المعتمدة.
            </span>
          </a>
          <div
            class="app-header__spacer"
          />
          <span
            class="language-switch"
          >
            <button
              aria-label="تغيير اللغة إلى English"
              class="button button--ghost-inverse button--small"
              lang="en"
              type="button"
            >
              English
            </button>
            <span
              aria-atomic="true"
              aria-live="polite"
              class="language-switch__live"
              lang="ar"
            />
          </span>
          <div
            class="user-box"
          >
            <span
              class="user-box__name"
            >
              Synthetic Test User
            </span>
            <span
              class="user-box__org"
            >
              جهة اصطناعية
            </span>
          </div>
          <button
            class="button button--ghost-inverse button--small"
            type="button"
          >
            <svg
              aria-hidden="true"
              class="icon"
              fill="none"
              focusable="false"
              height="16"
              stroke="currentColor"
              stroke-linecap="round"
              stroke-linejoin="round"
              stroke-width="1.8"
              viewBox="0 0 20 20"
              width="16"
            >
              <path
                d="M8 4H4v12h4M12 6l4 4-4 4M16 10H8"
              />
            </svg>
             
            تسجيل الخروج
          </button>
        </header>
        <div
          class="app-body"
        >
          <nav
            aria-label="التنقل الرئيسي"
            class="app-nav"
            id="_r_c_"
          >
            <ul
              class="app-nav__list"
            >
              <li>
                <a
                  class="app-nav__link"
                  data-area="myWork"
                  data-discover="true"
                  href="/my-work"
                >
                  <span>
                    عملي
                  </span>
                </a>
              </li>
              <li>
                <a
                  class="app-nav__link"
                  data-area="executive"
                  data-discover="true"
                  href="/executive-overview"
                >
                  <span>
                    النظرة التنفيذية
                  </span>
                  <span
                    class="app-nav__tag"
                  >
                    مخطط
                  </span>
                </a>
              </li>
      ...
   × journey step editor, 'en' → 'ar' > the form-level "Step N:" error follows the switch (prefix and message) 5449ms
     → expected ' Step 1: This value has the wrong for…' to contain 'الخطوة 1: صيغة هذه القيمة غير صحيحة.'

Ignored nodes: comments, script, style
<html
  dir="rtl"
  lang="ar"
>
  <head>
    <title>
      التصميم · TR-0001 · منصة موبايلي للتحوّل
    </title>
  </head>
  <body>
    <div>
      <div
        class="app"
      >
        <a
          class="skip-link"
          href="#main"
        >
          انتقل إلى المحتوى الرئيسي
        </a>
        <header
          class="app-header"
        >
          <button
            aria-controls="_r_v_"
            aria-expanded="false"
            class="button button--ghost-inverse nav-toggle"
            type="button"
          >
            <svg
              aria-hidden="true"
              class="icon"
              fill="none"
              focusable="false"
              height="16"
              stroke="currentColor"
              stroke-linecap="round"
              stroke-linejoin="round"
              stroke-width="1.8"
              viewBox="0 0 20 20"
              width="16"
            >
              <path
                d="M3 5h14M3 10h14M3 15h14"
              />
            </svg>
            <span
              class="visually-hidden"
            >
              إظهار التنقل أو إخفاؤه
            </span>
          </button>
          <a
            class="wordmark"
            data-discover="true"
            data-testid="wordmark"
            href="/"
          >
            <span
              class="wordmark__name"
            >
              منصة موبايلي للتحوّل
            </span>
            <span
              class="badge badge--provisional"
              data-testid="provisional-badge"
              title="شعار نصي مؤقت: لم يُقدَّم شعار رسمي. الألوان رموز تصميم مؤقتة وليست ألوان علامة موبايلي المعتمدة."
            >
              مؤقت
            </span>
            <span
              class="visually-hidden"
            >
              شعار نصي مؤقت: لم يُقدَّم شعار رسمي. الألوان رموز تصميم مؤقتة وليست ألوان علامة موبايلي المعتمدة.
            </span>
          </a>
          <div
            class="app-header__spacer"
          />
          <span
            class="language-switch"
          >
            <button
              aria-label="تغيير اللغة إلى English"
              class="button button--ghost-inverse button--small"
              lang="en"
              type="button"
            >
              English
            </button>
            <span
              aria-atomic="true"
              aria-live="polite"
              class="language-switch__live"
              lang="ar"
            />
          </span>
          <div
            class="user-box"
          >
            <span
              class="user-box__name"
            >
              Synthetic Test User
            </span>
            <span
              class="user-box__org"
            >
              جهة اصطناعية
            </span>
          </div>
          <button
            class="button button--ghost-inverse button--small"
            type="button"
          >
            <svg
              aria-hidden="true"
              class="icon"
              fill="none"
              focusable="false"
              height="16"
              stroke="currentColor"
              stroke-linecap="round"
              stroke-linejoin="round"
              stroke-width="1.8"
              viewBox="0 0 20 20"
              width="16"
            >
              <path
                d="M8 4H4v12h4M12 6l4 4-4 4M16 10H8"
              />
            </svg>
             
            تسجيل الخروج
          </button>
        </header>
        <div
          class="app-body"
        >
          <nav
            aria-label="التنقل الرئيسي"
            class="app-nav"
            id="_r_v_"
          >
            <ul
              class="app-nav__list"
            >
              <li>
                <a
                  class="app-nav__link"
                  data-area="myWork"
                  data-discover="true"
                  href="/my-work"
                >
                  <span>
                    عملي
                  </span>
                </a>
              </li>
              <li>
                <a
                  class="app-nav__link"
                  data-area="executive"
                  data-discover="true"
                  href="/executive-overview"
                >
                  <span>
                    النظرة التنفيذية
                  </span>
                  <span
                    class="app-nav__tag"
                  >
                    مخطط
                  </span>
                </a>
              </li>
      ...
   × journey step editor, 'ar' → 'en' > a field error on a step follows the switch 5519ms
     → expected 'أدخِل نصاً؛ المسافات وحدها ليست قيمة.' to contain 'Enter some text; spaces alone are not…'

Ignored nodes: comments, script, style
<html
  dir="ltr"
  lang="en"
>
  <head>
    <title>
      Design · TR-0001 · Mobily Transformation Hub
    </title>
  </head>
  <body>
    <div>
      <div
        class="app"
      >
        <a
          class="skip-link"
          href="#main"
        >
          Skip to main content
        </a>
        <header
          class="app-header"
        >
          <button
            aria-controls="_r_1i_"
            aria-expanded="false"
            class="button button--ghost-inverse nav-toggle"
            type="button"
          >
            <svg
              aria-hidden="true"
              class="icon"
              fill="none"
              focusable="false"
              height="16"
              stroke="currentColor"
              stroke-linecap="round"
              stroke-linejoin="round"
              stroke-width="1.8"
              viewBox="0 0 20 20"
              width="16"
            >
              <path
                d="M3 5h14M3 10h14M3 15h14"
              />
            </svg>
            <span
              class="visually-hidden"
            >
              Show or hide navigation
            </span>
          </button>
          <a
            class="wordmark"
            data-discover="true"
            data-testid="wordmark"
            href="/"
          >
            <span
              class="wordmark__name"
            >
              Mobily Transformation Hub
            </span>
            <span
              class="badge badge--provisional"
              data-testid="provisional-badge"
              title="Provisional wordmark: no official logo has been supplied. Colours are provisional design tokens, not verified Mobily brand values."
            >
              Provisional
            </span>
            <span
              class="visually-hidden"
            >
              Provisional wordmark: no official logo has been supplied. Colours are provisional design tokens, not verified Mobily brand values.
            </span>
          </a>
          <div
            class="app-header__spacer"
          />
          <span
            class="language-switch"
          >
            <button
              aria-label="Switch language to العربية"
              class="button button--ghost-inverse button--small"
              lang="ar"
              type="button"
            >
              العربية
            </button>
            <span
              aria-atomic="true"
              aria-live="polite"
              class="language-switch__live"
              lang="en"
            />
          </span>
          <div
            class="user-box"
          >
            <span
              class="user-box__name"
            >
              Synthetic Test User
            </span>
            <span
              class="user-box__org"
            >
              Synthetic Organization
            </span>
          </div>
          <button
            class="button button--ghost-inverse button--small"
            type="button"
          >
            <svg
              aria-hidden="true"
              class="icon"
              fill="none"
              focusable="false"
              height="16"
              stroke="currentColor"
              stroke-linecap="round"
              stroke-linejoin="round"
              stroke-width="1.8"
              viewBox="0 0 20 20"
              width="16"
            >
              <path
                d="M8 4H4v12h4M12 6l4 4-4 4M16 10H8"
              />
            </svg>
             
            Sign out
          </button>
        </header>
        <div
          class="app-body"
        >
          <nav
            aria-label="Primary navigation"
            class="app-nav"
            id="_r_1i_"
          >
            <ul
              class="app-nav__list"
            >
              <li>
                <a
                  class="app-nav__link"
                  data-area="myWork"
                  data-discover="true"
                  href="/my-work"
                >
                  <span>
                    My Work
                  </span>
                </a>
              </li>
              <li>
                <a
                  class="app-nav__link"
                  data-area="executive"
                  data-discover="true"
                  href="/executive-overview"
                >
                  <span>
                    Executive Overview
                  </span>
                  <span
                    class="app-nav__tag"
                  >
                    Planned
  ...
   × journey step editor, 'ar' → 'en' > the form-level "Step N:" error follows the switch (prefix and message) 5475ms
     → expected ' الخطوة 1: صيغة هذه القيمة غير صحيحة.' to contain 'Step 1: This value has the wrong form…'

Ignored nodes: comments, script, style
<html
  dir="ltr"
  lang="en"
>
  <head>
    <title>
      Design · TR-0001 · Mobily Transformation Hub
    </title>
  </head>
  <body>
    <div>
      <div
        class="app"
      >
        <a
          class="skip-link"
          href="#main"
        >
          Skip to main content
        </a>
        <header
          class="app-header"
        >
          <button
            aria-controls="_r_25_"
            aria-expanded="false"
            class="button button--ghost-inverse nav-toggle"
            type="button"
          >
            <svg
              aria-hidden="true"
              class="icon"
              fill="none"
              focusable="false"
              height="16"
              stroke="currentColor"
              stroke-linecap="round"
              stroke-linejoin="round"
              stroke-width="1.8"
              viewBox="0 0 20 20"
              width="16"
            >
              <path
                d="M3 5h14M3 10h14M3 15h14"
              />
            </svg>
            <span
              class="visually-hidden"
            >
              Show or hide navigation
            </span>
          </button>
          <a
            class="wordmark"
            data-discover="true"
            data-testid="wordmark"
            href="/"
          >
            <span
              class="wordmark__name"
            >
              Mobily Transformation Hub
            </span>
            <span
              class="badge badge--provisional"
              data-testid="provisional-badge"
              title="Provisional wordmark: no official logo has been supplied. Colours are provisional design tokens, not verified Mobily brand values."
            >
              Provisional
            </span>
            <span
              class="visually-hidden"
            >
              Provisional wordmark: no official logo has been supplied. Colours are provisional design tokens, not verified Mobily brand values.
            </span>
          </a>
          <div
            class="app-header__spacer"
          />
          <span
            class="language-switch"
          >
            <button
              aria-label="Switch language to العربية"
              class="button button--ghost-inverse button--small"
              lang="ar"
              type="button"
            >
              العربية
            </button>
            <span
              aria-atomic="true"
              aria-live="polite"
              class="language-switch__live"
              lang="en"
            />
          </span>
          <div
            class="user-box"
          >
            <span
              class="user-box__name"
            >
              Synthetic Test User
            </span>
            <span
              class="user-box__org"
            >
              Synthetic Organization
            </span>
          </div>
          <button
            class="button button--ghost-inverse button--small"
            type="button"
          >
            <svg
              aria-hidden="true"
              class="icon"
              fill="none"
              focusable="false"
              height="16"
              stroke="currentColor"
              stroke-linecap="round"
              stroke-linejoin="round"
              stroke-width="1.8"
              viewBox="0 0 20 20"
              width="16"
            >
              <path
                d="M8 4H4v12h4M12 6l4 4-4 4M16 10H8"
              />
            </svg>
             
            Sign out
          </button>
        </header>
        <div
          class="app-body"
        >
          <nav
            aria-label="Primary navigation"
            class="app-nav"
            id="_r_25_"
          >
            <ul
              class="app-nav__list"
            >
              <li>
                <a
                  class="app-nav__link"
                  data-area="myWork"
                  data-discover="true"
                  href="/my-work"
                >
                  <span>
                    My Work
                  </span>
                </a>
              </li>
              <li>
                <a
                  class="app-nav__link"
                  data-area="executive"
                  data-discover="true"
                  href="/executive-overview"
                >
                  <span>
                    Executive Overview
                  </span>
                  <span
                    class="app-nav__tag"
                  >
                    Planned
  ...
   × row-action note and reason dialog, 'en' → 'ar' > the Finance validation note's 'required' follows the switch 5456ms
     → expected 'This field is required.' to contain 'هذا الحقل مطلوب.'

Ignored nodes: comments, script, style
<html
  dir="rtl"
  lang="ar"
>
  <head>
    <title>
      التشخيص · TR-0001 · منصة موبايلي للتحوّل
    </title>
  </head>
  <body>
    <div>
      <div
        class="app"
      >
        <a
          class="skip-link"
          href="#main"
        >
          انتقل إلى المحتوى الرئيسي
        </a>
        <header
          class="app-header"
        >
          <button
            aria-controls="_r_2o_"
            aria-expanded="false"
            class="button button--ghost-inverse nav-toggle"
            type="button"
          >
            <svg
              aria-hidden="true"
              class="icon"
              fill="none"
              focusable="false"
              height="16"
              stroke="currentColor"
              stroke-linecap="round"
              stroke-linejoin="round"
              stroke-width="1.8"
              viewBox="0 0 20 20"
              width="16"
            >
              <path
                d="M3 5h14M3 10h14M3 15h14"
              />
            </svg>
            <span
              class="visually-hidden"
            >
              إظهار التنقل أو إخفاؤه
            </span>
          </button>
          <a
            class="wordmark"
            data-discover="true"
            data-testid="wordmark"
            href="/"
          >
            <span
              class="wordmark__name"
            >
              منصة موبايلي للتحوّل
            </span>
            <span
              class="badge badge--provisional"
              data-testid="provisional-badge"
              title="شعار نصي مؤقت: لم يُقدَّم شعار رسمي. الألوان رموز تصميم مؤقتة وليست ألوان علامة موبايلي المعتمدة."
            >
              مؤقت
            </span>
            <span
              class="visually-hidden"
            >
              شعار نصي مؤقت: لم يُقدَّم شعار رسمي. الألوان رموز تصميم مؤقتة وليست ألوان علامة موبايلي المعتمدة.
            </span>
          </a>
          <div
            class="app-header__spacer"
          />
          <span
            class="language-switch"
          >
            <button
              aria-label="تغيير اللغة إلى English"
              class="button button--ghost-inverse button--small"
              lang="en"
              type="button"
            >
              English
            </button>
            <span
              aria-atomic="true"
              aria-live="polite"
              class="language-switch__live"
              lang="ar"
            />
          </span>
          <div
            class="user-box"
          >
            <span
              class="user-box__name"
            >
              Synthetic Test User
            </span>
            <span
              class="user-box__org"
            >
              جهة اصطناعية
            </span>
          </div>
          <button
            class="button button--ghost-inverse button--small"
            type="button"
          >
            <svg
              aria-hidden="true"
              class="icon"
              fill="none"
              focusable="false"
              height="16"
              stroke="currentColor"
              stroke-linecap="round"
              stroke-linejoin="round"
              stroke-width="1.8"
              viewBox="0 0 20 20"
              width="16"
            >
              <path
                d="M8 4H4v12h4M12 6l4 4-4 4M16 10H8"
              />
            </svg>
             
            تسجيل الخروج
          </button>
        </header>
        <div
          class="app-body"
        >
          <nav
            aria-label="التنقل الرئيسي"
            class="app-nav"
            id="_r_2o_"
          >
            <ul
              class="app-nav__list"
            >
              <li>
                <a
                  class="app-nav__link"
                  data-area="myWork"
                  data-discover="true"
                  href="/my-work"
                >
                  <span>
                    عملي
                  </span>
                </a>
              </li>
              <li>
                <a
                  class="app-nav__link"
                  data-area="executive"
                  data-discover="true"
                  href="/executive-overview"
                >
                  <span>
                    النظرة التنفيذية
                  </span>
                  <span
                    class="app-nav__tag"
                  >
                    مخطط
                  </span>
                </a>
              </li>
    ...
   × row-action note and reason dialog, 'en' → 'ar' > the Finance validation choice's 'required' follows the switch 5399ms
     → expected ' This field is required.' to contain 'هذا الحقل مطلوب.'

Ignored nodes: comments, script, style
<html
  dir="rtl"
  lang="ar"
>
  <head>
    <title>
      التشخيص · TR-0001 · منصة موبايلي للتحوّل
    </title>
  </head>
  <body>
    <div>
      <div
        class="app"
      >
        <a
          class="skip-link"
          href="#main"
        >
          انتقل إلى المحتوى الرئيسي
        </a>
        <header
          class="app-header"
        >
          <button
            aria-controls="_r_3f_"
            aria-expanded="false"
            class="button button--ghost-inverse nav-toggle"
            type="button"
          >
            <svg
              aria-hidden="true"
              class="icon"
              fill="none"
              focusable="false"
              height="16"
              stroke="currentColor"
              stroke-linecap="round"
              stroke-linejoin="round"
              stroke-width="1.8"
              viewBox="0 0 20 20"
              width="16"
            >
              <path
                d="M3 5h14M3 10h14M3 15h14"
              />
            </svg>
            <span
              class="visually-hidden"
            >
              إظهار التنقل أو إخفاؤه
            </span>
          </button>
          <a
            class="wordmark"
            data-discover="true"
            data-testid="wordmark"
            href="/"
          >
            <span
              class="wordmark__name"
            >
              منصة موبايلي للتحوّل
            </span>
            <span
              class="badge badge--provisional"
              data-testid="provisional-badge"
              title="شعار نصي مؤقت: لم يُقدَّم شعار رسمي. الألوان رموز تصميم مؤقتة وليست ألوان علامة موبايلي المعتمدة."
            >
              مؤقت
            </span>
            <span
              class="visually-hidden"
            >
              شعار نصي مؤقت: لم يُقدَّم شعار رسمي. الألوان رموز تصميم مؤقتة وليست ألوان علامة موبايلي المعتمدة.
            </span>
          </a>
          <div
            class="app-header__spacer"
          />
          <span
            class="language-switch"
          >
            <button
              aria-label="تغيير اللغة إلى English"
              class="button button--ghost-inverse button--small"
              lang="en"
              type="button"
            >
              English
            </button>
            <span
              aria-atomic="true"
              aria-live="polite"
              class="language-switch__live"
              lang="ar"
            />
          </span>
          <div
            class="user-box"
          >
            <span
              class="user-box__name"
            >
              Synthetic Test User
            </span>
            <span
              class="user-box__org"
            >
              جهة اصطناعية
            </span>
          </div>
          <button
            class="button button--ghost-inverse button--small"
            type="button"
          >
            <svg
              aria-hidden="true"
              class="icon"
              fill="none"
              focusable="false"
              height="16"
              stroke="currentColor"
              stroke-linecap="round"
              stroke-linejoin="round"
              stroke-width="1.8"
              viewBox="0 0 20 20"
              width="16"
            >
              <path
                d="M8 4H4v12h4M12 6l4 4-4 4M16 10H8"
              />
            </svg>
             
            تسجيل الخروج
          </button>
        </header>
        <div
          class="app-body"
        >
          <nav
            aria-label="التنقل الرئيسي"
            class="app-nav"
            id="_r_3f_"
          >
            <ul
              class="app-nav__list"
            >
              <li>
                <a
                  class="app-nav__link"
                  data-area="myWork"
                  data-discover="true"
                  href="/my-work"
                >
                  <span>
                    عملي
                  </span>
                </a>
              </li>
              <li>
                <a
                  class="app-nav__link"
                  data-area="executive"
                  data-discover="true"
                  href="/executive-overview"
                >
                  <span>
                    النظرة التنفيذية
                  </span>
                  <span
                    class="app-nav__tag"
                  >
                    مخطط
                  </span>
                </a>
              </li>
    ...
   × row-action note and reason dialog, 'en' → 'ar' > the archive reason's 'too short' follows the switch 5345ms
     → expected 'من 3 إلى 1000 حرف. يُسجَّل السبب في س…' to contain 'هذه القيمة قصيرة أو صغيرة جدًا.'

Ignored nodes: comments, script, style
<html
  dir="rtl"
  lang="ar"
>
  <head>
    <title>
      التشخيص · TR-0001 · منصة موبايلي للتحوّل
    </title>
  </head>
  <body>
    <div>
      <div
        class="app"
      >
        <a
          class="skip-link"
          href="#main"
        >
          انتقل إلى المحتوى الرئيسي
        </a>
        <header
          class="app-header"
        >
          <button
            aria-controls="_r_46_"
            aria-expanded="false"
            class="button button--ghost-inverse nav-toggle"
            type="button"
          >
            <svg
              aria-hidden="true"
              class="icon"
              fill="none"
              focusable="false"
              height="16"
              stroke="currentColor"
              stroke-linecap="round"
              stroke-linejoin="round"
              stroke-width="1.8"
              viewBox="0 0 20 20"
              width="16"
            >
              <path
                d="M3 5h14M3 10h14M3 15h14"
              />
            </svg>
            <span
              class="visually-hidden"
            >
              إظهار التنقل أو إخفاؤه
            </span>
          </button>
          <a
            class="wordmark"
            data-discover="true"
            data-testid="wordmark"
            href="/"
          >
            <span
              class="wordmark__name"
            >
              منصة موبايلي للتحوّل
            </span>
            <span
              class="badge badge--provisional"
              data-testid="provisional-badge"
              title="شعار نصي مؤقت: لم يُقدَّم شعار رسمي. الألوان رموز تصميم مؤقتة وليست ألوان علامة موبايلي المعتمدة."
            >
              مؤقت
            </span>
            <span
              class="visually-hidden"
            >
              شعار نصي مؤقت: لم يُقدَّم شعار رسمي. الألوان رموز تصميم مؤقتة وليست ألوان علامة موبايلي المعتمدة.
            </span>
          </a>
          <div
            class="app-header__spacer"
          />
          <span
            class="language-switch"
          >
            <button
              aria-label="تغيير اللغة إلى English"
              class="button button--ghost-inverse button--small"
              lang="en"
              type="button"
            >
              English
            </button>
            <span
              aria-atomic="true"
              aria-live="polite"
              class="language-switch__live"
              lang="ar"
            />
          </span>
          <div
            class="user-box"
          >
            <span
              class="user-box__name"
            >
              Synthetic Test User
            </span>
            <span
              class="user-box__org"
            >
              جهة اصطناعية
            </span>
          </div>
          <button
            class="button button--ghost-inverse button--small"
            type="button"
          >
            <svg
              aria-hidden="true"
              class="icon"
              fill="none"
              focusable="false"
              height="16"
              stroke="currentColor"
              stroke-linecap="round"
              stroke-linejoin="round"
              stroke-width="1.8"
              viewBox="0 0 20 20"
              width="16"
            >
              <path
                d="M8 4H4v12h4M12 6l4 4-4 4M16 10H8"
              />
            </svg>
             
            تسجيل الخروج
          </button>
        </header>
        <div
          class="app-body"
        >
          <nav
            aria-label="التنقل الرئيسي"
            class="app-nav"
            id="_r_46_"
          >
            <ul
              class="app-nav__list"
            >
              <li>
                <a
                  class="app-nav__link"
                  data-area="myWork"
                  data-discover="true"
                  href="/my-work"
                >
                  <span>
                    عملي
                  </span>
                </a>
              </li>
              <li>
                <a
                  class="app-nav__link"
                  data-area="executive"
                  data-discover="true"
                  href="/executive-overview"
                >
                  <span>
                    النظرة التنفيذية
                  </span>
                  <span
                    class="app-nav__tag"
                  >
                    مخطط
                  </span>
                </a>
              </li>
    ...
   × row-action note and reason dialog, 'ar' → 'en' > the Finance validation note's 'required' follows the switch 5409ms
     → expected 'هذا الحقل مطلوب.' to contain 'This field is required.'

Ignored nodes: comments, script, style
<html
  dir="ltr"
  lang="en"
>
  <head>
    <title>
      Diagnose · TR-0001 · Mobily Transformation Hub
    </title>
  </head>
  <body>
    <div>
      <div
        class="app"
      >
        <a
          class="skip-link"
          href="#main"
        >
          Skip to main content
        </a>
        <header
          class="app-header"
        >
          <button
            aria-controls="_r_4t_"
            aria-expanded="false"
            class="button button--ghost-inverse nav-toggle"
            type="button"
          >
            <svg
              aria-hidden="true"
              class="icon"
              fill="none"
              focusable="false"
              height="16"
              stroke="currentColor"
              stroke-linecap="round"
              stroke-linejoin="round"
              stroke-width="1.8"
              viewBox="0 0 20 20"
              width="16"
            >
              <path
                d="M3 5h14M3 10h14M3 15h14"
              />
            </svg>
            <span
              class="visually-hidden"
            >
              Show or hide navigation
            </span>
          </button>
          <a
            class="wordmark"
            data-discover="true"
            data-testid="wordmark"
            href="/"
          >
            <span
              class="wordmark__name"
            >
              Mobily Transformation Hub
            </span>
            <span
              class="badge badge--provisional"
              data-testid="provisional-badge"
              title="Provisional wordmark: no official logo has been supplied. Colours are provisional design tokens, not verified Mobily brand values."
            >
              Provisional
            </span>
            <span
              class="visually-hidden"
            >
              Provisional wordmark: no official logo has been supplied. Colours are provisional design tokens, not verified Mobily brand values.
            </span>
          </a>
          <div
            class="app-header__spacer"
          />
          <span
            class="language-switch"
          >
            <button
              aria-label="Switch language to العربية"
              class="button button--ghost-inverse button--small"
              lang="ar"
              type="button"
            >
              العربية
            </button>
            <span
              aria-atomic="true"
              aria-live="polite"
              class="language-switch__live"
              lang="en"
            />
          </span>
          <div
            class="user-box"
          >
            <span
              class="user-box__name"
            >
              Synthetic Test User
            </span>
            <span
              class="user-box__org"
            >
              Synthetic Organization
            </span>
          </div>
          <button
            class="button button--ghost-inverse button--small"
            type="button"
          >
            <svg
              aria-hidden="true"
              class="icon"
              fill="none"
              focusable="false"
              height="16"
              stroke="currentColor"
              stroke-linecap="round"
              stroke-linejoin="round"
              stroke-width="1.8"
              viewBox="0 0 20 20"
              width="16"
            >
              <path
                d="M8 4H4v12h4M12 6l4 4-4 4M16 10H8"
              />
            </svg>
             
            Sign out
          </button>
        </header>
        <div
          class="app-body"
        >
          <nav
            aria-label="Primary navigation"
            class="app-nav"
            id="_r_4t_"
          >
            <ul
              class="app-nav__list"
            >
              <li>
                <a
                  class="app-nav__link"
                  data-area="myWork"
                  data-discover="true"
                  href="/my-work"
                >
                  <span>
                    My Work
                  </span>
                </a>
              </li>
              <li>
                <a
                  class="app-nav__link"
                  data-area="executive"
                  data-discover="true"
                  href="/executive-overview"
                >
                  <span>
                    Executive Overview
                  </span>
                  <span
                    class="app-nav__tag"
                  >
                    Planned
...
   × row-action note and reason dialog, 'ar' → 'en' > the Finance validation choice's 'required' follows the switch 5389ms
     → expected ' هذا الحقل مطلوب.' to contain 'This field is required.'

Ignored nodes: comments, script, style
<html
  dir="ltr"
  lang="en"
>
  <head>
    <title>
      Diagnose · TR-0001 · Mobily Transformation Hub
    </title>
  </head>
  <body>
    <div>
      <div
        class="app"
      >
        <a
          class="skip-link"
          href="#main"
        >
          Skip to main content
        </a>
        <header
          class="app-header"
        >
          <button
            aria-controls="_r_5k_"
            aria-expanded="false"
            class="button button--ghost-inverse nav-toggle"
            type="button"
          >
            <svg
              aria-hidden="true"
              class="icon"
              fill="none"
              focusable="false"
              height="16"
              stroke="currentColor"
              stroke-linecap="round"
              stroke-linejoin="round"
              stroke-width="1.8"
              viewBox="0 0 20 20"
              width="16"
            >
              <path
                d="M3 5h14M3 10h14M3 15h14"
              />
            </svg>
            <span
              class="visually-hidden"
            >
              Show or hide navigation
            </span>
          </button>
          <a
            class="wordmark"
            data-discover="true"
            data-testid="wordmark"
            href="/"
          >
            <span
              class="wordmark__name"
            >
              Mobily Transformation Hub
            </span>
            <span
              class="badge badge--provisional"
              data-testid="provisional-badge"
              title="Provisional wordmark: no official logo has been supplied. Colours are provisional design tokens, not verified Mobily brand values."
            >
              Provisional
            </span>
            <span
              class="visually-hidden"
            >
              Provisional wordmark: no official logo has been supplied. Colours are provisional design tokens, not verified Mobily brand values.
            </span>
          </a>
          <div
            class="app-header__spacer"
          />
          <span
            class="language-switch"
          >
            <button
              aria-label="Switch language to العربية"
              class="button button--ghost-inverse button--small"
              lang="ar"
              type="button"
            >
              العربية
            </button>
            <span
              aria-atomic="true"
              aria-live="polite"
              class="language-switch__live"
              lang="en"
            />
          </span>
          <div
            class="user-box"
          >
            <span
              class="user-box__name"
            >
              Synthetic Test User
            </span>
            <span
              class="user-box__org"
            >
              Synthetic Organization
            </span>
          </div>
          <button
            class="button button--ghost-inverse button--small"
            type="button"
          >
            <svg
              aria-hidden="true"
              class="icon"
              fill="none"
              focusable="false"
              height="16"
              stroke="currentColor"
              stroke-linecap="round"
              stroke-linejoin="round"
              stroke-width="1.8"
              viewBox="0 0 20 20"
              width="16"
            >
              <path
                d="M8 4H4v12h4M12 6l4 4-4 4M16 10H8"
              />
            </svg>
             
            Sign out
          </button>
        </header>
        <div
          class="app-body"
        >
          <nav
            aria-label="Primary navigation"
            class="app-nav"
            id="_r_5k_"
          >
            <ul
              class="app-nav__list"
            >
              <li>
                <a
                  class="app-nav__link"
                  data-area="myWork"
                  data-discover="true"
                  href="/my-work"
                >
                  <span>
                    My Work
                  </span>
                </a>
              </li>
              <li>
                <a
                  class="app-nav__link"
                  data-area="executive"
                  data-discover="true"
                  href="/executive-overview"
                >
                  <span>
                    Executive Overview
                  </span>
                  <span
                    class="app-nav__tag"
                  >
                    Planned
...
   × row-action note and reason dialog, 'ar' → 'en' > the archive reason's 'too short' follows the switch 5413ms
     → expected '3 to 1,000 characters. The reason is …' to contain 'This value is too short or too small.'

Ignored nodes: comments, script, style
<html
  dir="ltr"
  lang="en"
>
  <head>
    <title>
      Diagnose · TR-0001 · Mobily Transformation Hub
    </title>
  </head>
  <body>
    <div>
      <div
        class="app"
      >
        <a
          class="skip-link"
          href="#main"
        >
          Skip to main content
        </a>
        <header
          class="app-header"
        >
          <button
            aria-controls="_r_6b_"
            aria-expanded="false"
            class="button button--ghost-inverse nav-toggle"
            type="button"
          >
            <svg
              aria-hidden="true"
              class="icon"
              fill="none"
              focusable="false"
              height="16"
              stroke="currentColor"
              stroke-linecap="round"
              stroke-linejoin="round"
              stroke-width="1.8"
              viewBox="0 0 20 20"
              width="16"
            >
              <path
                d="M3 5h14M3 10h14M3 15h14"
              />
            </svg>
            <span
              class="visually-hidden"
            >
              Show or hide navigation
            </span>
          </button>
          <a
            class="wordmark"
            data-discover="true"
            data-testid="wordmark"
            href="/"
          >
            <span
              class="wordmark__name"
            >
              Mobily Transformation Hub
            </span>
            <span
              class="badge badge--provisional"
              data-testid="provisional-badge"
              title="Provisional wordmark: no official logo has been supplied. Colours are provisional design tokens, not verified Mobily brand values."
            >
              Provisional
            </span>
            <span
              class="visually-hidden"
            >
              Provisional wordmark: no official logo has been supplied. Colours are provisional design tokens, not verified Mobily brand values.
            </span>
          </a>
          <div
            class="app-header__spacer"
          />
          <span
            class="language-switch"
          >
            <button
              aria-label="Switch language to العربية"
              class="button button--ghost-inverse button--small"
              lang="ar"
              type="button"
            >
              العربية
            </button>
            <span
              aria-atomic="true"
              aria-live="polite"
              class="language-switch__live"
              lang="en"
            />
          </span>
          <div
            class="user-box"
          >
            <span
              class="user-box__name"
            >
              Synthetic Test User
            </span>
            <span
              class="user-box__org"
            >
              Synthetic Organization
            </span>
          </div>
          <button
            class="button button--ghost-inverse button--small"
            type="button"
          >
            <svg
              aria-hidden="true"
              class="icon"
              fill="none"
              focusable="false"
              height="16"
              stroke="currentColor"
              stroke-linecap="round"
              stroke-linejoin="round"
              stroke-width="1.8"
              viewBox="0 0 20 20"
              width="16"
            >
              <path
                d="M8 4H4v12h4M12 6l4 4-4 4M16 10H8"
              />
            </svg>
             
            Sign out
          </button>
        </header>
        <div
          class="app-body"
        >
          <nav
            aria-label="Primary navigation"
            class="app-nav"
            id="_r_6b_"
          >
            <ul
              class="app-nav__list"
            >
              <li>
                <a
                  class="app-nav__link"
                  data-area="myWork"
                  data-discover="true"
                  href="/my-work"
                >
                  <span>
                    My Work
                  </span>
                </a>
              </li>
              <li>
                <a
                  class="app-nav__link"
                  data-area="executive"
                  data-discover="true"
                  href="/executive-overview"
                >
                  <span>
                    Executive Overview
                  </span>
                  <span
                    class="app-nav__tag"
                  >
                    Planned
...
   × record form, 'en' → 'ar' > a client field error (blank) follows the switch 5044ms
     → expected 'Enter some text; spaces alone are not…' to contain 'أدخِل نصاً؛ المسافات وحدها ليست قيمة.'

Ignored nodes: comments, script, style
<html
  dir="rtl"
  lang="ar"
>
  <head>
    <title>
      Diagnose · TR-0001 · Mobily Transformation Hub
    </title>
  </head>
  <body>
    <div>
      <div
        class="dialog-backdrop"
      >
        <div
          aria-labelledby="_r_72_"
          aria-modal="true"
          class="dialog"
          role="dialog"
        >
          <h2
            class="dialog__title"
            id="_r_72_"
          >
            Synthetic record
          </h2>
          <div
            class="dialog__body"
          >
            <form
              class="form form--dialog"
              novalidate=""
            >
              <div
                class="field field--invalid"
              >
                <label
                  class="field__label"
                  for="_r_74_"
                >
                  Name (synthetic)
                  <span
                    class="field__required"
                  >
                     (
                    مطلوب
                    )
                  </span>
                </label>
                <input
                  aria-describedby="_r_74_-error"
                  aria-invalid="true"
                  aria-required="true"
                  id="_r_74_"
                  name="name"
                  type="text"
                  value="  "
                />
                <p
                  class="field__error"
                  id="_r_74_-error"
                >
                  <svg
                    aria-hidden="true"
                    class="icon"
                    fill="none"
                    focusable="false"
                    height="16"
                    stroke="currentColor"
                    stroke-linecap="round"
                    stroke-linejoin="round"
                    stroke-width="1.8"
                    viewBox="0 0 20 20"
                    width="16"
                  >
                    <path
                      d="M10 3l8 14H2L10 3zm0 5v4m0 3v.5"
                    />
                  </svg>
                   
                  Enter some text; spaces alone are not a value.
                </p>
              </div>
              <div
                class="field"
              >
                <label
                  class="field__label"
                  for="_r_76_"
                >
                  Notes (synthetic)
                </label>
                <textarea
                  id="_r_76_"
                  name="notes"
                  rows="3"
                />
              </div>
            </form>
          </div>
          <div
            class="dialog__footer"
          >
            <button
              class="button button--secondary"
              type="button"
            >
              إلغاء
            </button>
            <button
              class="button button--primary"
              type="button"
            >
              Save (synthetic)
            </button>
          </div>
        </div>
      </div>
    </div>
  </body>
</html>
   × record form, 'en' → 'ar' > a server field error and a form-level (unmapped) error both follow the switch 5040ms
     → expected 'This value is too long or too large.' to contain 'هذه القيمة طويلة أو كبيرة جدًا.'

Ignored nodes: comments, script, style
<html
  dir="rtl"
  lang="ar"
>
  <head>
    <title>
      Diagnose · TR-0001 · Mobily Transformation Hub
    </title>
  </head>
  <body>
    <div>
      <div
        class="dialog-backdrop"
      >
        <div
          aria-labelledby="_r_77_"
          aria-modal="true"
          class="dialog"
          role="dialog"
        >
          <h2
            class="dialog__title"
            id="_r_77_"
          >
            Synthetic record
          </h2>
          <div
            class="dialog__body"
          >
            <form
              class="form form--dialog"
              novalidate=""
            >
              <div
                class="field field--invalid"
              >
                <label
                  class="field__label"
                  for="_r_79_"
                >
                  Name (synthetic)
                  <span
                    class="field__required"
                  >
                     (
                    مطلوب
                    )
                  </span>
                </label>
                <input
                  aria-describedby="_r_79_-error"
                  aria-invalid="true"
                  aria-required="true"
                  id="_r_79_"
                  name="name"
                  type="text"
                  value="Synthetic name"
                />
                <p
                  class="field__error"
                  id="_r_79_-error"
                >
                  <svg
                    aria-hidden="true"
                    class="icon"
                    fill="none"
                    focusable="false"
                    height="16"
                    stroke="currentColor"
                    stroke-linecap="round"
                    stroke-linejoin="round"
                    stroke-width="1.8"
                    viewBox="0 0 20 20"
                    width="16"
                  >
                    <path
                      d="M10 3l8 14H2L10 3zm0 5v4m0 3v.5"
                    />
                  </svg>
                   
                  This value is too long or too large.
                </p>
              </div>
              <div
                class="field"
              >
                <label
                  class="field__label"
                  for="_r_7b_"
                >
                  Notes (synthetic)
                </label>
                <textarea
                  id="_r_7b_"
                  name="notes"
                  rows="3"
                />
              </div>
              <div
                class="banner banner--error"
                data-state="form-errors"
                role="alert"
              >
                <ul
                  class="plain-list"
                >
                  <li>
                    <svg
                      aria-hidden="true"
                      class="icon"
                      fill="none"
                      focusable="false"
                      height="16"
                      stroke="currentColor"
                      stroke-linecap="round"
                      stroke-linejoin="round"
                      stroke-width="1.8"
                      viewBox="0 0 20 20"
                      width="16"
                    >
                      <path
                        d="M10 3l8 14H2L10 3zm0 5v4m0 3v.5"
                      />
                    </svg>
                     
                    Remove the unsupported character from this text.
                  </li>
                </ul>
              </div>
              <p
                class="banner banner--error"
                data-state="error"
                role="alert"
              >
                <svg
                  aria-hidden="true"
                  class="icon"
                  fill="none"
                  focusable="false"
                  height="16"
                  stroke="currentColor"
                  stroke-linecap="round"
                  stroke-linejoin="round"
                  stroke-width="1.8"
                  viewBox="0 0 20 20"
                  width="16"
                >
                  <path
                    d="M10 3l8 14H2L10 3zm0 5v4m0 3v.5"
                  />
                </svg>
                 
                بعض القيم غير صالحة. راجع الحقول المميّزة.
              </p>
            </form>
          </div>
          <div
            class="dialog__footer"
          >
            <button
              class="button button--secondary"
              type="button"
            >
              إلغاء
            </button>
            <button
              class="button button--primary"
              type="button"
            >
              Save (synthetic)
            </button>
          </div>
        </div>
      </div>
    </div>
  </body>
</html>
   × record form, 'ar' → 'en' > a client field error (blank) follows the switch 5032ms
     → expected 'أدخِل نصاً؛ المسافات وحدها ليست قيمة.' to contain 'Enter some text; spaces alone are not…'

Ignored nodes: comments, script, style
<html
  dir="ltr"
  lang="en"
>
  <head>
    <title>
      Diagnose · TR-0001 · Mobily Transformation Hub
    </title>
  </head>
  <body>
    <div>
      <div
        class="dialog-backdrop"
      >
        <div
          aria-labelledby="_r_7c_"
          aria-modal="true"
          class="dialog"
          role="dialog"
        >
          <h2
            class="dialog__title"
            id="_r_7c_"
          >
            Synthetic record
          </h2>
          <div
            class="dialog__body"
          >
            <form
              class="form form--dialog"
              novalidate=""
            >
              <div
                class="field field--invalid"
              >
                <label
                  class="field__label"
                  for="_r_7e_"
                >
                  Name (synthetic)
                  <span
                    class="field__required"
                  >
                     (
                    required
                    )
                  </span>
                </label>
                <input
                  aria-describedby="_r_7e_-error"
                  aria-invalid="true"
                  aria-required="true"
                  id="_r_7e_"
                  name="name"
                  type="text"
                  value="  "
                />
                <p
                  class="field__error"
                  id="_r_7e_-error"
                >
                  <svg
                    aria-hidden="true"
                    class="icon"
                    fill="none"
                    focusable="false"
                    height="16"
                    stroke="currentColor"
                    stroke-linecap="round"
                    stroke-linejoin="round"
                    stroke-width="1.8"
                    viewBox="0 0 20 20"
                    width="16"
                  >
                    <path
                      d="M10 3l8 14H2L10 3zm0 5v4m0 3v.5"
                    />
                  </svg>
                   
                  أدخِل نصاً؛ المسافات وحدها ليست قيمة.
                </p>
              </div>
              <div
                class="field"
              >
                <label
                  class="field__label"
                  for="_r_7g_"
                >
                  Notes (synthetic)
                </label>
                <textarea
                  id="_r_7g_"
                  name="notes"
                  rows="3"
                />
              </div>
            </form>
          </div>
          <div
            class="dialog__footer"
          >
            <button
              class="button button--secondary"
              type="button"
            >
              Cancel
            </button>
            <button
              class="button button--primary"
              type="button"
            >
              Save (synthetic)
            </button>
          </div>
        </div>
      </div>
    </div>
  </body>
</html>
   × record form, 'ar' → 'en' > a server field error and a form-level (unmapped) error both follow the switch 5033ms
     → expected 'هذه القيمة طويلة أو كبيرة جدًا.' to contain 'This value is too long or too large.'

Ignored nodes: comments, script, style
<html
  dir="ltr"
  lang="en"
>
  <head>
    <title>
      Diagnose · TR-0001 · Mobily Transformation Hub
    </title>
  </head>
  <body>
    <div>
      <div
        class="dialog-backdrop"
      >
        <div
          aria-labelledby="_r_7h_"
          aria-modal="true"
          class="dialog"
          role="dialog"
        >
          <h2
            class="dialog__title"
            id="_r_7h_"
          >
            Synthetic record
          </h2>
          <div
            class="dialog__body"
          >
            <form
              class="form form--dialog"
              novalidate=""
            >
              <div
                class="field field--invalid"
              >
                <label
                  class="field__label"
                  for="_r_7j_"
                >
                  Name (synthetic)
                  <span
                    class="field__required"
                  >
                     (
                    required
                    )
                  </span>
                </label>
                <input
                  aria-describedby="_r_7j_-error"
                  aria-invalid="true"
                  aria-required="true"
                  id="_r_7j_"
                  name="name"
                  type="text"
                  value="Synthetic name"
                />
                <p
                  class="field__error"
                  id="_r_7j_-error"
                >
                  <svg
                    aria-hidden="true"
                    class="icon"
                    fill="none"
                    focusable="false"
                    height="16"
                    stroke="currentColor"
                    stroke-linecap="round"
                    stroke-linejoin="round"
                    stroke-width="1.8"
                    viewBox="0 0 20 20"
                    width="16"
                  >
                    <path
                      d="M10 3l8 14H2L10 3zm0 5v4m0 3v.5"
                    />
                  </svg>
                   
                  هذه القيمة طويلة أو كبيرة جدًا.
                </p>
              </div>
              <div
                class="field"
              >
                <label
                  class="field__label"
                  for="_r_7l_"
                >
                  Notes (synthetic)
                </label>
                <textarea
                  id="_r_7l_"
                  name="notes"
                  rows="3"
                />
              </div>
              <div
                class="banner banner--error"
                data-state="form-errors"
                role="alert"
              >
                <ul
                  class="plain-list"
                >
                  <li>
                    <svg
                      aria-hidden="true"
                      class="icon"
                      fill="none"
                      focusable="false"
                      height="16"
                      stroke="currentColor"
                      stroke-linecap="round"
                      stroke-linejoin="round"
                      stroke-width="1.8"
                      viewBox="0 0 20 20"
                      width="16"
                    >
                      <path
                        d="M10 3l8 14H2L10 3zm0 5v4m0 3v.5"
                      />
                    </svg>
                     
                    أزِل الحرف غير المدعوم من هذا النص.
                  </li>
                </ul>
              </div>
              <p
                class="banner banner--error"
                data-state="error"
                role="alert"
              >
                <svg
                  aria-hidden="true"
                  class="icon"
                  fill="none"
                  focusable="false"
                  height="16"
                  stroke="currentColor"
                  stroke-linecap="round"
                  stroke-linejoin="round"
                  stroke-width="1.8"
                  viewBox="0 0 20 20"
                  width="16"
                >
                  <path
                    d="M10 3l8 14H2L10 3zm0 5v4m0 3v.5"
                  />
                </svg>
                 
                Some values are not valid. Check the highlighted fields.
              </p>
            </form>
          </div>
          <div
            class="dialog__footer"
          >
            <button
              class="button button--secondary"
              type="button"
            >
              Cancel
            </button>
            <button
              class="button button--primary"
              type="button"
            >
              Save (synthetic)
            </button>
          </div>
        </div>
      </div>
    </div>
  </body>
</html>
   × gate dialogs, 'en' → 'ar' > the submission note's field error follows the switch 5211ms
     → expected 'Enter some text; spaces alone are not…' to contain 'أدخِل نصاً؛ المسافات وحدها ليست قيمة.'

Ignored nodes: comments, script, style
<html
  dir="rtl"
  lang="ar"
>
  <head>
    <title>
      البوابة G1 · TR-0001 · منصة موبايلي للتحوّل
    </title>
  </head>
  <body>
    <div>
      <div
        class="app"
      >
        <a
          class="skip-link"
          href="#main"
        >
          انتقل إلى المحتوى الرئيسي
        </a>
        <header
          class="app-header"
        >
          <button
            aria-controls="_r_7m_"
            aria-expanded="false"
            class="button button--ghost-inverse nav-toggle"
            type="button"
          >
            <svg
              aria-hidden="true"
              class="icon"
              fill="none"
              focusable="false"
              height="16"
              stroke="currentColor"
              stroke-linecap="round"
              stroke-linejoin="round"
              stroke-width="1.8"
              viewBox="0 0 20 20"
              width="16"
            >
              <path
                d="M3 5h14M3 10h14M3 15h14"
              />
            </svg>
            <span
              class="visually-hidden"
            >
              إظهار التنقل أو إخفاؤه
            </span>
          </button>
          <a
            class="wordmark"
            data-discover="true"
            data-testid="wordmark"
            href="/"
          >
            <span
              class="wordmark__name"
            >
              منصة موبايلي للتحوّل
            </span>
            <span
              class="badge badge--provisional"
              data-testid="provisional-badge"
              title="شعار نصي مؤقت: لم يُقدَّم شعار رسمي. الألوان رموز تصميم مؤقتة وليست ألوان علامة موبايلي المعتمدة."
            >
              مؤقت
            </span>
            <span
              class="visually-hidden"
            >
              شعار نصي مؤقت: لم يُقدَّم شعار رسمي. الألوان رموز تصميم مؤقتة وليست ألوان علامة موبايلي المعتمدة.
            </span>
          </a>
          <div
            class="app-header__spacer"
          />
          <span
            class="language-switch"
          >
            <button
              aria-label="تغيير اللغة إلى English"
              class="button button--ghost-inverse button--small"
              lang="en"
              type="button"
            >
              English
            </button>
            <span
              aria-atomic="true"
              aria-live="polite"
              class="language-switch__live"
              lang="ar"
            />
          </span>
          <div
            class="user-box"
          >
            <span
              class="user-box__name"
            >
              Synthetic Test User
            </span>
            <span
              class="user-box__org"
            >
              جهة اصطناعية
            </span>
          </div>
          <button
            class="button button--ghost-inverse button--small"
            type="button"
          >
            <svg
              aria-hidden="true"
              class="icon"
              fill="none"
              focusable="false"
              height="16"
              stroke="currentColor"
              stroke-linecap="round"
              stroke-linejoin="round"
              stroke-width="1.8"
              viewBox="0 0 20 20"
              width="16"
            >
              <path
                d="M8 4H4v12h4M12 6l4 4-4 4M16 10H8"
              />
            </svg>
             
            تسجيل الخروج
          </button>
        </header>
        <div
          class="app-body"
        >
          <nav
            aria-label="التنقل الرئيسي"
            class="app-nav"
            id="_r_7m_"
          >
            <ul
              class="app-nav__list"
            >
              <li>
                <a
                  class="app-nav__link"
                  data-area="myWork"
                  data-discover="true"
                  href="/my-work"
                >
                  <span>
                    عملي
                  </span>
                </a>
              </li>
              <li>
                <a
                  class="app-nav__link"
                  data-area="executive"
                  data-discover="true"
                  href="/executive-overview"
                >
                  <span>
                    النظرة التنفيذية
                  </span>
                  <span
                    class="app-nav__tag"
                  >
                    مخطط
                  </span>
                </a>
              </li>
 ...
   × gate dialogs, 'en' → 'ar' > the decision rationale's field error follows the switch 5267ms
     → expected '3 أحرف على الأقل. This value is too s…' to contain 'هذه القيمة قصيرة أو صغيرة جدًا.'

Ignored nodes: comments, script, style
<html
  dir="rtl"
  lang="ar"
>
  <head>
    <title>
      البوابة G1 · TR-0001 · منصة موبايلي للتحوّل
    </title>
  </head>
  <body>
    <div>
      <div
        class="app"
      >
        <a
          class="skip-link"
          href="#main"
        >
          انتقل إلى المحتوى الرئيسي
        </a>
        <header
          class="app-header"
        >
          <button
            aria-controls="_r_7q_"
            aria-expanded="false"
            class="button button--ghost-inverse nav-toggle"
            type="button"
          >
            <svg
              aria-hidden="true"
              class="icon"
              fill="none"
              focusable="false"
              height="16"
              stroke="currentColor"
              stroke-linecap="round"
              stroke-linejoin="round"
              stroke-width="1.8"
              viewBox="0 0 20 20"
              width="16"
            >
              <path
                d="M3 5h14M3 10h14M3 15h14"
              />
            </svg>
            <span
              class="visually-hidden"
            >
              إظهار التنقل أو إخفاؤه
            </span>
          </button>
          <a
            class="wordmark"
            data-discover="true"
            data-testid="wordmark"
            href="/"
          >
            <span
              class="wordmark__name"
            >
              منصة موبايلي للتحوّل
            </span>
            <span
              class="badge badge--provisional"
              data-testid="provisional-badge"
              title="شعار نصي مؤقت: لم يُقدَّم شعار رسمي. الألوان رموز تصميم مؤقتة وليست ألوان علامة موبايلي المعتمدة."
            >
              مؤقت
            </span>
            <span
              class="visually-hidden"
            >
              شعار نصي مؤقت: لم يُقدَّم شعار رسمي. الألوان رموز تصميم مؤقتة وليست ألوان علامة موبايلي المعتمدة.
            </span>
          </a>
          <div
            class="app-header__spacer"
          />
          <span
            class="language-switch"
          >
            <button
              aria-label="تغيير اللغة إلى English"
              class="button button--ghost-inverse button--small"
              lang="en"
              type="button"
            >
              English
            </button>
            <span
              aria-atomic="true"
              aria-live="polite"
              class="language-switch__live"
              lang="ar"
            />
          </span>
          <div
            class="user-box"
          >
            <span
              class="user-box__name"
            >
              Synthetic Test User
            </span>
            <span
              class="user-box__org"
            >
              جهة اصطناعية
            </span>
          </div>
          <button
            class="button button--ghost-inverse button--small"
            type="button"
          >
            <svg
              aria-hidden="true"
              class="icon"
              fill="none"
              focusable="false"
              height="16"
              stroke="currentColor"
              stroke-linecap="round"
              stroke-linejoin="round"
              stroke-width="1.8"
              viewBox="0 0 20 20"
              width="16"
            >
              <path
                d="M8 4H4v12h4M12 6l4 4-4 4M16 10H8"
              />
            </svg>
             
            تسجيل الخروج
          </button>
        </header>
        <div
          class="app-body"
        >
          <nav
            aria-label="التنقل الرئيسي"
            class="app-nav"
            id="_r_7q_"
          >
            <ul
              class="app-nav__list"
            >
              <li>
                <a
                  class="app-nav__link"
                  data-area="myWork"
                  data-discover="true"
                  href="/my-work"
                >
                  <span>
                    عملي
                  </span>
                </a>
              </li>
              <li>
                <a
                  class="app-nav__link"
                  data-area="executive"
                  data-discover="true"
                  href="/executive-overview"
                >
                  <span>
                    النظرة التنفيذية
                  </span>
                  <span
                    class="app-nav__tag"
                  >
                    مخطط
                  </span>
                </a>
              </li>
 ...
   × gate dialogs, 'ar' → 'en' > the submission note's field error follows the switch 5202ms
     → expected 'أدخِل نصاً؛ المسافات وحدها ليست قيمة.' to contain 'Enter some text; spaces alone are not…'

Ignored nodes: comments, script, style
<html
  dir="ltr"
  lang="en"
>
  <head>
    <title>
      Gate G1 · TR-0001 · Mobily Transformation Hub
    </title>
  </head>
  <body>
    <div>
      <div
        class="app"
      >
        <a
          class="skip-link"
          href="#main"
        >
          Skip to main content
        </a>
        <header
          class="app-header"
        >
          <button
            aria-controls="_r_7u_"
            aria-expanded="false"
            class="button button--ghost-inverse nav-toggle"
            type="button"
          >
            <svg
              aria-hidden="true"
              class="icon"
              fill="none"
              focusable="false"
              height="16"
              stroke="currentColor"
              stroke-linecap="round"
              stroke-linejoin="round"
              stroke-width="1.8"
              viewBox="0 0 20 20"
              width="16"
            >
              <path
                d="M3 5h14M3 10h14M3 15h14"
              />
            </svg>
            <span
              class="visually-hidden"
            >
              Show or hide navigation
            </span>
          </button>
          <a
            class="wordmark"
            data-discover="true"
            data-testid="wordmark"
            href="/"
          >
            <span
              class="wordmark__name"
            >
              Mobily Transformation Hub
            </span>
            <span
              class="badge badge--provisional"
              data-testid="provisional-badge"
              title="Provisional wordmark: no official logo has been supplied. Colours are provisional design tokens, not verified Mobily brand values."
            >
              Provisional
            </span>
            <span
              class="visually-hidden"
            >
              Provisional wordmark: no official logo has been supplied. Colours are provisional design tokens, not verified Mobily brand values.
            </span>
          </a>
          <div
            class="app-header__spacer"
          />
          <span
            class="language-switch"
          >
            <button
              aria-label="Switch language to العربية"
              class="button button--ghost-inverse button--small"
              lang="ar"
              type="button"
            >
              العربية
            </button>
            <span
              aria-atomic="true"
              aria-live="polite"
              class="language-switch__live"
              lang="en"
            />
          </span>
          <div
            class="user-box"
          >
            <span
              class="user-box__name"
            >
              Synthetic Test User
            </span>
            <span
              class="user-box__org"
            >
              Synthetic Organization
            </span>
          </div>
          <button
            class="button button--ghost-inverse button--small"
            type="button"
          >
            <svg
              aria-hidden="true"
              class="icon"
              fill="none"
              focusable="false"
              height="16"
              stroke="currentColor"
              stroke-linecap="round"
              stroke-linejoin="round"
              stroke-width="1.8"
              viewBox="0 0 20 20"
              width="16"
            >
              <path
                d="M8 4H4v12h4M12 6l4 4-4 4M16 10H8"
              />
            </svg>
             
            Sign out
          </button>
        </header>
        <div
          class="app-body"
        >
          <nav
            aria-label="Primary navigation"
            class="app-nav"
            id="_r_7u_"
          >
            <ul
              class="app-nav__list"
            >
              <li>
                <a
                  class="app-nav__link"
                  data-area="myWork"
                  data-discover="true"
                  href="/my-work"
                >
                  <span>
                    My Work
                  </span>
                </a>
              </li>
              <li>
                <a
                  class="app-nav__link"
                  data-area="executive"
                  data-discover="true"
                  href="/executive-overview"
                >
                  <span>
                    Executive Overview
                  </span>
                  <span
                    class="app-nav__tag"
                  >
                    Planned
 ...
   × gate dialogs, 'ar' → 'en' > the decision rationale's field error follows the switch 5231ms
     → expected 'At least 3 characters. هذه القيمة قصي…' to contain 'This value is too short or too small.'

Ignored nodes: comments, script, style
<html
  dir="ltr"
  lang="en"
>
  <head>
    <title>
      Gate G1 · TR-0001 · Mobily Transformation Hub
    </title>
  </head>
  <body>
    <div>
      <div
        class="app"
      >
        <a
          class="skip-link"
          href="#main"
        >
          Skip to main content
        </a>
        <header
          class="app-header"
        >
          <button
            aria-controls="_r_82_"
            aria-expanded="false"
            class="button button--ghost-inverse nav-toggle"
            type="button"
          >
            <svg
              aria-hidden="true"
              class="icon"
              fill="none"
              focusable="false"
              height="16"
              stroke="currentColor"
              stroke-linecap="round"
              stroke-linejoin="round"
              stroke-width="1.8"
              viewBox="0 0 20 20"
              width="16"
            >
              <path
                d="M3 5h14M3 10h14M3 15h14"
              />
            </svg>
            <span
              class="visually-hidden"
            >
              Show or hide navigation
            </span>
          </button>
          <a
            class="wordmark"
            data-discover="true"
            data-testid="wordmark"
            href="/"
          >
            <span
              class="wordmark__name"
            >
              Mobily Transformation Hub
            </span>
            <span
              class="badge badge--provisional"
              data-testid="provisional-badge"
              title="Provisional wordmark: no official logo has been supplied. Colours are provisional design tokens, not verified Mobily brand values."
            >
              Provisional
            </span>
            <span
              class="visually-hidden"
            >
              Provisional wordmark: no official logo has been supplied. Colours are provisional design tokens, not verified Mobily brand values.
            </span>
          </a>
          <div
            class="app-header__spacer"
          />
          <span
            class="language-switch"
          >
            <button
              aria-label="Switch language to العربية"
              class="button button--ghost-inverse button--small"
              lang="ar"
              type="button"
            >
              العربية
            </button>
            <span
              aria-atomic="true"
              aria-live="polite"
              class="language-switch__live"
              lang="en"
            />
          </span>
          <div
            class="user-box"
          >
            <span
              class="user-box__name"
            >
              Synthetic Test User
            </span>
            <span
              class="user-box__org"
            >
              Synthetic Organization
            </span>
          </div>
          <button
            class="button button--ghost-inverse button--small"
            type="button"
          >
            <svg
              aria-hidden="true"
              class="icon"
              fill="none"
              focusable="false"
              height="16"
              stroke="currentColor"
              stroke-linecap="round"
              stroke-linejoin="round"
              stroke-width="1.8"
              viewBox="0 0 20 20"
              width="16"
            >
              <path
                d="M8 4H4v12h4M12 6l4 4-4 4M16 10H8"
              />
            </svg>
             
            Sign out
          </button>
        </header>
        <div
          class="app-body"
        >
          <nav
            aria-label="Primary navigation"
            class="app-nav"
            id="_r_82_"
          >
            <ul
              class="app-nav__list"
            >
              <li>
                <a
                  class="app-nav__link"
                  data-area="myWork"
                  data-discover="true"
                  href="/my-work"
                >
                  <span>
                    My Work
                  </span>
                </a>
              </li>
              <li>
                <a
                  class="app-nav__link"
                  data-area="executive"
                  data-discover="true"
                  href="/executive-overview"
                >
                  <span>
                    Executive Overview
                  </span>
                  <span
                    class="app-nav__tag"
                  >
                    Planned
 ...
   × North Star statement, 'en' → 'ar' > the statement's field error follows the switch 5281ms
     → expected 'جملة واحدة في سطر واحد، بحد أقصى 300 …' to contain 'أدخِل نصاً؛ المسافات وحدها ليست قيمة.'

Ignored nodes: comments, script, style
<html
  dir="rtl"
  lang="ar"
>
  <head>
    <title>
      التحديد (تحديد التوجّه) · TR-0001 · منصة موبايلي للتحوّل
    </title>
  </head>
  <body>
    <div>
      <div
        class="app"
      >
        <a
          class="skip-link"
          href="#main"
        >
          انتقل إلى المحتوى الرئيسي
        </a>
        <header
          class="app-header"
        >
          <button
            aria-controls="_r_86_"
            aria-expanded="false"
            class="button button--ghost-inverse nav-toggle"
            type="button"
          >
            <svg
              aria-hidden="true"
              class="icon"
              fill="none"
              focusable="false"
              height="16"
              stroke="currentColor"
              stroke-linecap="round"
              stroke-linejoin="round"
              stroke-width="1.8"
              viewBox="0 0 20 20"
              width="16"
            >
              <path
                d="M3 5h14M3 10h14M3 15h14"
              />
            </svg>
            <span
              class="visually-hidden"
            >
              إظهار التنقل أو إخفاؤه
            </span>
          </button>
          <a
            class="wordmark"
            data-discover="true"
            data-testid="wordmark"
            href="/"
          >
            <span
              class="wordmark__name"
            >
              منصة موبايلي للتحوّل
            </span>
            <span
              class="badge badge--provisional"
              data-testid="provisional-badge"
              title="شعار نصي مؤقت: لم يُقدَّم شعار رسمي. الألوان رموز تصميم مؤقتة وليست ألوان علامة موبايلي المعتمدة."
            >
              مؤقت
            </span>
            <span
              class="visually-hidden"
            >
              شعار نصي مؤقت: لم يُقدَّم شعار رسمي. الألوان رموز تصميم مؤقتة وليست ألوان علامة موبايلي المعتمدة.
            </span>
          </a>
          <div
            class="app-header__spacer"
          />
          <span
            class="language-switch"
          >
            <button
              aria-label="تغيير اللغة إلى English"
              class="button button--ghost-inverse button--small"
              lang="en"
              type="button"
            >
              English
            </button>
            <span
              aria-atomic="true"
              aria-live="polite"
              class="language-switch__live"
              lang="ar"
            />
          </span>
          <div
            class="user-box"
          >
            <span
              class="user-box__name"
            >
              Synthetic Test User
            </span>
            <span
              class="user-box__org"
            >
              جهة اصطناعية
            </span>
          </div>
          <button
            class="button button--ghost-inverse button--small"
            type="button"
          >
            <svg
              aria-hidden="true"
              class="icon"
              fill="none"
              focusable="false"
              height="16"
              stroke="currentColor"
              stroke-linecap="round"
              stroke-linejoin="round"
              stroke-width="1.8"
              viewBox="0 0 20 20"
              width="16"
            >
              <path
                d="M8 4H4v12h4M12 6l4 4-4 4M16 10H8"
              />
            </svg>
             
            تسجيل الخروج
          </button>
        </header>
        <div
          class="app-body"
        >
          <nav
            aria-label="التنقل الرئيسي"
            class="app-nav"
            id="_r_86_"
          >
            <ul
              class="app-nav__list"
            >
              <li>
                <a
                  class="app-nav__link"
                  data-area="myWork"
                  data-discover="true"
                  href="/my-work"
                >
                  <span>
                    عملي
                  </span>
                </a>
              </li>
              <li>
                <a
                  class="app-nav__link"
                  data-area="executive"
                  data-discover="true"
                  href="/executive-overview"
                >
                  <span>
                    النظرة التنفيذية
                  </span>
                  <span
                    class="app-nav__tag"
                  >
                    مخطط
                  </span>
                </a>
              [36...
   × North Star statement, 'ar' → 'en' > the statement's field error follows the switch 5305ms
     → expected 'One sentence, one line, at most 300 c…' to contain 'Enter some text; spaces alone are not…'

Ignored nodes: comments, script, style
<html
  dir="ltr"
  lang="en"
>
  <head>
    <title>
      Define · TR-0001 · Mobily Transformation Hub
    </title>
  </head>
  <body>
    <div>
      <div
        class="app"
      >
        <a
          class="skip-link"
          href="#main"
        >
          Skip to main content
        </a>
        <header
          class="app-header"
        >
          <button
            aria-controls="_r_8e_"
            aria-expanded="false"
            class="button button--ghost-inverse nav-toggle"
            type="button"
          >
            <svg
              aria-hidden="true"
              class="icon"
              fill="none"
              focusable="false"
              height="16"
              stroke="currentColor"
              stroke-linecap="round"
              stroke-linejoin="round"
              stroke-width="1.8"
              viewBox="0 0 20 20"
              width="16"
            >
              <path
                d="M3 5h14M3 10h14M3 15h14"
              />
            </svg>
            <span
              class="visually-hidden"
            >
              Show or hide navigation
            </span>
          </button>
          <a
            class="wordmark"
            data-discover="true"
            data-testid="wordmark"
            href="/"
          >
            <span
              class="wordmark__name"
            >
              Mobily Transformation Hub
            </span>
            <span
              class="badge badge--provisional"
              data-testid="provisional-badge"
              title="Provisional wordmark: no official logo has been supplied. Colours are provisional design tokens, not verified Mobily brand values."
            >
              Provisional
            </span>
            <span
              class="visually-hidden"
            >
              Provisional wordmark: no official logo has been supplied. Colours are provisional design tokens, not verified Mobily brand values.
            </span>
          </a>
          <div
            class="app-header__spacer"
          />
          <span
            class="language-switch"
          >
            <button
              aria-label="Switch language to العربية"
              class="button button--ghost-inverse button--small"
              lang="ar"
              type="button"
            >
              العربية
            </button>
            <span
              aria-atomic="true"
              aria-live="polite"
              class="language-switch__live"
              lang="en"
            />
          </span>
          <div
            class="user-box"
          >
            <span
              class="user-box__name"
            >
              Synthetic Test User
            </span>
            <span
              class="user-box__org"
            >
              Synthetic Organization
            </span>
          </div>
          <button
            class="button button--ghost-inverse button--small"
            type="button"
          >
            <svg
              aria-hidden="true"
              class="icon"
              fill="none"
              focusable="false"
              height="16"
              stroke="currentColor"
              stroke-linecap="round"
              stroke-linejoin="round"
              stroke-width="1.8"
              viewBox="0 0 20 20"
              width="16"
            >
              <path
                d="M8 4H4v12h4M12 6l4 4-4 4M16 10H8"
              />
            </svg>
             
            Sign out
          </button>
        </header>
        <div
          class="app-body"
        >
          <nav
            aria-label="Primary navigation"
            class="app-nav"
            id="_r_8e_"
          >
            <ul
              class="app-nav__list"
            >
              <li>
                <a
                  class="app-nav__link"
                  data-area="myWork"
                  data-discover="true"
                  href="/my-work"
                >
                  <span>
                    My Work
                  </span>
                </a>
              </li>
              <li>
                <a
                  class="app-nav__link"
                  data-area="executive"
                  data-discover="true"
                  href="/executive-overview"
                >
                  <span>
                    Executive Overview
                  </span>
                  <span
                    class="app-nav__tag"
                  >
                    Planned
  ...
   × evidence dialogs, 'en' → 'ar' > upload without a file: 'required' follows the switch 5284ms
     → expected 'حتى 25 ميغابايت. This field is requir…' to contain 'هذا الحقل مطلوب.'

Ignored nodes: comments, script, style
<html
  dir="rtl"
  lang="ar"
>
  <head>
    <title>
      الأدلة · TR-0001 · منصة موبايلي للتحوّل
    </title>
  </head>
  <body>
    <div>
      <div
        class="app"
      >
        <a
          class="skip-link"
          href="#main"
        >
          انتقل إلى المحتوى الرئيسي
        </a>
        <header
          class="app-header"
        >
          <button
            aria-controls="_r_8m_"
            aria-expanded="false"
            class="button button--ghost-inverse nav-toggle"
            type="button"
          >
            <svg
              aria-hidden="true"
              class="icon"
              fill="none"
              focusable="false"
              height="16"
              stroke="currentColor"
              stroke-linecap="round"
              stroke-linejoin="round"
              stroke-width="1.8"
              viewBox="0 0 20 20"
              width="16"
            >
              <path
                d="M3 5h14M3 10h14M3 15h14"
              />
            </svg>
            <span
              class="visually-hidden"
            >
              إظهار التنقل أو إخفاؤه
            </span>
          </button>
          <a
            class="wordmark"
            data-discover="true"
            data-testid="wordmark"
            href="/"
          >
            <span
              class="wordmark__name"
            >
              منصة موبايلي للتحوّل
            </span>
            <span
              class="badge badge--provisional"
              data-testid="provisional-badge"
              title="شعار نصي مؤقت: لم يُقدَّم شعار رسمي. الألوان رموز تصميم مؤقتة وليست ألوان علامة موبايلي المعتمدة."
            >
              مؤقت
            </span>
            <span
              class="visually-hidden"
            >
              شعار نصي مؤقت: لم يُقدَّم شعار رسمي. الألوان رموز تصميم مؤقتة وليست ألوان علامة موبايلي المعتمدة.
            </span>
          </a>
          <div
            class="app-header__spacer"
          />
          <span
            class="language-switch"
          >
            <button
              aria-label="تغيير اللغة إلى English"
              class="button button--ghost-inverse button--small"
              lang="en"
              type="button"
            >
              English
            </button>
            <span
              aria-atomic="true"
              aria-live="polite"
              class="language-switch__live"
              lang="ar"
            />
          </span>
          <div
            class="user-box"
          >
            <span
              class="user-box__name"
            >
              Synthetic Test User
            </span>
            <span
              class="user-box__org"
            >
              جهة اصطناعية
            </span>
          </div>
          <button
            class="button button--ghost-inverse button--small"
            type="button"
          >
            <svg
              aria-hidden="true"
              class="icon"
              fill="none"
              focusable="false"
              height="16"
              stroke="currentColor"
              stroke-linecap="round"
              stroke-linejoin="round"
              stroke-width="1.8"
              viewBox="0 0 20 20"
              width="16"
            >
              <path
                d="M8 4H4v12h4M12 6l4 4-4 4M16 10H8"
              />
            </svg>
             
            تسجيل الخروج
          </button>
        </header>
        <div
          class="app-body"
        >
          <nav
            aria-label="التنقل الرئيسي"
            class="app-nav"
            id="_r_8m_"
          >
            <ul
              class="app-nav__list"
            >
              <li>
                <a
                  class="app-nav__link"
                  data-area="myWork"
                  data-discover="true"
                  href="/my-work"
                >
                  <span>
                    عملي
                  </span>
                </a>
              </li>
              <li>
                <a
                  class="app-nav__link"
                  data-area="executive"
                  data-discover="true"
                  href="/executive-overview"
                >
                  <span>
                    النظرة التنفيذية
                  </span>
                  <span
                    class="app-nav__tag"
                  >
                    مخطط
                  </span>
                </a>
              </li>
     ...
   × evidence dialogs, 'en' → 'ar' > a link without a record type or record: both 'required' messages follow the switch 5309ms
     → expected 'This field is required. | This field …' to contain 'هذا الحقل مطلوب. | هذا الحقل مطلوب.'

Ignored nodes: comments, script, style
<html
  dir="rtl"
  lang="ar"
>
  <head>
    <title>
      الأدلة · TR-0001 · منصة موبايلي للتحوّل
    </title>
  </head>
  <body>
    <div>
      <div
        class="app"
      >
        <a
          class="skip-link"
          href="#main"
        >
          انتقل إلى المحتوى الرئيسي
        </a>
        <header
          class="app-header"
        >
          <button
            aria-controls="_r_8u_"
            aria-expanded="false"
            class="button button--ghost-inverse nav-toggle"
            type="button"
          >
            <svg
              aria-hidden="true"
              class="icon"
              fill="none"
              focusable="false"
              height="16"
              stroke="currentColor"
              stroke-linecap="round"
              stroke-linejoin="round"
              stroke-width="1.8"
              viewBox="0 0 20 20"
              width="16"
            >
              <path
                d="M3 5h14M3 10h14M3 15h14"
              />
            </svg>
            <span
              class="visually-hidden"
            >
              إظهار التنقل أو إخفاؤه
            </span>
          </button>
          <a
            class="wordmark"
            data-discover="true"
            data-testid="wordmark"
            href="/"
          >
            <span
              class="wordmark__name"
            >
              منصة موبايلي للتحوّل
            </span>
            <span
              class="badge badge--provisional"
              data-testid="provisional-badge"
              title="شعار نصي مؤقت: لم يُقدَّم شعار رسمي. الألوان رموز تصميم مؤقتة وليست ألوان علامة موبايلي المعتمدة."
            >
              مؤقت
            </span>
            <span
              class="visually-hidden"
            >
              شعار نصي مؤقت: لم يُقدَّم شعار رسمي. الألوان رموز تصميم مؤقتة وليست ألوان علامة موبايلي المعتمدة.
            </span>
          </a>
          <div
            class="app-header__spacer"
          />
          <span
            class="language-switch"
          >
            <button
              aria-label="تغيير اللغة إلى English"
              class="button button--ghost-inverse button--small"
              lang="en"
              type="button"
            >
              English
            </button>
            <span
              aria-atomic="true"
              aria-live="polite"
              class="language-switch__live"
              lang="ar"
            />
          </span>
          <div
            class="user-box"
          >
            <span
              class="user-box__name"
            >
              Synthetic Test User
            </span>
            <span
              class="user-box__org"
            >
              جهة اصطناعية
            </span>
          </div>
          <button
            class="button button--ghost-inverse button--small"
            type="button"
          >
            <svg
              aria-hidden="true"
              class="icon"
              fill="none"
              focusable="false"
              height="16"
              stroke="currentColor"
              stroke-linecap="round"
              stroke-linejoin="round"
              stroke-width="1.8"
              viewBox="0 0 20 20"
              width="16"
            >
              <path
                d="M8 4H4v12h4M12 6l4 4-4 4M16 10H8"
              />
            </svg>
             
            تسجيل الخروج
          </button>
        </header>
        <div
          class="app-body"
        >
          <nav
            aria-label="التنقل الرئيسي"
            class="app-nav"
            id="_r_8u_"
          >
            <ul
              class="app-nav__list"
            >
              <li>
                <a
                  class="app-nav__link"
                  data-area="myWork"
                  data-discover="true"
                  href="/my-work"
                >
                  <span>
                    عملي
                  </span>
                </a>
              </li>
              <li>
                <a
                  class="app-nav__link"
                  data-area="executive"
                  data-discover="true"
                  href="/executive-overview"
                >
                  <span>
                    النظرة التنفيذية
                  </span>
                  <span
                    class="app-nav__tag"
                  >
                    مخطط
                  </span>
                </a>
              </li>
     ...
   × evidence dialogs, 'ar' → 'en' > upload without a file: 'required' follows the switch 5341ms
     → expected 'Up to 25 MB. هذا الحقل مطلوب.' to contain 'This field is required.'

Ignored nodes: comments, script, style
<html
  dir="ltr"
  lang="en"
>
  <head>
    <title>
      Evidence · TR-0001 · Mobily Transformation Hub
    </title>
  </head>
  <body>
    <div>
      <div
        class="app"
      >
        <a
          class="skip-link"
          href="#main"
        >
          Skip to main content
        </a>
        <header
          class="app-header"
        >
          <button
            aria-controls="_r_97_"
            aria-expanded="false"
            class="button button--ghost-inverse nav-toggle"
            type="button"
          >
            <svg
              aria-hidden="true"
              class="icon"
              fill="none"
              focusable="false"
              height="16"
              stroke="currentColor"
              stroke-linecap="round"
              stroke-linejoin="round"
              stroke-width="1.8"
              viewBox="0 0 20 20"
              width="16"
            >
              <path
                d="M3 5h14M3 10h14M3 15h14"
              />
            </svg>
            <span
              class="visually-hidden"
            >
              Show or hide navigation
            </span>
          </button>
          <a
            class="wordmark"
            data-discover="true"
            data-testid="wordmark"
            href="/"
          >
            <span
              class="wordmark__name"
            >
              Mobily Transformation Hub
            </span>
            <span
              class="badge badge--provisional"
              data-testid="provisional-badge"
              title="Provisional wordmark: no official logo has been supplied. Colours are provisional design tokens, not verified Mobily brand values."
            >
              Provisional
            </span>
            <span
              class="visually-hidden"
            >
              Provisional wordmark: no official logo has been supplied. Colours are provisional design tokens, not verified Mobily brand values.
            </span>
          </a>
          <div
            class="app-header__spacer"
          />
          <span
            class="language-switch"
          >
            <button
              aria-label="Switch language to العربية"
              class="button button--ghost-inverse button--small"
              lang="ar"
              type="button"
            >
              العربية
            </button>
            <span
              aria-atomic="true"
              aria-live="polite"
              class="language-switch__live"
              lang="en"
            />
          </span>
          <div
            class="user-box"
          >
            <span
              class="user-box__name"
            >
              Synthetic Test User
            </span>
            <span
              class="user-box__org"
            >
              Synthetic Organization
            </span>
          </div>
          <button
            class="button button--ghost-inverse button--small"
            type="button"
          >
            <svg
              aria-hidden="true"
              class="icon"
              fill="none"
              focusable="false"
              height="16"
              stroke="currentColor"
              stroke-linecap="round"
              stroke-linejoin="round"
              stroke-width="1.8"
              viewBox="0 0 20 20"
              width="16"
            >
              <path
                d="M8 4H4v12h4M12 6l4 4-4 4M16 10H8"
              />
            </svg>
             
            Sign out
          </button>
        </header>
        <div
          class="app-body"
        >
          <nav
            aria-label="Primary navigation"
            class="app-nav"
            id="_r_97_"
          >
            <ul
              class="app-nav__list"
            >
              <li>
                <a
                  class="app-nav__link"
                  data-area="myWork"
                  data-discover="true"
                  href="/my-work"
                >
                  <span>
                    My Work
                  </span>
                </a>
              </li>
              <li>
                <a
                  class="app-nav__link"
                  data-area="executive"
                  data-discover="true"
                  href="/executive-overview"
                >
                  <span>
                    Executive Overview
                  </span>
                  <span
                    class="app-nav__tag"
                  >
                    Planned
...
   × evidence dialogs, 'ar' → 'en' > a link without a record type or record: both 'required' messages follow the switch 5385ms
     → expected 'هذا الحقل مطلوب. | هذا الحقل مطلوب.' to contain 'This field is required. | This field …'

Ignored nodes: comments, script, style
<html
  dir="ltr"
  lang="en"
>
  <head>
    <title>
      Evidence · TR-0001 · Mobily Transformation Hub
    </title>
  </head>
  <body>
    <div>
      <div
        class="app"
      >
        <a
          class="skip-link"
          href="#main"
        >
          Skip to main content
        </a>
        <header
          class="app-header"
        >
          <button
            aria-controls="_r_9f_"
            aria-expanded="false"
            class="button button--ghost-inverse nav-toggle"
            type="button"
          >
            <svg
              aria-hidden="true"
              class="icon"
              fill="none"
              focusable="false"
              height="16"
              stroke="currentColor"
              stroke-linecap="round"
              stroke-linejoin="round"
              stroke-width="1.8"
              viewBox="0 0 20 20"
              width="16"
            >
              <path
                d="M3 5h14M3 10h14M3 15h14"
              />
            </svg>
            <span
              class="visually-hidden"
            >
              Show or hide navigation
            </span>
          </button>
          <a
            class="wordmark"
            data-discover="true"
            data-testid="wordmark"
            href="/"
          >
            <span
              class="wordmark__name"
            >
              Mobily Transformation Hub
            </span>
            <span
              class="badge badge--provisional"
              data-testid="provisional-badge"
              title="Provisional wordmark: no official logo has been supplied. Colours are provisional design tokens, not verified Mobily brand values."
            >
              Provisional
            </span>
            <span
              class="visually-hidden"
            >
              Provisional wordmark: no official logo has been supplied. Colours are provisional design tokens, not verified Mobily brand values.
            </span>
          </a>
          <div
            class="app-header__spacer"
          />
          <span
            class="language-switch"
          >
            <button
              aria-label="Switch language to العربية"
              class="button button--ghost-inverse button--small"
              lang="ar"
              type="button"
            >
              العربية
            </button>
            <span
              aria-atomic="true"
              aria-live="polite"
              class="language-switch__live"
              lang="en"
            />
          </span>
          <div
            class="user-box"
          >
            <span
              class="user-box__name"
            >
              Synthetic Test User
            </span>
            <span
              class="user-box__org"
            >
              Synthetic Organization
            </span>
          </div>
          <button
            class="button button--ghost-inverse button--small"
            type="button"
          >
            <svg
              aria-hidden="true"
              class="icon"
              fill="none"
              focusable="false"
              height="16"
              stroke="currentColor"
              stroke-linecap="round"
              stroke-linejoin="round"
              stroke-width="1.8"
              viewBox="0 0 20 20"
              width="16"
            >
              <path
                d="M8 4H4v12h4M12 6l4 4-4 4M16 10H8"
              />
            </svg>
             
            Sign out
          </button>
        </header>
        <div
          class="app-body"
        >
          <nav
            aria-label="Primary navigation"
            class="app-nav"
            id="_r_9f_"
          >
            <ul
              class="app-nav__list"
            >
              <li>
                <a
                  class="app-nav__link"
                  data-area="myWork"
                  data-discover="true"
                  href="/my-work"
                >
                  <span>
                    My Work
                  </span>
                </a>
              </li>
              <li>
                <a
                  class="app-nav__link"
                  data-area="executive"
                  data-discover="true"
                  href="/executive-overview"
                >
                  <span>
                    Executive Overview
                  </span>
                  <span
                    class="app-nav__tag"
                  >
                    Planned
...

⎯⎯⎯⎯⎯⎯ Failed Tests 32 ⎯⎯⎯⎯⎯⎯⎯

 FAIL  |unit-web| src/components/LanguageSwitch.test.tsx > the live region and the persisted preference > en: the notice is a warning banner below the header, not inside it
 FAIL  |unit-web| src/components/LanguageSwitch.test.tsx > the live region and the persisted preference > ar: the notice is a warning banner below the header, not inside it
AssertionError: expected <button type="button" …(3)></button> to be <header class="app-header">…(6)</header> // Object.is equality

- Expected
+ Received

- <header
-   class="app-header"
- >
-   <button
-     aria-controls="_r_7_"
-     aria-expanded="false"
-     class="button button--ghost-inverse nav-toggle"
-     type="button"
-   >
-     <svg
-       aria-hidden="true"
-       class="icon"
-       fill="none"
-       focusable="false"
-       height="16"
-       stroke="currentColor"
-       stroke-linecap="round"
-       stroke-linejoin="round"
-       stroke-width="1.8"
-       viewBox="0 0 20 20"
-       width="16"
-     >
-       <path
-         d="M3 5h14M3 10h14M3 15h14"
-       />
-     </svg>
-     <span
-       class="visually-hidden"
-     >
-       Show or hide navigation
-     </span>
-   </button>
-   <a
-     class="wordmark"
-     data-discover="true"
-     data-testid="wordmark"
-     href="/"
-   >
-     <span
-       class="wordmark__name"
-     >
-       Mobily Transformation Hub
-     </span>
-     <span
-       class="badge badge--provisional"
-       data-testid="provisional-badge"
-       title="Provisional wordmark: no official logo has been supplied. Colours are provisional design tokens, not verified Mobily brand values."
-     >
-       Provisional
-     </span>
-     <span
-       class="visually-hidden"
-     >
-       Provisional wordmark: no official logo has been supplied. Colours are provisional design tokens, not verified Mobily brand values.
-     </span>
-   </a>
-   <div
-     class="app-header__spacer"
-   />
-   <span
-     class="language-switch"
-   >
  <button
    aria-label="Switch language to العربية"
    class="button button--ghost-inverse button--small"
    lang="ar"
    type="button"
  >
    العربية
  </button>
-     <span
-       aria-atomic="true"
-       aria-live="polite"
-       class="language-switch__live"
-       lang="en"
-     />
-   </span>
-   <div
-     class="user-box"
-   >
-     <span
-       class="user-box__name"
-     >
-       Synthetic Test User
-     </span>
-     <span
-       class="user-box__org"
-     >
-       Synthetic Organization
-     </span>
-   </div>
-   <button
-     class="button button--ghost-inverse button--small"
-     type="button"
-   >
-     <svg
-       aria-hidden="true"
-       class="icon"
-       fill="none"
-       focusable="false"
-       height="16"
-       stroke="currentColor"
-       stroke-linecap="round"
-       stroke-linejoin="round"
-       stroke-width="1.8"
-       viewBox="0 0 20 20"
-       width="16"
-     >
-       <path
-         d="M8 4H4v12h4M12 6l4 4-4 4M16 10H8"
-       />
-     </svg>
-      
-     Sign out
-   </button>
- </header>

 ❯ src/components/LanguageSwitch.test.tsx:158:41
    156|     await waitFor(() => expect(document.querySelector("header.app-head…
    157|     const live = document.querySelector(".language-switch__live")!;
    158|     expect(live.previousElementSibling).toBe(document.querySelector("h…
       |                                         ^
    159|     expect(live.nextElementSibling!.classList.contains("app-body")).to…
    160|     expect(live.childElementCount).toBe(0);

⎯⎯⎯⎯⎯⎯⎯⎯⎯⎯⎯⎯⎯⎯⎯⎯⎯⎯⎯⎯⎯⎯⎯[1/32]⎯

 FAIL  |unit-web| src/pages/render-time-language.test.tsx > sign-in (dev form), 'en' → 'ar' > an invalid user name: the inline message follows the switch
AssertionError: expected ' Enter a user name of 2 to 64 lowerca…' to contain 'أدخل اسم مستخدم من 2 إلى 64 حرفًا من …'

Ignored nodes: comments, script, style
<html
  dir="rtl"
  lang="ar"
>
  <head>
    <title>
      تسجيل الدخول · منصة موبايلي للتحوّل
    </title>
  </head>
  <body>
    <div>
      <div
        class="login"
      >
        <header
          class="app-header app-header--login"
        >
          <a
            class="wordmark"
            data-discover="true"
            data-testid="wordmark"
            href="/login"
          >
            <span
              class="wordmark__name"
            >
              منصة موبايلي للتحوّل
            </span>
            <span
              class="badge badge--provisional"
              data-testid="provisional-badge"
              title="شعار نصي مؤقت: لم يُقدَّم شعار رسمي. الألوان رموز تصميم مؤقتة وليست ألوان علامة موبايلي المعتمدة."
            >
              مؤقت
            </span>
            <span
              class="visually-hidden"
            >
              شعار نصي مؤقت: لم يُقدَّم شعار رسمي. الألوان رموز تصميم مؤقتة وليست ألوان علامة موبايلي المعتمدة.
            </span>
          </a>
          <div
            class="app-header__spacer"
          />
          <span
            class="language-switch"
          >
            <button
              aria-label="تغيير اللغة إلى English"
              class="button button--ghost-inverse button--small"
              lang="en"
              type="button"
            >
              English
            </button>
          </span>
        </header>
        <main
          class="login__main"
          id="main"
        >
          <section
            aria-labelledby="login-title"
            class="card login__card"
          >
            <h1
              id="login-title"
            >
              تسجيل الدخول
            </h1>
            <p
              class="muted"
            >
              سجّل الدخول بحسابك المؤسسي للمتابعة.
            </p>
            <a
              class="button button--primary button--block"
              href="/api/v1/auth/login?returnTo=%2F"
            >
              تسجيل الدخول بالحساب المؤسسي
            </a>
            <p
              class="muted small"
            >
              ستُحوَّل إلى مزوّد الهوية الخاص بجهتك.
            </p>
            <form
              aria-labelledby="_r_0_-title"
              class="dev-login"
              novalidate=""
            >
              <h2
                class="dev-login__title"
                id="_r_0_-title"
              >
                تسجيل دخول بيئة التطوير
              </h2>
              <p
                class="banner banner--warning"
                id="_r_1_"
              >
                <svg
                  aria-hidden="true"
                  class="icon"
                  fill="none"
                  focusable="false"
                  height="16"
                  stroke="currentColor"
                  stroke-linecap="round"
                  stroke-linejoin="round"
                  stroke-width="1.8"
                  viewBox="0 0 20 20"
                  width="16"
                >
                  <path
                    d="M10 3l8 14H2L10 3zm0 5v4m0 3v.5"
                  />
                </svg>
                 
                لوضع التطوير فقط: يسجّل دخول مستخدم اصطناعي مُعدّ مسبقًا. غير متاح في بيئة الإنتاج.
              </p>
              <div
                class="field field--invalid"
              >
                <label
                  class="field__label"
                  for="_r_0_"
                >
                  اسم المستخدم الاصطناعي
                </label>
                <input
                  aria-describedby="_r_1_ _r_2_"
                  aria-invalid="true"
                  autocomplete="username"
                  dir="ltr"
                  id="_r_0_"
                  name="username"
                  required=""
                  value="X"
                />
                <p
                  class="field__error"
                  id="_r_2_"
                  role="alert"
                >
                  <svg
                    aria-hidden="true"
                    class="icon"
                    fill="none"
                    focusable="false"
                    height="16"
                    stroke="currentColor"
                    stroke-linecap="round"
                    stroke-linejoin="round"
                    stroke-width="1.8"
                    viewBox="0 0 20 20"
                    width="16"
                  >
                    <path
                      d="M10 3l8 14H2L10 3zm0 5v4m0 3v.5"
                    />
                  </svg>
                   
                  Enter a user name of 2 to 64 lowercase letters, digits, dots, hyphens or underscores.
                </p>
              </div>
              <button
                class="button button--secondary"
                type="submit"
              >
                تسجيل الدخول (بيئة التطوير)
              </button>
            </form>
          </section>
          <p
            class="login__notice small"
          >
            الهوية البصرية مؤقتة: الشعار النصي والألوان بدائل مؤقتة وليست أصولًا رسمية لعلامة موبايلي.
          </p>
        </main>
      </div>
    </div>
  </body>
</html>

Expected: "أدخل اسم مستخدم من 2 إلى 64 حرفًا من الأحرف اللاتينية الصغيرة أو الأرقام أو النقاط أو الشرطات أو الشرطات السفلية."
Received: " Enter a user name of 2 to 64 lowercase letters, digits, dots, hyphens or underscores."

 ❯ src/pages/render-time-language.test.tsx:164:51
    162|     await clickSwitch();
    163|     await waitFor(() => expect(i18n.language).toBe(to));
    164|     await waitFor(() => expect(alert.textContent).toContain(tr(to)("au…
       |                                                   ^
    165|     expect(alert.textContent).not.toContain(tr(from)("auth.dev.invalid…
    166|     expect(describedText(input)).toContain(tr(to)("auth.dev.invalidUse…
 ❯ runWithExpensiveErrorDiagnosticsDisabled ../../node_modules/.pnpm/@testing-library+dom@10.4.1/node_modules/@testing-library/dom/dist/config.js:47:12
 ❯ checkCallback ../../node_modules/.pnpm/@testing-library+dom@10.4.1/node_modules/@testing-library/dom/dist/wait-for.js:124:77
 ❯ Timeout.checkRealTimersCallback ../../node_modules/.pnpm/@testing-library+dom@10.4.1/node_modules/@testing-library/dom/dist/wait-for.js:118:16

⎯⎯⎯⎯⎯⎯⎯⎯⎯⎯⎯⎯⎯⎯⎯⎯⎯⎯⎯⎯⎯⎯⎯[2/32]⎯

 FAIL  |unit-web| src/pages/render-time-language.test.tsx > sign-in (dev form), 'en' → 'ar' > a refused sign-in: the server's problem follows the switch
AssertionError: expected ' You do not have permission for this …' to contain 'ليست لديك صلاحية لهذا الإجراء.'

Ignored nodes: comments, script, style
<html
  dir="rtl"
  lang="ar"
>
  <head>
    <title>
      تسجيل الدخول · منصة موبايلي للتحوّل
    </title>
  </head>
  <body>
    <div>
      <div
        class="login"
      >
        <header
          class="app-header app-header--login"
        >
          <a
            class="wordmark"
            data-discover="true"
            data-testid="wordmark"
            href="/login"
          >
            <span
              class="wordmark__name"
            >
              منصة موبايلي للتحوّل
            </span>
            <span
              class="badge badge--provisional"
              data-testid="provisional-badge"
              title="شعار نصي مؤقت: لم يُقدَّم شعار رسمي. الألوان رموز تصميم مؤقتة وليست ألوان علامة موبايلي المعتمدة."
            >
              مؤقت
            </span>
            <span
              class="visually-hidden"
            >
              شعار نصي مؤقت: لم يُقدَّم شعار رسمي. الألوان رموز تصميم مؤقتة وليست ألوان علامة موبايلي المعتمدة.
            </span>
          </a>
          <div
            class="app-header__spacer"
          />
          <span
            class="language-switch"
          >
            <button
              aria-label="تغيير اللغة إلى English"
              class="button button--ghost-inverse button--small"
              lang="en"
              type="button"
            >
              English
            </button>
          </span>
        </header>
        <main
          class="login__main"
          id="main"
        >
          <section
            aria-labelledby="login-title"
            class="card login__card"
          >
            <h1
              id="login-title"
            >
              تسجيل الدخول
            </h1>
            <p
              class="muted"
            >
              سجّل الدخول بحسابك المؤسسي للمتابعة.
            </p>
            <a
              class="button button--primary button--block"
              href="/api/v1/auth/login?returnTo=%2F"
            >
              تسجيل الدخول بالحساب المؤسسي
            </a>
            <p
              class="muted small"
            >
              ستُحوَّل إلى مزوّد الهوية الخاص بجهتك.
            </p>
            <form
              aria-labelledby="_r_3_-title"
              class="dev-login"
              novalidate=""
            >
              <h2
                class="dev-login__title"
                id="_r_3_-title"
              >
                تسجيل دخول بيئة التطوير
              </h2>
              <p
                class="banner banner--warning"
                id="_r_4_"
              >
                <svg
                  aria-hidden="true"
                  class="icon"
                  fill="none"
                  focusable="false"
                  height="16"
                  stroke="currentColor"
                  stroke-linecap="round"
                  stroke-linejoin="round"
                  stroke-width="1.8"
                  viewBox="0 0 20 20"
                  width="16"
                >
                  <path
                    d="M10 3l8 14H2L10 3zm0 5v4m0 3v.5"
                  />
                </svg>
                 
                لوضع التطوير فقط: يسجّل دخول مستخدم اصطناعي مُعدّ مسبقًا. غير متاح في بيئة الإنتاج.
              </p>
              <div
                class="field field--invalid"
              >
                <label
                  class="field__label"
                  for="_r_3_"
                >
                  اسم المستخدم الاصطناعي
                </label>
                <input
                  aria-describedby="_r_4_ _r_5_"
                  aria-invalid="true"
                  autocomplete="username"
                  dir="ltr"
                  id="_r_3_"
                  name="username"
                  required=""
                  value="synthetic.user"
                />
                <p
                  class="field__error"
                  id="_r_5_"
                  role="alert"
                >
                  <svg
                    aria-hidden="true"
                    class="icon"
                    fill="none"
                    focusable="false"
                    height="16"
                    stroke="currentColor"
                    stroke-linecap="round"
                    stroke-linejoin="round"
                    stroke-width="1.8"
                    viewBox="0 0 20 20"
                    width="16"
                  >
                    <path
                      d="M10 3l8 14H2L10 3zm0 5v4m0 3v.5"
                    />
                  </svg>
                   
                  You do not have permission for this action.
                </p>
              </div>
              <button
                class="button button--secondary"
                type="submit"
              >
                تسجيل الدخول (بيئة التطوير)
              </button>
            </form>
          </section>
          <p
            class="login__notice small"
          >
            الهوية البصرية مؤقتة: الشعار النصي والألوان بدائل مؤقتة وليست أصولًا رسمية لعلامة موبايلي.
          </p>
        </main>
      </div>
    </div>
  </body>
</html>

Expected: "ليست لديك صلاحية لهذا الإجراء."
Received: " You do not have permission for this action."

 ❯ src/pages/render-time-language.test.tsx:126:38
    124|     await i18n.changeLanguage(to);
    125|   });
    126|   await waitFor(() => expect(read()).toContain(after));
       |                                      ^
    127|   expect(read()).not.toContain(before);
    128|   expect(document.documentElement.lang).toBe(to);
 ❯ runWithExpensiveErrorDiagnosticsDisabled ../../node_modules/.pnpm/@testing-library+dom@10.4.1/node_modules/@testing-library/dom/dist/config.js:47:12
 ❯ checkCallback ../../node_modules/.pnpm/@testing-library+dom@10.4.1/node_modules/@testing-library/dom/dist/wait-for.js:124:77
 ❯ Timeout.checkRealTimersCallback ../../node_modules/.pnpm/@testing-library+dom@10.4.1/node_modules/@testing-library/dom/dist/wait-for.js:118:16

⎯⎯⎯⎯⎯⎯⎯⎯⎯⎯⎯⎯⎯⎯⎯⎯⎯⎯⎯⎯⎯⎯⎯[3/32]⎯

 FAIL  |unit-web| src/pages/render-time-language.test.tsx > sign-in (dev form), 'ar' → 'en' > an invalid user name: the inline message follows the switch
AssertionError: expected ' أدخل اسم مستخدم من 2 إلى 64 حرفًا من…' to contain 'Enter a user name of 2 to 64 lowercas…'

Ignored nodes: comments, script, style
<html
  dir="ltr"
  lang="en"
>
  <head>
    <title>
      Sign in · Mobily Transformation Hub
    </title>
  </head>
  <body>
    <div>
      <div
        class="login"
      >
        <header
          class="app-header app-header--login"
        >
          <a
            class="wordmark"
            data-discover="true"
            data-testid="wordmark"
            href="/login"
          >
            <span
              class="wordmark__name"
            >
              Mobily Transformation Hub
            </span>
            <span
              class="badge badge--provisional"
              data-testid="provisional-badge"
              title="Provisional wordmark: no official logo has been supplied. Colours are provisional design tokens, not verified Mobily brand values."
            >
              Provisional
            </span>
            <span
              class="visually-hidden"
            >
              Provisional wordmark: no official logo has been supplied. Colours are provisional design tokens, not verified Mobily brand values.
            </span>
          </a>
          <div
            class="app-header__spacer"
          />
          <span
            class="language-switch"
          >
            <button
              aria-label="Switch language to العربية"
              class="button button--ghost-inverse button--small"
              lang="ar"
              type="button"
            >
              العربية
            </button>
          </span>
        </header>
        <main
          class="login__main"
          id="main"
        >
          <section
            aria-labelledby="login-title"
            class="card login__card"
          >
            <h1
              id="login-title"
            >
              Sign in
            </h1>
            <p
              class="muted"
            >
              Sign in with your corporate account to continue.
            </p>
            <a
              class="button button--primary button--block"
              href="/api/v1/auth/login?returnTo=%2F"
            >
              Sign in with corporate account
            </a>
            <p
              class="muted small"
            >
              You will be redirected to your organization's identity provider.
            </p>
            <form
              aria-labelledby="_r_6_-title"
              class="dev-login"
              novalidate=""
            >
              <h2
                class="dev-login__title"
                id="_r_6_-title"
              >
                Development sign-in
              </h2>
              <p
                class="banner banner--warning"
                id="_r_7_"
              >
                <svg
                  aria-hidden="true"
                  class="icon"
                  fill="none"
                  focusable="false"
                  height="16"
                  stroke="currentColor"
                  stroke-linecap="round"
                  stroke-linejoin="round"
                  stroke-width="1.8"
                  viewBox="0 0 20 20"
                  width="16"
                >
                  <path
                    d="M10 3l8 14H2L10 3zm0 5v4m0 3v.5"
                  />
                </svg>
                 
                Development mode only: signs in a seeded synthetic user. Not available in production.
              </p>
              <div
                class="field field--invalid"
              >
                <label
                  class="field__label"
                  for="_r_6_"
                >
                  Synthetic user name
                </label>
                <input
                  aria-describedby="_r_7_ _r_8_"
                  aria-invalid="true"
                  autocomplete="username"
                  dir="ltr"
                  id="_r_6_"
                  name="username"
                  required=""
                  value="X"
                />
                <p
                  class="field__error"
                  id="_r_8_"
                  role="alert"
                >
                  <svg
                    aria-hidden="true"
                    class="icon"
                    fill="none"
                    focusable="false"
                    height="16"
                    stroke="currentColor"
                    stroke-linecap="round"
                    stroke-linejoin="round"
                    stroke-width="1.8"
                    viewBox="0 0 20 20"
                    width="16"
                  >
                    <path
                      d="M10 3l8 14H2L10 3zm0 5v4m0 3v.5"
                    />
                  </svg>
                   
                  أدخل اسم مستخدم من 2 إلى 64 حرفًا من الأحرف اللاتينية الصغيرة أو الأرقام أو النقاط أو الشرطات أو الشرطات السفلية.
                </p>
              </div>
              <button
                class="button button--secondary"
                type="submit"
              >
                Sign in (development)
              </button>
            </form>
          </section>
          <p
            class="login__notice small"
          >
            Branding is provisional: the text wordmark and colours are placeholders, not official Mobily brand assets.
          </p>
        </main>
      </div>
    </div>
  </body>
</html>

Expected: "Enter a user name of 2 to 64 lowercase letters, digits, dots, hyphens or underscores."
Received: " أدخل اسم مستخدم من 2 إلى 64 حرفًا من الأحرف اللاتينية الصغيرة أو الأرقام أو النقاط أو الشرطات أو الشرطات السفلية."

 ❯ src/pages/render-time-language.test.tsx:164:51
    162|     await clickSwitch();
    163|     await waitFor(() => expect(i18n.language).toBe(to));
    164|     await waitFor(() => expect(alert.textContent).toContain(tr(to)("au…
       |                                                   ^
    165|     expect(alert.textContent).not.toContain(tr(from)("auth.dev.invalid…
    166|     expect(describedText(input)).toContain(tr(to)("auth.dev.invalidUse…
 ❯ runWithExpensiveErrorDiagnosticsDisabled ../../node_modules/.pnpm/@testing-library+dom@10.4.1/node_modules/@testing-library/dom/dist/config.js:47:12
 ❯ checkCallback ../../node_modules/.pnpm/@testing-library+dom@10.4.1/node_modules/@testing-library/dom/dist/wait-for.js:124:77
 ❯ Timeout.checkRealTimersCallback ../../node_modules/.pnpm/@testing-library+dom@10.4.1/node_modules/@testing-library/dom/dist/wait-for.js:118:16

⎯⎯⎯⎯⎯⎯⎯⎯⎯⎯⎯⎯⎯⎯⎯⎯⎯⎯⎯⎯⎯⎯⎯[4/32]⎯

 FAIL  |unit-web| src/pages/render-time-language.test.tsx > sign-in (dev form), 'ar' → 'en' > a refused sign-in: the server's problem follows the switch
AssertionError: expected ' ليست لديك صلاحية لهذا الإجراء.' to contain 'You do not have permission for this a…'

Ignored nodes: comments, script, style
<html
  dir="ltr"
  lang="en"
>
  <head>
    <title>
      Sign in · Mobily Transformation Hub
    </title>
  </head>
  <body>
    <div>
      <div
        class="login"
      >
        <header
          class="app-header app-header--login"
        >
          <a
            class="wordmark"
            data-discover="true"
            data-testid="wordmark"
            href="/login"
          >
            <span
              class="wordmark__name"
            >
              Mobily Transformation Hub
            </span>
            <span
              class="badge badge--provisional"
              data-testid="provisional-badge"
              title="Provisional wordmark: no official logo has been supplied. Colours are provisional design tokens, not verified Mobily brand values."
            >
              Provisional
            </span>
            <span
              class="visually-hidden"
            >
              Provisional wordmark: no official logo has been supplied. Colours are provisional design tokens, not verified Mobily brand values.
            </span>
          </a>
          <div
            class="app-header__spacer"
          />
          <span
            class="language-switch"
          >
            <button
              aria-label="Switch language to العربية"
              class="button button--ghost-inverse button--small"
              lang="ar"
              type="button"
            >
              العربية
            </button>
          </span>
        </header>
        <main
          class="login__main"
          id="main"
        >
          <section
            aria-labelledby="login-title"
            class="card login__card"
          >
            <h1
              id="login-title"
            >
              Sign in
            </h1>
            <p
              class="muted"
            >
              Sign in with your corporate account to continue.
            </p>
            <a
              class="button button--primary button--block"
              href="/api/v1/auth/login?returnTo=%2F"
            >
              Sign in with corporate account
            </a>
            <p
              class="muted small"
            >
              You will be redirected to your organization's identity provider.
            </p>
            <form
              aria-labelledby="_r_9_-title"
              class="dev-login"
              novalidate=""
            >
              <h2
                class="dev-login__title"
                id="_r_9_-title"
              >
                Development sign-in
              </h2>
              <p
                class="banner banner--warning"
                id="_r_a_"
              >
                <svg
                  aria-hidden="true"
                  class="icon"
                  fill="none"
                  focusable="false"
                  height="16"
                  stroke="currentColor"
                  stroke-linecap="round"
                  stroke-linejoin="round"
                  stroke-width="1.8"
                  viewBox="0 0 20 20"
                  width="16"
                >
                  <path
                    d="M10 3l8 14H2L10 3zm0 5v4m0 3v.5"
                  />
                </svg>
                 
                Development mode only: signs in a seeded synthetic user. Not available in production.
              </p>
              <div
                class="field field--invalid"
              >
                <label
                  class="field__label"
                  for="_r_9_"
                >
                  Synthetic user name
                </label>
                <input
                  aria-describedby="_r_a_ _r_b_"
                  aria-invalid="true"
                  autocomplete="username"
                  dir="ltr"
                  id="_r_9_"
                  name="username"
                  required=""
                  value="synthetic.user"
                />
                <p
                  class="field__error"
                  id="_r_b_"
                  role="alert"
                >
                  <svg
                    aria-hidden="true"
                    class="icon"
                    fill="none"
                    focusable="false"
                    height="16"
                    stroke="currentColor"
                    stroke-linecap="round"
                    stroke-linejoin="round"
                    stroke-width="1.8"
                    viewBox="0 0 20 20"
                    width="16"
                  >
                    <path
                      d="M10 3l8 14H2L10 3zm0 5v4m0 3v.5"
                    />
                  </svg>
                   
                  ليست لديك صلاحية لهذا الإجراء.
                </p>
              </div>
              <button
                class="button button--secondary"
                type="submit"
              >
                Sign in (development)
              </button>
            </form>
          </section>
          <p
            class="login__notice small"
          >
            Branding is provisional: the text wordmark and colours are placeholders, not official Mobily brand assets.
          </p>
        </main>
      </div>
    </div>
  </body>
</html>

Expected: "You do not have permission for this action."
Received: " ليست لديك صلاحية لهذا الإجراء."

 ❯ src/pages/render-time-language.test.tsx:126:38
    124|     await i18n.changeLanguage(to);
    125|   });
    126|   await waitFor(() => expect(read()).toContain(after));
       |                                      ^
    127|   expect(read()).not.toContain(before);
    128|   expect(document.documentElement.lang).toBe(to);
 ❯ runWithExpensiveErrorDiagnosticsDisabled ../../node_modules/.pnpm/@testing-library+dom@10.4.1/node_modules/@testing-library/dom/dist/config.js:47:12
 ❯ checkCallback ../../node_modules/.pnpm/@testing-library+dom@10.4.1/node_modules/@testing-library/dom/dist/wait-for.js:124:77
 ❯ Timeout.checkRealTimersCallback ../../node_modules/.pnpm/@testing-library+dom@10.4.1/node_modules/@testing-library/dom/dist/wait-for.js:118:16

⎯⎯⎯⎯⎯⎯⎯⎯⎯⎯⎯⎯⎯⎯⎯⎯⎯⎯⎯⎯⎯⎯⎯[5/32]⎯

 FAIL  |unit-web| src/pages/render-time-language.test.tsx > journey step editor, 'en' → 'ar' > a field error on a step follows the switch
AssertionError: expected 'Enter some text; spaces alone are not…' to contain 'أدخِل نصاً؛ المسافات وحدها ليست قيمة.'

Ignored nodes: comments, script, style
<html
  dir="rtl"
  lang="ar"
>
  <head>
    <title>
      التصميم · TR-0001 · منصة موبايلي للتحوّل
    </title>
  </head>
  <body>
    <div>
      <div
        class="app"
      >
        <a
          class="skip-link"
          href="#main"
        >
          انتقل إلى المحتوى الرئيسي
        </a>
        <header
          class="app-header"
        >
          <button
            aria-controls="_r_c_"
            aria-expanded="false"
            class="button button--ghost-inverse nav-toggle"
            type="button"
          >
            <svg
              aria-hidden="true"
              class="icon"
              fill="none"
              focusable="false"
              height="16"
              stroke="currentColor"
              stroke-linecap="round"
              stroke-linejoin="round"
              stroke-width="1.8"
              viewBox="0 0 20 20"
              width="16"
            >
              <path
                d="M3 5h14M3 10h14M3 15h14"
              />
            </svg>
            <span
              class="visually-hidden"
            >
              إظهار التنقل أو إخفاؤه
            </span>
          </button>
          <a
            class="wordmark"
            data-discover="true"
            data-testid="wordmark"
            href="/"
          >
            <span
              class="wordmark__name"
            >
              منصة موبايلي للتحوّل
            </span>
            <span
              class="badge badge--provisional"
              data-testid="provisional-badge"
              title="شعار نصي مؤقت: لم يُقدَّم شعار رسمي. الألوان رموز تصميم مؤقتة وليست ألوان علامة موبايلي المعتمدة."
            >
              مؤقت
            </span>
            <span
              class="visually-hidden"
            >
              شعار نصي مؤقت: لم يُقدَّم شعار رسمي. الألوان رموز تصميم مؤقتة وليست ألوان علامة موبايلي المعتمدة.
            </span>
          </a>
          <div
            class="app-header__spacer"
          />
          <span
            class="language-switch"
          >
            <button
              aria-label="تغيير اللغة إلى English"
              class="button button--ghost-inverse button--small"
              lang="en"
              type="button"
            >
              English
            </button>
            <span
              aria-atomic="true"
              aria-live="polite"
              class="language-switch__live"
              lang="ar"
            />
          </span>
          <div
            class="user-box"
          >
            <span
              class="user-box__name"
            >
              Synthetic Test User
            </span>
            <span
              class="user-box__org"
            >
              جهة اصطناعية
            </span>
          </div>
          <button
            class="button button--ghost-inverse button--small"
            type="button"
          >
            <svg
              aria-hidden="true"
              class="icon"
              fill="none"
              focusable="false"
              height="16"
              stroke="currentColor"
              stroke-linecap="round"
              stroke-linejoin="round"
              stroke-width="1.8"
              viewBox="0 0 20 20"
              width="16"
            >
              <path
                d="M8 4H4v12h4M12 6l4 4-4 4M16 10H8"
              />
            </svg>
             
            تسجيل الخروج
          </button>
        </header>
        <div
          class="app-body"
        >
          <nav
            aria-label="التنقل الرئيسي"
            class="app-nav"
            id="_r_c_"
          >
            <ul
              class="app-nav__list"
            >
              <li>
                <a
                  class="app-nav__link"
                  data-area="myWork"
                  data-discover="true"
                  href="/my-work"
                >
                  <span>
                    عملي
                  </span>
                </a>
              </li>
              <li>
                <a
                  class="app-nav__link"
                  data-area="executive"
                  data-discover="true"
                  href="/executive-overview"
                >
                  <span>
                    النظرة التنفيذية
                  </span>
                  <span
                    class="app-nav__tag"
                  >
                    مخطط
                  </span>
                </a>
              </li>
      ...

Expected: "أدخِل نصاً؛ المسافات وحدها ليست قيمة."
Received: "Enter some text; spaces alone are not a value."

 ❯ src/pages/render-time-language.test.tsx:126:38
    124|     await i18n.changeLanguage(to);
    125|   });
    126|   await waitFor(() => expect(read()).toContain(after));
       |                                      ^
    127|   expect(read()).not.toContain(before);
    128|   expect(document.documentElement.lang).toBe(to);
 ❯ runWithExpensiveErrorDiagnosticsDisabled ../../node_modules/.pnpm/@testing-library+dom@10.4.1/node_modules/@testing-library/dom/dist/config.js:47:12
 ❯ checkCallback ../../node_modules/.pnpm/@testing-library+dom@10.4.1/node_modules/@testing-library/dom/dist/wait-for.js:124:77
 ❯ Timeout.checkRealTimersCallback ../../node_modules/.pnpm/@testing-library+dom@10.4.1/node_modules/@testing-library/dom/dist/wait-for.js:118:16

⎯⎯⎯⎯⎯⎯⎯⎯⎯⎯⎯⎯⎯⎯⎯⎯⎯⎯⎯⎯⎯⎯⎯[6/32]⎯

 FAIL  |unit-web| src/pages/render-time-language.test.tsx > journey step editor, 'en' → 'ar' > the form-level "Step N:" error follows the switch (prefix and message)
AssertionError: expected ' Step 1: This value has the wrong for…' to contain 'الخطوة 1: صيغة هذه القيمة غير صحيحة.'

Ignored nodes: comments, script, style
<html
  dir="rtl"
  lang="ar"
>
  <head>
    <title>
      التصميم · TR-0001 · منصة موبايلي للتحوّل
    </title>
  </head>
  <body>
    <div>
      <div
        class="app"
      >
        <a
          class="skip-link"
          href="#main"
        >
          انتقل إلى المحتوى الرئيسي
        </a>
        <header
          class="app-header"
        >
          <button
            aria-controls="_r_v_"
            aria-expanded="false"
            class="button button--ghost-inverse nav-toggle"
            type="button"
          >
            <svg
              aria-hidden="true"
              class="icon"
              fill="none"
              focusable="false"
              height="16"
              stroke="currentColor"
              stroke-linecap="round"
              stroke-linejoin="round"
              stroke-width="1.8"
              viewBox="0 0 20 20"
              width="16"
            >
              <path
                d="M3 5h14M3 10h14M3 15h14"
              />
            </svg>
            <span
              class="visually-hidden"
            >
              إظهار التنقل أو إخفاؤه
            </span>
          </button>
          <a
            class="wordmark"
            data-discover="true"
            data-testid="wordmark"
            href="/"
          >
            <span
              class="wordmark__name"
            >
              منصة موبايلي للتحوّل
            </span>
            <span
              class="badge badge--provisional"
              data-testid="provisional-badge"
              title="شعار نصي مؤقت: لم يُقدَّم شعار رسمي. الألوان رموز تصميم مؤقتة وليست ألوان علامة موبايلي المعتمدة."
            >
              مؤقت
            </span>
            <span
              class="visually-hidden"
            >
              شعار نصي مؤقت: لم يُقدَّم شعار رسمي. الألوان رموز تصميم مؤقتة وليست ألوان علامة موبايلي المعتمدة.
            </span>
          </a>
          <div
            class="app-header__spacer"
          />
          <span
            class="language-switch"
          >
            <button
              aria-label="تغيير اللغة إلى English"
              class="button button--ghost-inverse button--small"
              lang="en"
              type="button"
            >
              English
            </button>
            <span
              aria-atomic="true"
              aria-live="polite"
              class="language-switch__live"
              lang="ar"
            />
          </span>
          <div
            class="user-box"
          >
            <span
              class="user-box__name"
            >
              Synthetic Test User
            </span>
            <span
              class="user-box__org"
            >
              جهة اصطناعية
            </span>
          </div>
          <button
            class="button button--ghost-inverse button--small"
            type="button"
          >
            <svg
              aria-hidden="true"
              class="icon"
              fill="none"
              focusable="false"
              height="16"
              stroke="currentColor"
              stroke-linecap="round"
              stroke-linejoin="round"
              stroke-width="1.8"
              viewBox="0 0 20 20"
              width="16"
            >
              <path
                d="M8 4H4v12h4M12 6l4 4-4 4M16 10H8"
              />
            </svg>
             
            تسجيل الخروج
          </button>
        </header>
        <div
          class="app-body"
        >
          <nav
            aria-label="التنقل الرئيسي"
            class="app-nav"
            id="_r_v_"
          >
            <ul
              class="app-nav__list"
            >
              <li>
                <a
                  class="app-nav__link"
                  data-area="myWork"
                  data-discover="true"
                  href="/my-work"
                >
                  <span>
                    عملي
                  </span>
                </a>
              </li>
              <li>
                <a
                  class="app-nav__link"
                  data-area="executive"
                  data-discover="true"
                  href="/executive-overview"
                >
                  <span>
                    النظرة التنفيذية
                  </span>
                  <span
                    class="app-nav__tag"
                  >
                    مخطط
                  </span>
                </a>
              </li>
      ...

Expected: "الخطوة 1: صيغة هذه القيمة غير صحيحة."
Received: " Step 1: This value has the wrong format."

 ❯ src/pages/render-time-language.test.tsx:126:38
    124|     await i18n.changeLanguage(to);
    125|   });
    126|   await waitFor(() => expect(read()).toContain(after));
       |                                      ^
    127|   expect(read()).not.toContain(before);
    128|   expect(document.documentElement.lang).toBe(to);
 ❯ runWithExpensiveErrorDiagnosticsDisabled ../../node_modules/.pnpm/@testing-library+dom@10.4.1/node_modules/@testing-library/dom/dist/config.js:47:12
 ❯ checkCallback ../../node_modules/.pnpm/@testing-library+dom@10.4.1/node_modules/@testing-library/dom/dist/wait-for.js:124:77
 ❯ Timeout.checkRealTimersCallback ../../node_modules/.pnpm/@testing-library+dom@10.4.1/node_modules/@testing-library/dom/dist/wait-for.js:118:16

⎯⎯⎯⎯⎯⎯⎯⎯⎯⎯⎯⎯⎯⎯⎯⎯⎯⎯⎯⎯⎯⎯⎯[7/32]⎯

 FAIL  |unit-web| src/pages/render-time-language.test.tsx > journey step editor, 'ar' → 'en' > a field error on a step follows the switch
AssertionError: expected 'أدخِل نصاً؛ المسافات وحدها ليست قيمة.' to contain 'Enter some text; spaces alone are not…'

Ignored nodes: comments, script, style
<html
  dir="ltr"
  lang="en"
>
  <head>
    <title>
      Design · TR-0001 · Mobily Transformation Hub
    </title>
  </head>
  <body>
    <div>
      <div
        class="app"
      >
        <a
          class="skip-link"
          href="#main"
        >
          Skip to main content
        </a>
        <header
          class="app-header"
        >
          <button
            aria-controls="_r_1i_"
            aria-expanded="false"
            class="button button--ghost-inverse nav-toggle"
            type="button"
          >
            <svg
              aria-hidden="true"
              class="icon"
              fill="none"
              focusable="false"
              height="16"
              stroke="currentColor"
              stroke-linecap="round"
              stroke-linejoin="round"
              stroke-width="1.8"
              viewBox="0 0 20 20"
              width="16"
            >
              <path
                d="M3 5h14M3 10h14M3 15h14"
              />
            </svg>
            <span
              class="visually-hidden"
            >
              Show or hide navigation
            </span>
          </button>
          <a
            class="wordmark"
            data-discover="true"
            data-testid="wordmark"
            href="/"
          >
            <span
              class="wordmark__name"
            >
              Mobily Transformation Hub
            </span>
            <span
              class="badge badge--provisional"
              data-testid="provisional-badge"
              title="Provisional wordmark: no official logo has been supplied. Colours are provisional design tokens, not verified Mobily brand values."
            >
              Provisional
            </span>
            <span
              class="visually-hidden"
            >
              Provisional wordmark: no official logo has been supplied. Colours are provisional design tokens, not verified Mobily brand values.
            </span>
          </a>
          <div
            class="app-header__spacer"
          />
          <span
            class="language-switch"
          >
            <button
              aria-label="Switch language to العربية"
              class="button button--ghost-inverse button--small"
              lang="ar"
              type="button"
            >
              العربية
            </button>
            <span
              aria-atomic="true"
              aria-live="polite"
              class="language-switch__live"
              lang="en"
            />
          </span>
          <div
            class="user-box"
          >
            <span
              class="user-box__name"
            >
              Synthetic Test User
            </span>
            <span
              class="user-box__org"
            >
              Synthetic Organization
            </span>
          </div>
          <button
            class="button button--ghost-inverse button--small"
            type="button"
          >
            <svg
              aria-hidden="true"
              class="icon"
              fill="none"
              focusable="false"
              height="16"
              stroke="currentColor"
              stroke-linecap="round"
              stroke-linejoin="round"
              stroke-width="1.8"
              viewBox="0 0 20 20"
              width="16"
            >
              <path
                d="M8 4H4v12h4M12 6l4 4-4 4M16 10H8"
              />
            </svg>
             
            Sign out
          </button>
        </header>
        <div
          class="app-body"
        >
          <nav
            aria-label="Primary navigation"
            class="app-nav"
            id="_r_1i_"
          >
            <ul
              class="app-nav__list"
            >
              <li>
                <a
                  class="app-nav__link"
                  data-area="myWork"
                  data-discover="true"
                  href="/my-work"
                >
                  <span>
                    My Work
                  </span>
                </a>
              </li>
              <li>
                <a
                  class="app-nav__link"
                  data-area="executive"
                  data-discover="true"
                  href="/executive-overview"
                >
                  <span>
                    Executive Overview
                  </span>
                  <span
                    class="app-nav__tag"
                  >
                    Planned
  ...

Expected: "Enter some text; spaces alone are not a value."
Received: "أدخِل نصاً؛ المسافات وحدها ليست قيمة."

 ❯ src/pages/render-time-language.test.tsx:126:38
    124|     await i18n.changeLanguage(to);
    125|   });
    126|   await waitFor(() => expect(read()).toContain(after));
       |                                      ^
    127|   expect(read()).not.toContain(before);
    128|   expect(document.documentElement.lang).toBe(to);
 ❯ runWithExpensiveErrorDiagnosticsDisabled ../../node_modules/.pnpm/@testing-library+dom@10.4.1/node_modules/@testing-library/dom/dist/config.js:47:12
 ❯ checkCallback ../../node_modules/.pnpm/@testing-library+dom@10.4.1/node_modules/@testing-library/dom/dist/wait-for.js:124:77
 ❯ Timeout.checkRealTimersCallback ../../node_modules/.pnpm/@testing-library+dom@10.4.1/node_modules/@testing-library/dom/dist/wait-for.js:118:16

⎯⎯⎯⎯⎯⎯⎯⎯⎯⎯⎯⎯⎯⎯⎯⎯⎯⎯⎯⎯⎯⎯⎯[8/32]⎯

 FAIL  |unit-web| src/pages/render-time-language.test.tsx > journey step editor, 'ar' → 'en' > the form-level "Step N:" error follows the switch (prefix and message)
AssertionError: expected ' الخطوة 1: صيغة هذه القيمة غير صحيحة.' to contain 'Step 1: This value has the wrong form…'

Ignored nodes: comments, script, style
<html
  dir="ltr"
  lang="en"
>
  <head>
    <title>
      Design · TR-0001 · Mobily Transformation Hub
    </title>
  </head>
  <body>
    <div>
      <div
        class="app"
      >
        <a
          class="skip-link"
          href="#main"
        >
          Skip to main content
        </a>
        <header
          class="app-header"
        >
          <button
            aria-controls="_r_25_"
            aria-expanded="false"
            class="button button--ghost-inverse nav-toggle"
            type="button"
          >
            <svg
              aria-hidden="true"
              class="icon"
              fill="none"
              focusable="false"
              height="16"
              stroke="currentColor"
              stroke-linecap="round"
              stroke-linejoin="round"
              stroke-width="1.8"
              viewBox="0 0 20 20"
              width="16"
            >
              <path
                d="M3 5h14M3 10h14M3 15h14"
              />
            </svg>
            <span
              class="visually-hidden"
            >
              Show or hide navigation
            </span>
          </button>
          <a
            class="wordmark"
            data-discover="true"
            data-testid="wordmark"
            href="/"
          >
            <span
              class="wordmark__name"
            >
              Mobily Transformation Hub
            </span>
            <span
              class="badge badge--provisional"
              data-testid="provisional-badge"
              title="Provisional wordmark: no official logo has been supplied. Colours are provisional design tokens, not verified Mobily brand values."
            >
              Provisional
            </span>
            <span
              class="visually-hidden"
            >
              Provisional wordmark: no official logo has been supplied. Colours are provisional design tokens, not verified Mobily brand values.
            </span>
          </a>
          <div
            class="app-header__spacer"
          />
          <span
            class="language-switch"
          >
            <button
              aria-label="Switch language to العربية"
              class="button button--ghost-inverse button--small"
              lang="ar"
              type="button"
            >
              العربية
            </button>
            <span
              aria-atomic="true"
              aria-live="polite"
              class="language-switch__live"
              lang="en"
            />
          </span>
          <div
            class="user-box"
          >
            <span
              class="user-box__name"
            >
              Synthetic Test User
            </span>
            <span
              class="user-box__org"
            >
              Synthetic Organization
            </span>
          </div>
          <button
            class="button button--ghost-inverse button--small"
            type="button"
          >
            <svg
              aria-hidden="true"
              class="icon"
              fill="none"
              focusable="false"
              height="16"
              stroke="currentColor"
              stroke-linecap="round"
              stroke-linejoin="round"
              stroke-width="1.8"
              viewBox="0 0 20 20"
              width="16"
            >
              <path
                d="M8 4H4v12h4M12 6l4 4-4 4M16 10H8"
              />
            </svg>
             
            Sign out
          </button>
        </header>
        <div
          class="app-body"
        >
          <nav
            aria-label="Primary navigation"
            class="app-nav"
            id="_r_25_"
          >
            <ul
              class="app-nav__list"
            >
              <li>
                <a
                  class="app-nav__link"
                  data-area="myWork"
                  data-discover="true"
                  href="/my-work"
                >
                  <span>
                    My Work
                  </span>
                </a>
              </li>
              <li>
                <a
                  class="app-nav__link"
                  data-area="executive"
                  data-discover="true"
                  href="/executive-overview"
                >
                  <span>
                    Executive Overview
                  </span>
                  <span
                    class="app-nav__tag"
                  >
                    Planned
  ...

Expected: "Step 1: This value has the wrong format."
Received: " الخطوة 1: صيغة هذه القيمة غير صحيحة."

 ❯ src/pages/render-time-language.test.tsx:126:38
    124|     await i18n.changeLanguage(to);
    125|   });
    126|   await waitFor(() => expect(read()).toContain(after));
       |                                      ^
    127|   expect(read()).not.toContain(before);
    128|   expect(document.documentElement.lang).toBe(to);
 ❯ runWithExpensiveErrorDiagnosticsDisabled ../../node_modules/.pnpm/@testing-library+dom@10.4.1/node_modules/@testing-library/dom/dist/config.js:47:12
 ❯ checkCallback ../../node_modules/.pnpm/@testing-library+dom@10.4.1/node_modules/@testing-library/dom/dist/wait-for.js:124:77
 ❯ Timeout.checkRealTimersCallback ../../node_modules/.pnpm/@testing-library+dom@10.4.1/node_modules/@testing-library/dom/dist/wait-for.js:118:16

⎯⎯⎯⎯⎯⎯⎯⎯⎯⎯⎯⎯⎯⎯⎯⎯⎯⎯⎯⎯⎯⎯⎯[9/32]⎯

 FAIL  |unit-web| src/pages/render-time-language.test.tsx > row-action note and reason dialog, 'en' → 'ar' > the Finance validation note's 'required' follows the switch
AssertionError: expected 'This field is required.' to contain 'هذا الحقل مطلوب.'

Ignored nodes: comments, script, style
<html
  dir="rtl"
  lang="ar"
>
  <head>
    <title>
      التشخيص · TR-0001 · منصة موبايلي للتحوّل
    </title>
  </head>
  <body>
    <div>
      <div
        class="app"
      >
        <a
          class="skip-link"
          href="#main"
        >
          انتقل إلى المحتوى الرئيسي
        </a>
        <header
          class="app-header"
        >
          <button
            aria-controls="_r_2o_"
            aria-expanded="false"
            class="button button--ghost-inverse nav-toggle"
            type="button"
          >
            <svg
              aria-hidden="true"
              class="icon"
              fill="none"
              focusable="false"
              height="16"
              stroke="currentColor"
              stroke-linecap="round"
              stroke-linejoin="round"
              stroke-width="1.8"
              viewBox="0 0 20 20"
              width="16"
            >
              <path
                d="M3 5h14M3 10h14M3 15h14"
              />
            </svg>
            <span
              class="visually-hidden"
            >
              إظهار التنقل أو إخفاؤه
            </span>
          </button>
          <a
            class="wordmark"
            data-discover="true"
            data-testid="wordmark"
            href="/"
          >
            <span
              class="wordmark__name"
            >
              منصة موبايلي للتحوّل
            </span>
            <span
              class="badge badge--provisional"
              data-testid="provisional-badge"
              title="شعار نصي مؤقت: لم يُقدَّم شعار رسمي. الألوان رموز تصميم مؤقتة وليست ألوان علامة موبايلي المعتمدة."
            >
              مؤقت
            </span>
            <span
              class="visually-hidden"
            >
              شعار نصي مؤقت: لم يُقدَّم شعار رسمي. الألوان رموز تصميم مؤقتة وليست ألوان علامة موبايلي المعتمدة.
            </span>
          </a>
          <div
            class="app-header__spacer"
          />
          <span
            class="language-switch"
          >
            <button
              aria-label="تغيير اللغة إلى English"
              class="button button--ghost-inverse button--small"
              lang="en"
              type="button"
            >
              English
            </button>
            <span
              aria-atomic="true"
              aria-live="polite"
              class="language-switch__live"
              lang="ar"
            />
          </span>
          <div
            class="user-box"
          >
            <span
              class="user-box__name"
            >
              Synthetic Test User
            </span>
            <span
              class="user-box__org"
            >
              جهة اصطناعية
            </span>
          </div>
          <button
            class="button button--ghost-inverse button--small"
            type="button"
          >
            <svg
              aria-hidden="true"
              class="icon"
              fill="none"
              focusable="false"
              height="16"
              stroke="currentColor"
              stroke-linecap="round"
              stroke-linejoin="round"
              stroke-width="1.8"
              viewBox="0 0 20 20"
              width="16"
            >
              <path
                d="M8 4H4v12h4M12 6l4 4-4 4M16 10H8"
              />
            </svg>
             
            تسجيل الخروج
          </button>
        </header>
        <div
          class="app-body"
        >
          <nav
            aria-label="التنقل الرئيسي"
            class="app-nav"
            id="_r_2o_"
          >
            <ul
              class="app-nav__list"
            >
              <li>
                <a
                  class="app-nav__link"
                  data-area="myWork"
                  data-discover="true"
                  href="/my-work"
                >
                  <span>
                    عملي
                  </span>
                </a>
              </li>
              <li>
                <a
                  class="app-nav__link"
                  data-area="executive"
                  data-discover="true"
                  href="/executive-overview"
                >
                  <span>
                    النظرة التنفيذية
                  </span>
                  <span
                    class="app-nav__tag"
                  >
                    مخطط
                  </span>
                </a>
              </li>
    ...

Expected: "هذا الحقل مطلوب."
Received: "This field is required."

 ❯ src/pages/render-time-language.test.tsx:126:38
    124|     await i18n.changeLanguage(to);
    125|   });
    126|   await waitFor(() => expect(read()).toContain(after));
       |                                      ^
    127|   expect(read()).not.toContain(before);
    128|   expect(document.documentElement.lang).toBe(to);
 ❯ runWithExpensiveErrorDiagnosticsDisabled ../../node_modules/.pnpm/@testing-library+dom@10.4.1/node_modules/@testing-library/dom/dist/config.js:47:12
 ❯ checkCallback ../../node_modules/.pnpm/@testing-library+dom@10.4.1/node_modules/@testing-library/dom/dist/wait-for.js:124:77
 ❯ Timeout.checkRealTimersCallback ../../node_modules/.pnpm/@testing-library+dom@10.4.1/node_modules/@testing-library/dom/dist/wait-for.js:118:16

⎯⎯⎯⎯⎯⎯⎯⎯⎯⎯⎯⎯⎯⎯⎯⎯⎯⎯⎯⎯⎯⎯[10/32]⎯

 FAIL  |unit-web| src/pages/render-time-language.test.tsx > row-action note and reason dialog, 'en' → 'ar' > the Finance validation choice's 'required' follows the switch
AssertionError: expected ' This field is required.' to contain 'هذا الحقل مطلوب.'

Ignored nodes: comments, script, style
<html
  dir="rtl"
  lang="ar"
>
  <head>
    <title>
      التشخيص · TR-0001 · منصة موبايلي للتحوّل
    </title>
  </head>
  <body>
    <div>
      <div
        class="app"
      >
        <a
          class="skip-link"
          href="#main"
        >
          انتقل إلى المحتوى الرئيسي
        </a>
        <header
          class="app-header"
        >
          <button
            aria-controls="_r_3f_"
            aria-expanded="false"
            class="button button--ghost-inverse nav-toggle"
            type="button"
          >
            <svg
              aria-hidden="true"
              class="icon"
              fill="none"
              focusable="false"
              height="16"
              stroke="currentColor"
              stroke-linecap="round"
              stroke-linejoin="round"
              stroke-width="1.8"
              viewBox="0 0 20 20"
              width="16"
            >
              <path
                d="M3 5h14M3 10h14M3 15h14"
              />
            </svg>
            <span
              class="visually-hidden"
            >
              إظهار التنقل أو إخفاؤه
            </span>
          </button>
          <a
            class="wordmark"
            data-discover="true"
            data-testid="wordmark"
            href="/"
          >
            <span
              class="wordmark__name"
            >
              منصة موبايلي للتحوّل
            </span>
            <span
              class="badge badge--provisional"
              data-testid="provisional-badge"
              title="شعار نصي مؤقت: لم يُقدَّم شعار رسمي. الألوان رموز تصميم مؤقتة وليست ألوان علامة موبايلي المعتمدة."
            >
              مؤقت
            </span>
            <span
              class="visually-hidden"
            >
              شعار نصي مؤقت: لم يُقدَّم شعار رسمي. الألوان رموز تصميم مؤقتة وليست ألوان علامة موبايلي المعتمدة.
            </span>
          </a>
          <div
            class="app-header__spacer"
          />
          <span
            class="language-switch"
          >
            <button
              aria-label="تغيير اللغة إلى English"
              class="button button--ghost-inverse button--small"
              lang="en"
              type="button"
            >
              English
            </button>
            <span
              aria-atomic="true"
              aria-live="polite"
              class="language-switch__live"
              lang="ar"
            />
          </span>
          <div
            class="user-box"
          >
            <span
              class="user-box__name"
            >
              Synthetic Test User
            </span>
            <span
              class="user-box__org"
            >
              جهة اصطناعية
            </span>
          </div>
          <button
            class="button button--ghost-inverse button--small"
            type="button"
          >
            <svg
              aria-hidden="true"
              class="icon"
              fill="none"
              focusable="false"
              height="16"
              stroke="currentColor"
              stroke-linecap="round"
              stroke-linejoin="round"
              stroke-width="1.8"
              viewBox="0 0 20 20"
              width="16"
            >
              <path
                d="M8 4H4v12h4M12 6l4 4-4 4M16 10H8"
              />
            </svg>
             
            تسجيل الخروج
          </button>
        </header>
        <div
          class="app-body"
        >
          <nav
            aria-label="التنقل الرئيسي"
            class="app-nav"
            id="_r_3f_"
          >
            <ul
              class="app-nav__list"
            >
              <li>
                <a
                  class="app-nav__link"
                  data-area="myWork"
                  data-discover="true"
                  href="/my-work"
                >
                  <span>
                    عملي
                  </span>
                </a>
              </li>
              <li>
                <a
                  class="app-nav__link"
                  data-area="executive"
                  data-discover="true"
                  href="/executive-overview"
                >
                  <span>
                    النظرة التنفيذية
                  </span>
                  <span
                    class="app-nav__tag"
                  >
                    مخطط
                  </span>
                </a>
              </li>
    ...

Expected: "هذا الحقل مطلوب."
Received: " This field is required."

 ❯ src/pages/render-time-language.test.tsx:126:38
    124|     await i18n.changeLanguage(to);
    125|   });
    126|   await waitFor(() => expect(read()).toContain(after));
       |                                      ^
    127|   expect(read()).not.toContain(before);
    128|   expect(document.documentElement.lang).toBe(to);
 ❯ runWithExpensiveErrorDiagnosticsDisabled ../../node_modules/.pnpm/@testing-library+dom@10.4.1/node_modules/@testing-library/dom/dist/config.js:47:12
 ❯ checkCallback ../../node_modules/.pnpm/@testing-library+dom@10.4.1/node_modules/@testing-library/dom/dist/wait-for.js:124:77
 ❯ Timeout.checkRealTimersCallback ../../node_modules/.pnpm/@testing-library+dom@10.4.1/node_modules/@testing-library/dom/dist/wait-for.js:118:16

⎯⎯⎯⎯⎯⎯⎯⎯⎯⎯⎯⎯⎯⎯⎯⎯⎯⎯⎯⎯⎯⎯[11/32]⎯

 FAIL  |unit-web| src/pages/render-time-language.test.tsx > row-action note and reason dialog, 'en' → 'ar' > the archive reason's 'too short' follows the switch
AssertionError: expected 'من 3 إلى 1000 حرف. يُسجَّل السبب في س…' to contain 'هذه القيمة قصيرة أو صغيرة جدًا.'

Ignored nodes: comments, script, style
<html
  dir="rtl"
  lang="ar"
>
  <head>
    <title>
      التشخيص · TR-0001 · منصة موبايلي للتحوّل
    </title>
  </head>
  <body>
    <div>
      <div
        class="app"
      >
        <a
          class="skip-link"
          href="#main"
        >
          انتقل إلى المحتوى الرئيسي
        </a>
        <header
          class="app-header"
        >
          <button
            aria-controls="_r_46_"
            aria-expanded="false"
            class="button button--ghost-inverse nav-toggle"
            type="button"
          >
            <svg
              aria-hidden="true"
              class="icon"
              fill="none"
              focusable="false"
              height="16"
              stroke="currentColor"
              stroke-linecap="round"
              stroke-linejoin="round"
              stroke-width="1.8"
              viewBox="0 0 20 20"
              width="16"
            >
              <path
                d="M3 5h14M3 10h14M3 15h14"
              />
            </svg>
            <span
              class="visually-hidden"
            >
              إظهار التنقل أو إخفاؤه
            </span>
          </button>
          <a
            class="wordmark"
            data-discover="true"
            data-testid="wordmark"
            href="/"
          >
            <span
              class="wordmark__name"
            >
              منصة موبايلي للتحوّل
            </span>
            <span
              class="badge badge--provisional"
              data-testid="provisional-badge"
              title="شعار نصي مؤقت: لم يُقدَّم شعار رسمي. الألوان رموز تصميم مؤقتة وليست ألوان علامة موبايلي المعتمدة."
            >
              مؤقت
            </span>
            <span
              class="visually-hidden"
            >
              شعار نصي مؤقت: لم يُقدَّم شعار رسمي. الألوان رموز تصميم مؤقتة وليست ألوان علامة موبايلي المعتمدة.
            </span>
          </a>
          <div
            class="app-header__spacer"
          />
          <span
            class="language-switch"
          >
            <button
              aria-label="تغيير اللغة إلى English"
              class="button button--ghost-inverse button--small"
              lang="en"
              type="button"
            >
              English
            </button>
            <span
              aria-atomic="true"
              aria-live="polite"
              class="language-switch__live"
              lang="ar"
            />
          </span>
          <div
            class="user-box"
          >
            <span
              class="user-box__name"
            >
              Synthetic Test User
            </span>
            <span
              class="user-box__org"
            >
              جهة اصطناعية
            </span>
          </div>
          <button
            class="button button--ghost-inverse button--small"
            type="button"
          >
            <svg
              aria-hidden="true"
              class="icon"
              fill="none"
              focusable="false"
              height="16"
              stroke="currentColor"
              stroke-linecap="round"
              stroke-linejoin="round"
              stroke-width="1.8"
              viewBox="0 0 20 20"
              width="16"
            >
              <path
                d="M8 4H4v12h4M12 6l4 4-4 4M16 10H8"
              />
            </svg>
             
            تسجيل الخروج
          </button>
        </header>
        <div
          class="app-body"
        >
          <nav
            aria-label="التنقل الرئيسي"
            class="app-nav"
            id="_r_46_"
          >
            <ul
              class="app-nav__list"
            >
              <li>
                <a
                  class="app-nav__link"
                  data-area="myWork"
                  data-discover="true"
                  href="/my-work"
                >
                  <span>
                    عملي
                  </span>
                </a>
              </li>
              <li>
                <a
                  class="app-nav__link"
                  data-area="executive"
                  data-discover="true"
                  href="/executive-overview"
                >
                  <span>
                    النظرة التنفيذية
                  </span>
                  <span
                    class="app-nav__tag"
                  >
                    مخطط
                  </span>
                </a>
              </li>
    ...

Expected: "هذه القيمة قصيرة أو صغيرة جدًا."
Received: "من 3 إلى 1000 حرف. يُسجَّل السبب في سجل التدقيق. This value is too short or too small."

 ❯ src/pages/render-time-language.test.tsx:126:38
    124|     await i18n.changeLanguage(to);
    125|   });
    126|   await waitFor(() => expect(read()).toContain(after));
       |                                      ^
    127|   expect(read()).not.toContain(before);
    128|   expect(document.documentElement.lang).toBe(to);
 ❯ runWithExpensiveErrorDiagnosticsDisabled ../../node_modules/.pnpm/@testing-library+dom@10.4.1/node_modules/@testing-library/dom/dist/config.js:47:12
 ❯ checkCallback ../../node_modules/.pnpm/@testing-library+dom@10.4.1/node_modules/@testing-library/dom/dist/wait-for.js:124:77
 ❯ Timeout.checkRealTimersCallback ../../node_modules/.pnpm/@testing-library+dom@10.4.1/node_modules/@testing-library/dom/dist/wait-for.js:118:16

⎯⎯⎯⎯⎯⎯⎯⎯⎯⎯⎯⎯⎯⎯⎯⎯⎯⎯⎯⎯⎯⎯[12/32]⎯

 FAIL  |unit-web| src/pages/render-time-language.test.tsx > row-action note and reason dialog, 'ar' → 'en' > the Finance validation note's 'required' follows the switch
AssertionError: expected 'هذا الحقل مطلوب.' to contain 'This field is required.'

Ignored nodes: comments, script, style
<html
  dir="ltr"
  lang="en"
>
  <head>
    <title>
      Diagnose · TR-0001 · Mobily Transformation Hub
    </title>
  </head>
  <body>
    <div>
      <div
        class="app"
      >
        <a
          class="skip-link"
          href="#main"
        >
          Skip to main content
        </a>
        <header
          class="app-header"
        >
          <button
            aria-controls="_r_4t_"
            aria-expanded="false"
            class="button button--ghost-inverse nav-toggle"
            type="button"
          >
            <svg
              aria-hidden="true"
              class="icon"
              fill="none"
              focusable="false"
              height="16"
              stroke="currentColor"
              stroke-linecap="round"
              stroke-linejoin="round"
              stroke-width="1.8"
              viewBox="0 0 20 20"
              width="16"
            >
              <path
                d="M3 5h14M3 10h14M3 15h14"
              />
            </svg>
            <span
              class="visually-hidden"
            >
              Show or hide navigation
            </span>
          </button>
          <a
            class="wordmark"
            data-discover="true"
            data-testid="wordmark"
            href="/"
          >
            <span
              class="wordmark__name"
            >
              Mobily Transformation Hub
            </span>
            <span
              class="badge badge--provisional"
              data-testid="provisional-badge"
              title="Provisional wordmark: no official logo has been supplied. Colours are provisional design tokens, not verified Mobily brand values."
            >
              Provisional
            </span>
            <span
              class="visually-hidden"
            >
              Provisional wordmark: no official logo has been supplied. Colours are provisional design tokens, not verified Mobily brand values.
            </span>
          </a>
          <div
            class="app-header__spacer"
          />
          <span
            class="language-switch"
          >
            <button
              aria-label="Switch language to العربية"
              class="button button--ghost-inverse button--small"
              lang="ar"
              type="button"
            >
              العربية
            </button>
            <span
              aria-atomic="true"
              aria-live="polite"
              class="language-switch__live"
              lang="en"
            />
          </span>
          <div
            class="user-box"
          >
            <span
              class="user-box__name"
            >
              Synthetic Test User
            </span>
            <span
              class="user-box__org"
            >
              Synthetic Organization
            </span>
          </div>
          <button
            class="button button--ghost-inverse button--small"
            type="button"
          >
            <svg
              aria-hidden="true"
              class="icon"
              fill="none"
              focusable="false"
              height="16"
              stroke="currentColor"
              stroke-linecap="round"
              stroke-linejoin="round"
              stroke-width="1.8"
              viewBox="0 0 20 20"
              width="16"
            >
              <path
                d="M8 4H4v12h4M12 6l4 4-4 4M16 10H8"
              />
            </svg>
             
            Sign out
          </button>
        </header>
        <div
          class="app-body"
        >
          <nav
            aria-label="Primary navigation"
            class="app-nav"
            id="_r_4t_"
          >
            <ul
              class="app-nav__list"
            >
              <li>
                <a
                  class="app-nav__link"
                  data-area="myWork"
                  data-discover="true"
                  href="/my-work"
                >
                  <span>
                    My Work
                  </span>
                </a>
              </li>
              <li>
                <a
                  class="app-nav__link"
                  data-area="executive"
                  data-discover="true"
                  href="/executive-overview"
                >
                  <span>
                    Executive Overview
                  </span>
                  <span
                    class="app-nav__tag"
                  >
                    Planned
...

Expected: "This field is required."
Received: "هذا الحقل مطلوب."

 ❯ src/pages/render-time-language.test.tsx:126:38
    124|     await i18n.changeLanguage(to);
    125|   });
    126|   await waitFor(() => expect(read()).toContain(after));
       |                                      ^
    127|   expect(read()).not.toContain(before);
    128|   expect(document.documentElement.lang).toBe(to);
 ❯ runWithExpensiveErrorDiagnosticsDisabled ../../node_modules/.pnpm/@testing-library+dom@10.4.1/node_modules/@testing-library/dom/dist/config.js:47:12
 ❯ checkCallback ../../node_modules/.pnpm/@testing-library+dom@10.4.1/node_modules/@testing-library/dom/dist/wait-for.js:124:77
 ❯ Timeout.checkRealTimersCallback ../../node_modules/.pnpm/@testing-library+dom@10.4.1/node_modules/@testing-library/dom/dist/wait-for.js:118:16

⎯⎯⎯⎯⎯⎯⎯⎯⎯⎯⎯⎯⎯⎯⎯⎯⎯⎯⎯⎯⎯⎯[13/32]⎯

 FAIL  |unit-web| src/pages/render-time-language.test.tsx > row-action note and reason dialog, 'ar' → 'en' > the Finance validation choice's 'required' follows the switch
AssertionError: expected ' هذا الحقل مطلوب.' to contain 'This field is required.'

Ignored nodes: comments, script, style
<html
  dir="ltr"
  lang="en"
>
  <head>
    <title>
      Diagnose · TR-0001 · Mobily Transformation Hub
    </title>
  </head>
  <body>
    <div>
      <div
        class="app"
      >
        <a
          class="skip-link"
          href="#main"
        >
          Skip to main content
        </a>
        <header
          class="app-header"
        >
          <button
            aria-controls="_r_5k_"
            aria-expanded="false"
            class="button button--ghost-inverse nav-toggle"
            type="button"
          >
            <svg
              aria-hidden="true"
              class="icon"
              fill="none"
              focusable="false"
              height="16"
              stroke="currentColor"
              stroke-linecap="round"
              stroke-linejoin="round"
              stroke-width="1.8"
              viewBox="0 0 20 20"
              width="16"
            >
              <path
                d="M3 5h14M3 10h14M3 15h14"
              />
            </svg>
            <span
              class="visually-hidden"
            >
              Show or hide navigation
            </span>
          </button>
          <a
            class="wordmark"
            data-discover="true"
            data-testid="wordmark"
            href="/"
          >
            <span
              class="wordmark__name"
            >
              Mobily Transformation Hub
            </span>
            <span
              class="badge badge--provisional"
              data-testid="provisional-badge"
              title="Provisional wordmark: no official logo has been supplied. Colours are provisional design tokens, not verified Mobily brand values."
            >
              Provisional
            </span>
            <span
              class="visually-hidden"
            >
              Provisional wordmark: no official logo has been supplied. Colours are provisional design tokens, not verified Mobily brand values.
            </span>
          </a>
          <div
            class="app-header__spacer"
          />
          <span
            class="language-switch"
          >
            <button
              aria-label="Switch language to العربية"
              class="button button--ghost-inverse button--small"
              lang="ar"
              type="button"
            >
              العربية
            </button>
            <span
              aria-atomic="true"
              aria-live="polite"
              class="language-switch__live"
              lang="en"
            />
          </span>
          <div
            class="user-box"
          >
            <span
              class="user-box__name"
            >
              Synthetic Test User
            </span>
            <span
              class="user-box__org"
            >
              Synthetic Organization
            </span>
          </div>
          <button
            class="button button--ghost-inverse button--small"
            type="button"
          >
            <svg
              aria-hidden="true"
              class="icon"
              fill="none"
              focusable="false"
              height="16"
              stroke="currentColor"
              stroke-linecap="round"
              stroke-linejoin="round"
              stroke-width="1.8"
              viewBox="0 0 20 20"
              width="16"
            >
              <path
                d="M8 4H4v12h4M12 6l4 4-4 4M16 10H8"
              />
            </svg>
             
            Sign out
          </button>
        </header>
        <div
          class="app-body"
        >
          <nav
            aria-label="Primary navigation"
            class="app-nav"
            id="_r_5k_"
          >
            <ul
              class="app-nav__list"
            >
              <li>
                <a
                  class="app-nav__link"
                  data-area="myWork"
                  data-discover="true"
                  href="/my-work"
                >
                  <span>
                    My Work
                  </span>
                </a>
              </li>
              <li>
                <a
                  class="app-nav__link"
                  data-area="executive"
                  data-discover="true"
                  href="/executive-overview"
                >
                  <span>
                    Executive Overview
                  </span>
                  <span
                    class="app-nav__tag"
                  >
                    Planned
...

Expected: "This field is required."
Received: " هذا الحقل مطلوب."

 ❯ src/pages/render-time-language.test.tsx:126:38
    124|     await i18n.changeLanguage(to);
    125|   });
    126|   await waitFor(() => expect(read()).toContain(after));
       |                                      ^
    127|   expect(read()).not.toContain(before);
    128|   expect(document.documentElement.lang).toBe(to);
 ❯ runWithExpensiveErrorDiagnosticsDisabled ../../node_modules/.pnpm/@testing-library+dom@10.4.1/node_modules/@testing-library/dom/dist/config.js:47:12
 ❯ checkCallback ../../node_modules/.pnpm/@testing-library+dom@10.4.1/node_modules/@testing-library/dom/dist/wait-for.js:124:77
 ❯ Timeout.checkRealTimersCallback ../../node_modules/.pnpm/@testing-library+dom@10.4.1/node_modules/@testing-library/dom/dist/wait-for.js:118:16

⎯⎯⎯⎯⎯⎯⎯⎯⎯⎯⎯⎯⎯⎯⎯⎯⎯⎯⎯⎯⎯⎯[14/32]⎯

 FAIL  |unit-web| src/pages/render-time-language.test.tsx > row-action note and reason dialog, 'ar' → 'en' > the archive reason's 'too short' follows the switch
AssertionError: expected '3 to 1,000 characters. The reason is …' to contain 'This value is too short or too small.'

Ignored nodes: comments, script, style
<html
  dir="ltr"
  lang="en"
>
  <head>
    <title>
      Diagnose · TR-0001 · Mobily Transformation Hub
    </title>
  </head>
  <body>
    <div>
      <div
        class="app"
      >
        <a
          class="skip-link"
          href="#main"
        >
          Skip to main content
        </a>
        <header
          class="app-header"
        >
          <button
            aria-controls="_r_6b_"
            aria-expanded="false"
            class="button button--ghost-inverse nav-toggle"
            type="button"
          >
            <svg
              aria-hidden="true"
              class="icon"
              fill="none"
              focusable="false"
              height="16"
              stroke="currentColor"
              stroke-linecap="round"
              stroke-linejoin="round"
              stroke-width="1.8"
              viewBox="0 0 20 20"
              width="16"
            >
              <path
                d="M3 5h14M3 10h14M3 15h14"
              />
            </svg>
            <span
              class="visually-hidden"
            >
              Show or hide navigation
            </span>
          </button>
          <a
            class="wordmark"
            data-discover="true"
            data-testid="wordmark"
            href="/"
          >
            <span
              class="wordmark__name"
            >
              Mobily Transformation Hub
            </span>
            <span
              class="badge badge--provisional"
              data-testid="provisional-badge"
              title="Provisional wordmark: no official logo has been supplied. Colours are provisional design tokens, not verified Mobily brand values."
            >
              Provisional
            </span>
            <span
              class="visually-hidden"
            >
              Provisional wordmark: no official logo has been supplied. Colours are provisional design tokens, not verified Mobily brand values.
            </span>
          </a>
          <div
            class="app-header__spacer"
          />
          <span
            class="language-switch"
          >
            <button
              aria-label="Switch language to العربية"
              class="button button--ghost-inverse button--small"
              lang="ar"
              type="button"
            >
              العربية
            </button>
            <span
              aria-atomic="true"
              aria-live="polite"
              class="language-switch__live"
              lang="en"
            />
          </span>
          <div
            class="user-box"
          >
            <span
              class="user-box__name"
            >
              Synthetic Test User
            </span>
            <span
              class="user-box__org"
            >
              Synthetic Organization
            </span>
          </div>
          <button
            class="button button--ghost-inverse button--small"
            type="button"
          >
            <svg
              aria-hidden="true"
              class="icon"
              fill="none"
              focusable="false"
              height="16"
              stroke="currentColor"
              stroke-linecap="round"
              stroke-linejoin="round"
              stroke-width="1.8"
              viewBox="0 0 20 20"
              width="16"
            >
              <path
                d="M8 4H4v12h4M12 6l4 4-4 4M16 10H8"
              />
            </svg>
             
            Sign out
          </button>
        </header>
        <div
          class="app-body"
        >
          <nav
            aria-label="Primary navigation"
            class="app-nav"
            id="_r_6b_"
          >
            <ul
              class="app-nav__list"
            >
              <li>
                <a
                  class="app-nav__link"
                  data-area="myWork"
                  data-discover="true"
                  href="/my-work"
                >
                  <span>
                    My Work
                  </span>
                </a>
              </li>
              <li>
                <a
                  class="app-nav__link"
                  data-area="executive"
                  data-discover="true"
                  href="/executive-overview"
                >
                  <span>
                    Executive Overview
                  </span>
                  <span
                    class="app-nav__tag"
                  >
                    Planned
...

Expected: "This value is too short or too small."
Received: "3 to 1,000 characters. The reason is recorded in the audit trail. هذه القيمة قصيرة أو صغيرة جدًا."

 ❯ src/pages/render-time-language.test.tsx:126:38
    124|     await i18n.changeLanguage(to);
    125|   });
    126|   await waitFor(() => expect(read()).toContain(after));
       |                                      ^
    127|   expect(read()).not.toContain(before);
    128|   expect(document.documentElement.lang).toBe(to);
 ❯ runWithExpensiveErrorDiagnosticsDisabled ../../node_modules/.pnpm/@testing-library+dom@10.4.1/node_modules/@testing-library/dom/dist/config.js:47:12
 ❯ checkCallback ../../node_modules/.pnpm/@testing-library+dom@10.4.1/node_modules/@testing-library/dom/dist/wait-for.js:124:77
 ❯ Timeout.checkRealTimersCallback ../../node_modules/.pnpm/@testing-library+dom@10.4.1/node_modules/@testing-library/dom/dist/wait-for.js:118:16

⎯⎯⎯⎯⎯⎯⎯⎯⎯⎯⎯⎯⎯⎯⎯⎯⎯⎯⎯⎯⎯⎯[15/32]⎯

 FAIL  |unit-web| src/pages/render-time-language.test.tsx > record form, 'en' → 'ar' > a client field error (blank) follows the switch
AssertionError: expected 'Enter some text; spaces alone are not…' to contain 'أدخِل نصاً؛ المسافات وحدها ليست قيمة.'

Ignored nodes: comments, script, style
<html
  dir="rtl"
  lang="ar"
>
  <head>
    <title>
      Diagnose · TR-0001 · Mobily Transformation Hub
    </title>
  </head>
  <body>
    <div>
      <div
        class="dialog-backdrop"
      >
        <div
          aria-labelledby="_r_72_"
          aria-modal="true"
          class="dialog"
          role="dialog"
        >
          <h2
            class="dialog__title"
            id="_r_72_"
          >
            Synthetic record
          </h2>
          <div
            class="dialog__body"
          >
            <form
              class="form form--dialog"
              novalidate=""
            >
              <div
                class="field field--invalid"
              >
                <label
                  class="field__label"
                  for="_r_74_"
                >
                  Name (synthetic)
                  <span
                    class="field__required"
                  >
                     (
                    مطلوب
                    )
                  </span>
                </label>
                <input
                  aria-describedby="_r_74_-error"
                  aria-invalid="true"
                  aria-required="true"
                  id="_r_74_"
                  name="name"
                  type="text"
                  value="  "
                />
                <p
                  class="field__error"
                  id="_r_74_-error"
                >
                  <svg
                    aria-hidden="true"
                    class="icon"
                    fill="none"
                    focusable="false"
                    height="16"
                    stroke="currentColor"
                    stroke-linecap="round"
                    stroke-linejoin="round"
                    stroke-width="1.8"
                    viewBox="0 0 20 20"
                    width="16"
                  >
                    <path
                      d="M10 3l8 14H2L10 3zm0 5v4m0 3v.5"
                    />
                  </svg>
                   
                  Enter some text; spaces alone are not a value.
                </p>
              </div>
              <div
                class="field"
              >
                <label
                  class="field__label"
                  for="_r_76_"
                >
                  Notes (synthetic)
                </label>
                <textarea
                  id="_r_76_"
                  name="notes"
                  rows="3"
                />
              </div>
            </form>
          </div>
          <div
            class="dialog__footer"
          >
            <button
              class="button button--secondary"
              type="button"
            >
              إلغاء
            </button>
            <button
              class="button button--primary"
              type="button"
            >
              Save (synthetic)
            </button>
          </div>
        </div>
      </div>
    </div>
  </body>
</html>

Expected: "أدخِل نصاً؛ المسافات وحدها ليست قيمة."
Received: "Enter some text; spaces alone are not a value."

 ❯ src/pages/render-time-language.test.tsx:126:38
    124|     await i18n.changeLanguage(to);
    125|   });
    126|   await waitFor(() => expect(read()).toContain(after));
       |                                      ^
    127|   expect(read()).not.toContain(before);
    128|   expect(document.documentElement.lang).toBe(to);
 ❯ runWithExpensiveErrorDiagnosticsDisabled ../../node_modules/.pnpm/@testing-library+dom@10.4.1/node_modules/@testing-library/dom/dist/config.js:47:12
 ❯ checkCallback ../../node_modules/.pnpm/@testing-library+dom@10.4.1/node_modules/@testing-library/dom/dist/wait-for.js:124:77
 ❯ Timeout.checkRealTimersCallback ../../node_modules/.pnpm/@testing-library+dom@10.4.1/node_modules/@testing-library/dom/dist/wait-for.js:118:16

⎯⎯⎯⎯⎯⎯⎯⎯⎯⎯⎯⎯⎯⎯⎯⎯⎯⎯⎯⎯⎯⎯[16/32]⎯

 FAIL  |unit-web| src/pages/render-time-language.test.tsx > record form, 'en' → 'ar' > a server field error and a form-level (unmapped) error both follow the switch
AssertionError: expected 'This value is too long or too large.' to contain 'هذه القيمة طويلة أو كبيرة جدًا.'

Ignored nodes: comments, script, style
<html
  dir="rtl"
  lang="ar"
>
  <head>
    <title>
      Diagnose · TR-0001 · Mobily Transformation Hub
    </title>
  </head>
  <body>
    <div>
      <div
        class="dialog-backdrop"
      >
        <div
          aria-labelledby="_r_77_"
          aria-modal="true"
          class="dialog"
          role="dialog"
        >
          <h2
            class="dialog__title"
            id="_r_77_"
          >
            Synthetic record
          </h2>
          <div
            class="dialog__body"
          >
            <form
              class="form form--dialog"
              novalidate=""
            >
              <div
                class="field field--invalid"
              >
                <label
                  class="field__label"
                  for="_r_79_"
                >
                  Name (synthetic)
                  <span
                    class="field__required"
                  >
                     (
                    مطلوب
                    )
                  </span>
                </label>
                <input
                  aria-describedby="_r_79_-error"
                  aria-invalid="true"
                  aria-required="true"
                  id="_r_79_"
                  name="name"
                  type="text"
                  value="Synthetic name"
                />
                <p
                  class="field__error"
                  id="_r_79_-error"
                >
                  <svg
                    aria-hidden="true"
                    class="icon"
                    fill="none"
                    focusable="false"
                    height="16"
                    stroke="currentColor"
                    stroke-linecap="round"
                    stroke-linejoin="round"
                    stroke-width="1.8"
                    viewBox="0 0 20 20"
                    width="16"
                  >
                    <path
                      d="M10 3l8 14H2L10 3zm0 5v4m0 3v.5"
                    />
                  </svg>
                   
                  This value is too long or too large.
                </p>
              </div>
              <div
                class="field"
              >
                <label
                  class="field__label"
                  for="_r_7b_"
                >
                  Notes (synthetic)
                </label>
                <textarea
                  id="_r_7b_"
                  name="notes"
                  rows="3"
                />
              </div>
              <div
                class="banner banner--error"
                data-state="form-errors"
                role="alert"
              >
                <ul
                  class="plain-list"
                >
                  <li>
                    <svg
                      aria-hidden="true"
                      class="icon"
                      fill="none"
                      focusable="false"
                      height="16"
                      stroke="currentColor"
                      stroke-linecap="round"
                      stroke-linejoin="round"
                      stroke-width="1.8"
                      viewBox="0 0 20 20"
                      width="16"
                    >
                      <path
                        d="M10 3l8 14H2L10 3zm0 5v4m0 3v.5"
                      />
                    </svg>
                     
                    Remove the unsupported character from this text.
                  </li>
                </ul>
              </div>
              <p
                class="banner banner--error"
                data-state="error"
                role="alert"
              >
                <svg
                  aria-hidden="true"
                  class="icon"
                  fill="none"
                  focusable="false"
                  height="16"
                  stroke="currentColor"
                  stroke-linecap="round"
                  stroke-linejoin="round"
                  stroke-width="1.8"
                  viewBox="0 0 20 20"
                  width="16"
                >
                  <path
                    d="M10 3l8 14H2L10 3zm0 5v4m0 3v.5"
                  />
                </svg>
                 
                بعض القيم غير صالحة. راجع الحقول المميّزة.
              </p>
            </form>
          </div>
          <div
            class="dialog__footer"
          >
            <button
              class="button button--secondary"
              type="button"
            >
              إلغاء
            </button>
            <button
              class="button button--primary"
              type="button"
            >
              Save (synthetic)
            </button>
          </div>
        </div>
      </div>
    </div>
  </body>
</html>

Expected: "هذه القيمة طويلة أو كبيرة جدًا."
Received: "This value is too long or too large."

 ❯ src/pages/render-time-language.test.tsx:126:38
    124|     await i18n.changeLanguage(to);
    125|   });
    126|   await waitFor(() => expect(read()).toContain(after));
       |                                      ^
    127|   expect(read()).not.toContain(before);
    128|   expect(document.documentElement.lang).toBe(to);
 ❯ runWithExpensiveErrorDiagnosticsDisabled ../../node_modules/.pnpm/@testing-library+dom@10.4.1/node_modules/@testing-library/dom/dist/config.js:47:12
 ❯ checkCallback ../../node_modules/.pnpm/@testing-library+dom@10.4.1/node_modules/@testing-library/dom/dist/wait-for.js:124:77
 ❯ Timeout.checkRealTimersCallback ../../node_modules/.pnpm/@testing-library+dom@10.4.1/node_modules/@testing-library/dom/dist/wait-for.js:118:16

⎯⎯⎯⎯⎯⎯⎯⎯⎯⎯⎯⎯⎯⎯⎯⎯⎯⎯⎯⎯⎯⎯[17/32]⎯

 FAIL  |unit-web| src/pages/render-time-language.test.tsx > record form, 'ar' → 'en' > a client field error (blank) follows the switch
AssertionError: expected 'أدخِل نصاً؛ المسافات وحدها ليست قيمة.' to contain 'Enter some text; spaces alone are not…'

Ignored nodes: comments, script, style
<html
  dir="ltr"
  lang="en"
>
  <head>
    <title>
      Diagnose · TR-0001 · Mobily Transformation Hub
    </title>
  </head>
  <body>
    <div>
      <div
        class="dialog-backdrop"
      >
        <div
          aria-labelledby="_r_7c_"
          aria-modal="true"
          class="dialog"
          role="dialog"
        >
          <h2
            class="dialog__title"
            id="_r_7c_"
          >
            Synthetic record
          </h2>
          <div
            class="dialog__body"
          >
            <form
              class="form form--dialog"
              novalidate=""
            >
              <div
                class="field field--invalid"
              >
                <label
                  class="field__label"
                  for="_r_7e_"
                >
                  Name (synthetic)
                  <span
                    class="field__required"
                  >
                     (
                    required
                    )
                  </span>
                </label>
                <input
                  aria-describedby="_r_7e_-error"
                  aria-invalid="true"
                  aria-required="true"
                  id="_r_7e_"
                  name="name"
                  type="text"
                  value="  "
                />
                <p
                  class="field__error"
                  id="_r_7e_-error"
                >
                  <svg
                    aria-hidden="true"
                    class="icon"
                    fill="none"
                    focusable="false"
                    height="16"
                    stroke="currentColor"
                    stroke-linecap="round"
                    stroke-linejoin="round"
                    stroke-width="1.8"
                    viewBox="0 0 20 20"
                    width="16"
                  >
                    <path
                      d="M10 3l8 14H2L10 3zm0 5v4m0 3v.5"
                    />
                  </svg>
                   
                  أدخِل نصاً؛ المسافات وحدها ليست قيمة.
                </p>
              </div>
              <div
                class="field"
              >
                <label
                  class="field__label"
                  for="_r_7g_"
                >
                  Notes (synthetic)
                </label>
                <textarea
                  id="_r_7g_"
                  name="notes"
                  rows="3"
                />
              </div>
            </form>
          </div>
          <div
            class="dialog__footer"
          >
            <button
              class="button button--secondary"
              type="button"
            >
              Cancel
            </button>
            <button
              class="button button--primary"
              type="button"
            >
              Save (synthetic)
            </button>
          </div>
        </div>
      </div>
    </div>
  </body>
</html>

Expected: "Enter some text; spaces alone are not a value."
Received: "أدخِل نصاً؛ المسافات وحدها ليست قيمة."

 ❯ src/pages/render-time-language.test.tsx:126:38
    124|     await i18n.changeLanguage(to);
    125|   });
    126|   await waitFor(() => expect(read()).toContain(after));
       |                                      ^
    127|   expect(read()).not.toContain(before);
    128|   expect(document.documentElement.lang).toBe(to);
 ❯ runWithExpensiveErrorDiagnosticsDisabled ../../node_modules/.pnpm/@testing-library+dom@10.4.1/node_modules/@testing-library/dom/dist/config.js:47:12
 ❯ checkCallback ../../node_modules/.pnpm/@testing-library+dom@10.4.1/node_modules/@testing-library/dom/dist/wait-for.js:124:77
 ❯ Timeout.checkRealTimersCallback ../../node_modules/.pnpm/@testing-library+dom@10.4.1/node_modules/@testing-library/dom/dist/wait-for.js:118:16

⎯⎯⎯⎯⎯⎯⎯⎯⎯⎯⎯⎯⎯⎯⎯⎯⎯⎯⎯⎯⎯⎯[18/32]⎯

 FAIL  |unit-web| src/pages/render-time-language.test.tsx > record form, 'ar' → 'en' > a server field error and a form-level (unmapped) error both follow the switch
AssertionError: expected 'هذه القيمة طويلة أو كبيرة جدًا.' to contain 'This value is too long or too large.'

Ignored nodes: comments, script, style
<html
  dir="ltr"
  lang="en"
>
  <head>
    <title>
      Diagnose · TR-0001 · Mobily Transformation Hub
    </title>
  </head>
  <body>
    <div>
      <div
        class="dialog-backdrop"
      >
        <div
          aria-labelledby="_r_7h_"
          aria-modal="true"
          class="dialog"
          role="dialog"
        >
          <h2
            class="dialog__title"
            id="_r_7h_"
          >
            Synthetic record
          </h2>
          <div
            class="dialog__body"
          >
            <form
              class="form form--dialog"
              novalidate=""
            >
              <div
                class="field field--invalid"
              >
                <label
                  class="field__label"
                  for="_r_7j_"
                >
                  Name (synthetic)
                  <span
                    class="field__required"
                  >
                     (
                    required
                    )
                  </span>
                </label>
                <input
                  aria-describedby="_r_7j_-error"
                  aria-invalid="true"
                  aria-required="true"
                  id="_r_7j_"
                  name="name"
                  type="text"
                  value="Synthetic name"
                />
                <p
                  class="field__error"
                  id="_r_7j_-error"
                >
                  <svg
                    aria-hidden="true"
                    class="icon"
                    fill="none"
                    focusable="false"
                    height="16"
                    stroke="currentColor"
                    stroke-linecap="round"
                    stroke-linejoin="round"
                    stroke-width="1.8"
                    viewBox="0 0 20 20"
                    width="16"
                  >
                    <path
                      d="M10 3l8 14H2L10 3zm0 5v4m0 3v.5"
                    />
                  </svg>
                   
                  هذه القيمة طويلة أو كبيرة جدًا.
                </p>
              </div>
              <div
                class="field"
              >
                <label
                  class="field__label"
                  for="_r_7l_"
                >
                  Notes (synthetic)
                </label>
                <textarea
                  id="_r_7l_"
                  name="notes"
                  rows="3"
                />
              </div>
              <div
                class="banner banner--error"
                data-state="form-errors"
                role="alert"
              >
                <ul
                  class="plain-list"
                >
                  <li>
                    <svg
                      aria-hidden="true"
                      class="icon"
                      fill="none"
                      focusable="false"
                      height="16"
                      stroke="currentColor"
                      stroke-linecap="round"
                      stroke-linejoin="round"
                      stroke-width="1.8"
                      viewBox="0 0 20 20"
                      width="16"
                    >
                      <path
                        d="M10 3l8 14H2L10 3zm0 5v4m0 3v.5"
                      />
                    </svg>
                     
                    أزِل الحرف غير المدعوم من هذا النص.
                  </li>
                </ul>
              </div>
              <p
                class="banner banner--error"
                data-state="error"
                role="alert"
              >
                <svg
                  aria-hidden="true"
                  class="icon"
                  fill="none"
                  focusable="false"
                  height="16"
                  stroke="currentColor"
                  stroke-linecap="round"
                  stroke-linejoin="round"
                  stroke-width="1.8"
                  viewBox="0 0 20 20"
                  width="16"
                >
                  <path
                    d="M10 3l8 14H2L10 3zm0 5v4m0 3v.5"
                  />
                </svg>
                 
                Some values are not valid. Check the highlighted fields.
              </p>
            </form>
          </div>
          <div
            class="dialog__footer"
          >
            <button
              class="button button--secondary"
              type="button"
            >
              Cancel
            </button>
            <button
              class="button button--primary"
              type="button"
            >
              Save (synthetic)
            </button>
          </div>
        </div>
      </div>
    </div>
  </body>
</html>

Expected: "This value is too long or too large."
Received: "هذه القيمة طويلة أو كبيرة جدًا."

 ❯ src/pages/render-time-language.test.tsx:126:38
    124|     await i18n.changeLanguage(to);
    125|   });
    126|   await waitFor(() => expect(read()).toContain(after));
       |                                      ^
    127|   expect(read()).not.toContain(before);
    128|   expect(document.documentElement.lang).toBe(to);
 ❯ runWithExpensiveErrorDiagnosticsDisabled ../../node_modules/.pnpm/@testing-library+dom@10.4.1/node_modules/@testing-library/dom/dist/config.js:47:12
 ❯ checkCallback ../../node_modules/.pnpm/@testing-library+dom@10.4.1/node_modules/@testing-library/dom/dist/wait-for.js:124:77
 ❯ Timeout.checkRealTimersCallback ../../node_modules/.pnpm/@testing-library+dom@10.4.1/node_modules/@testing-library/dom/dist/wait-for.js:118:16

⎯⎯⎯⎯⎯⎯⎯⎯⎯⎯⎯⎯⎯⎯⎯⎯⎯⎯⎯⎯⎯⎯[19/32]⎯

 FAIL  |unit-web| src/pages/render-time-language.test.tsx > gate dialogs, 'en' → 'ar' > the submission note's field error follows the switch
AssertionError: expected 'Enter some text; spaces alone are not…' to contain 'أدخِل نصاً؛ المسافات وحدها ليست قيمة.'

Ignored nodes: comments, script, style
<html
  dir="rtl"
  lang="ar"
>
  <head>
    <title>
      البوابة G1 · TR-0001 · منصة موبايلي للتحوّل
    </title>
  </head>
  <body>
    <div>
      <div
        class="app"
      >
        <a
          class="skip-link"
          href="#main"
        >
          انتقل إلى المحتوى الرئيسي
        </a>
        <header
          class="app-header"
        >
          <button
            aria-controls="_r_7m_"
            aria-expanded="false"
            class="button button--ghost-inverse nav-toggle"
            type="button"
          >
            <svg
              aria-hidden="true"
              class="icon"
              fill="none"
              focusable="false"
              height="16"
              stroke="currentColor"
              stroke-linecap="round"
              stroke-linejoin="round"
              stroke-width="1.8"
              viewBox="0 0 20 20"
              width="16"
            >
              <path
                d="M3 5h14M3 10h14M3 15h14"
              />
            </svg>
            <span
              class="visually-hidden"
            >
              إظهار التنقل أو إخفاؤه
            </span>
          </button>
          <a
            class="wordmark"
            data-discover="true"
            data-testid="wordmark"
            href="/"
          >
            <span
              class="wordmark__name"
            >
              منصة موبايلي للتحوّل
            </span>
            <span
              class="badge badge--provisional"
              data-testid="provisional-badge"
              title="شعار نصي مؤقت: لم يُقدَّم شعار رسمي. الألوان رموز تصميم مؤقتة وليست ألوان علامة موبايلي المعتمدة."
            >
              مؤقت
            </span>
            <span
              class="visually-hidden"
            >
              شعار نصي مؤقت: لم يُقدَّم شعار رسمي. الألوان رموز تصميم مؤقتة وليست ألوان علامة موبايلي المعتمدة.
            </span>
          </a>
          <div
            class="app-header__spacer"
          />
          <span
            class="language-switch"
          >
            <button
              aria-label="تغيير اللغة إلى English"
              class="button button--ghost-inverse button--small"
              lang="en"
              type="button"
            >
              English
            </button>
            <span
              aria-atomic="true"
              aria-live="polite"
              class="language-switch__live"
              lang="ar"
            />
          </span>
          <div
            class="user-box"
          >
            <span
              class="user-box__name"
            >
              Synthetic Test User
            </span>
            <span
              class="user-box__org"
            >
              جهة اصطناعية
            </span>
          </div>
          <button
            class="button button--ghost-inverse button--small"
            type="button"
          >
            <svg
              aria-hidden="true"
              class="icon"
              fill="none"
              focusable="false"
              height="16"
              stroke="currentColor"
              stroke-linecap="round"
              stroke-linejoin="round"
              stroke-width="1.8"
              viewBox="0 0 20 20"
              width="16"
            >
              <path
                d="M8 4H4v12h4M12 6l4 4-4 4M16 10H8"
              />
            </svg>
             
            تسجيل الخروج
          </button>
        </header>
        <div
          class="app-body"
        >
          <nav
            aria-label="التنقل الرئيسي"
            class="app-nav"
            id="_r_7m_"
          >
            <ul
              class="app-nav__list"
            >
              <li>
                <a
                  class="app-nav__link"
                  data-area="myWork"
                  data-discover="true"
                  href="/my-work"
                >
                  <span>
                    عملي
                  </span>
                </a>
              </li>
              <li>
                <a
                  class="app-nav__link"
                  data-area="executive"
                  data-discover="true"
                  href="/executive-overview"
                >
                  <span>
                    النظرة التنفيذية
                  </span>
                  <span
                    class="app-nav__tag"
                  >
                    مخطط
                  </span>
                </a>
              </li>
 ...

Expected: "أدخِل نصاً؛ المسافات وحدها ليست قيمة."
Received: "Enter some text; spaces alone are not a value."

 ❯ src/pages/render-time-language.test.tsx:126:38
    124|     await i18n.changeLanguage(to);
    125|   });
    126|   await waitFor(() => expect(read()).toContain(after));
       |                                      ^
    127|   expect(read()).not.toContain(before);
    128|   expect(document.documentElement.lang).toBe(to);
 ❯ runWithExpensiveErrorDiagnosticsDisabled ../../node_modules/.pnpm/@testing-library+dom@10.4.1/node_modules/@testing-library/dom/dist/config.js:47:12
 ❯ checkCallback ../../node_modules/.pnpm/@testing-library+dom@10.4.1/node_modules/@testing-library/dom/dist/wait-for.js:124:77
 ❯ Timeout.checkRealTimersCallback ../../node_modules/.pnpm/@testing-library+dom@10.4.1/node_modules/@testing-library/dom/dist/wait-for.js:118:16

⎯⎯⎯⎯⎯⎯⎯⎯⎯⎯⎯⎯⎯⎯⎯⎯⎯⎯⎯⎯⎯⎯[20/32]⎯

 FAIL  |unit-web| src/pages/render-time-language.test.tsx > gate dialogs, 'en' → 'ar' > the decision rationale's field error follows the switch
AssertionError: expected '3 أحرف على الأقل. This value is too s…' to contain 'هذه القيمة قصيرة أو صغيرة جدًا.'

Ignored nodes: comments, script, style
<html
  dir="rtl"
  lang="ar"
>
  <head>
    <title>
      البوابة G1 · TR-0001 · منصة موبايلي للتحوّل
    </title>
  </head>
  <body>
    <div>
      <div
        class="app"
      >
        <a
          class="skip-link"
          href="#main"
        >
          انتقل إلى المحتوى الرئيسي
        </a>
        <header
          class="app-header"
        >
          <button
            aria-controls="_r_7q_"
            aria-expanded="false"
            class="button button--ghost-inverse nav-toggle"
            type="button"
          >
            <svg
              aria-hidden="true"
              class="icon"
              fill="none"
              focusable="false"
              height="16"
              stroke="currentColor"
              stroke-linecap="round"
              stroke-linejoin="round"
              stroke-width="1.8"
              viewBox="0 0 20 20"
              width="16"
            >
              <path
                d="M3 5h14M3 10h14M3 15h14"
              />
            </svg>
            <span
              class="visually-hidden"
            >
              إظهار التنقل أو إخفاؤه
            </span>
          </button>
          <a
            class="wordmark"
            data-discover="true"
            data-testid="wordmark"
            href="/"
          >
            <span
              class="wordmark__name"
            >
              منصة موبايلي للتحوّل
            </span>
            <span
              class="badge badge--provisional"
              data-testid="provisional-badge"
              title="شعار نصي مؤقت: لم يُقدَّم شعار رسمي. الألوان رموز تصميم مؤقتة وليست ألوان علامة موبايلي المعتمدة."
            >
              مؤقت
            </span>
            <span
              class="visually-hidden"
            >
              شعار نصي مؤقت: لم يُقدَّم شعار رسمي. الألوان رموز تصميم مؤقتة وليست ألوان علامة موبايلي المعتمدة.
            </span>
          </a>
          <div
            class="app-header__spacer"
          />
          <span
            class="language-switch"
          >
            <button
              aria-label="تغيير اللغة إلى English"
              class="button button--ghost-inverse button--small"
              lang="en"
              type="button"
            >
              English
            </button>
            <span
              aria-atomic="true"
              aria-live="polite"
              class="language-switch__live"
              lang="ar"
            />
          </span>
          <div
            class="user-box"
          >
            <span
              class="user-box__name"
            >
              Synthetic Test User
            </span>
            <span
              class="user-box__org"
            >
              جهة اصطناعية
            </span>
          </div>
          <button
            class="button button--ghost-inverse button--small"
            type="button"
          >
            <svg
              aria-hidden="true"
              class="icon"
              fill="none"
              focusable="false"
              height="16"
              stroke="currentColor"
              stroke-linecap="round"
              stroke-linejoin="round"
              stroke-width="1.8"
              viewBox="0 0 20 20"
              width="16"
            >
              <path
                d="M8 4H4v12h4M12 6l4 4-4 4M16 10H8"
              />
            </svg>
             
            تسجيل الخروج
          </button>
        </header>
        <div
          class="app-body"
        >
          <nav
            aria-label="التنقل الرئيسي"
            class="app-nav"
            id="_r_7q_"
          >
            <ul
              class="app-nav__list"
            >
              <li>
                <a
                  class="app-nav__link"
                  data-area="myWork"
                  data-discover="true"
                  href="/my-work"
                >
                  <span>
                    عملي
                  </span>
                </a>
              </li>
              <li>
                <a
                  class="app-nav__link"
                  data-area="executive"
                  data-discover="true"
                  href="/executive-overview"
                >
                  <span>
                    النظرة التنفيذية
                  </span>
                  <span
                    class="app-nav__tag"
                  >
                    مخطط
                  </span>
                </a>
              </li>
 ...

Expected: "هذه القيمة قصيرة أو صغيرة جدًا."
Received: "3 أحرف على الأقل. This value is too short or too small."

 ❯ src/pages/render-time-language.test.tsx:126:38
    124|     await i18n.changeLanguage(to);
    125|   });
    126|   await waitFor(() => expect(read()).toContain(after));
       |                                      ^
    127|   expect(read()).not.toContain(before);
    128|   expect(document.documentElement.lang).toBe(to);
 ❯ runWithExpensiveErrorDiagnosticsDisabled ../../node_modules/.pnpm/@testing-library+dom@10.4.1/node_modules/@testing-library/dom/dist/config.js:47:12
 ❯ checkCallback ../../node_modules/.pnpm/@testing-library+dom@10.4.1/node_modules/@testing-library/dom/dist/wait-for.js:124:77
 ❯ Timeout.checkRealTimersCallback ../../node_modules/.pnpm/@testing-library+dom@10.4.1/node_modules/@testing-library/dom/dist/wait-for.js:118:16

⎯⎯⎯⎯⎯⎯⎯⎯⎯⎯⎯⎯⎯⎯⎯⎯⎯⎯⎯⎯⎯⎯[21/32]⎯

 FAIL  |unit-web| src/pages/render-time-language.test.tsx > gate dialogs, 'ar' → 'en' > the submission note's field error follows the switch
AssertionError: expected 'أدخِل نصاً؛ المسافات وحدها ليست قيمة.' to contain 'Enter some text; spaces alone are not…'

Ignored nodes: comments, script, style
<html
  dir="ltr"
  lang="en"
>
  <head>
    <title>
      Gate G1 · TR-0001 · Mobily Transformation Hub
    </title>
  </head>
  <body>
    <div>
      <div
        class="app"
      >
        <a
          class="skip-link"
          href="#main"
        >
          Skip to main content
        </a>
        <header
          class="app-header"
        >
          <button
            aria-controls="_r_7u_"
            aria-expanded="false"
            class="button button--ghost-inverse nav-toggle"
            type="button"
          >
            <svg
              aria-hidden="true"
              class="icon"
              fill="none"
              focusable="false"
              height="16"
              stroke="currentColor"
              stroke-linecap="round"
              stroke-linejoin="round"
              stroke-width="1.8"
              viewBox="0 0 20 20"
              width="16"
            >
              <path
                d="M3 5h14M3 10h14M3 15h14"
              />
            </svg>
            <span
              class="visually-hidden"
            >
              Show or hide navigation
            </span>
          </button>
          <a
            class="wordmark"
            data-discover="true"
            data-testid="wordmark"
            href="/"
          >
            <span
              class="wordmark__name"
            >
              Mobily Transformation Hub
            </span>
            <span
              class="badge badge--provisional"
              data-testid="provisional-badge"
              title="Provisional wordmark: no official logo has been supplied. Colours are provisional design tokens, not verified Mobily brand values."
            >
              Provisional
            </span>
            <span
              class="visually-hidden"
            >
              Provisional wordmark: no official logo has been supplied. Colours are provisional design tokens, not verified Mobily brand values.
            </span>
          </a>
          <div
            class="app-header__spacer"
          />
          <span
            class="language-switch"
          >
            <button
              aria-label="Switch language to العربية"
              class="button button--ghost-inverse button--small"
              lang="ar"
              type="button"
            >
              العربية
            </button>
            <span
              aria-atomic="true"
              aria-live="polite"
              class="language-switch__live"
              lang="en"
            />
          </span>
          <div
            class="user-box"
          >
            <span
              class="user-box__name"
            >
              Synthetic Test User
            </span>
            <span
              class="user-box__org"
            >
              Synthetic Organization
            </span>
          </div>
          <button
            class="button button--ghost-inverse button--small"
            type="button"
          >
            <svg
              aria-hidden="true"
              class="icon"
              fill="none"
              focusable="false"
              height="16"
              stroke="currentColor"
              stroke-linecap="round"
              stroke-linejoin="round"
              stroke-width="1.8"
              viewBox="0 0 20 20"
              width="16"
            >
              <path
                d="M8 4H4v12h4M12 6l4 4-4 4M16 10H8"
              />
            </svg>
             
            Sign out
          </button>
        </header>
        <div
          class="app-body"
        >
          <nav
            aria-label="Primary navigation"
            class="app-nav"
            id="_r_7u_"
          >
            <ul
              class="app-nav__list"
            >
              <li>
                <a
                  class="app-nav__link"
                  data-area="myWork"
                  data-discover="true"
                  href="/my-work"
                >
                  <span>
                    My Work
                  </span>
                </a>
              </li>
              <li>
                <a
                  class="app-nav__link"
                  data-area="executive"
                  data-discover="true"
                  href="/executive-overview"
                >
                  <span>
                    Executive Overview
                  </span>
                  <span
                    class="app-nav__tag"
                  >
                    Planned
 ...

Expected: "Enter some text; spaces alone are not a value."
Received: "أدخِل نصاً؛ المسافات وحدها ليست قيمة."

 ❯ src/pages/render-time-language.test.tsx:126:38
    124|     await i18n.changeLanguage(to);
    125|   });
    126|   await waitFor(() => expect(read()).toContain(after));
       |                                      ^
    127|   expect(read()).not.toContain(before);
    128|   expect(document.documentElement.lang).toBe(to);
 ❯ runWithExpensiveErrorDiagnosticsDisabled ../../node_modules/.pnpm/@testing-library+dom@10.4.1/node_modules/@testing-library/dom/dist/config.js:47:12
 ❯ checkCallback ../../node_modules/.pnpm/@testing-library+dom@10.4.1/node_modules/@testing-library/dom/dist/wait-for.js:124:77
 ❯ Timeout.checkRealTimersCallback ../../node_modules/.pnpm/@testing-library+dom@10.4.1/node_modules/@testing-library/dom/dist/wait-for.js:118:16

⎯⎯⎯⎯⎯⎯⎯⎯⎯⎯⎯⎯⎯⎯⎯⎯⎯⎯⎯⎯⎯⎯[22/32]⎯

 FAIL  |unit-web| src/pages/render-time-language.test.tsx > gate dialogs, 'ar' → 'en' > the decision rationale's field error follows the switch
AssertionError: expected 'At least 3 characters. هذه القيمة قصي…' to contain 'This value is too short or too small.'

Ignored nodes: comments, script, style
<html
  dir="ltr"
  lang="en"
>
  <head>
    <title>
      Gate G1 · TR-0001 · Mobily Transformation Hub
    </title>
  </head>
  <body>
    <div>
      <div
        class="app"
      >
        <a
          class="skip-link"
          href="#main"
        >
          Skip to main content
        </a>
        <header
          class="app-header"
        >
          <button
            aria-controls="_r_82_"
            aria-expanded="false"
            class="button button--ghost-inverse nav-toggle"
            type="button"
          >
            <svg
              aria-hidden="true"
              class="icon"
              fill="none"
              focusable="false"
              height="16"
              stroke="currentColor"
              stroke-linecap="round"
              stroke-linejoin="round"
              stroke-width="1.8"
              viewBox="0 0 20 20"
              width="16"
            >
              <path
                d="M3 5h14M3 10h14M3 15h14"
              />
            </svg>
            <span
              class="visually-hidden"
            >
              Show or hide navigation
            </span>
          </button>
          <a
            class="wordmark"
            data-discover="true"
            data-testid="wordmark"
            href="/"
          >
            <span
              class="wordmark__name"
            >
              Mobily Transformation Hub
            </span>
            <span
              class="badge badge--provisional"
              data-testid="provisional-badge"
              title="Provisional wordmark: no official logo has been supplied. Colours are provisional design tokens, not verified Mobily brand values."
            >
              Provisional
            </span>
            <span
              class="visually-hidden"
            >
              Provisional wordmark: no official logo has been supplied. Colours are provisional design tokens, not verified Mobily brand values.
            </span>
          </a>
          <div
            class="app-header__spacer"
          />
          <span
            class="language-switch"
          >
            <button
              aria-label="Switch language to العربية"
              class="button button--ghost-inverse button--small"
              lang="ar"
              type="button"
            >
              العربية
            </button>
            <span
              aria-atomic="true"
              aria-live="polite"
              class="language-switch__live"
              lang="en"
            />
          </span>
          <div
            class="user-box"
          >
            <span
              class="user-box__name"
            >
              Synthetic Test User
            </span>
            <span
              class="user-box__org"
            >
              Synthetic Organization
            </span>
          </div>
          <button
            class="button button--ghost-inverse button--small"
            type="button"
          >
            <svg
              aria-hidden="true"
              class="icon"
              fill="none"
              focusable="false"
              height="16"
              stroke="currentColor"
              stroke-linecap="round"
              stroke-linejoin="round"
              stroke-width="1.8"
              viewBox="0 0 20 20"
              width="16"
            >
              <path
                d="M8 4H4v12h4M12 6l4 4-4 4M16 10H8"
              />
            </svg>
             
            Sign out
          </button>
        </header>
        <div
          class="app-body"
        >
          <nav
            aria-label="Primary navigation"
            class="app-nav"
            id="_r_82_"
          >
            <ul
              class="app-nav__list"
            >
              <li>
                <a
                  class="app-nav__link"
                  data-area="myWork"
                  data-discover="true"
                  href="/my-work"
                >
                  <span>
                    My Work
                  </span>
                </a>
              </li>
              <li>
                <a
                  class="app-nav__link"
                  data-area="executive"
                  data-discover="true"
                  href="/executive-overview"
                >
                  <span>
                    Executive Overview
                  </span>
                  <span
                    class="app-nav__tag"
                  >
                    Planned
 ...

Expected: "This value is too short or too small."
Received: "At least 3 characters. هذه القيمة قصيرة أو صغيرة جدًا."

 ❯ src/pages/render-time-language.test.tsx:126:38
    124|     await i18n.changeLanguage(to);
    125|   });
    126|   await waitFor(() => expect(read()).toContain(after));
       |                                      ^
    127|   expect(read()).not.toContain(before);
    128|   expect(document.documentElement.lang).toBe(to);
 ❯ runWithExpensiveErrorDiagnosticsDisabled ../../node_modules/.pnpm/@testing-library+dom@10.4.1/node_modules/@testing-library/dom/dist/config.js:47:12
 ❯ checkCallback ../../node_modules/.pnpm/@testing-library+dom@10.4.1/node_modules/@testing-library/dom/dist/wait-for.js:124:77
 ❯ Timeout.checkRealTimersCallback ../../node_modules/.pnpm/@testing-library+dom@10.4.1/node_modules/@testing-library/dom/dist/wait-for.js:118:16

⎯⎯⎯⎯⎯⎯⎯⎯⎯⎯⎯⎯⎯⎯⎯⎯⎯⎯⎯⎯⎯⎯[23/32]⎯

 FAIL  |unit-web| src/pages/render-time-language.test.tsx > North Star statement, 'en' → 'ar' > the statement's field error follows the switch
AssertionError: expected 'جملة واحدة في سطر واحد، بحد أقصى 300 …' to contain 'أدخِل نصاً؛ المسافات وحدها ليست قيمة.'

Ignored nodes: comments, script, style
<html
  dir="rtl"
  lang="ar"
>
  <head>
    <title>
      التحديد (تحديد التوجّه) · TR-0001 · منصة موبايلي للتحوّل
    </title>
  </head>
  <body>
    <div>
      <div
        class="app"
      >
        <a
          class="skip-link"
          href="#main"
        >
          انتقل إلى المحتوى الرئيسي
        </a>
        <header
          class="app-header"
        >
          <button
            aria-controls="_r_86_"
            aria-expanded="false"
            class="button button--ghost-inverse nav-toggle"
            type="button"
          >
            <svg
              aria-hidden="true"
              class="icon"
              fill="none"
              focusable="false"
              height="16"
              stroke="currentColor"
              stroke-linecap="round"
              stroke-linejoin="round"
              stroke-width="1.8"
              viewBox="0 0 20 20"
              width="16"
            >
              <path
                d="M3 5h14M3 10h14M3 15h14"
              />
            </svg>
            <span
              class="visually-hidden"
            >
              إظهار التنقل أو إخفاؤه
            </span>
          </button>
          <a
            class="wordmark"
            data-discover="true"
            data-testid="wordmark"
            href="/"
          >
            <span
              class="wordmark__name"
            >
              منصة موبايلي للتحوّل
            </span>
            <span
              class="badge badge--provisional"
              data-testid="provisional-badge"
              title="شعار نصي مؤقت: لم يُقدَّم شعار رسمي. الألوان رموز تصميم مؤقتة وليست ألوان علامة موبايلي المعتمدة."
            >
              مؤقت
            </span>
            <span
              class="visually-hidden"
            >
              شعار نصي مؤقت: لم يُقدَّم شعار رسمي. الألوان رموز تصميم مؤقتة وليست ألوان علامة موبايلي المعتمدة.
            </span>
          </a>
          <div
            class="app-header__spacer"
          />
          <span
            class="language-switch"
          >
            <button
              aria-label="تغيير اللغة إلى English"
              class="button button--ghost-inverse button--small"
              lang="en"
              type="button"
            >
              English
            </button>
            <span
              aria-atomic="true"
              aria-live="polite"
              class="language-switch__live"
              lang="ar"
            />
          </span>
          <div
            class="user-box"
          >
            <span
              class="user-box__name"
            >
              Synthetic Test User
            </span>
            <span
              class="user-box__org"
            >
              جهة اصطناعية
            </span>
          </div>
          <button
            class="button button--ghost-inverse button--small"
            type="button"
          >
            <svg
              aria-hidden="true"
              class="icon"
              fill="none"
              focusable="false"
              height="16"
              stroke="currentColor"
              stroke-linecap="round"
              stroke-linejoin="round"
              stroke-width="1.8"
              viewBox="0 0 20 20"
              width="16"
            >
              <path
                d="M8 4H4v12h4M12 6l4 4-4 4M16 10H8"
              />
            </svg>
             
            تسجيل الخروج
          </button>
        </header>
        <div
          class="app-body"
        >
          <nav
            aria-label="التنقل الرئيسي"
            class="app-nav"
            id="_r_86_"
          >
            <ul
              class="app-nav__list"
            >
              <li>
                <a
                  class="app-nav__link"
                  data-area="myWork"
                  data-discover="true"
                  href="/my-work"
                >
                  <span>
                    عملي
                  </span>
                </a>
              </li>
              <li>
                <a
                  class="app-nav__link"
                  data-area="executive"
                  data-discover="true"
                  href="/executive-overview"
                >
                  <span>
                    النظرة التنفيذية
                  </span>
                  <span
                    class="app-nav__tag"
                  >
                    مخطط
                  </span>
                </a>
              [36...

Expected: "أدخِل نصاً؛ المسافات وحدها ليست قيمة."
Received: "جملة واحدة في سطر واحد، بحد أقصى 300 حرف. Enter some text; spaces alone are not a value."

 ❯ src/pages/render-time-language.test.tsx:126:38
    124|     await i18n.changeLanguage(to);
    125|   });
    126|   await waitFor(() => expect(read()).toContain(after));
       |                                      ^
    127|   expect(read()).not.toContain(before);
    128|   expect(document.documentElement.lang).toBe(to);
 ❯ runWithExpensiveErrorDiagnosticsDisabled ../../node_modules/.pnpm/@testing-library+dom@10.4.1/node_modules/@testing-library/dom/dist/config.js:47:12
 ❯ checkCallback ../../node_modules/.pnpm/@testing-library+dom@10.4.1/node_modules/@testing-library/dom/dist/wait-for.js:124:77
 ❯ Timeout.checkRealTimersCallback ../../node_modules/.pnpm/@testing-library+dom@10.4.1/node_modules/@testing-library/dom/dist/wait-for.js:118:16

⎯⎯⎯⎯⎯⎯⎯⎯⎯⎯⎯⎯⎯⎯⎯⎯⎯⎯⎯⎯⎯⎯[24/32]⎯

 FAIL  |unit-web| src/pages/render-time-language.test.tsx > North Star statement, 'ar' → 'en' > the statement's field error follows the switch
AssertionError: expected 'One sentence, one line, at most 300 c…' to contain 'Enter some text; spaces alone are not…'

Ignored nodes: comments, script, style
<html
  dir="ltr"
  lang="en"
>
  <head>
    <title>
      Define · TR-0001 · Mobily Transformation Hub
    </title>
  </head>
  <body>
    <div>
      <div
        class="app"
      >
        <a
          class="skip-link"
          href="#main"
        >
          Skip to main content
        </a>
        <header
          class="app-header"
        >
          <button
            aria-controls="_r_8e_"
            aria-expanded="false"
            class="button button--ghost-inverse nav-toggle"
            type="button"
          >
            <svg
              aria-hidden="true"
              class="icon"
              fill="none"
              focusable="false"
              height="16"
              stroke="currentColor"
              stroke-linecap="round"
              stroke-linejoin="round"
              stroke-width="1.8"
              viewBox="0 0 20 20"
              width="16"
            >
              <path
                d="M3 5h14M3 10h14M3 15h14"
              />
            </svg>
            <span
              class="visually-hidden"
            >
              Show or hide navigation
            </span>
          </button>
          <a
            class="wordmark"
            data-discover="true"
            data-testid="wordmark"
            href="/"
          >
            <span
              class="wordmark__name"
            >
              Mobily Transformation Hub
            </span>
            <span
              class="badge badge--provisional"
              data-testid="provisional-badge"
              title="Provisional wordmark: no official logo has been supplied. Colours are provisional design tokens, not verified Mobily brand values."
            >
              Provisional
            </span>
            <span
              class="visually-hidden"
            >
              Provisional wordmark: no official logo has been supplied. Colours are provisional design tokens, not verified Mobily brand values.
            </span>
          </a>
          <div
            class="app-header__spacer"
          />
          <span
            class="language-switch"
          >
            <button
              aria-label="Switch language to العربية"
              class="button button--ghost-inverse button--small"
              lang="ar"
              type="button"
            >
              العربية
            </button>
            <span
              aria-atomic="true"
              aria-live="polite"
              class="language-switch__live"
              lang="en"
            />
          </span>
          <div
            class="user-box"
          >
            <span
              class="user-box__name"
            >
              Synthetic Test User
            </span>
            <span
              class="user-box__org"
            >
              Synthetic Organization
            </span>
          </div>
          <button
            class="button button--ghost-inverse button--small"
            type="button"
          >
            <svg
              aria-hidden="true"
              class="icon"
              fill="none"
              focusable="false"
              height="16"
              stroke="currentColor"
              stroke-linecap="round"
              stroke-linejoin="round"
              stroke-width="1.8"
              viewBox="0 0 20 20"
              width="16"
            >
              <path
                d="M8 4H4v12h4M12 6l4 4-4 4M16 10H8"
              />
            </svg>
             
            Sign out
          </button>
        </header>
        <div
          class="app-body"
        >
          <nav
            aria-label="Primary navigation"
            class="app-nav"
            id="_r_8e_"
          >
            <ul
              class="app-nav__list"
            >
              <li>
                <a
                  class="app-nav__link"
                  data-area="myWork"
                  data-discover="true"
                  href="/my-work"
                >
                  <span>
                    My Work
                  </span>
                </a>
              </li>
              <li>
                <a
                  class="app-nav__link"
                  data-area="executive"
                  data-discover="true"
                  href="/executive-overview"
                >
                  <span>
                    Executive Overview
                  </span>
                  <span
                    class="app-nav__tag"
                  >
                    Planned
  ...

Expected: "Enter some text; spaces alone are not a value."
Received: "One sentence, one line, at most 300 characters. أدخِل نصاً؛ المسافات وحدها ليست قيمة."

 ❯ src/pages/render-time-language.test.tsx:126:38
    124|     await i18n.changeLanguage(to);
    125|   });
    126|   await waitFor(() => expect(read()).toContain(after));
       |                                      ^
    127|   expect(read()).not.toContain(before);
    128|   expect(document.documentElement.lang).toBe(to);
 ❯ runWithExpensiveErrorDiagnosticsDisabled ../../node_modules/.pnpm/@testing-library+dom@10.4.1/node_modules/@testing-library/dom/dist/config.js:47:12
 ❯ checkCallback ../../node_modules/.pnpm/@testing-library+dom@10.4.1/node_modules/@testing-library/dom/dist/wait-for.js:124:77
 ❯ Timeout.checkRealTimersCallback ../../node_modules/.pnpm/@testing-library+dom@10.4.1/node_modules/@testing-library/dom/dist/wait-for.js:118:16

⎯⎯⎯⎯⎯⎯⎯⎯⎯⎯⎯⎯⎯⎯⎯⎯⎯⎯⎯⎯⎯⎯[25/32]⎯

 FAIL  |unit-web| src/pages/render-time-language.test.tsx > evidence dialogs, 'en' → 'ar' > upload without a file: 'required' follows the switch
AssertionError: expected 'حتى 25 ميغابايت. This field is requir…' to contain 'هذا الحقل مطلوب.'

Ignored nodes: comments, script, style
<html
  dir="rtl"
  lang="ar"
>
  <head>
    <title>
      الأدلة · TR-0001 · منصة موبايلي للتحوّل
    </title>
  </head>
  <body>
    <div>
      <div
        class="app"
      >
        <a
          class="skip-link"
          href="#main"
        >
          انتقل إلى المحتوى الرئيسي
        </a>
        <header
          class="app-header"
        >
          <button
            aria-controls="_r_8m_"
            aria-expanded="false"
            class="button button--ghost-inverse nav-toggle"
            type="button"
          >
            <svg
              aria-hidden="true"
              class="icon"
              fill="none"
              focusable="false"
              height="16"
              stroke="currentColor"
              stroke-linecap="round"
              stroke-linejoin="round"
              stroke-width="1.8"
              viewBox="0 0 20 20"
              width="16"
            >
              <path
                d="M3 5h14M3 10h14M3 15h14"
              />
            </svg>
            <span
              class="visually-hidden"
            >
              إظهار التنقل أو إخفاؤه
            </span>
          </button>
          <a
            class="wordmark"
            data-discover="true"
            data-testid="wordmark"
            href="/"
          >
            <span
              class="wordmark__name"
            >
              منصة موبايلي للتحوّل
            </span>
            <span
              class="badge badge--provisional"
              data-testid="provisional-badge"
              title="شعار نصي مؤقت: لم يُقدَّم شعار رسمي. الألوان رموز تصميم مؤقتة وليست ألوان علامة موبايلي المعتمدة."
            >
              مؤقت
            </span>
            <span
              class="visually-hidden"
            >
              شعار نصي مؤقت: لم يُقدَّم شعار رسمي. الألوان رموز تصميم مؤقتة وليست ألوان علامة موبايلي المعتمدة.
            </span>
          </a>
          <div
            class="app-header__spacer"
          />
          <span
            class="language-switch"
          >
            <button
              aria-label="تغيير اللغة إلى English"
              class="button button--ghost-inverse button--small"
              lang="en"
              type="button"
            >
              English
            </button>
            <span
              aria-atomic="true"
              aria-live="polite"
              class="language-switch__live"
              lang="ar"
            />
          </span>
          <div
            class="user-box"
          >
            <span
              class="user-box__name"
            >
              Synthetic Test User
            </span>
            <span
              class="user-box__org"
            >
              جهة اصطناعية
            </span>
          </div>
          <button
            class="button button--ghost-inverse button--small"
            type="button"
          >
            <svg
              aria-hidden="true"
              class="icon"
              fill="none"
              focusable="false"
              height="16"
              stroke="currentColor"
              stroke-linecap="round"
              stroke-linejoin="round"
              stroke-width="1.8"
              viewBox="0 0 20 20"
              width="16"
            >
              <path
                d="M8 4H4v12h4M12 6l4 4-4 4M16 10H8"
              />
            </svg>
             
            تسجيل الخروج
          </button>
        </header>
        <div
          class="app-body"
        >
          <nav
            aria-label="التنقل الرئيسي"
            class="app-nav"
            id="_r_8m_"
          >
            <ul
              class="app-nav__list"
            >
              <li>
                <a
                  class="app-nav__link"
                  data-area="myWork"
                  data-discover="true"
                  href="/my-work"
                >
                  <span>
                    عملي
                  </span>
                </a>
              </li>
              <li>
                <a
                  class="app-nav__link"
                  data-area="executive"
                  data-discover="true"
                  href="/executive-overview"
                >
                  <span>
                    النظرة التنفيذية
                  </span>
                  <span
                    class="app-nav__tag"
                  >
                    مخطط
                  </span>
                </a>
              </li>
     ...

Expected: "هذا الحقل مطلوب."
Received: "حتى 25 ميغابايت. This field is required."

 ❯ src/pages/render-time-language.test.tsx:126:38
    124|     await i18n.changeLanguage(to);
    125|   });
    126|   await waitFor(() => expect(read()).toContain(after));
       |                                      ^
    127|   expect(read()).not.toContain(before);
    128|   expect(document.documentElement.lang).toBe(to);
 ❯ runWithExpensiveErrorDiagnosticsDisabled ../../node_modules/.pnpm/@testing-library+dom@10.4.1/node_modules/@testing-library/dom/dist/config.js:47:12
 ❯ checkCallback ../../node_modules/.pnpm/@testing-library+dom@10.4.1/node_modules/@testing-library/dom/dist/wait-for.js:124:77
 ❯ Timeout.checkRealTimersCallback ../../node_modules/.pnpm/@testing-library+dom@10.4.1/node_modules/@testing-library/dom/dist/wait-for.js:118:16

⎯⎯⎯⎯⎯⎯⎯⎯⎯⎯⎯⎯⎯⎯⎯⎯⎯⎯⎯⎯⎯⎯[26/32]⎯

 FAIL  |unit-web| src/pages/render-time-language.test.tsx > evidence dialogs, 'en' → 'ar' > a link without a record type or record: both 'required' messages follow the switch
AssertionError: expected 'This field is required. | This field …' to contain 'هذا الحقل مطلوب. | هذا الحقل مطلوب.'

Ignored nodes: comments, script, style
<html
  dir="rtl"
  lang="ar"
>
  <head>
    <title>
      الأدلة · TR-0001 · منصة موبايلي للتحوّل
    </title>
  </head>
  <body>
    <div>
      <div
        class="app"
      >
        <a
          class="skip-link"
          href="#main"
        >
          انتقل إلى المحتوى الرئيسي
        </a>
        <header
          class="app-header"
        >
          <button
            aria-controls="_r_8u_"
            aria-expanded="false"
            class="button button--ghost-inverse nav-toggle"
            type="button"
          >
            <svg
              aria-hidden="true"
              class="icon"
              fill="none"
              focusable="false"
              height="16"
              stroke="currentColor"
              stroke-linecap="round"
              stroke-linejoin="round"
              stroke-width="1.8"
              viewBox="0 0 20 20"
              width="16"
            >
              <path
                d="M3 5h14M3 10h14M3 15h14"
              />
            </svg>
            <span
              class="visually-hidden"
            >
              إظهار التنقل أو إخفاؤه
            </span>
          </button>
          <a
            class="wordmark"
            data-discover="true"
            data-testid="wordmark"
            href="/"
          >
            <span
              class="wordmark__name"
            >
              منصة موبايلي للتحوّل
            </span>
            <span
              class="badge badge--provisional"
              data-testid="provisional-badge"
              title="شعار نصي مؤقت: لم يُقدَّم شعار رسمي. الألوان رموز تصميم مؤقتة وليست ألوان علامة موبايلي المعتمدة."
            >
              مؤقت
            </span>
            <span
              class="visually-hidden"
            >
              شعار نصي مؤقت: لم يُقدَّم شعار رسمي. الألوان رموز تصميم مؤقتة وليست ألوان علامة موبايلي المعتمدة.
            </span>
          </a>
          <div
            class="app-header__spacer"
          />
          <span
            class="language-switch"
          >
            <button
              aria-label="تغيير اللغة إلى English"
              class="button button--ghost-inverse button--small"
              lang="en"
              type="button"
            >
              English
            </button>
            <span
              aria-atomic="true"
              aria-live="polite"
              class="language-switch__live"
              lang="ar"
            />
          </span>
          <div
            class="user-box"
          >
            <span
              class="user-box__name"
            >
              Synthetic Test User
            </span>
            <span
              class="user-box__org"
            >
              جهة اصطناعية
            </span>
          </div>
          <button
            class="button button--ghost-inverse button--small"
            type="button"
          >
            <svg
              aria-hidden="true"
              class="icon"
              fill="none"
              focusable="false"
              height="16"
              stroke="currentColor"
              stroke-linecap="round"
              stroke-linejoin="round"
              stroke-width="1.8"
              viewBox="0 0 20 20"
              width="16"
            >
              <path
                d="M8 4H4v12h4M12 6l4 4-4 4M16 10H8"
              />
            </svg>
             
            تسجيل الخروج
          </button>
        </header>
        <div
          class="app-body"
        >
          <nav
            aria-label="التنقل الرئيسي"
            class="app-nav"
            id="_r_8u_"
          >
            <ul
              class="app-nav__list"
            >
              <li>
                <a
                  class="app-nav__link"
                  data-area="myWork"
                  data-discover="true"
                  href="/my-work"
                >
                  <span>
                    عملي
                  </span>
                </a>
              </li>
              <li>
                <a
                  class="app-nav__link"
                  data-area="executive"
                  data-discover="true"
                  href="/executive-overview"
                >
                  <span>
                    النظرة التنفيذية
                  </span>
                  <span
                    class="app-nav__tag"
                  >
                    مخطط
                  </span>
                </a>
              </li>
     ...

Expected: "هذا الحقل مطلوب. | هذا الحقل مطلوب."
Received: "This field is required. | This field is required."

 ❯ src/pages/render-time-language.test.tsx:126:38
    124|     await i18n.changeLanguage(to);
    125|   });
    126|   await waitFor(() => expect(read()).toContain(after));
       |                                      ^
    127|   expect(read()).not.toContain(before);
    128|   expect(document.documentElement.lang).toBe(to);
 ❯ runWithExpensiveErrorDiagnosticsDisabled ../../node_modules/.pnpm/@testing-library+dom@10.4.1/node_modules/@testing-library/dom/dist/config.js:47:12
 ❯ checkCallback ../../node_modules/.pnpm/@testing-library+dom@10.4.1/node_modules/@testing-library/dom/dist/wait-for.js:124:77
 ❯ Timeout.checkRealTimersCallback ../../node_modules/.pnpm/@testing-library+dom@10.4.1/node_modules/@testing-library/dom/dist/wait-for.js:118:16

⎯⎯⎯⎯⎯⎯⎯⎯⎯⎯⎯⎯⎯⎯⎯⎯⎯⎯⎯⎯⎯⎯[27/32]⎯

 FAIL  |unit-web| src/pages/render-time-language.test.tsx > evidence dialogs, 'ar' → 'en' > upload without a file: 'required' follows the switch
AssertionError: expected 'Up to 25 MB. هذا الحقل مطلوب.' to contain 'This field is required.'

Ignored nodes: comments, script, style
<html
  dir="ltr"
  lang="en"
>
  <head>
    <title>
      Evidence · TR-0001 · Mobily Transformation Hub
    </title>
  </head>
  <body>
    <div>
      <div
        class="app"
      >
        <a
          class="skip-link"
          href="#main"
        >
          Skip to main content
        </a>
        <header
          class="app-header"
        >
          <button
            aria-controls="_r_97_"
            aria-expanded="false"
            class="button button--ghost-inverse nav-toggle"
            type="button"
          >
            <svg
              aria-hidden="true"
              class="icon"
              fill="none"
              focusable="false"
              height="16"
              stroke="currentColor"
              stroke-linecap="round"
              stroke-linejoin="round"
              stroke-width="1.8"
              viewBox="0 0 20 20"
              width="16"
            >
              <path
                d="M3 5h14M3 10h14M3 15h14"
              />
            </svg>
            <span
              class="visually-hidden"
            >
              Show or hide navigation
            </span>
          </button>
          <a
            class="wordmark"
            data-discover="true"
            data-testid="wordmark"
            href="/"
          >
            <span
              class="wordmark__name"
            >
              Mobily Transformation Hub
            </span>
            <span
              class="badge badge--provisional"
              data-testid="provisional-badge"
              title="Provisional wordmark: no official logo has been supplied. Colours are provisional design tokens, not verified Mobily brand values."
            >
              Provisional
            </span>
            <span
              class="visually-hidden"
            >
              Provisional wordmark: no official logo has been supplied. Colours are provisional design tokens, not verified Mobily brand values.
            </span>
          </a>
          <div
            class="app-header__spacer"
          />
          <span
            class="language-switch"
          >
            <button
              aria-label="Switch language to العربية"
              class="button button--ghost-inverse button--small"
              lang="ar"
              type="button"
            >
              العربية
            </button>
            <span
              aria-atomic="true"
              aria-live="polite"
              class="language-switch__live"
              lang="en"
            />
          </span>
          <div
            class="user-box"
          >
            <span
              class="user-box__name"
            >
              Synthetic Test User
            </span>
            <span
              class="user-box__org"
            >
              Synthetic Organization
            </span>
          </div>
          <button
            class="button button--ghost-inverse button--small"
            type="button"
          >
            <svg
              aria-hidden="true"
              class="icon"
              fill="none"
              focusable="false"
              height="16"
              stroke="currentColor"
              stroke-linecap="round"
              stroke-linejoin="round"
              stroke-width="1.8"
              viewBox="0 0 20 20"
              width="16"
            >
              <path
                d="M8 4H4v12h4M12 6l4 4-4 4M16 10H8"
              />
            </svg>
             
            Sign out
          </button>
        </header>
        <div
          class="app-body"
        >
          <nav
            aria-label="Primary navigation"
            class="app-nav"
            id="_r_97_"
          >
            <ul
              class="app-nav__list"
            >
              <li>
                <a
                  class="app-nav__link"
                  data-area="myWork"
                  data-discover="true"
                  href="/my-work"
                >
                  <span>
                    My Work
                  </span>
                </a>
              </li>
              <li>
                <a
                  class="app-nav__link"
                  data-area="executive"
                  data-discover="true"
                  href="/executive-overview"
                >
                  <span>
                    Executive Overview
                  </span>
                  <span
                    class="app-nav__tag"
                  >
                    Planned
...

Expected: "This field is required."
Received: "Up to 25 MB. هذا الحقل مطلوب."

 ❯ src/pages/render-time-language.test.tsx:126:38
    124|     await i18n.changeLanguage(to);
    125|   });
    126|   await waitFor(() => expect(read()).toContain(after));
       |                                      ^
    127|   expect(read()).not.toContain(before);
    128|   expect(document.documentElement.lang).toBe(to);
 ❯ runWithExpensiveErrorDiagnosticsDisabled ../../node_modules/.pnpm/@testing-library+dom@10.4.1/node_modules/@testing-library/dom/dist/config.js:47:12
 ❯ checkCallback ../../node_modules/.pnpm/@testing-library+dom@10.4.1/node_modules/@testing-library/dom/dist/wait-for.js:124:77
 ❯ Timeout.checkRealTimersCallback ../../node_modules/.pnpm/@testing-library+dom@10.4.1/node_modules/@testing-library/dom/dist/wait-for.js:118:16

⎯⎯⎯⎯⎯⎯⎯⎯⎯⎯⎯⎯⎯⎯⎯⎯⎯⎯⎯⎯⎯⎯[28/32]⎯

 FAIL  |unit-web| src/pages/render-time-language.test.tsx > evidence dialogs, 'ar' → 'en' > a link without a record type or record: both 'required' messages follow the switch
AssertionError: expected 'هذا الحقل مطلوب. | هذا الحقل مطلوب.' to contain 'This field is required. | This field …'

Ignored nodes: comments, script, style
<html
  dir="ltr"
  lang="en"
>
  <head>
    <title>
      Evidence · TR-0001 · Mobily Transformation Hub
    </title>
  </head>
  <body>
    <div>
      <div
        class="app"
      >
        <a
          class="skip-link"
          href="#main"
        >
          Skip to main content
        </a>
        <header
          class="app-header"
        >
          <button
            aria-controls="_r_9f_"
            aria-expanded="false"
            class="button button--ghost-inverse nav-toggle"
            type="button"
          >
            <svg
              aria-hidden="true"
              class="icon"
              fill="none"
              focusable="false"
              height="16"
              stroke="currentColor"
              stroke-linecap="round"
              stroke-linejoin="round"
              stroke-width="1.8"
              viewBox="0 0 20 20"
              width="16"
            >
              <path
                d="M3 5h14M3 10h14M3 15h14"
              />
            </svg>
            <span
              class="visually-hidden"
            >
              Show or hide navigation
            </span>
          </button>
          <a
            class="wordmark"
            data-discover="true"
            data-testid="wordmark"
            href="/"
          >
            <span
              class="wordmark__name"
            >
              Mobily Transformation Hub
            </span>
            <span
              class="badge badge--provisional"
              data-testid="provisional-badge"
              title="Provisional wordmark: no official logo has been supplied. Colours are provisional design tokens, not verified Mobily brand values."
            >
              Provisional
            </span>
            <span
              class="visually-hidden"
            >
              Provisional wordmark: no official logo has been supplied. Colours are provisional design tokens, not verified Mobily brand values.
            </span>
          </a>
          <div
            class="app-header__spacer"
          />
          <span
            class="language-switch"
          >
            <button
              aria-label="Switch language to العربية"
              class="button button--ghost-inverse button--small"
              lang="ar"
              type="button"
            >
              العربية
            </button>
            <span
              aria-atomic="true"
              aria-live="polite"
              class="language-switch__live"
              lang="en"
            />
          </span>
          <div
            class="user-box"
          >
            <span
              class="user-box__name"
            >
              Synthetic Test User
            </span>
            <span
              class="user-box__org"
            >
              Synthetic Organization
            </span>
          </div>
          <button
            class="button button--ghost-inverse button--small"
            type="button"
          >
            <svg
              aria-hidden="true"
              class="icon"
              fill="none"
              focusable="false"
              height="16"
              stroke="currentColor"
              stroke-linecap="round"
              stroke-linejoin="round"
              stroke-width="1.8"
              viewBox="0 0 20 20"
              width="16"
            >
              <path
                d="M8 4H4v12h4M12 6l4 4-4 4M16 10H8"
              />
            </svg>
             
            Sign out
          </button>
        </header>
        <div
          class="app-body"
        >
          <nav
            aria-label="Primary navigation"
            class="app-nav"
            id="_r_9f_"
          >
            <ul
              class="app-nav__list"
            >
              <li>
                <a
                  class="app-nav__link"
                  data-area="myWork"
                  data-discover="true"
                  href="/my-work"
                >
                  <span>
                    My Work
                  </span>
                </a>
              </li>
              <li>
                <a
                  class="app-nav__link"
                  data-area="executive"
                  data-discover="true"
                  href="/executive-overview"
                >
                  <span>
                    Executive Overview
                  </span>
                  <span
                    class="app-nav__tag"
                  >
                    Planned
...

Expected: "This field is required. | This field is required."
Received: "هذا الحقل مطلوب. | هذا الحقل مطلوب."

 ❯ src/pages/render-time-language.test.tsx:126:38
    124|     await i18n.changeLanguage(to);
    125|   });
    126|   await waitFor(() => expect(read()).toContain(after));
       |                                      ^
    127|   expect(read()).not.toContain(before);
    128|   expect(document.documentElement.lang).toBe(to);
 ❯ runWithExpensiveErrorDiagnosticsDisabled ../../node_modules/.pnpm/@testing-library+dom@10.4.1/node_modules/@testing-library/dom/dist/config.js:47:12
 ❯ checkCallback ../../node_modules/.pnpm/@testing-library+dom@10.4.1/node_modules/@testing-library/dom/dist/wait-for.js:124:77
 ❯ Timeout.checkRealTimersCallback ../../node_modules/.pnpm/@testing-library+dom@10.4.1/node_modules/@testing-library/dom/dist/wait-for.js:118:16

⎯⎯⎯⎯⎯⎯⎯⎯⎯⎯⎯⎯⎯⎯⎯⎯⎯⎯⎯⎯⎯⎯[29/32]⎯

 FAIL  |unit-web| src/pages/team/team.test.tsx > Team: the success notice follows a language switch, 'en' → 'ar' > the notice is shown in the language now on screen, not the one it was created in
AssertionError: expected ' Role assigned: Workstream Lead. The …' to contain 'أُسند الدور: قائد مسار العمل. الإسناد…'

Ignored nodes: comments, script, style
<html
  dir="rtl"
  lang="ar"
>
  <head>
    <title>
      الفريق · TR-0001 · منصة موبايلي للتحوّل
    </title>
  </head>
  <body>
    <div>
      <div
        class="app"
      >
        <a
          class="skip-link"
          href="#main"
        >
          انتقل إلى المحتوى الرئيسي
        </a>
        <header
          class="app-header"
        >
          <button
            aria-controls="_r_1s_"
            aria-expanded="false"
            class="button button--ghost-inverse nav-toggle"
            type="button"
          >
            <svg
              aria-hidden="true"
              class="icon"
              fill="none"
              focusable="false"
              height="16"
              stroke="currentColor"
              stroke-linecap="round"
              stroke-linejoin="round"
              stroke-width="1.8"
              viewBox="0 0 20 20"
              width="16"
            >
              <path
                d="M3 5h14M3 10h14M3 15h14"
              />
            </svg>
            <span
              class="visually-hidden"
            >
              إظهار التنقل أو إخفاؤه
            </span>
          </button>
          <a
            class="wordmark"
            data-discover="true"
            data-testid="wordmark"
            href="/"
          >
            <span
              class="wordmark__name"
            >
              منصة موبايلي للتحوّل
            </span>
            <span
              class="badge badge--provisional"
              data-testid="provisional-badge"
              title="شعار نصي مؤقت: لم يُقدَّم شعار رسمي. الألوان رموز تصميم مؤقتة وليست ألوان علامة موبايلي المعتمدة."
            >
              مؤقت
            </span>
            <span
              class="visually-hidden"
            >
              شعار نصي مؤقت: لم يُقدَّم شعار رسمي. الألوان رموز تصميم مؤقتة وليست ألوان علامة موبايلي المعتمدة.
            </span>
          </a>
          <div
            class="app-header__spacer"
          />
          <span
            class="language-switch"
          >
            <button
              aria-label="تغيير اللغة إلى English"
              class="button button--ghost-inverse button--small"
              lang="en"
              type="button"
            >
              English
            </button>
            <span
              aria-atomic="true"
              aria-live="polite"
              class="language-switch__live"
              lang="ar"
            />
          </span>
          <div
            class="user-box"
          >
            <span
              class="user-box__name"
            >
              Synthetic Test User
            </span>
            <span
              class="user-box__org"
            >
              جهة اصطناعية
            </span>
          </div>
          <button
            class="button button--ghost-inverse button--small"
            type="button"
          >
            <svg
              aria-hidden="true"
              class="icon"
              fill="none"
              focusable="false"
              height="16"
              stroke="currentColor"
              stroke-linecap="round"
              stroke-linejoin="round"
              stroke-width="1.8"
              viewBox="0 0 20 20"
              width="16"
            >
              <path
                d="M8 4H4v12h4M12 6l4 4-4 4M16 10H8"
              />
            </svg>
             
            تسجيل الخروج
          </button>
        </header>
        <div
          class="app-body"
        >
          <nav
            aria-label="التنقل الرئيسي"
            class="app-nav"
            id="_r_1s_"
          >
            <ul
              class="app-nav__list"
            >
              <li>
                <a
                  class="app-nav__link"
                  data-area="myWork"
                  data-discover="true"
                  href="/my-work"
                >
                  <span>
                    عملي
                  </span>
                </a>
              </li>
              <li>
                <a
                  class="app-nav__link"
                  data-area="executive"
                  data-discover="true"
                  href="/executive-overview"
                >
                  <span>
                    النظرة التنفيذية
                  </span>
                  <span
                    class="app-nav__tag"
                  >
                    مخطط
                  </span>
                </a>
              </li>
     ...

Expected: "أُسند الدور: قائد مسار العمل. الإسناد مسجَّل في سجل التدقيق."
Received: " Role assigned: Workstream Lead. The assignment is recorded in the audit trail."

 ❯ src/pages/team/team.test.tsx:426:52
    424|     fireEvent.click(screen.getByRole("button", { name: t("common.langu…
    425|     await waitFor(() => expect(i18n.language).toBe(to));
    426|     await waitFor(() => expect(notice.textContent).toContain(done(to))…
       |                                                    ^
    427|     expect(notice.textContent).not.toContain(done(from));
    428|     expect(notice.isConnected).toBe(true);
 ❯ runWithExpensiveErrorDiagnosticsDisabled ../../node_modules/.pnpm/@testing-library+dom@10.4.1/node_modules/@testing-library/dom/dist/config.js:47:12
 ❯ checkCallback ../../node_modules/.pnpm/@testing-library+dom@10.4.1/node_modules/@testing-library/dom/dist/wait-for.js:124:77
 ❯ Timeout.checkRealTimersCallback ../../node_modules/.pnpm/@testing-library+dom@10.4.1/node_modules/@testing-library/dom/dist/wait-for.js:118:16

⎯⎯⎯⎯⎯⎯⎯⎯⎯⎯⎯⎯⎯⎯⎯⎯⎯⎯⎯⎯⎯⎯[30/32]⎯

 FAIL  |unit-web| src/pages/team/team.test.tsx > Team: the success notice follows a language switch, 'ar' → 'en' > the notice is shown in the language now on screen, not the one it was created in
AssertionError: expected ' أُسند الدور: قائد مسار العمل. الإسنا…' to contain 'Role assigned: Workstream Lead. The a…'

Ignored nodes: comments, script, style
<html
  dir="ltr"
  lang="en"
>
  <head>
    <title>
      Team · TR-0001 · Mobily Transformation Hub
    </title>
  </head>
  <body>
    <div>
      <div
        class="app"
      >
        <a
          class="skip-link"
          href="#main"
        >
          Skip to main content
        </a>
        <header
          class="app-header"
        >
          <button
            aria-controls="_r_27_"
            aria-expanded="false"
            class="button button--ghost-inverse nav-toggle"
            type="button"
          >
            <svg
              aria-hidden="true"
              class="icon"
              fill="none"
              focusable="false"
              height="16"
              stroke="currentColor"
              stroke-linecap="round"
              stroke-linejoin="round"
              stroke-width="1.8"
              viewBox="0 0 20 20"
              width="16"
            >
              <path
                d="M3 5h14M3 10h14M3 15h14"
              />
            </svg>
            <span
              class="visually-hidden"
            >
              Show or hide navigation
            </span>
          </button>
          <a
            class="wordmark"
            data-discover="true"
            data-testid="wordmark"
            href="/"
          >
            <span
              class="wordmark__name"
            >
              Mobily Transformation Hub
            </span>
            <span
              class="badge badge--provisional"
              data-testid="provisional-badge"
              title="Provisional wordmark: no official logo has been supplied. Colours are provisional design tokens, not verified Mobily brand values."
            >
              Provisional
            </span>
            <span
              class="visually-hidden"
            >
              Provisional wordmark: no official logo has been supplied. Colours are provisional design tokens, not verified Mobily brand values.
            </span>
          </a>
          <div
            class="app-header__spacer"
          />
          <span
            class="language-switch"
          >
            <button
              aria-label="Switch language to العربية"
              class="button button--ghost-inverse button--small"
              lang="ar"
              type="button"
            >
              العربية
            </button>
            <span
              aria-atomic="true"
              aria-live="polite"
              class="language-switch__live"
              lang="en"
            />
          </span>
          <div
            class="user-box"
          >
            <span
              class="user-box__name"
            >
              Synthetic Test User
            </span>
            <span
              class="user-box__org"
            >
              Synthetic Organization
            </span>
          </div>
          <button
            class="button button--ghost-inverse button--small"
            type="button"
          >
            <svg
              aria-hidden="true"
              class="icon"
              fill="none"
              focusable="false"
              height="16"
              stroke="currentColor"
              stroke-linecap="round"
              stroke-linejoin="round"
              stroke-width="1.8"
              viewBox="0 0 20 20"
              width="16"
            >
              <path
                d="M8 4H4v12h4M12 6l4 4-4 4M16 10H8"
              />
            </svg>
             
            Sign out
          </button>
        </header>
        <div
          class="app-body"
        >
          <nav
            aria-label="Primary navigation"
            class="app-nav"
            id="_r_27_"
          >
            <ul
              class="app-nav__list"
            >
              <li>
                <a
                  class="app-nav__link"
                  data-area="myWork"
                  data-discover="true"
                  href="/my-work"
                >
                  <span>
                    My Work
                  </span>
                </a>
              </li>
              <li>
                <a
                  class="app-nav__link"
                  data-area="executive"
                  data-discover="true"
                  href="/executive-overview"
                >
                  <span>
                    Executive Overview
                  </span>
                  <span
                    class="app-nav__tag"
                  >
                    Planned
    ...

Expected: "Role assigned: Workstream Lead. The assignment is recorded in the audit trail."
Received: " أُسند الدور: قائد مسار العمل. الإسناد مسجَّل في سجل التدقيق."

 ❯ src/pages/team/team.test.tsx:426:52
    424|     fireEvent.click(screen.getByRole("button", { name: t("common.langu…
    425|     await waitFor(() => expect(i18n.language).toBe(to));
    426|     await waitFor(() => expect(notice.textContent).toContain(done(to))…
       |                                                    ^
    427|     expect(notice.textContent).not.toContain(done(from));
    428|     expect(notice.isConnected).toBe(true);
 ❯ runWithExpensiveErrorDiagnosticsDisabled ../../node_modules/.pnpm/@testing-library+dom@10.4.1/node_modules/@testing-library/dom/dist/config.js:47:12
 ❯ checkCallback ../../node_modules/.pnpm/@testing-library+dom@10.4.1/node_modules/@testing-library/dom/dist/wait-for.js:124:77
 ❯ Timeout.checkRealTimersCallback ../../node_modules/.pnpm/@testing-library+dom@10.4.1/node_modules/@testing-library/dom/dist/wait-for.js:118:16

⎯⎯⎯⎯⎯⎯⎯⎯⎯⎯⎯⎯⎯⎯⎯⎯⎯⎯⎯⎯⎯⎯[31/32]⎯


 Test Files  3 failed (3)
      Tests  32 failed | 16 passed (48)
   Start at  09:22:05
   Duration  150.43s (transform 1.34s, setup 334ms, collect 4.31s, tests 163.55s, environment 1.44s, prepare 369ms)

# exit status: 1
