
> mobily-transformation-hub@0.1.0 test /home/user/wt/dg4-kbe-r3
> vitest run --project unit-node --project unit-web && vitest run --project unit-formula-nocodegen


 RUN  v3.2.4 /home/user/wt/dg4-kbe-r3

 ✓ |unit-web| src/pages/portfolio/portfolio.test.tsx (32 tests) 34462ms
   ✓ Portfolio (en) > lists code, name, wave, owners and three separate columns: proposed rank, selection and funding  1899ms
   ✓ Portfolio (en) > the proposed rank is Unknown (never 0) when the prioritization view is unavailable  490ms
   ✓ Portfolio (en) > filters by status and wave on the server  682ms
   ✓ Portfolio (en) > creates a draft at any time: POST /initiatives with the transformation and an Idempotency-Key  1278ms
   ✓ Portfolio (en) > the read-only auditor sees the list with no enabled write control  599ms
   ✓ Portfolio (en) > outcome hierarchy: five levels, an Unknown target is Unknown (never 0)  496ms
   ✓ Portfolio (ar) > lists code, name, wave, owners and three separate columns: proposed rank, selection and funding  1045ms
   ✓ Portfolio (ar) > the proposed rank is Unknown (never 0) when the prioritization view is unavailable  914ms
   ✓ Portfolio (ar) > filters by status and wave on the server  1031ms
   ✓ Portfolio (ar) > creates a draft at any time: POST /initiatives with the transformation and an Idempotency-Key  890ms
   ✓ Portfolio (ar) > the read-only auditor sees the list with no enabled write control  830ms
   ✓ Portfolio (ar) > outcome hierarchy: five levels, an Unknown target is Unknown (never 0)  751ms
   ✓ Initiative Card (en) > shows all 14 T05 fields in the source order and the 3-7 deliverables warning (a warning, not a block)  775ms
   ✓ Initiative Card (en) > submit refused: 'Case for change not yet approved (G1)…' is the dialog's one translated alert  1102ms
   ✓ Initiative Card (en) > submit refused: 'Outcome before activity…' (validation at /outcomeContributions) is translated  1732ms
   ✓ Initiative Card (en) > launch refused: 'North Star, outcomes and target state not yet approved', then 'Selected - unfunded…'  1367ms
   ✓ Initiative Card (en) > select is a labelled business approval: rationale required, If-Match, no 'on behalf of' control  1956ms
   ✓ Initiative Card (en) > a 409 shows the conflict banner and reloads  946ms
   ✓ Initiative Card (en) > a gap link to another TOM record shows 'A project portfolio is not a Target Operating Model…'  741ms
   ✓ Initiative Card (en) > an outcome contribution needs an outcome; the KPI is optional and labelled so  1272ms
   ✓ Initiative Card (en) > the read-only auditor sees the card with no enabled write control  741ms
   ✓ Initiative Card (en) > a cancelled initiative is read-only even for the lead  812ms
   ✓ Initiative Card (ar) > shows all 14 T05 fields in the source order and the 3-7 deliverables warning (a warning, not a block)  992ms
   ✓ Initiative Card (ar) > submit refused: 'Case for change not yet approved (G1)…' is the dialog's one translated alert  1624ms
   ✓ Initiative Card (ar) > submit refused: 'Outcome before activity…' (validation at /outcomeContributions) is translated  937ms
   ✓ Initiative Card (ar) > launch refused: 'North Star, outcomes and target state not yet approved', then 'Selected - unfunded…'  2402ms
   ✓ Initiative Card (ar) > select is a labelled business approval: rationale required, If-Match, no 'on behalf of' control  1484ms
   ✓ Initiative Card (ar) > a 409 shows the conflict banner and reloads  1712ms
   ✓ Initiative Card (ar) > a gap link to another TOM record shows 'A project portfolio is not a Target Operating Model…'  1411ms
   ✓ Initiative Card (ar) > an outcome contribution needs an outcome; the KPI is optional and labelled so  822ms
   ✓ Initiative Card (ar) > the read-only auditor sees the card with no enabled write control  452ms
 ✓ |unit-web| src/pages/p2-blank-forms.test.tsx (52 tests) 70961ms
   ✓ gate submission note (en) > a whitespace-only note is refused inline and nothing is sent  1316ms
   ✓ gate submission note (en) > a invisible-only note is refused inline and nothing is sent  849ms
   ✓ gate submission note (en) > visible text is sent verbatim; an empty note is omitted  2244ms
   ✓ gate submission note (ar) > a whitespace-only note is refused inline and nothing is sent  657ms
   ✓ gate submission note (ar) > a invisible-only note is refused inline and nothing is sent  569ms
   ✓ gate submission note (ar) > visible text is sent verbatim; an empty note is omitted  2436ms
   ✓ gate decision rationale and comments (en) > a whitespace-only rationale is refused inline and nothing is sent  1415ms
   ✓ gate decision rationale and comments (en) > a invisible-only rationale is refused inline and nothing is sent  441ms
   ✓ gate decision rationale and comments (en) > a invisible (long enough for min 3)-only rationale is refused inline and nothing is sent  1875ms
   ✓ gate decision rationale and comments (en) > a whitespace-only comment is refused inline (focus on it) and nothing is sent  1275ms
   ✓ gate decision rationale and comments (en) > a invisible-only comment is refused inline (focus on it) and nothing is sent  2053ms
   ✓ gate decision rationale and comments (en) > visible text is sent verbatim; empty comments are omitted; an empty rationale stays 'too short'  1964ms
   ✓ gate decision rationale and comments (en) > a server 400 validation.blank on /rationale lands on the field  2130ms
   ✓ gate decision rationale and comments (ar) > a whitespace-only rationale is refused inline and nothing is sent  1181ms
   ✓ gate decision rationale and comments (ar) > a invisible-only rationale is refused inline and nothing is sent  457ms
   ✓ gate decision rationale and comments (ar) > a invisible (long enough for min 3)-only rationale is refused inline and nothing is sent  591ms
   ✓ gate decision rationale and comments (ar) > a whitespace-only comment is refused inline (focus on it) and nothing is sent  1541ms
   ✓ gate decision rationale and comments (ar) > a invisible-only comment is refused inline (focus on it) and nothing is sent  1113ms
   ✓ gate decision rationale and comments (ar) > visible text is sent verbatim; empty comments are omitted; an empty rationale stays 'too short'  692ms
   ✓ gate decision rationale and comments (ar) > a server 400 validation.blank on /rationale lands on the field  1138ms
   ✓ journey step editor (en) > a whitespace-only actor is refused inline (not turned into null) and nothing is sent  1797ms
   ✓ journey step editor (en) > a invisible-only actor is refused inline (not turned into null) and nothing is sent  1013ms
   ✓ journey step editor (en) > several blank fields: each gets the message and focus goes to the first (name)  2030ms
   ✓ journey step editor (en) > visible text is sent verbatim; emptied optional text is null; an empty name is required  2330ms
   ✓ journey step editor (ar) > a whitespace-only actor is refused inline (not turned into null) and nothing is sent  1074ms
   ✓ journey step editor (ar) > a invisible-only actor is refused inline (not turned into null) and nothing is sent  1270ms
   ✓ journey step editor (ar) > several blank fields: each gets the message and focus goes to the first (name)  2247ms
   ✓ journey step editor (ar) > visible text is sent verbatim; emptied optional text is null; an empty name is required  1483ms
   ✓ Finance validation note and archive reason (en) > note: a whitespace-only note is refused inline and nothing is sent  1390ms
   ✓ Finance validation note and archive reason (en) > note: a invisible-only note is refused inline and nothing is sent  1619ms
   ✓ Finance validation note and archive reason (en) > note: empty is 'required'; visible text is sent verbatim  900ms
   ✓ Finance validation note and archive reason (en) > reason: a whitespace-only reason is refused inline and nothing is archived  2167ms
   ✓ Finance validation note and archive reason (en) > reason: a invisible-only reason is refused inline and nothing is archived  1346ms
   ✓ Finance validation note and archive reason (en) > reason: a server 400 validation.blank on /reason is the field message, not a generic error  633ms
   ✓ Finance validation note and archive reason (en) > reason: a reason with U+0000 is refused inline with the localized message and nothing is archived  1090ms
   ✓ Finance validation note and archive reason (en) > reason: a server 400 validation.invalid_character on /reason is the localized field message  1118ms
   ✓ Finance validation note and archive reason (en) > reason: empty keeps 'too short'; visible text is sent verbatim  974ms
   ✓ Finance validation note and archive reason (ar) > note: a whitespace-only note is refused inline and nothing is sent  2055ms
   ✓ Finance validation note and archive reason (ar) > note: a invisible-only note is refused inline and nothing is sent  1820ms
   ✓ Finance validation note and archive reason (ar) > note: empty is 'required'; visible text is sent verbatim  1042ms
   ✓ Finance validation note and archive reason (ar) > reason: a whitespace-only reason is refused inline and nothing is archived  907ms
   ✓ Finance validation note and archive reason (ar) > reason: a invisible-only reason is refused inline and nothing is archived  2326ms
   ✓ Finance validation note and archive reason (ar) > reason: a server 400 validation.blank on /reason is the field message, not a generic error  1706ms
   ✓ Finance validation note and archive reason (ar) > reason: a reason with U+0000 is refused inline with the localized message and nothing is archived  1858ms
   ✓ Finance validation note and archive reason (ar) > reason: a server 400 validation.invalid_character on /reason is the localized field message  1689ms
   ✓ Finance validation note and archive reason (ar) > reason: empty keeps 'too short'; visible text is sent verbatim  2099ms
   ✓ North Star statement (en) > a whitespace-only statement is refused inline and nothing is sent  937ms
   ✓ North Star statement (en) > a invisible-only statement is refused inline and nothing is sent  1018ms
   ✓ North Star statement (ar) > a whitespace-only statement is refused inline and nothing is sent  1564ms
   ✓ North Star statement (ar) > a invisible-only statement is refused inline and nothing is sent  975ms
   ✓ P1 transformation edit: server validation.blank on /name (en) > is the localized field message, not only a generic failure  333ms
 ✓ |unit-web| src/pages/prioritization/prioritization.test.tsx (20 tests) 28827ms
   ✓ prioritization (en) > ranked table: an incomplete score is 'incomplete' (never a number), 3.30 complete; 0–100 shows 57.5 with its label  2025ms
   ✓ prioritization (en) > scorecard: 6 is refused inline and nothing is sent; 4 is POSTed as the integer; the weighted score is read-only 'incomplete'  1515ms
   ✓ prioritization (en) > weight sets: the live total refuses 95% and 105%; 100% is accepted and POSTed as decimal strings  2032ms
   ✓ prioritization (en) > weight sets: the proposer is never offered approval; another approver's approval is a business approval with If-Match; 403 SoD is translated  2414ms
   ✓ prioritization (en) > weight set approval: a 409 shows the conflict banner and reloads  2000ms
   ✓ prioritization (en) > ranking history: causes are translated from codes, including 'weight version 2', score change and the override reason  940ms
   ✓ prioritization (en) > overrides: a reason is required (missing and invisible-only are refused, nothing sent); with a reason it is POSTed  2151ms
   ✓ prioritization (en) > the read-only auditor sees the data and no enabled write control  984ms
   ✓ prioritization (en) > never mentions a delivery gate (DG0–DG7)  441ms
   ✓ prioritization (ar) > ranked table: an incomplete score is 'incomplete' (never a number), 3.30 complete; 0–100 shows 57.5 with its label  1372ms
   ✓ prioritization (ar) > scorecard: 6 is refused inline and nothing is sent; 4 is POSTed as the integer; the weighted score is read-only 'incomplete'  2085ms
   ✓ prioritization (ar) > weight sets: the live total refuses 95% and 105%; 100% is accepted and POSTed as decimal strings  2664ms
   ✓ prioritization (ar) > weight sets: the proposer is never offered approval; another approver's approval is a business approval with If-Match; 403 SoD is translated  2398ms
   ✓ prioritization (ar) > weight set approval: a 409 shows the conflict banner and reloads  1277ms
   ✓ prioritization (ar) > ranking history: causes are translated from codes, including 'weight version 2', score change and the override reason  1147ms
   ✓ prioritization (ar) > overrides: a reason is required (missing and invisible-only are refused, nothing sent); with a reason it is POSTed  896ms
   ✓ prioritization (ar) > the read-only auditor sees the data and no enabled write control  1459ms
   ✓ prioritization (ar) > a portfolio above 500 eligible initiatives is the translated 422 state, not an empty table  424ms
   ✓ prioritization (ar) > never mentions a delivery gate (DG0–DG7)  441ms
 ✓ |unit-web| src/pages/p2.test.tsx (56 tests) 77189ms
   ✓ Diagnose > shows the six T01 dimensions with Unknown for missing values, and value pools that are never 0  1655ms
   ✓ Diagnose > shows the totals as Unknown when no pool is quantified  585ms
   ✓ Diagnose > renders the six workstreams with their key questions  1158ms
   ✓ Diagnose > edits a T01 row with only the changed fields and If-Match  1903ms
   ✓ Diagnose > a 409 on save writes nothing, compares, and re-applies on the current version  1006ms
   ✓ Diagnose > a 400 validation.blank shows a localized message on its field ('en')  3380ms
   ✓ Diagnose > a 400 validation.blank shows a localized message on its field ('ar')  3388ms
   ✓ Diagnose > an invisible-only value is blocked client-side with validation.blank ('en')  2635ms
   ✓ Diagnose > an invisible-only value is blocked client-side with validation.blank ('ar')  3108ms
   ✓ Diagnose > a whitespace-only T01 value is an inline blank error and sends nothing ('en')  2451ms
   ✓ Diagnose > a whitespace-only T01 value is an inline blank error and sends nothing ('ar')  2235ms
   ✓ Diagnose > T01: an emptied field is sent as an explicit null; visible text is sent verbatim  2393ms
   ✓ Diagnose > Arabic: RTL with Arabic labels and the unquantified label  690ms
   ✓ Define > shows the good outcome test per outcome with pass / fail / unknown and localized reasons  1941ms
   ✓ Define > requires a target date on a T02 row before sending anything  1192ms
   ✓ Define > sets the North Star with one sentence and no If-Match the first time  1651ms
   ✓ Define: KPI activation (F-DG2-201) > offers Activate on a draft KPI, states the unmet precondition on 422, then activates with If-Match  2053ms
   ✓ Define: KPI activation (F-DG2-201) > Arabic: the Activate action and the 422 reason are in Arabic  1242ms
   ✓ Define: KPI activation (F-DG2-201) > an active KPI shows Active and offers no Activate  633ms
   ✓ Charter > shows the 14 fields, the thesis, the five scope checks with pre-checks and the top-outcomes warning  1301ms
   ✓ Charter > scope pre-check: an empty Out of scope reads as failing (EN and AR)  4104ms
   ✓ Charter > thesis: a part the API flags incomplete is never shown as answered  765ms
   ✓ Charter > thesis: the four parts compose the B0037 sentence (EN and AR)  937ms
   ✓ Charter > North Star (field 5): the current statement; a superseded link is flagged Stale (F-DG2-204)  327ms
   ✓ Charter > North Star (field 5): a superseded statement is never shown as the current one  1595ms
   ✓ Charter > compares a version with the previous one  971ms
   ✓ Charter > create: a whitespace Case for change is an inline blank error and creates nothing ('en')  2117ms
   ✓ Charter > create: a whitespace Case for change is an inline blank error and creates nothing ('ar')  1241ms
   ✓ Charter > edit: a whitespace Out of scope is an inline blank error, sends nothing and keeps the value (en)  1691ms
   ✓ Charter > edit: a whitespace Out of scope is an inline blank error, sends nothing and keeps the value (ar)  1916ms
   ✓ Charter > edit: emptying a filled field sends null; visible text is verbatim (en)  2306ms
   ✓ Charter > edit: emptying a filled field sends null; visible text is verbatim (ar)  1655ms
   ✓ Charter > edit: a change summary alone is not a change (never a content-free version)  1754ms
   ✓ Design > shows the ten canvas boxes and the per-dimension view  1794ms
   ✓ Design > converts an unresolved workshop item into a design decision with If-Match  5207ms
   ✓ Decisions (T04) > reads the log with kind=design and shows D-codes, options A/B/C and Open status  315ms
   ✓ Decisions (T04) > creates a design decision with inline options and an idempotency key  797ms
   ✓ Gates (business approval) > lists G1-G6 as business approvals with live readiness, and never mentions the engineering gates  821ms
   ✓ Gates (business approval) > shows unverified evidence as unverified, the failing outcome at G2, and submits with If-Match  682ms
   ✓ Gates (business approval) > lists outcomes failing the good outcome test at G2  1180ms
   ✓ Gates (business approval) > the approver's decision: rationale required; 403 and 409 problems in words  1665ms
   ✓ Gates (business approval) > gate detail heading: the verbatim B0023 name once (EN and AR)  1042ms
   ✓ Evidence > uploads a revision as octet-stream with a percent-encoded file name and If-Match  1028ms
   ✓ Evidence > never offers review to the creator; a filename reference can only be rejected  1076ms
   ✓ read-only auditor (AUD) > diagnose: no write control and a read-only note  352ms
   ✓ read-only auditor (AUD) > design: no write control and a read-only note  355ms
   ✓ read-only auditor (AUD) > decisions: no write control and a read-only note  448ms
   ✓ read-only auditor (AUD) > gates: no write control and a read-only note  447ms
   ✓ read-only auditor (AUD) > evidence: no write control and a read-only note  549ms
   ✓ read-only auditor (AUD) > team: no write control and a read-only note  323ms
 ✓ |unit-web| src/pages/business-cases/business-cases.test.tsx (18 tests) 21613ms
   ✓ business cases (en) > register: levels, Finance baseline states with text (Stale is never green) and drafts  900ms
   ✓ business cases (en) > detail: all ten sections, totals with gross / cost / net apart, net Unknown (never 0), roll-up by reference  611ms
   ✓ business cases (en) > totals: a partial total says how many Unknown lines it leaves out  344ms
   ✓ business cases (en) > sections: saves only the changed section with If-Match; blank text is refused inline and nothing is sent  2216ms
   ✓ business cases (en) > sections: a 409 shows the standard conflict panel (nothing saved) with the current values  1470ms
   ✓ business cases (en) > lines: exactly one class from one select; the value basis follows the class; a 422 is translated  1575ms
   ✓ business cases (en) > Finance validation: a business approval for FIN who did not author the case; If-Match; translated 403  1856ms
   ✓ business cases (en) > Finance validation: the case author sees no validate action, only the separation-of-duties note  890ms
   ✓ business cases (en) > read-only auditor: the ten sections as text, no enabled write control, the read-only note  849ms
   ✓ business cases (ar) > register: levels, Finance baseline states with text (Stale is never green) and drafts  1088ms
   ✓ business cases (ar) > detail: all ten sections, totals with gross / cost / net apart, net Unknown (never 0), roll-up by reference  792ms
   ✓ business cases (ar) > totals: a partial total says how many Unknown lines it leaves out  1092ms
   ✓ business cases (ar) > sections: saves only the changed section with If-Match; blank text is refused inline and nothing is sent  1787ms
   ✓ business cases (ar) > sections: a 409 shows the standard conflict panel (nothing saved) with the current values  1672ms
   ✓ business cases (ar) > lines: exactly one class from one select; the value basis follows the class; a 422 is translated  1370ms
   ✓ business cases (ar) > Finance validation: a business approval for FIN who did not author the case; If-Match; translated 403  1688ms
   ✓ business cases (ar) > Finance validation: the case author sees no validate action, only the separation-of-duties note  707ms
   ✓ business cases (ar) > read-only auditor: the ten sections as text, no enabled write control, the read-only note  704ms
 ✓ |unit-web| src/auth/session-bound.test.tsx (34 tests) 27632ms
   ✓ F-DG2-530/580 no effect of A's action after a further await once the tab is B's (en) > Y1: a create whose post-create GET /me returns B: B is not navigated and never sees A's code or name  2405ms
   ✓ F-DG2-530/580 no effect of A's action after a further await once the tab is B's (en) > Y1c: the same create under one identity still lands on the created record  612ms
   ✓ F-DG2-530/580 no effect of A's action after a further await once the tab is B's (en) > Y1c (not visible to the creator): the creator still gets 'created, but you cannot open it' with the 201's code  329ms
   ✓ F-DG2-530/580 no effect of A's action after a further await once the tab is B's (en) > router state left in history (Back/Forward) never shows A's created record to B  333ms
   ✓ F-DG2-530/580 no effect of A's action after a further await once the tab is B's (en) > an edit whose identity changes between its awaits: B is not navigated to A's record and keeps nothing of A's  613ms
   ✓ F-DG2-530/580 no effect of A's action after a further await once the tab is B's (en) > an organization create whose identity changes between its awaits: B is not navigated to A's new organization  2116ms
   ✓ F-DG2-530/580 no effect of A's action after a further await once the tab is B's (en) > a user create whose identity changes between its awaits: B is not navigated to A's new user  1393ms
   ✓ F-DG2-530/580 no effect of A's action after a further await once the tab is B's (en) > sanity: the organization and user creates under one identity still navigate to the new record  1675ms
   ✓ F-DG2-530/580 no effect of A's action after a further await once the tab is B's (en) > sanity: an edit under one identity (a same-identity /me between its awaits) still updates the cache and navigates  672ms
   ✓ F-DG2-570 the header and the data of ONE identity on in-app navigation (en) > N1: B signed in elsewhere, no focus event: opening A's record asks GET /me first; B's header above B's answer  410ms
   ✓ F-DG2-570 the header and the data of ONE identity on in-app navigation (en) > N2: opening the list: B's header with B's list and B's permissions, never A's header or A's empty-state  672ms
   ✓ F-DG2-570 the header and the data of ONE identity on in-app navigation (en) > N0 (the reviewer's Y5): B signed in a moment ago, no time passes, no focus event: the next page is B's under B's header  411ms
   ✓ F-DG2-570 the header and the data of ONE identity on in-app navigation (en) > bounded: one GET /me per navigation, shared by the page's burst; other GETs only after the window; same identity kept  761ms
   ✓ F-DG2-570 the header and the data of ONE identity on in-app navigation (en) > writes neither wait for nor trigger the recheck: the save goes out at once with the user's own CSRF token  920ms
   ✓ F-DG2-530/580 no effect of A's action after a further await once the tab is B's (ar) > Y1: a create whose post-create GET /me returns B: B is not navigated and never sees A's code or name  924ms
   ✓ F-DG2-530/580 no effect of A's action after a further await once the tab is B's (ar) > Y1c: the same create under one identity still lands on the created record  707ms
   ✓ F-DG2-530/580 no effect of A's action after a further await once the tab is B's (ar) > an edit whose identity changes between its awaits: B is not navigated to A's record and keeps nothing of A's  748ms
   ✓ F-DG2-530/580 no effect of A's action after a further await once the tab is B's (ar) > an organization create whose identity changes between its awaits: B is not navigated to A's new organization  835ms
   ✓ F-DG2-530/580 no effect of A's action after a further await once the tab is B's (ar) > a user create whose identity changes between its awaits: B is not navigated to A's new user  799ms
   ✓ F-DG2-530/580 no effect of A's action after a further await once the tab is B's (ar) > sanity: the organization and user creates under one identity still navigate to the new record  969ms
   ✓ F-DG2-530/580 no effect of A's action after a further await once the tab is B's (ar) > sanity: an edit under one identity (a same-identity /me between its awaits) still updates the cache and navigates  377ms
   ✓ F-DG2-570 the header and the data of ONE identity on in-app navigation (ar) > N1: B signed in elsewhere, no focus event: opening A's record asks GET /me first; B's header above B's answer  495ms
   ✓ F-DG2-570 the header and the data of ONE identity on in-app navigation (ar) > N2: opening the list: B's header with B's list and B's permissions, never A's header or A's empty-state  707ms
   ✓ F-DG2-570 the header and the data of ONE identity on in-app navigation (ar) > N0 (the reviewer's Y5): B signed in a moment ago, no time passes, no focus event: the next page is B's under B's header  724ms
   ✓ F-DG2-570 the header and the data of ONE identity on in-app navigation (ar) > bounded: one GET /me per navigation, shared by the page's burst; other GETs only after the window; same identity kept  517ms
   ✓ the convention: no raw navigate or cache write in app code (T-DG2-FE15) > the ESLint rule refuses a raw navigate, a raw cache write and a useNavigate import in a page  5703ms
 ✓ |unit-web| src/pages/render-time-language.test.tsx (28 tests) 32071ms
   ✓ sign-in (dev form), 'en' → 'ar' > an invalid user name: the inline message follows the switch  637ms
   ✓ sign-in (dev form), 'ar' → 'en' > an invalid user name: the inline message follows the switch  1120ms
   ✓ sign-in (dev form), 'ar' → 'en' > a refused sign-in: the server's problem follows the switch  512ms
   ✓ journey step editor, 'en' → 'ar' > a field error on a step follows the switch  3826ms
   ✓ journey step editor, 'en' → 'ar' > the form-level "Step N:" error follows the switch (prefix and message)  3405ms
   ✓ journey step editor, 'ar' → 'en' > a field error on a step follows the switch  1755ms
   ✓ journey step editor, 'ar' → 'en' > the form-level "Step N:" error follows the switch (prefix and message)  1448ms
   ✓ row-action note and reason dialog, 'en' → 'ar' > the Finance validation note's 'required' follows the switch  2349ms
   ✓ row-action note and reason dialog, 'en' → 'ar' > the Finance validation choice's 'required' follows the switch  2500ms
   ✓ row-action note and reason dialog, 'en' → 'ar' > the archive reason's 'too short' follows the switch  1805ms
   ✓ row-action note and reason dialog, 'ar' → 'en' > the Finance validation note's 'required' follows the switch  1824ms
   ✓ row-action note and reason dialog, 'ar' → 'en' > the Finance validation choice's 'required' follows the switch  1933ms
   ✓ row-action note and reason dialog, 'ar' → 'en' > the archive reason's 'too short' follows the switch  1433ms
   ✓ gate dialogs, 'en' → 'ar' > the submission note's field error follows the switch  700ms
   ✓ gate dialogs, 'en' → 'ar' > the decision rationale's field error follows the switch  363ms
   ✓ gate dialogs, 'ar' → 'en' > the submission note's field error follows the switch  356ms
   ✓ gate dialogs, 'ar' → 'en' > the decision rationale's field error follows the switch  491ms
   ✓ North Star statement, 'en' → 'ar' > the statement's field error follows the switch  605ms
   ✓ North Star statement, 'ar' → 'en' > the statement's field error follows the switch  1073ms
   ✓ evidence dialogs, 'en' → 'ar' > upload without a file: 'required' follows the switch  604ms
   ✓ evidence dialogs, 'en' → 'ar' > a link without a record type or record: both 'required' messages follow the switch  764ms
   ✓ evidence dialogs, 'ar' → 'en' > upload without a file: 'required' follows the switch  1256ms
   ✓ evidence dialogs, 'ar' → 'en' > a link without a record type or record: both 'required' messages follow the switch  806ms
 ✓ |unit-web| src/pages/raid/raid.test.tsx (18 tests) 12929ms
   ✓ RAID and actions screens (en) > T15 register: nine columns, Probability n/a outside Risk, per-type mitigation header, Dependency links to T08  889ms
   ✓ RAID and actions screens (en) > Dependency form: 'To' initiative required, no probability; nothing is sent without it  593ms
   ✓ RAID and actions screens (en) > Dependency edit has no 'In progress'; a Risk edit offers it; a closed Dependency shows no closure fields  335ms
   ✓ RAID and actions screens (en) > action register: source, follow-up date and overdue flag; edit sends If-Match  2874ms
   ✓ RAID and actions screens (en) > the read-only auditor sees the register without any write control  556ms
   ✓ RAID and actions screens (ar) > Dependency form: 'To' initiative required, no probability; nothing is sent without it  658ms
   ✓ RAID and actions screens (ar) > Dependency edit has no 'In progress'; a Risk edit offers it; a closed Dependency shows no closure fields  810ms
   ✓ RAID and actions screens (ar) > an Issue with a probability is refused by the server; the 422 is translated in one alert  563ms
   ✓ RAID and actions screens (ar) > action register: source, follow-up date and overdue flag; edit sends If-Match  3602ms
   ✓ RAID and actions screens (ar) > corrective case: source and benefit step, owner Unassigned, follow-up Unknown with reason, signals never green  347ms
   ✓ RAID and actions screens (ar) > the read-only auditor sees the register without any write control  542ms
 ✓ |unit-web| src/auth/session-generation.test.tsx (26 tests) 19331ms
   ✓ F-DG2-530 a write in flight across an identity change (en) > X3: A's PATCH answered after B's /me is not written into B's cache, not shown, and does not navigate B  2165ms
   ✓ F-DG2-530 a write in flight across an identity change (en) > X3b: the same after a session END here and B's sign-in: A's late answer never lands  766ms
   ✓ F-DG2-530 a write in flight across an identity change (en) > an archive in flight across an identity change: A's archived record never lands in B's cache  1747ms
   ✓ F-DG2-530 a write in flight across an identity change (en) > an organization save in flight across an identity change: A's change is never stored under B  1253ms
   ✓ F-DG2-530 a write in flight across an identity change (en) > a user save in flight across an identity change: A's change is never stored under B  1492ms
   ✓ F-DG2-530 a write in flight across an identity change (en) > a same-person new session: the in-flight save is dropped silently, the draft is kept and usable  1203ms
   ✓ F-DG2-530 a write in flight across an identity change (en) > a language save retried after a 409 is never written for the identity that replaced A  949ms
   ✓ F-DG2-530 a write in flight across an identity change (en) > sanity: a write in flight that finishes under the SAME identity still updates the cache and navigates  529ms
   ✓ F-DG2-530 X6: refocus and reconnect revalidate GET /me first (en) > after B signs in elsewhere, a refocus within /me's staleTime shows B's header with B's data, never A's  406ms
   ✓ F-DG2-530 X6: refocus and reconnect revalidate GET /me first (en) > the same identity: a refocus refetches /me once, then the stale page queries; nothing when all is fresh  687ms
   ✓ F-DG2-530 a write in flight across an identity change (ar) > X3: A's PATCH answered after B's /me is not written into B's cache, not shown, and does not navigate B  998ms
   ✓ F-DG2-530 a write in flight across an identity change (ar) > X3b: the same after a session END here and B's sign-in: A's late answer never lands  1133ms
   ✓ F-DG2-530 a write in flight across an identity change (ar) > an archive in flight across an identity change: A's archived record never lands in B's cache  912ms
   ✓ F-DG2-530 a write in flight across an identity change (ar) > an organization save in flight across an identity change: A's change is never stored under B  846ms
   ✓ F-DG2-530 a write in flight across an identity change (ar) > a user save in flight across an identity change: A's change is never stored under B  824ms
   ✓ F-DG2-530 a write in flight across an identity change (ar) > a same-person new session: the in-flight save is dropped silently, the draft is kept and usable  708ms
   ✓ F-DG2-530 a write in flight across an identity change (ar) > a language save retried after a 409 is never written for the identity that replaced A  310ms
   ✓ F-DG2-530 X6: refocus and reconnect revalidate GET /me first (ar) > after B signs in elsewhere, a refocus within /me's staleTime shows B's header with B's data, never A's  816ms
   ✓ F-DG2-530 X6: refocus and reconnect revalidate GET /me first (ar) > the same identity: a refocus refetches /me once, then the stale page queries; nothing when all is fresh  584ms
   ✓ F-DG2-530 X6: refocus and reconnect revalidate GET /me first (ar) > a refocus whose /me finds the session ended navigates once to sign-in and refetches no page data  428ms
 ✓ |unit-web| src/pages/roadmap/roadmap.test.tsx (14 tests) 12280ms
   ✓ roadmap (en) > shows the four source waves verbatim (English source also shown in Arabic) with overlapping horizons  1661ms
   ✓ roadmap (en) > moving a milestone PATCHes the forecast with If-Match and the timeline, table and board all show the new date from one refetch  1163ms
   ✓ roadmap (en) > a 409 on moving a milestone shows the conflict notice and reloads the roadmap  983ms
   ✓ roadmap (en) > re-approving a date requires a reason; then it is POSTed with If-Match  1026ms
   ✓ roadmap (en) > deliverable acceptance sends the AcceptanceDecision with If-Match (no 'on behalf of' control)  1713ms
   ✓ roadmap (en) > an Unknown schedule flag is shown as Unknown; missing dates are Unknown, never blank  503ms
   ✓ roadmap (en) > the read-only auditor sees no write control  408ms
   ✓ roadmap (ar) > moving a milestone PATCHes the forecast with If-Match and the timeline, table and board all show the new date from one refetch  668ms
   ✓ roadmap (ar) > a 409 on moving a milestone shows the conflict notice and reloads the roadmap  811ms
   ✓ roadmap (ar) > re-approving a date requires a reason; then it is POSTed with If-Match  562ms
   ✓ roadmap (ar) > deliverable acceptance sends the AcceptanceDecision with If-Match (no 'on behalf of' control)  954ms
   ✓ roadmap (ar) > an Unknown schedule flag is shown as Unknown; missing dates are Unknown, never blank  542ms
   ✓ roadmap (ar) > the read-only auditor sees no write control  1002ms
 ✓ |unit-web| src/auth/session-end.test.tsx (12 tests) 14837ms
   ✓ session end while the app is open (en) > a 401 on navigation lands once on sign-in with the message; signing in again returns to the page  3267ms
   ✓ session end while the app is open (en) > a 401 on a dialog mutation (the commit-time upload refusal) closes the dialog and lands once on sign-in  2892ms
   ✓ session end while the app is open (en) > a sign-out elsewhere noticed by the next /me probe lands once on sign-in, never on the stale shell  1150ms
   ✓ session end while the app is open (en) > a 403 (forbidden) is never treated as a session end  1293ms
   ✓ session end while the app is open (ar) > a 401 on navigation lands once on sign-in with the message; signing in again returns to the page  898ms
   ✓ session end while the app is open (ar) > a 401 on a dialog mutation (the commit-time upload refusal) closes the dialog and lands once on sign-in  1108ms
   ✓ session end while the app is open (ar) > a sign-out elsewhere noticed by the next /me probe lands once on sign-in, never on the stale shell  697ms
   ✓ session end while the app is open (ar) > a 403 (forbidden) is never treated as a session end  1081ms
   ✓ session end under <StrictMode> (as in production) > still lands exactly once on sign-in  1173ms
   ✓ sign-in page and the cached identity > decides 'already signed in' only from a fresh /me, never from a stale cache  590ms
   ✓ sign-in page and the cached identity > signing out here shows 'signed out', not 'session ended', and no /me loop  637ms
 ✓ |unit-web| src/pages/benefits/benefits.test.tsx (29 tests) 17440ms
   ✓ benefits screens (en) > T14 register: ten columns; Value (SAR) n/a and Unknown never 0; Realized kept apart with pending labelled  1071ms
   ✓ benefits screens (en) > totals: per class and state, pending overlap apart, cost and net Unknown (never 0), non-financial counted apart  1445ms
   ✓ benefits screens (en) > allocations: percent and unallocated share; the replace sends fractions with If-Match  810ms
   ✓ benefits screens (en) > allocations above 100 %: the preview warns and the server's 422 is translated in the one form alert  543ms
   ✓ benefits screens (en) > measurements: a validated value offers no edit; the 409 validated_immutable is translated  1222ms
   ✓ benefits screens (en) > Finance decision: six items, the decision body with If-Match; labelled Finance validation, never DG0-DG7  1053ms
   ✓ benefits screens (en) > Finance decision: a missing item is left to the server, whose 422 names the six items; the submitter is never offered a decision  759ms
   ✓ benefits screens (en) > Finance decision: the content_incomplete 422 and a Business Owner's 403 are translated  350ms
   ✓ benefits screens (en) > read-only (auditor): Finance item without decide, register without create  653ms
   ✓ benefits screens (en) > scenarios: every value is labelled with its scenario kind  318ms
   ✓ benefits screens (en) > measurement lineage: inputs with KPI value versions, a provisional basis labelled  595ms
   ✓ benefits screens (ar) > T14 register: ten columns; Value (SAR) n/a and Unknown never 0; Realized kept apart with pending labelled  797ms
   ✓ benefits screens (ar) > totals: per class and state, pending overlap apart, cost and net Unknown (never 0), non-financial counted apart  446ms
   ✓ benefits screens (ar) > lifecycle: six steps with question and output, missing outputs listed, only the allowed next step offered  705ms
   ✓ benefits screens (ar) > allocations: percent and unallocated share; the replace sends fractions with If-Match  1300ms
   ✓ benefits screens (ar) > allocations above 100 %: the preview warns and the server's 422 is translated in the one form alert  489ms
   ✓ benefits screens (ar) > values: seven states apart; measurements before Measure are explained (a delivered enabler is not realized value)  403ms
   ✓ benefits screens (ar) > measurements: a validated value offers no edit; the 409 validated_immutable is translated  575ms
   ✓ benefits screens (ar) > Finance decision: six items, the decision body with If-Match; labelled Finance validation, never DG0-DG7  628ms
   ✓ benefits screens (ar) > Finance decision: a missing item is left to the server, whose 422 names the six items; the submitter is never offered a decision  923ms
   ✓ benefits screens (ar) > Finance decision: the content_incomplete 422 and a Business Owner's 403 are translated  657ms
   ✓ benefits screens (ar) > read-only (auditor): Finance item without decide, register without create  697ms
 ✓ |unit-web| src/pages/portfolio/fe-e.test.tsx (18 tests) 20861ms
   ✓ Funding decisions (en) > is a labelled business approval with no 'on behalf of' control; rationale required; POST with an Idempotency-Key  1975ms
   ✓ Funding decisions (en) > the BE-E 422s are the dialog's one translated alert; funding.amount_invalid is also inline at /amount  1397ms
   ✓ Funding decisions (en) > the history shows a missing amount as Unknown (never 0); a re-selected initiative explains the deselect rule  551ms
   ✓ Funding decisions (en) > an exact decimal amount is shown with its currency; the auditor sees no record control  457ms
   ✓ Funding decisions (ar) > is a labelled business approval with no 'on behalf of' control; rationale required; POST with an Idempotency-Key  1661ms
   ✓ Funding decisions (ar) > the BE-E 422s are the dialog's one translated alert; funding.amount_invalid is also inline at /amount  2240ms
   ✓ Funding decisions (ar) > the history shows a missing amount as Unknown (never 0); a re-selected initiative explains the deselect rule  466ms
   ✓ Funding decisions (ar) > an exact decimal amount is shown with its currency; the auditor sees no record control  410ms
   ✓ Deliverables and milestones on the card (en) > creates (Idempotency-Key), edits (If-Match) and archives (reason, If-Match) a deliverable  1982ms
   ✓ Deliverables and milestones on the card (en) > creates a milestone with its wave and forecast, and edits it with If-Match  739ms
   ✓ Deliverables and milestones on the card (en) > 422 initiative.read_only (a closure raced the edit) is translated as the dialog's one alert  554ms
   ✓ Deliverables and milestones on the card (en) > a cancelled initiative shows deliverables, milestones and funding with no write control  811ms
   ✓ Deliverables and milestones on the card (en) > the card edit form translates initiative.planned_range specifically (RecordDialog namespaces)  1591ms
   ✓ Deliverables and milestones on the card (ar) > creates (Idempotency-Key), edits (If-Match) and archives (reason, If-Match) a deliverable  2342ms
   ✓ Deliverables and milestones on the card (ar) > creates a milestone with its wave and forecast, and edits it with If-Match  1084ms
   ✓ Deliverables and milestones on the card (ar) > 422 initiative.read_only (a closure raced the edit) is translated as the dialog's one alert  586ms
   ✓ Deliverables and milestones on the card (ar) > a cancelled initiative shows deliverables, milestones and funding with no write control  586ms
   ✓ Deliverables and milestones on the card (ar) > the card edit form translates initiative.planned_range specifically (RecordDialog namespaces)  1374ms
 ✓ |unit-web| src/pages/roadmap/fe-e.test.tsx (8 tests) 12212ms
   ✓ wave editing (en) > edits planned dates (overlap accepted) with If-Match; the source text is read-only and never sent  1524ms
   ✓ wave editing (en) > 422 roadmap_wave.planned_range is inline at the planned end and translated  346ms
   ✓ wave editing (en) > adds a non-source wave with its bilingual texts (POST, Idempotency-Key)  3474ms
   ✓ wave editing (en) > the read-only auditor gets no wave control  720ms
   ✓ wave editing (ar) > edits planned dates (overlap accepted) with If-Match; the source text is read-only and never sent  1579ms
   ✓ wave editing (ar) > 422 roadmap_wave.planned_range is inline at the planned end and translated  1115ms
   ✓ wave editing (ar) > adds a non-source wave with its bilingual texts (POST, Idempotency-Key)  2941ms
   ✓ wave editing (ar) > the read-only auditor gets no wave control  511ms
 ✓ |unit-web| src/pages/benefit-formulas/benefit-formulas.test.tsx (18 tests) 16982ms
   ✓ T09 benefit formulas (en) > register: the six T09 columns with confidence H/M/L; examples marked illustrative with 100000 and 500000 SAR per year  2573ms
   ✓ T09 benefit formulas (en) > builder: an undefined variable shows translated, with its position, before saving; nothing is sent  1470ms
   ✓ T09 benefit formulas (en) > builder: a fraction is entered as percent and stored as a fraction; a version is saved with If-Match  1416ms
   ✓ T09 benefit formulas (en) > builder: a fraction difference shows percentage points (translated suffix), never %  691ms
   ✓ T09 benefit formulas (en) > builder: a 409 shows the standard conflict panel; nothing was saved  767ms
   ✓ T09 benefit formulas (en) > Finance validation of a version: a business approval by FIN; the author cannot; translated refusal  900ms
   ✓ T09 benefit formulas (en) > Finance validation: the version's author sees the separation-of-duties note and no action  597ms
   ✓ T09 benefit formulas (ar) > register: the six T09 columns with confidence H/M/L; examples marked illustrative with 100000 and 500000 SAR per year  970ms
   ✓ T09 benefit formulas (ar) > builder: an undefined variable shows translated, with its position, before saving; nothing is sent  650ms
   ✓ T09 benefit formulas (ar) > builder: monthly ARPU × annual customers is a period mismatch, translated, before saving  465ms
   ✓ T09 benefit formulas (ar) > builder: a fraction is entered as percent and stored as a fraction; a version is saved with If-Match  1724ms
   ✓ T09 benefit formulas (ar) > builder: a fraction difference shows percentage points (translated suffix), never %  1265ms
   ✓ T09 benefit formulas (ar) > builder: a 409 shows the standard conflict panel; nothing was saved  1408ms
   ✓ T09 benefit formulas (ar) > Finance validation of a version: a business approval by FIN; the author cannot; translated refusal  625ms
   ✓ T09 benefit formulas (ar) > Finance validation: the version's author sees the separation-of-duties note and no action  355ms
   ✓ T09 benefit formulas (ar) > read-only auditor: no builder, no write control, the read-only note; a validated version reads Validated  582ms
 ✓ |unit-web| src/pages/gates/g1-agreements.test.tsx (10 tests) 13621ms
   ✓ G1 agreements step (en) > approving G1 needs the three labelled confirmations; then sends agreements with all three true  2505ms
   ✓ G1 agreements step (en) > a non-approve outcome on G1 sends no agreements (even after ticking them)  526ms
   ✓ G1 agreements step (en) > approving another gate (G2) shows no confirmations and sends no agreements  326ms
   ✓ G1 agreements step (en) > the server's 422 gate.g1_agreements_required is the one form-level alert, with the missing confirmations  2496ms
   ✓ G1 agreements step (en) > the server's 422 gate.agreements_not_applicable is translated as the one form-level alert  2076ms
   ✓ G1 agreements step (ar) > approving G1 needs the three labelled confirmations; then sends agreements with all three true  1331ms
   ✓ G1 agreements step (ar) > a non-approve outcome on G1 sends no agreements (even after ticking them)  688ms
   ✓ G1 agreements step (ar) > approving another gate (G2) shows no confirmations and sends no agreements  1268ms
   ✓ G1 agreements step (ar) > the server's 422 gate.g1_agreements_required is the one form-level alert, with the missing confirmations  1628ms
   ✓ G1 agreements step (ar) > the server's 422 gate.agreements_not_applicable is translated as the one form-level alert  769ms
 ✓ |unit-web| src/pages/dependencies/dependencies.test.tsx (12 tests) 10276ms
   ✓ dependencies (en) > shows the seven T08 columns, an External source, the type label and the needed-by conflict flag  1301ms
   ✓ dependencies (en) > a cycle is refused and shown as the translated message with the path INI-01 → INI-02 → INI-03 → INI-01  914ms
   ✓ dependencies (en) > an External source is sent as {kind: external, label}  1479ms
   ✓ dependencies (en) > dependency types: system types are undeletable; an administrator may retire a custom type  1081ms
   ✓ dependencies (en) > a system type's 422 dependency_type.system_undeletable is translated  600ms
   ✓ dependencies (en) > the read-only auditor sees the map and no write control  407ms
   ✓ dependencies (ar) > shows the seven T08 columns, an External source, the type label and the needed-by conflict flag  323ms
   ✓ dependencies (ar) > a cycle is refused and shown as the translated message with the path INI-01 → INI-02 → INI-03 → INI-01  993ms
   ✓ dependencies (ar) > an External source is sent as {kind: external, label}  893ms
   ✓ dependencies (ar) > dependency types: system types are undeletable; an administrator may retire a custom type  1521ms
   ✓ dependencies (ar) > a system type's 422 dependency_type.system_undeletable is translated  404ms
   ✓ dependencies (ar) > the read-only auditor sees the map and no write control  343ms
 ✓ |unit-web| src/pages/gates/g4.test.tsx (16 tests) 13784ms
   ✓ G4 refusal item by item (en) > two initiatives without owners: two separate translated 'Owners' items, never the joined English message  1439ms
   ✓ G4 refusal item by item (en) > without a usable gate view: one translated line per refused criterion, never the English message  894ms
   ✓ G4 refusal item by item (ar) > two initiatives without owners: two separate translated 'Owners' items, never the joined English message  1359ms
   ✓ G4 refusal item by item (ar) > without a usable gate view: one translated line per refused criterion, never the English message  1099ms
   ✓ G4 view (en) > lists the eight G4 criteria with their missing items: 'Owners', 'Finance validation' and the initiative  537ms
   ✓ G4 view (en) > a refused submission shows the 422 list with the initiative names, translated  833ms
   ✓ G4 view (en) > the decision's 403 urn:mth:problem:forbidden is translated  2064ms
   ✓ G4 view (en) > the decision's 403 urn:mth:problem:forbidden is translated  520ms
   ✓ G4 view (en) > the decision's 409 urn:mth:problem:version-conflict is translated  996ms
   ✓ G4 view (ar) > the decision's 403 urn:mth:problem:forbidden is translated  1685ms
   ✓ G4 view (ar) > the decision's 403 urn:mth:problem:forbidden is translated  1058ms
   ✓ G4 view (ar) > the decision's 409 urn:mth:problem:version-conflict is translated  873ms
 ✓ |unit-web| src/pages/transformations/transformations.test.tsx (21 tests) 15154ms
   ✓ after create (F-DG1-004) > shows the created record when the server lets the creator read it  1423ms
   ✓ after create (F-DG1-004) > explains, in English, that the draft was created but cannot be opened (server 404), instead of 'Not found'  910ms
   ✓ after create (F-DG1-004) > explains the same in Arabic (RTL), using the glossary term for Transformation  603ms
   ✓ after create (F-DG1-004) > treats a 403 for the just-created record the same way  516ms
   ✓ derived creator assignment on the audit trail (F-DG1-008) > English: localized action, fields, role, user and scope; nothing raw or marked untranslated  431ms
   ✓ derived creator assignment on the audit trail (F-DG1-008) > Arabic (RTL): the same event with Arabic labels and the glossary role name  322ms
   ✓ derived creator assignment on the audit trail (F-DG1-008) > an action the catalogue does not know stays readable and is explicitly marked (en and ar)  820ms
   ✓ effective permissions refresh after create (F-DG1-210) > English: Edit, Archive and the audit trail appear after create, without a reload  3789ms
   ✓ effective permissions refresh after create (F-DG1-210) > Arabic (RTL): the same controls and the audit trail appear after create, without a reload  3110ms
   ✓ effective permissions refresh after create (F-DG1-210) > does not over-grant: if the refreshed server answer adds nothing, Archive and the audit trail stay hidden  1950ms
   ✓ effective permissions refresh after create (F-DG1-210) > a failed /me refresh never blocks the navigation; the UI stays fail-safe (no controls offered)  350ms
 ✓ |unit-web| src/pages/capacity/fe-e.test.tsx (13 tests) 13236ms
   ✓ capacity editing (en) > creates a role; a taken code (409) is the form's translated alert; then the role is created  1221ms
   ✓ capacity editing (en) > edits a role's labels and archives it, each with If-Match  514ms
   ✓ capacity editing (en) > creates a capacity row with a decimal FTE string; a duplicate (409) is translated  441ms
   ✓ capacity editing (en) > creates a demand; after the save the plan is re-read and the conflict with its shortfall appears; Unknown stays Unknown  803ms
   ✓ capacity editing (en) > edits a planned demand with If-Match; 422 resource_demand.not_planned is translated  1300ms
   ✓ capacity editing (en) > the read-only auditor sees roles and capacity rows with no editing control  772ms
   ✓ capacity editing (ar) > creates a role; a taken code (409) is the form's translated alert; then the role is created  1097ms
   ✓ capacity editing (ar) > edits a role's labels and archives it, each with If-Match  1908ms
   ✓ capacity editing (ar) > creates a capacity row with a decimal FTE string; a duplicate (409) is translated  1610ms
   ✓ capacity editing (ar) > creates a demand; after the save the plan is re-read and the conflict with its shortfall appears; Unknown stays Unknown  1837ms
   ✓ capacity editing (ar) > edits a planned demand with If-Match; 422 resource_demand.not_planned is translated  1036ms
   ✓ capacity editing (ar) > the read-only auditor sees roles and capacity rows with no editing control  498ms
 ✓ |unit-web| src/pages/approvals/approvals.test.tsx (16 tests) 8969ms
   ✓ Approvals (en) > lists my approvals; an Unknown due date shows Unknown with its reason, never a date  820ms
   ✓ Approvals (en) > offers exactly four outcomes; defer needs a date; the decision sends subjectVersion with If-Match  963ms
   ✓ Approvals (en) > a stale 409 says the record changed, records nothing and links to the history  410ms
   ✓ Approvals (ar) > offers exactly four outcomes; defer needs a date; the decision sends subjectVersion with If-Match  357ms
   ✓ Approvals (ar) > a stale 409 says the record changed, records nothing and links to the history  472ms
   ✓ Approvals (ar) > the requester is not offered the decision; the history shows 'B on behalf of A'  635ms
   ✓ Approvals (ar) > offers 'on behalf of' only for an active delegation to me  762ms
   ✓ Delegations (en) > records a delegation with Asia/Riyadh wall-clock times sent as UTC; a loop 422 is translated  1229ms
   ✓ Delegations (en) > revokes with a reason and If-Match; a read-only user sees no action  856ms
   ✓ Delegations (ar) > records a delegation with Asia/Riyadh wall-clock times sent as UTC; a loop 422 is translated  508ms
   ✓ Delegations (ar) > revokes with a reason and If-Match; a read-only user sees no action  908ms
 ✓ |unit-web| src/pages/meetings/governance.test.tsx (20 tests) 15320ms
   ✓ governance screens (en) > forums: the five layers with their verbatim source cadence; Arabic labelled provisional  696ms
   ✓ governance screens (en) > series editor: 'future meetings only' must be confirmed; the result lists the kept meetings  1989ms
   ✓ governance screens (en) > meeting: the brief lists missing elements; quorum not configured is never 'met'; no engineering gate named  795ms
   ✓ governance screens (en) > publishing an incomplete ask shows the server's 422 once, translated  429ms
   ✓ governance screens (en) > published minutes are read-only and the meeting shows the frozen note  735ms
   ✓ governance screens (en) > T16 log: nine columns; an earlier record shows Unknown for what it lacks; the overdue filter asks the server  834ms
   ✓ governance screens (en) > raising an ask without 'why now': the server's 400 lands on its field  1271ms
   ✓ governance screens (en) > recording an Outcome is labelled a business decision and sends If-Match  1235ms
   ✓ governance screens (en) > escalations: a routing error is a visible row; a rule without a stored row is labelled Default  1046ms
   ✓ governance screens (ar) > forums: the five layers with their verbatim source cadence; Arabic labelled provisional  350ms
   ✓ governance screens (ar) > series editor: 'future meetings only' must be confirmed; the result lists the kept meetings  1919ms
   ✓ governance screens (ar) > meeting: the brief lists missing elements; quorum not configured is never 'met'; no engineering gate named  858ms
   ✓ governance screens (ar) > publishing an incomplete ask shows the server's 422 once, translated  467ms
   ✓ governance screens (ar) > published minutes are read-only and the meeting shows the frozen note  911ms
   ✓ governance screens (ar) > raising an ask without 'why now': the server's 400 lands on its field  423ms
   ✓ governance screens (ar) > recording an Outcome is labelled a business decision and sends If-Match  953ms
 ✓ |unit-web| src/pages/my-work/my-work.test.tsx (21 tests) 15096ms
   ✓ My Work (en) > renders tasks and reminders from messageKey + messageParams; Unknown due dates; system-managed tasks  2143ms
   ✓ My Work (en) > marks a task done and a reminder read with bodiless POSTs and If-Match  2847ms
   ✓ My Work (en) > an unknown message key renders a neutral text, never the raw key  774ms
   ✓ My Work (ar) > renders tasks and reminders from messageKey + messageParams; Unknown due dates; system-managed tasks  513ms
   ✓ My Work (ar) > marks a task done and a reminder read with bodiless POSTs and If-Match  1382ms
   ✓ Calendar, jobs and groups (en) > calendar: a technical administrator adds a holiday; a range error is caught before sending  1345ms
   ✓ Calendar, jobs and groups (en) > jobs: no permission without job.read; job.configure edits a schedule with If-Match  934ms
   ✓ Calendar, jobs and groups (en) > groups: membership grants no permission (stated); group.manage creates a group  1057ms
   ✓ Calendar, jobs and groups (ar) > calendar: a technical administrator adds a holiday; a range error is caught before sending  592ms
   ✓ Calendar, jobs and groups (ar) > jobs: no permission without job.read; job.configure edits a schedule with If-Match  1490ms
   ✓ Calendar, jobs and groups (ar) > groups: membership grants no permission (stated); group.manage creates a group  1034ms
 ✓ |unit-web| src/pages/dispensations/dispensations.test.tsx (12 tests) 13822ms
   ✓ Dispensations (en) > lists waivers and inherited approvals; unverified evidence is shown as unverified; recorder cannot decide  1649ms
   ✓ Dispensations (en) > a waiver needs a reason and an expiry: refused inline, nothing sent; then sent with its scope  2534ms
   ✓ Dispensations (en) > an inherited approval (Modular) needs the approving body, the date and evidence; 422s are translated  1068ms
   ✓ Dispensations (en) > deciding is a labelled business approval; the delegated-decision 422 and the recorder 403 are translated  1946ms
   ✓ Dispensations (en) > revoking an accepted dispensation needs a reason and is a business approval  609ms
   ✓ Dispensations (en) > the read-only auditor sees the register with no enabled write control  589ms
   ✓ Dispensations (ar) > lists waivers and inherited approvals; unverified evidence is shown as unverified; recorder cannot decide  690ms
   ✓ Dispensations (ar) > a waiver needs a reason and an expiry: refused inline, nothing sent; then sent with its scope  709ms
   ✓ Dispensations (ar) > an inherited approval (Modular) needs the approving body, the date and evidence; 422s are translated  1488ms
   ✓ Dispensations (ar) > deciding is a labelled business approval; the delegated-decision 422 and the recorder 403 are translated  1279ms
   ✓ Dispensations (ar) > revoking an accepted dispensation needs a reason and is a business approval  841ms
   ✓ Dispensations (ar) > the read-only auditor sees the register with no enabled write control  411ms
 ✓ |unit-web| src/pages/team/team.test.tsx (10 tests) 15449ms
   ✓ Team (English LTR) > shows the six governance roles with B0018 accountability text verbatim and who holds each  1879ms
   ✓ Team (English LTR) > lists team members with the accountability on each assignment, sortable and filterable  612ms
   ✓ Team (English LTR) > a Transformation Lead assigns a Workstream Lead: Idempotency-Key, reason, accountability preview  1347ms
   ✓ Team (English LTR) > shows a 403 from the server in words; nothing is assigned  1911ms
   ✓ Team: read-only auditor (AUD) > sees the roles, accountabilities and members, a read-only note, and no assign control  900ms
   ✓ Team (Arabic RTL) > shows Arabic role names and the provisional Arabic accountability text  1088ms
   ✓ Team assign dialog: accountability preview follows the selected role (F-DG2-430) > en: WL on open, then KDS, TD, none and WL again, in StrictMode with no React warning  1667ms
   ✓ Team assign dialog: accountability preview follows the selected role (F-DG2-430) > ar: WL on open, then KDS, TD, none and WL again, in StrictMode with no React warning  995ms
   ✓ Team: the success notice follows a language switch, 'en' → 'ar' > the notice is shown in the language now on screen, not the one it was created in  2315ms
   ✓ Team: the success notice follows a language switch, 'ar' → 'en' > the notice is shown in the language now on screen, not the one it was created in  2733ms
 ✓ |unit-web| src/pages/kpi/kpi.test.tsx (27 tests) 15668ms
   ✓ KPI screens (en) > RAG panel: the seven elements, the threshold version named, and the override beside the calculated RAG  1290ms
   ✓ KPI screens (en) > no actual for the current period: Unknown, grey and labelled, with its reason; never 0 and never green  382ms
   ✓ KPI screens (en) > the status overview shows Unknown KPIs grey and labelled (no zero in the list)  367ms
   ✓ KPI screens (en) > four-step update: submits once, then lists downstream views, 'review pending' and 'Finance review pending'  747ms
   ✓ KPI screens (en) > a second entry for the same KPI and period is value version 2 of the same slot (If-Match)  1049ms
   ✓ KPI screens (en) > a 409 on submit is the form's one alert: nothing was saved, the latest data is loaded  940ms
   ✓ KPI screens (en) > read-only viewer (auditor): no write action on the KPI page, labels say business approval  681ms
   ✓ KPI screens (en) > data quality: an open finding is resolved with a note and If-Match  876ms
   ✓ KPI screens (ar) > RAG panel: the seven elements, the threshold version named, and the override beside the calculated RAG  1020ms
   ✓ KPI screens (ar) > no actual for the current period: Unknown, grey and labelled, with its reason; never 0 and never green  814ms
   ✓ KPI screens (ar) > four-step update: submits once, then lists downstream views, 'review pending' and 'Finance review pending'  761ms
   ✓ KPI screens (ar) > a second entry for the same KPI and period is value version 2 of the same slot (If-Match)  808ms
   ✓ KPI screens (ar) > a 409 on submit is the form's one alert: nothing was saved, the latest data is loaded  591ms
   ✓ KPI screens (ar) > review queue: the reviewer accepts with If-Match; the submitter of a value is not offered a decision  1034ms
   ✓ KPI screens (ar) > an actual: a submitted value says it is not used until accepted; a draft is labelled not submitted  726ms
   ✓ KPI screens (ar) > read-only viewer (auditor): no write action on the KPI page, labels say business approval  915ms
   ✓ KPI screens (ar) > data quality: an open finding is resolved with a note and If-Match  1526ms
 ✓ |unit-web| src/auth/session-identity.test.tsx (18 tests) 11776ms
   ✓ F-DG2-500 a session end on the sign-in page (en) > W5: Back to /login after A's session ends, B signs in with the development form: B never sees A's records  2071ms
   ✓ F-DG2-500 a session end on the sign-in page (en) > W5b (OIDC mode): B signs in in another tab and this tab's /me re-probe brings B: B never sees A's records  601ms
   ✓ F-DG2-500 an identity change with no session end in this tab (en) > a refocus /me that returns another identity removes every session query before B renders, and drops A's drafts  966ms
   ✓ F-DG2-500 sign-out here and 403 (en) > signing out here clears everything; B signing in afterwards never sees A's records  775ms
   ✓ F-DG2-500 a session end on the sign-in page (ar) > W5: Back to /login after A's session ends, B signs in with the development form: B never sees A's records  724ms
   ✓ F-DG2-500 a session end on the sign-in page (ar) > W5b (OIDC mode): B signs in in another tab and this tab's /me re-probe brings B: B never sees A's records  1074ms
   ✓ F-DG2-500 an identity change with no session end in this tab (ar) > a refocus /me that returns another identity removes every session query before B renders, and drops A's drafts  1002ms
   ✓ F-DG2-500 an identity change with no session end in this tab (ar) > a new session of the same person (signed in again elsewhere) refetches the queries but keeps their own draft  414ms
   ✓ F-DG2-500 an identity change with no session end in this tab (ar) > the same identity re-probed (window refocus) keeps the cache and the page state  527ms
   ✓ F-DG2-500 sign-out here and 403 (ar) > signing out here clears everything; B signing in afterwards never sees A's records  2396ms
   ✓ F-DG2-500 sign-out here and 403 (ar) > a 403 is never a session end: the phase, the identity and the cache are kept  518ms
 ✓ |unit-web| src/app/p3-seams.test.tsx (10 tests) 7647ms
   ✓ P3 routes > workspace tabs (en) > the workspace tabs include the P3 tabs, labelled from their own namespaces  1208ms
   ✓ P3 routes > workspace tabs (ar) > the workspace tabs include the P3 tabs, labelled from their own namespaces  580ms
   ✓ P3 navigation areas > en /initiatives-roadmaps leads into the Initiatives and Roadmaps tab of each transformation  1291ms
   ✓ P3 navigation areas > ar /initiatives-roadmaps leads into the المبادرات وخرائط الطريق tab of each transformation  2587ms
   ✓ P3 navigation areas > en /benefits-finance leads into the Benefits and Finance tab of each transformation  1070ms
   ✓ P3 navigation areas > ar /benefits-finance leads into the المنافع والمالية tab of each transformation  887ms
 ✓ |unit-web| src/pages/gates/inherited-approval.test.tsx (16 tests) 4939ms
   ✓ inherited-approval annotation (en) > Gates list: G1 pending_verification (counts false) is a badge next to 'Not submitted'  1107ms
   ✓ inherited-approval annotation (en) > gate view: an accepted inherited approval is a labelled row beside the 'Not submitted' status  433ms
   ✓ inherited-approval annotation (ar) > gate view: an accepted inherited approval is a labelled row beside the 'Not submitted' status  776ms
   ✓ inherited-approval annotation (ar) > gate view: without an inherited approval there is no row  381ms
 ✓ |unit-web| src/pages/raci/governance.test.tsx (15 tests) 11540ms
   ✓ Governance (en) > RACI: edits a row with the cell selects and saves it as one PATCH with If-Match  1394ms
   ✓ Governance (en) > RACI: an auditor sees the matrix read-only (no cell editor, no save)  739ms
   ✓ Governance (en) > role mapping: an unmapped governance role shows the visible routing error  666ms
   ✓ Governance (en) > decision rights: seeded rows; the due-date preview shows Unknown with its reason  1202ms
   ✓ Governance (en) > decision rights: submits the matrix for business approval with If-Match  724ms
   ✓ Governance (en) > decision rights: a field with an unknown party code is refused before sending  1564ms
   ✓ Governance (en) > Transform readiness lists what is missing and links to the fix  353ms
   ✓ Governance (ar) > RACI: edits a row with the cell selects and saves it as one PATCH with If-Match  423ms
   ✓ Governance (ar) > role mapping: an unmapped governance role shows the visible routing error  452ms
   ✓ Governance (ar) > decision rights: seeded rows; the due-date preview shows Unknown with its reason  692ms
   ✓ Governance (ar) > decision rights: submits the matrix for business approval with If-Match  1038ms
   ✓ Governance (ar) > decision rights: a field with an unknown party code is refused before sending  1722ms
   ✓ Governance (ar) > Transform readiness lists what is missing and links to the fix  320ms
 ✓ |unit-web| src/app/app.test.tsx (17 tests) 8613ms
   ✓ bilingual shell > renders Arabic RTL by default with the provisional wordmark  774ms
   ✓ bilingual shell > switches to English LTR and persists the preference with If-Match  532ms
   ✓ bilingual shell > shows all fourteen areas to an administrator  423ms
   ✓ bilingual shell > hides Administration from a Workstream Lead, and the admin route shows no-permission  337ms
   ✓ bilingual shell > a partial area (Governance) leads into the Gates tab of each transformation; its portfolio view stays planned  608ms
   ✓ transformations > lists transformations with a sortable code column and removable filter chips  2368ms
   ✓ transformations > shows the empty state (not zero rows) when nothing is visible  308ms
   ✓ transformations > detail shows the workspace header with Unknown for data from later stages  1886ms
   ✓ transformations > edit: a 409 writes nothing, shows compare, and re-applies on the current version  653ms
 ✓ |unit-web| src/components/RecordForm.alerts.test.tsx (16 tests) 3385ms
   ✓ record form: one alert per distinct form error (en) > dialog > a 400 whose only field error has pointer "" says its message once, in one live region  1191ms
   ✓ record form: one alert per distinct form error (en) > dialog > the same pointer-"" code twice is still said once  890ms
 ✓ |unit-web| src/components/LanguageSwitch.test.tsx (10 tests) 7359ms
   ✓ a refused language save, 'en' → other ('403 csrf') > keeps ar on screen and says, in ar, that it was not saved  2258ms
   ✓ a refused language save, 'ar' → other ('403 csrf') > keeps en on screen and says, in en, that it was not saved  724ms
   ✓ a refused language save, 'en' → other ('403 forbidden') > keeps ar on screen and says, in ar, that it was not saved  1025ms
   ✓ a refused language save, 'ar' → other ('503') > keeps en on screen and says, in en, that it was not saved  969ms
   ✓ the live region and the persisted preference > if the persisted preference changes later and is re-applied, the notice says so in that language  949ms
   ✓ the live region and the persisted preference > en: the notice is a warning banner below the header, not inside it  464ms
   ✓ the live region and the persisted preference > ar: the notice is a warning banner below the header, not inside it  372ms
 ✓ |unit-web| src/pages/capacity/capacity.test.tsx (6 tests) 5014ms
   ✓ capacity (en) > the role × month grid shows decimal FTE, the conflict with its shortfall, and Unknown capacity as Unknown (never 0)  1688ms
   ✓ capacity (en) > committing a demand POSTs with If-Match; a 409 shows the conflict notice and reloads  1261ms
   ✓ capacity (en) > the read-only auditor sees the grid and no commit or release control  624ms
   ✓ capacity (ar) > the role × month grid shows decimal FTE, the conflict with its shortfall, and Unknown capacity as Unknown (never 0)  872ms
   ✓ capacity (ar) > committing a demand POSTs with If-Match; a 409 shows the conflict notice and reloads  372ms
 ✓ |unit-web| src/pages/readiness/readiness.test.tsx (4 tests) 2221ms
   ✓ Readiness (en) > lists the missing diagnostic areas by name, the gates and the translated sequencing blockers  1212ms
   ✓ Readiness (ar) > lists the missing diagnostic areas by name, the gates and the translated sequencing blockers  593ms
 ✓ |unit-web| src/pages/transformations/modeGuidance.test.tsx (5 tests) 4928ms
   ✓ New transformation: mode guidance (English LTR) > shows When to use and How for the selected mode and switches with the mode  1651ms
   ✓ New transformation: mode guidance (English LTR) > Modular requires an entry phase before anything is sent  1551ms
   ✓ New transformation: mode guidance (English LTR) > a server validation error on the entry phase is shown on that field  1240ms
   ✓ New transformation: mode guidance (Arabic RTL) > shows the Arabic rendering, marked provisional, with the English source text alongside  481ms
 ✓ |unit-web| src/components/States.test.tsx (15 tests) 1749ms
   ✓ explicit states in en > loading is a polite live region with a text label  897ms
   ✓ explicit states in en > conflict compares values and offers re-apply and discard  340ms
 ✓ |unit-web| src/test/react-warning-guard.test.tsx (4 tests) 396ms
   ✓ unit-web React warning guard (F-DG2-430) > recognises React's real warning for a parent setState inside a child's state updater  379ms
 ✓ |unit-web| src/i18n/i18n.test.ts (11 tests) 300ms
 ✓ |unit-web| src/lib/auditChanges.test.ts (125 tests) 467ms
   ✓ audit field labels > maps every audited field key to a label in both languages (no raw keys)  397ms
 ✓ |unit-web| src/lib/lib.test.ts (24 tests) 138ms
 ✓ |unit-web| src/pages/business-cases/problem-codes.test.ts (4 tests) 24ms
 ✓ |unit-web| src/i18n/glossary.test.ts (8 tests) 169ms
 ✓ |unit-web| src/styles/styles.test.ts (6 tests) 19ms
 ✓ |unit-web| src/test/harness-config.test.ts (2 tests) 3ms
 ✓ |unit-node| apps/api/src/modules/kpi/kpi.test.ts (39 tests) 7620ms
   ✓ kpi module (P2) > its declared boundary holds, and a planted bypass or undeclared dependency would be caught  7199ms
 ✓ |unit-node| packages/shared/src/formula/fuzz.test.ts (111 tests) 36067ms
   ✓ fuzz: no uncaught exception, no code execution > 10 000 random byte strings (0–255, up to 80 bytes)  5260ms
   ✓ fuzz: no uncaught exception, no code execution > 10 000 random UTF-16 strings including astral code points and lone surrogates  6020ms
   ✓ fuzz: no uncaught exception, no code execution > 20 000 random strings over the grammar alphabet reach parser, type checker and evaluator  13660ms
   ✓ source scan: no dynamic code in packages/shared/src/formula (ADR-0024 §6) > every file of the engine's import closure gets the engine-source lint rules (eslint.config.js)  5849ms
   ✓ source scan: no dynamic code in packages/shared/src/formula (ADR-0024 §6) > ESLint refuses the round-5 handler forms (G1, G2, A1, A2), F1 and every lintable probe-table row in an engine source  4870ms
 ✓ |unit-node| apps/api/src/modules/evidence/evidence.test.ts (13 tests) 2407ms
   ✓ evidence module (P2) > its declared boundary holds  1846ms
   ✓ FilesystemEvidenceStore (ADR-0010) > T-DG2-BE17: receive holds the bytes in a temporary object that get() cannot read until finalise  349ms
 ❯ |unit-node| apps/api/src/architecture.test.ts (137 tests | 1 failed) 46098ms
   ✓ API module boundaries (ADR-0002) > has only mapped module directories, and every P1/P2 module has a public index.ts 3ms
   ✓ API module boundaries (ADR-0002) > the P2 modules methodology and evidence each have their own test suite (p2-work-split §2) 1ms
   ✓ API module boundaries (ADR-0002) > the P3 module portfolio has its own test suite and exactly the ADR-0021 §1 dependencies (p3-work-split §2) 2ms
   ✓ API module boundaries (ADR-0002) > the P4 modules exist, each with its own test suite, and only governance imports workflows (p4-plan §2) 1ms
   ✓ API module boundaries (ADR-0002) > workflows reaches kpi and evidence (G1-G3 evaluators), and none of them reaches back (no cycle) 0ms
   ✓ API module boundaries (ADR-0002) > the six §16 business modules all exist, each with its own test suite (A12; D-048) 42ms
   × API module boundaries (ADR-0002) > every import respects dependsOn, public surfaces and allowed packages 30746ms
     → Test timed out in 30000ms.
If this is a long-running test, pass a timeout value as the last argument or configure it globally with "testTimeout".
   ✓ API module boundaries (ADR-0002) > the declared module graph is acyclic, and audit/access depend on no business module 2ms
   ✓ the checker itself catches planted violations (self-check, incl. F-DG1-109, F-DG1-117, F-DG1-124) > A static deep import is a violation 18ms
   ✓ the checker itself catches planted violations (self-check, incl. F-DG1-109, F-DG1-117, F-DG1-124) > A2 type-only deep import is a violation 1ms
   ✓ the checker itself catches planted violations (self-check, incl. F-DG1-109, F-DG1-117, F-DG1-124) > B dynamic import, literal is a violation 26ms
   ✓ the checker itself catches planted violations (self-check, incl. F-DG1-109, F-DG1-117, F-DG1-124) > B2 dynamic import, template literal is a violation 2ms
   ✓ the checker itself catches planted violations (self-check, incl. F-DG1-109, F-DG1-117, F-DG1-124) > C re-export is a violation 1ms
   ✓ the checker itself catches planted violations (self-check, incl. F-DG1-109, F-DG1-117, F-DG1-124) > D createRequire is a violation 2ms
   ✓ the checker itself catches planted violations (self-check, incl. F-DG1-109, F-DG1-117, F-DG1-124) > D2 node:module itself is a violation 1ms
   ✓ the checker itself catches planted violations (self-check, incl. F-DG1-109, F-DG1-117, F-DG1-124) > D3 createRequire via namespace is a violation 125ms
   ✓ the checker itself catches planted violations (self-check, incl. F-DG1-109, F-DG1-117, F-DG1-124) > E computed import() is a violation  850ms
   ✓ the checker itself catches planted violations (self-check, incl. F-DG1-109, F-DG1-117, F-DG1-124) > E2 computed import() via variable is a violation 2ms
   ✓ the checker itself catches planted violations (self-check, incl. F-DG1-109, F-DG1-117, F-DG1-124) > F require literal is a violation 1ms
   ✓ the checker itself catches planted violations (self-check, incl. F-DG1-109, F-DG1-117, F-DG1-124) > F2 require computed is a violation 6ms
   ✓ the checker itself catches planted violations (self-check, incl. F-DG1-109, F-DG1-117, F-DG1-124) > G import-equals require is a violation 2ms
   ✓ the checker itself catches planted violations (self-check, incl. F-DG1-109, F-DG1-117, F-DG1-124) > H import type() is a violation 7ms
   ✓ the checker itself catches planted violations (self-check, incl. F-DG1-109, F-DG1-117, F-DG1-124) > I composition root is a violation 1ms
   ✓ the checker itself catches planted violations (self-check, incl. F-DG1-109, F-DG1-117, F-DG1-124) > J undeclared module (via its index) is a violation 1ms
   ✓ the checker itself catches planted violations (self-check, incl. F-DG1-109, F-DG1-117, F-DG1-124) > K unknown package is a violation 3ms
   ✓ the checker itself catches planted violations (self-check, incl. F-DG1-109, F-DG1-117, F-DG1-124) > L getBuiltinModule + computed member is a violation 2ms
   ✓ the checker itself catches planted violations (self-check, incl. F-DG1-109, F-DG1-117, F-DG1-124) > L2 computed member of process is a violation 1ms
   ✓ the checker itself catches planted violations (self-check, incl. F-DG1-109, F-DG1-117, F-DG1-124) > L3 loader name as a string key is a violation 1ms
   ✓ the checker itself catches planted violations (self-check, incl. F-DG1-109, F-DG1-117, F-DG1-124) > L4 process aliased is a violation 1ms
   ✓ the checker itself catches planted violations (self-check, incl. F-DG1-109, F-DG1-117, F-DG1-124) > L5 process destructured is a violation 21ms
   ✓ the checker itself catches planted violations (self-check, incl. F-DG1-109, F-DG1-117, F-DG1-124) > L6 computed member of globalThis is a violation 1ms
   ✓ the checker itself catches planted violations (self-check, incl. F-DG1-109, F-DG1-117, F-DG1-124) > L7 globalThis.process is a violation 1ms
   ✓ the checker itself catches planted violations (self-check, incl. F-DG1-109, F-DG1-117, F-DG1-124) > M new Function dynamic import is a violation 121ms
   ✓ the checker itself catches planted violations (self-check, incl. F-DG1-109, F-DG1-117, F-DG1-124) > M2 Function() call is a violation 1ms
   ✓ the checker itself catches planted violations (self-check, incl. F-DG1-109, F-DG1-117, F-DG1-124) > M3 Function aliased is a violation 2ms
   ✓ the checker itself catches planted violations (self-check, incl. F-DG1-109, F-DG1-117, F-DG1-124) > M4 globalThis.Function is a violation 1ms
   ✓ the checker itself catches planted violations (self-check, incl. F-DG1-109, F-DG1-117, F-DG1-124) > M5 eval is a violation 1ms
   ✓ the checker itself catches planted violations (self-check, incl. F-DG1-109, F-DG1-117, F-DG1-124) > M6 AsyncFunction via .constructor is a violation 1ms
   ✓ the checker itself catches planted violations (self-check, incl. F-DG1-109, F-DG1-117, F-DG1-124) > M7 ['constructor'] member is a violation 1ms
   ✓ the checker itself catches planted violations (self-check, incl. F-DG1-109, F-DG1-117, F-DG1-124) > N1 AsyncFunction via aliased .constructor is a violation 8ms
   ✓ the checker itself catches planted violations (self-check, incl. F-DG1-109, F-DG1-117, F-DG1-124) > N2 constructor destructured is a violation 1ms
   ✓ the checker itself catches planted violations (self-check, incl. F-DG1-109, F-DG1-117, F-DG1-124) > N3 Reflect.construct of .constructor is a violation 1ms
   ✓ the checker itself catches planted violations (self-check, incl. F-DG1-109, F-DG1-117, F-DG1-124) > N4 getPrototypeOf(...).constructor aliased is a violation 1ms
   ✓ the checker itself catches planted violations (self-check, incl. F-DG1-109, F-DG1-117, F-DG1-124) > N5 generator constructor, shorthand destructuring is a violation 6ms
   ✓ the checker itself catches planted violations (self-check, incl. F-DG1-109, F-DG1-117, F-DG1-124) > N6 destructuring assignment with a string key is a violation 3ms
   ✓ the checker itself catches planted violations (self-check, incl. F-DG1-109, F-DG1-117, F-DG1-124) > N7 computed constructor key in a binding pattern is a violation 1ms
   ✓ the checker itself catches planted violations (self-check, incl. F-DG1-109, F-DG1-117, F-DG1-124) > N8 constructor key as a string value is a violation 1ms
   ✓ the checker itself catches planted violations (self-check, incl. F-DG1-109, F-DG1-117, F-DG1-124) > M8 node:vm is a violation 1ms
   ✓ the checker itself catches planted violations (self-check, incl. F-DG1-109, F-DG1-117, F-DG1-124) > M9 worker_threads is a violation 2ms
   ✓ the checker itself catches planted violations (self-check, incl. F-DG1-109, F-DG1-117, F-DG1-124) > P1 constructed key f["constr" + "uctor"] is a violation (round-4 lint: 'missed') 2ms
   ✓ the checker itself catches planted violations (self-check, incl. F-DG1-109, F-DG1-117, F-DG1-124) > P2 Reflect.get(fn, "constructor") is a violation (round-4 lint: 'caught') 1ms
   ✓ the checker itself catches planted violations (self-check, incl. F-DG1-109, F-DG1-117, F-DG1-124) > P3 Reflect.get with a constructed key is a violation (round-4 lint: 'missed') 1ms
   ✓ the checker itself catches planted violations (self-check, incl. F-DG1-109, F-DG1-117, F-DG1-124) > P4 constructed key held in a variable is a violation (round-4 lint: 'missed') 1ms
   ✓ the checker itself catches planted violations (self-check, incl. F-DG1-109, F-DG1-117, F-DG1-124) > P5 template-literal key is a violation (round-4 lint: 'missed') 1ms
   ✓ the checker itself catches planted violations (self-check, incl. F-DG1-109, F-DG1-117, F-DG1-124) > P6 optional-chain constructed key is a violation (round-4 lint: 'missed') 1ms
   ✓ the checker itself catches planted violations (self-check, incl. F-DG1-109, F-DG1-117, F-DG1-124) > P7 constructed key in a destructuring pattern is a violation (round-4 lint: 'missed') 1ms
   ✓ the checker itself catches planted violations (self-check, incl. F-DG1-109, F-DG1-117, F-DG1-124) > P8 descriptors: the constructor without its name is a violation (round-4 lint: 'missed') 165ms
   ✓ the checker itself catches planted violations (self-check, incl. F-DG1-109, F-DG1-117, F-DG1-124) > P9 own property names, then a variable key is a violation (round-4 lint: 'missed') 2ms
   ✓ the checker itself catches planted violations (self-check, incl. F-DG1-109, F-DG1-117, F-DG1-124) > P10 __proto__ is a violation (round-4 lint: 'missed') 1ms
   ✓ the checker itself catches planted violations (self-check, incl. F-DG1-109, F-DG1-117, F-DG1-124) > P11 loader name as a string handed to a helper is a violation (round-4 lint: 'missed')  453ms
   ✓ the checker itself catches planted violations (self-check, incl. F-DG1-109, F-DG1-117, F-DG1-124) > P12 process.binding is a violation (round-4 lint: 'missed') 1ms
   ✓ the checker itself catches planted violations (self-check, incl. F-DG1-109, F-DG1-117, F-DG1-124) > P13 node:inspector (in-process evaluation) is a violation (round-4 lint: 'missed') 11ms
   ✓ the checker itself catches planted violations (self-check, incl. F-DG1-109, F-DG1-117, F-DG1-124) > P14 node:child_process is a violation (round-4 lint: 'missed') 1ms
   ✓ the checker itself catches planted violations (self-check, incl. F-DG1-109, F-DG1-117, F-DG1-124) > P15 look-alike member o.eval (was an allowed form) is a violation (round-4 lint: 'missed') 1ms
   ✓ the checker itself catches planted violations (self-check, incl. F-DG1-109, F-DG1-117, F-DG1-124) > P16 constructor as an object key, fed to a keyed reader (was an allowed form) is a violation (round-4 lint: 'missed') 1ms
   ✓ the checker itself catches planted violations (self-check, incl. F-DG1-109, F-DG1-117, F-DG1-124) > P20 a syntax error fails closed (parser recovery hid P4's key) is a violation (round-4 lint: 'missed') 2ms
   ✓ the checker itself catches planted violations (self-check, incl. F-DG1-109, F-DG1-117, F-DG1-124) > X6 node:process default import .dlopen is a violation (round-4 lint: 'missed') 15ms
   ✓ the checker itself catches planted violations (self-check, incl. F-DG1-109, F-DG1-117, F-DG1-124) > X7 node:process default import .binding is a violation (round-4 lint: 'missed') 1ms
   ✓ the checker itself catches planted violations (self-check, incl. F-DG1-109, F-DG1-117, F-DG1-124) > X8 node:process named import dlopen is a violation (round-4 lint: 'missed') 1ms
   ✓ the checker itself catches planted violations (self-check, incl. F-DG1-109, F-DG1-117, F-DG1-124) > A1 node:sqlite loadExtension is a violation (round-4 lint: 'missed') 10ms
   ✓ the checker itself catches planted violations (self-check, incl. F-DG1-109, F-DG1-117, F-DG1-124) > R1 node:test in-process run is a violation (round-4 lint: 'missed') 1ms
   ✓ the checker itself catches planted violations (self-check, incl. F-DG1-109, F-DG1-117, F-DG1-124) > R2 process.execve is a violation (round-4 lint: 'missed') 1ms
   ✓ the checker itself catches planted violations (self-check, incl. F-DG1-109, F-DG1-117, F-DG1-124) > P17 module.constructor is a violation (round-4 lint: 'caught') 26ms
   ✓ the checker itself catches planted violations (self-check, incl. F-DG1-109, F-DG1-117, F-DG1-124) > P18 aliased AsyncFunction constructor (F-DG1-121 N1) is a violation (round-4 lint: 'caught') 1ms
   ✓ the checker itself catches planted violations (self-check, incl. F-DG1-109, F-DG1-117, F-DG1-124) > P19 new Function (F-DG1-117 M) is a violation (round-4 lint: 'caught') 1ms
   ✓ the checker itself catches planted violations (self-check, incl. F-DG1-109, F-DG1-117, F-DG1-124) > S1 crypto.setEngine (named import) is a violation (round-9 lint: 'missed') 28ms
   ✓ the checker itself catches planted violations (self-check, incl. F-DG1-109, F-DG1-117, F-DG1-124) > S2 crypto.setEngine (namespace import) is a violation (round-9 lint: 'missed') 102ms
   ✓ the checker itself catches planted violations (self-check, incl. F-DG1-109, F-DG1-117, F-DG1-124) > S3 crypto["setEngine"] (string key) is a violation (round-9 lint: 'missed') 2ms
   ✓ the checker itself catches planted violations (self-check, incl. F-DG1-109, F-DG1-117, F-DG1-124) > DD1 process.kill(self, SIGUSR1) starts the inspector (F-DG1-129 N1) is a violation (default-deny; round-8 lint: 'missed') 1ms
   ✓ the checker itself catches planted violations (self-check, incl. F-DG1-109, F-DG1-117, F-DG1-124) > DD2 process._debugProcess(self) (F-DG1-129 N2 / F-DG1-213 D2) is a violation (default-deny; round-8 lint: 'missed') 17ms
   ✓ the checker itself catches planted violations (self-check, incl. F-DG1-109, F-DG1-117, F-DG1-124) > DD3 process._kill is a violation (default-deny; round-8 lint: 'missed') 1ms
   ✓ the checker itself catches planted violations (self-check, incl. F-DG1-109, F-DG1-117, F-DG1-124) > DD4 F-DG1-213 D1 full route as module source is a violation (default-deny; round-8 lint: 'missed') 2ms
   ✓ the checker itself catches planted violations (self-check, incl. F-DG1-109, F-DG1-117, F-DG1-124) > DD5 process.execve is a violation (default-deny; round-8 lint: 'caught') 1ms
   ✓ the checker itself catches planted violations (self-check, incl. F-DG1-109, F-DG1-117, F-DG1-124) > DD6 process.binding is a violation (default-deny; round-8 lint: 'caught') 46ms
   ✓ the checker itself catches planted violations (self-check, incl. F-DG1-109, F-DG1-117, F-DG1-124) > DD7 process.dlopen is a violation (default-deny; round-8 lint: 'caught') 1ms
   ✓ the checker itself catches planted violations (self-check, incl. F-DG1-109, F-DG1-117, F-DG1-124) > DD8 process.abort is a violation (default-deny; round-8 lint: 'missed') 10ms
   ✓ the checker itself catches planted violations (self-check, incl. F-DG1-109, F-DG1-117, F-DG1-124) > DD9 optional-chained process?.kill is a violation (default-deny; round-8 lint: 'missed') 1ms
   ✓ the checker itself catches planted violations (self-check, incl. F-DG1-109, F-DG1-117, F-DG1-124) > DD10 node:inspector is a violation (default-deny; round-8 lint: 'caught') 1ms
   ✓ the checker itself catches planted violations (self-check, incl. F-DG1-109, F-DG1-117, F-DG1-124) > DD11 node:inspector/promises is a violation (default-deny; round-8 lint: 'caught') 8ms
   ✓ the checker itself catches planted violations (self-check, incl. F-DG1-109, F-DG1-117, F-DG1-124) > DD12 node:sqlite is a violation (default-deny; round-8 lint: 'caught') 1ms
   ✓ the checker itself catches planted violations (self-check, incl. F-DG1-109, F-DG1-117, F-DG1-124) > DD13 node:test is a violation (default-deny; round-8 lint: 'caught') 1ms
   ✓ the checker itself catches planted violations (self-check, incl. F-DG1-109, F-DG1-117, F-DG1-124) > DD14 node:vm is a violation (default-deny; round-8 lint: 'caught') 1ms
   ✓ the checker itself catches planted violations (self-check, incl. F-DG1-109, F-DG1-117, F-DG1-124) > DD15 node:worker_threads is a violation (default-deny; round-8 lint: 'caught') 3ms
   ✓ the checker itself catches planted violations (self-check, incl. F-DG1-109, F-DG1-117, F-DG1-124) > DD16 node:wasi is a violation (default-deny; round-8 lint: 'missed') 1ms
   ✓ the checker itself catches planted violations (self-check, incl. F-DG1-109, F-DG1-117, F-DG1-124) > DD17 node:v8 is a violation (default-deny; round-8 lint: 'missed') 1ms
   ✓ the checker itself catches planted violations (self-check, incl. F-DG1-109, F-DG1-117, F-DG1-124) > DD18 node:http is a violation (default-deny; round-8 lint: 'missed') 5ms
   ✓ the checker itself catches planted violations (self-check, incl. F-DG1-109, F-DG1-117, F-DG1-124) > DD19 node:net is a violation (default-deny; round-8 lint: 'missed') 1ms
   ✓ the checker itself catches planted violations (self-check, incl. F-DG1-109, F-DG1-117, F-DG1-124) > DD20 a built-in a later Node version might add is a violation (default-deny; round-8 lint: 'missed') 1ms
   ✓ the checker itself catches planted violations (self-check, incl. F-DG1-109, F-DG1-117, F-DG1-124) > default-deny keeps the allow-listed built-ins and process members clean (D-055 positive controls) 6ms
   ✓ the checker itself catches planted violations (self-check, incl. F-DG1-109, F-DG1-117, F-DG1-124) > F-DG1-132/133 rule 5: E1 Object.values(ns).find by fn.name is a violation (round-11 lint: 'missed') 2ms
   ✓ the checker itself catches planted violations (self-check, incl. F-DG1-109, F-DG1-117, F-DG1-124) > F-DG1-132/133 rule 5: E2 new Map(Object.entries(ns)).get(built key) is a violation (round-11 lint: 'missed') 1ms
   ✓ the checker itself catches planted violations (self-check, incl. F-DG1-109, F-DG1-117, F-DG1-124) > F-DG1-132/133 rule 5: E3 Object.entries(ns).find by regex over keys is a violation (round-11 lint: 'missed') 5ms
   ✓ the checker itself catches planted violations (self-check, incl. F-DG1-109, F-DG1-117, F-DG1-124) > F-DG1-132/133 rule 5: E4 for-of over Object.entries(default binding) is a violation (round-11 lint: 'missed') 1ms
   ✓ the checker itself catches planted violations (self-check, incl. F-DG1-109, F-DG1-117, F-DG1-124) > F-DG1-132/133 rule 5: E5 dynamic import() then enumerate is a violation (round-11 lint: 'missed') 1ms
   ✓ the checker itself catches planted violations (self-check, incl. F-DG1-109, F-DG1-117, F-DG1-124) > F-DG1-132/133 rule 5: N1 namespace import is a violation (round-11 lint: 'missed') 9ms
   ✓ the checker itself catches planted violations (self-check, incl. F-DG1-109, F-DG1-117, F-DG1-124) > F-DG1-132/133 rule 5: N2 default import is a violation (round-11 lint: 'missed') 1ms
   ✓ the checker itself catches planted violations (self-check, incl. F-DG1-109, F-DG1-117, F-DG1-124) > F-DG1-132/133 rule 5: N3 default + named import is a violation (round-11 lint: 'missed') 1ms
   ✓ the checker itself catches planted violations (self-check, incl. F-DG1-109, F-DG1-117, F-DG1-124) > F-DG1-132/133 rule 5: N4 named default import is a violation (round-11 lint: 'missed') 1ms
   ✓ the checker itself catches planted violations (self-check, incl. F-DG1-109, F-DG1-117, F-DG1-124) > F-DG1-132/133 rule 5: N5 export star is a violation (round-11 lint: 'missed') 5ms
   ✓ the checker itself catches planted violations (self-check, incl. F-DG1-109, F-DG1-117, F-DG1-124) > F-DG1-132/133 rule 5: N6 export star as is a violation (round-11 lint: 'missed') 13ms
   ✓ the checker itself catches planted violations (self-check, incl. F-DG1-109, F-DG1-117, F-DG1-124) > F-DG1-132/133 rule 5: N7 re-export default is a violation (round-11 lint: 'missed') 3ms
   ✓ the checker itself catches planted violations (self-check, incl. F-DG1-109, F-DG1-117, F-DG1-124) > F-DG1-132/133 rule 5: N8 import-equals require is a violation (round-11 lint: 'missed') 227ms
   ✓ the checker itself catches planted violations (self-check, incl. F-DG1-109, F-DG1-117, F-DG1-124) > F-DG1-132/133 rule 5: N9 dynamic import() literal is a violation (round-11 lint: 'missed') 6ms
   ✓ the checker itself catches planted violations (self-check, incl. F-DG1-109, F-DG1-117, F-DG1-124) > F-DG1-132/133 rule 5: N10 require() literal is a violation (round-11 lint: 'caught') 28ms
   ✓ the checker itself catches planted violations (self-check, incl. F-DG1-109, F-DG1-117, F-DG1-124) > F-DG1-130/132: named node:crypto imports and their members stay allowed (positive control) 2ms
   ✓ the checker itself catches planted violations (self-check, incl. F-DG1-109, F-DG1-117, F-DG1-124) > F-DG1-133: enumerating a PLAIN object stays allowed (identity/routes.ts, access/rules.ts idiom) 24ms
   ✓ the checker itself catches planted violations (self-check, incl. F-DG1-109, F-DG1-117, F-DG1-124) > rule 5 applies only to node:crypto: namespace/default imports of other allow-listed built-ins stay allowed 2ms
   ✓ the checker itself catches planted violations (self-check, incl. F-DG1-109, F-DG1-117, F-DG1-124) > allowed forms stay clean (public index of a declared dependency, shared packages, own files) 97ms
   ✓ the checker itself catches planted violations (self-check, incl. F-DG1-109, F-DG1-117, F-DG1-124) > a module's own test may read the module map and the lint, but its runtime files may not 27ms
   ✓ the checker itself catches planted violations (self-check, incl. F-DG1-109, F-DG1-117, F-DG1-124) > a scaffold may not reach a business module it does not declare (reporting -> workflows) 2ms
   ✓ the checker itself catches planted violations (self-check, incl. F-DG1-109, F-DG1-117, F-DG1-124) > F-DG1-134: walk() collects every buildable JS/TS file (.[cm]?[jt]sx?), incl. nested ones, and no other file 38ms
   ✓ the checker itself catches planted violations (self-check, incl. F-DG1-109, F-DG1-117, F-DG1-124) > F-DG1-134: a planted non-.ts module file (zz-planted.mts etc.) is linted like a .ts one, end to end 221ms
   ✓ the checker itself catches planted violations (self-check, incl. F-DG1-109, F-DG1-117, F-DG1-124) > F-DG1-134: zz-planted.mts via fileViolations yields the rule-5 and deep-import violations 2ms
   ✓ the checker itself catches planted violations (self-check, incl. F-DG1-109, F-DG1-117, F-DG1-124) > F-DG1-134: JSX in a .tsx/.jsx module file is parsed as JSX, so its imports are still seen and not mis-parsed 66ms
   ✓ the checker itself catches planted violations (self-check, incl. F-DG1-109, F-DG1-117, F-DG1-124) > F-DG1-135: only *.test.ts/*.test.tsx (build-excluded) get the test allowance; *.test.mts etc. get full rules 136ms
   ✓ the checker itself catches planted violations (self-check, incl. F-DG1-109, F-DG1-117, F-DG1-124) > F-DG1-135: zz.test.mts importing ../../modules.ts or vitest is a violation; zz.test.ts doing so is allowed 66ms
   ✓ the checker itself catches planted violations (self-check, incl. F-DG1-109, F-DG1-117, F-DG1-124) > F-DG1-143: test-only packages (ajv, ajv-formats, yaml) are violations in module source, allowed only in *.test.ts 111ms
   ✓ the checker itself catches planted violations (self-check, incl. F-DG1-109, F-DG1-117, F-DG1-124) > F-DG1-217: a module declaration file (.d.ts/.d.mts/.d.cts) is linted without throwing, imports still checked 110ms
   ✓ the checker itself catches planted violations (self-check, incl. F-DG1-109, F-DG1-117, F-DG1-124) > F-DG1-137/F-DG1-218: an arbitrary-extension declaration file (*.d.<ext>.ts) is linted without throwing 45ms
   ✓ the checker itself catches planted violations (self-check, incl. F-DG1-109, F-DG1-117, F-DG1-124) > F-DG1-137/F-DG1-218: a planted styles.d.css.ts in a module directory is walked and linted end to end 6ms
   ✓ the checker itself catches planted violations (self-check, incl. F-DG1-109, F-DG1-117, F-DG1-124) > F-DG1-217: a planted .d.ts in a module directory is walked and linted end to end without throwing 107ms
   ✓ the checker itself catches planted violations (self-check, incl. F-DG1-109, F-DG1-117, F-DG1-124) > scanSource reports what it saw (paths resolve relative to the planted file) 1ms
   ✓ package dependency direction (ADR-0002 rule 5) > packages/db imports only @mth/config and @mth/shared  680ms
   ✓ package dependency direction (ADR-0002 rule 5) > packages/config imports only @mth/shared 34ms
   ✓ package dependency direction (ADR-0002 rule 5) > packages/shared imports no workspace package  1663ms
   ✓ package dependency direction (ADR-0002 rule 5) > apps/web never imports @mth/db or @mth/config (browser bundle, no secrets)  8164ms
   ✓ package dependency direction (ADR-0002 rule 5) > apps/worker imports no API code  965ms
 ✓ |unit-node| packages/shared/src/kpi/property.test.ts (11 tests) 3299ms
   ✓ RAG > higher-is-better: a lower actual never gives a better RAG (monotonic), relative and absolute  688ms
   ✓ cumulative and roll-ups > cumulative YTD of a flow equals the exact sum of its period values; removing any period makes it Unknown  378ms
   ✓ trajectory > linear expected values lie between the neighbouring points; step values are point values  544ms
   ✓ storage rounding > rounds once half-up: |stored − exact| ≤ 0.0000005 and the record is honest  568ms
 ✓ |unit-node| apps/api/src/modules/workflows/workflows.test.ts (14 tests) 8040ms
   ✓ workflows module (P2) > registers its routes, each declaring access; every mutation declares a write permission  349ms
   ✓ workflows module (P2) > its declared boundary holds, and an undeclared dependency would be caught  7638ms
 ✓ |unit-node| packages/shared/src/adoption/measures.test.ts (24 tests) 922ms
   ✓ properties (seeded) > never 0 for an empty denominator: Unknown with value null exactly when the denominator is 0  466ms
 ✓ |unit-node| packages/shared/src/scoring.test.ts (36 tests) 655ms
   ✓ property: all 5^5 integer score combinations under v1 equal an independent BigInt rational computation > stored value, 2-digit display and 0–100 view all match for 3125 combinations  519ms
 ✓ |unit-node| apps/api/src/modules/platform/platform.test.ts (19 tests) 450ms
   ✓ invalid characters (U+0000): SQLSTATE mapping and the central request check (F-DG2-231) > a deeply nested body is scanned without recursion (no stack overflow)  375ms
 ✓ |unit-node| apps/api/src/modules/reporting/reporting.test.ts (4 tests) 3152ms
   ✓ reporting module (P1 scaffold, D-048) > its declared boundary holds, and a planted bypass or undeclared dependency would be caught  3083ms
 ✓ |unit-node| apps/api/src/modules/reporting/dashboards/areas.test.ts (19 tests) 943ms
   ✓ combine (ADR-0037 §3 precedence) > property: Unknown or Stale inputs never combine to green, and the result is one of the inputs' ranks (2000 seeded sets)  790ms
 ✓ |unit-node| apps/api/src/server.test.ts (6 tests) 4772ms
   ✓ route registration > declares access on every /api route and on the health endpoints  1696ms
   ✓ route registration > registers dev login only in AUTH_MODE=dev; production configuration refuses dev mode entirely  2027ms
   ✓ session cookie security in production (F-DG1-112) > an https production origin starts  401ms
   ✓ module composition (D-048, P2) > wires the P2 business modules (each registering routes) and keeps reporting a route-free scaffold until P5  562ms
 ✓ |unit-node| packages/shared/src/schemas/schemas.test.ts (69 tests) 512ms
 ✓ |unit-node| apps/api/src/modules/platform/advisory-locks.test.ts (3 tests) 155ms
 ✓ |unit-node| apps/api/src/modules/methodology/methodology.test.ts (4 tests) 458ms
   ✓ methodology module (P2) > its declared boundary holds, and an undeclared dependency would be caught  415ms
 ✓ |unit-node| packages/shared/src/formula/formula.test.ts (140 tests) 218ms
 ✓ |unit-node| apps/api/src/modules/governance/governance.test.ts (2 tests) 97ms
 ✓ |unit-node| apps/api/src/modules/platform/media-types.test.ts (57 tests) 209ms
 ✓ |unit-node| packages/shared/src/schemas/missing-links.test.ts (10 tests) 15ms
 ✓ |unit-node| apps/api/src/modules/platform/in-flight.test.ts (4 tests) 616ms
   ✓ registerInFlightTracking > wraps every route handler registered after it: async handlers are tracked until their cleanup ran; results are unchanged  384ms
 ✓ |unit-node| packages/shared/src/value.test.ts (29 tests) 275ms
 ✓ |unit-node| apps/api/src/modules/kpi/formulas.test.ts (10 tests) 26ms
 ✓ |unit-node| apps/api/src/modules/sustainment/sustainment.test.ts (2 tests) 25ms
 ✓ |unit-node| apps/api/src/request-encoding.test.ts (11 tests) 212ms
 ✓ |unit-node| packages/db/src/seed.test.ts (34 tests) 81ms
 ✓ |unit-node| apps/api/src/modules/platform/incomplete-body.test.ts (10 tests) 351ms
 ✓ |unit-node| packages/shared/src/time/working-days.test.ts (19 tests) 97ms
 ✓ |unit-node| apps/api/src/modules/tasks/tasks.test.ts (5 tests) 73ms
 ✓ |unit-node| packages/shared/src/kpi/a05.test.ts (17 tests) 80ms
 ✓ |unit-node| apps/api/src/modules/platform/db-errors.test.ts (7 tests) 87ms
 ✓ |unit-node| packages/config/src/load.test.ts (17 tests) 545ms
 ✓ |unit-node| apps/api/src/modules/platform/connection-hygiene.test.ts (6 tests) 92ms
(node:4536) [FSTDEP022] FastifyWarning: The router options for constraints property access is deprecated. Please use "options.routerOptions" instead for accessing router options. The router options will be removed in `fastify@6`.
(Use `node --trace-warnings ...` to show where the warning was created)
 ✓ |unit-node| apps/api/src/modules/platform/framework-errors.test.ts (6 tests) 85ms
 ✓ |unit-node| apps/api/src/modules/benefits/benefits.test.ts (2 tests) 105ms
 ✓ |unit-node| apps/api/src/modules/kpi/kbe-c.test.ts (9 tests) 19ms
 ✓ |unit-node| packages/shared/src/kpi/change.test.ts (22 tests) 91ms
 ✓ |unit-node| apps/api/src/modules/raid/raid.test.ts (7 tests) 145ms
 ✓ |unit-node| packages/shared/src/kpi/formula-binding.test.ts (26 tests) 53ms
 ✓ |unit-node| apps/api/src/modules/benefits/d2-rules.test.ts (15 tests) 56ms
 ✓ |unit-node| apps/api/src/modules/admin/branding.test.ts (4 tests) 88ms
 ✓ |unit-node| apps/api/src/modules/benefits/totals.test.ts (14 tests) 46ms
 ✓ |unit-node| apps/api/src/modules/benefits/register-rules.test.ts (45 tests) 92ms
 ✓ |unit-node| apps/api/src/modules/transformations/good-outcome.test.ts (7 tests) 113ms
 ✓ |unit-node| packages/design-tokens/src/tokens.test.ts (15 tests) 113ms
 ✓ |unit-node| apps/api/src/modules/kpi/rules.test.ts (30 tests) 99ms
 ✓ |unit-node| apps/api/src/modules/adoption/adoption.test.ts (2 tests) 82ms
 ✓ |unit-node| apps/api/src/modules/platform/health.test.ts (2 tests) 42ms
 ✓ |unit-node| packages/shared/src/kpi/status.test.ts (25 tests) 29ms
 ✓ |unit-node| packages/shared/src/kpi/purity.test.ts (14 tests) 175ms
 ✓ |unit-node| packages/shared/src/kpi/types.test.ts (40 tests) 19ms
 ✓ |unit-node| apps/api/src/modules/portfolio/budget.test.ts (13 tests) 38ms
 ✓ |unit-node| apps/api/src/modules/workflows/g4.test.ts (5 tests) 13ms
 ✓ |unit-node| packages/shared/src/schemas/roadmap.test.ts (6 tests) 28ms
 ✓ |unit-node| apps/api/src/modules/portfolio/readiness-transform.test.ts (4 tests) 5ms
 ✓ |unit-node| apps/api/src/modules/transformations/thesis.test.ts (4 tests) 13ms
 ✓ |unit-node| packages/shared/src/schedule/working-day-slip.test.ts (11 tests) 45ms
 ✓ |unit-node| packages/shared/src/kpi/aggregate.test.ts (20 tests) 28ms
 ✓ |unit-node| packages/shared/src/schedule/critical-path.test.ts (13 tests) 10ms
 ✓ |unit-node| apps/api/src/modules/raid/corrective.test.ts (4 tests) 107ms
 ✓ |unit-node| apps/api/src/modules/kpi/p3-gate-facts.test.ts (9 tests) 31ms
 ✓ |unit-node| packages/shared/src/kpi/rag.test.ts (38 tests) 236ms
 ✓ |unit-node| apps/api/src/modules/access/rules.test.ts (12 tests) 17ms
 ✓ |unit-node| apps/api/src/modules/platform/db-errors-p4.test.ts (5 tests) 21ms
 ✓ |unit-node| apps/api/src/modules/platform/db-errors-p4-meetings.test.ts (4 tests) 21ms
 ✓ |unit-node| apps/api/src/modules/portfolio/schedule.test.ts (14 tests) 13ms
 ✓ |unit-node| apps/api/src/modules/kpi/totals.test.ts (20 tests) 16ms
 ✓ |unit-node| packages/shared/src/schemas/corrective.test.ts (10 tests) 26ms
 ✓ |unit-node| apps/api/src/modules/platform/request-encoding.test.ts (7 tests) 22ms
 ✓ |unit-node| apps/api/src/modules/reporting/dashboards/finance.test.ts (12 tests) 10ms
 ✓ |unit-node| packages/shared/src/governance/recurrence.test.ts (19 tests) 29ms
 ✓ |unit-node| apps/api/src/modules/portfolio/sequencing.test.ts (9 tests) 8ms
 ✓ |unit-node| packages/shared/src/kpi/periods.test.ts (26 tests) 30ms
 ✓ |unit-node| packages/shared/src/kpi/trajectory.test.ts (14 tests) 31ms
 ✓ |unit-node| packages/shared/src/adoption/form-schema.test.ts (8 tests) 24ms
 ✓ |unit-node| packages/shared/src/kpi/measures.test.ts (30 tests) 20ms
 ✓ |unit-node| apps/api/src/modules/identity/oidc-claims.test.ts (5 tests) 9ms
 ✓ |unit-node| apps/api/src/modules/transformations/exclusions.test.ts (19 tests) 6ms
 ✓ |unit-node| apps/api/src/modules/portfolio/capacity.test.ts (4 tests) 15ms
 ✓ |unit-node| apps/api/src/modules/transformations/transitions.test.ts (2 tests) 3ms
 ✓ |unit-node| apps/api/src/modules/workflows/t08-cycle-problem.test.ts (2 tests) 3ms
 ✓ |unit-node| apps/api/src/modules/governance/raci.test.ts (2 tests) 3ms

⎯⎯⎯⎯⎯⎯⎯ Failed Tests 1 ⎯⎯⎯⎯⎯⎯⎯

 FAIL  |unit-node| apps/api/src/architecture.test.ts > API module boundaries (ADR-0002) > every import respects dependsOn, public surfaces and allowed packages
Error: Test timed out in 30000ms.
If this is a long-running test, pass a timeout value as the last argument or configure it globally with "testTimeout".
 ❯ apps/api/src/architecture.test.ts:159:3
    157|   // F-DG2-143: this walks and lints every module file (~1-1.5 s alone…
    158|   // explicit timeout instead of vitest's 5 s default.
    159|   it(
       |   ^
    160|     "every import respects dependsOn, public surfaces and allowed pack…
    161|     () => {

⎯⎯⎯⎯⎯⎯⎯⎯⎯⎯⎯⎯⎯⎯⎯⎯⎯⎯⎯⎯⎯⎯⎯⎯[1/1]⎯


 Test Files  1 failed | 125 passed (126)
      Tests  1 failed | 2401 passed (2402)
   Start at  03:44:22
   Duration  479.06s (transform 24.72s, setup 21.68s, collect 428.23s, tests 761.69s, environment 82.94s, prepare 31.07s)

 ELIFECYCLE  Test failed. See above for more details.
