# negative control: apps/web/src/auth/session-end.test.tsx against HEAD e3b00c01cdd04ce6ccb8f1503211c97cb79e2853 sources (fix reverted), node v24.21.0

 RUN  v3.2.4 /home/user/My-owns/apps/web

stderr | src/auth/session-end.test.tsx > session end while the app is open (en) > a 401 on navigation lands once on sign-in with the message; signing in again returns to the page
Maximum update depth exceeded. This can happen when a component calls setState inside useEffect, but useEffect either doesn't have a dependency array, or one of the dependencies changes on every render.

stderr | src/auth/session-end.test.tsx > session end while the app is open (en) > a 401 on navigation lands once on sign-in with the message; signing in again returns to the page
Maximum update depth exceeded. This can happen when a component calls setState inside useEffect, but useEffect either doesn't have a dependency array, or one of the dependencies changes on every render.

stderr | src/auth/session-end.test.tsx > session end while the app is open (en) > a 401 on navigation lands once on sign-in with the message; signing in again returns to the page
Maximum update depth exceeded. This can happen when a component calls setState inside useEffect, but useEffect either doesn't have a dependency array, or one of the dependencies changes on every render.

stderr | src/auth/session-end.test.tsx > session end while the app is open (en) > a 401 on navigation lands once on sign-in with the message; signing in again returns to the page
Maximum update depth exceeded. This can happen when a component calls setState inside useEffect, but useEffect either doesn't have a dependency array, or one of the dependencies changes on every render.

stderr | src/auth/session-end.test.tsx > session end while the app is open (en) > a 401 on navigation lands once on sign-in with the message; signing in again returns to the page
Maximum update depth exceeded. This can happen when a component calls setState inside useEffect, but useEffect either doesn't have a dependency array, or one of the dependencies changes on every render.

stderr | src/auth/session-end.test.tsx > session end while the app is open (en) > a 401 on navigation lands once on sign-in with the message; signing in again returns to the page
Maximum update depth exceeded. This can happen when a component calls setState inside useEffect, but useEffect either doesn't have a dependency array, or one of the dependencies changes on every render.

stderr | src/auth/session-end.test.tsx > session end while the app is open (en) > a 401 on navigation lands once on sign-in with the message; signing in again returns to the page
Maximum update depth exceeded. This can happen when a component calls setState inside useEffect, but useEffect either doesn't have a dependency array, or one of the dependencies changes on every render.

stderr | src/auth/session-end.test.tsx > session end while the app is open (en) > a 401 on navigation lands once on sign-in with the message; signing in again returns to the page
Maximum update depth exceeded. This can happen when a component calls setState inside useEffect, but useEffect either doesn't have a dependency array, or one of the dependencies changes on every render.

stderr | src/auth/session-end.test.tsx > session end while the app is open (en) > a 401 on navigation lands once on sign-in with the message; signing in again returns to the page
Maximum update depth exceeded. This can happen when a component calls setState inside useEffect, but useEffect either doesn't have a dependency array, or one of the dependencies changes on every render.

stderr | src/auth/session-end.test.tsx > session end while the app is open (en) > a 401 on navigation lands once on sign-in with the message; signing in again returns to the page
Maximum update depth exceeded. This can happen when a component calls setState inside useEffect, but useEffect either doesn't have a dependency array, or one of the dependencies changes on every render.

stderr | src/auth/session-end.test.tsx > session end while the app is open (en) > a 401 on navigation lands once on sign-in with the message; signing in again returns to the page
Maximum update depth exceeded. This can happen when a component calls setState inside useEffect, but useEffect either doesn't have a dependency array, or one of the dependencies changes on every render.

stderr | src/auth/session-end.test.tsx > session end while the app is open (en) > a 401 on navigation lands once on sign-in with the message; signing in again returns to the page
Maximum update depth exceeded. This can happen when a component calls setState inside useEffect, but useEffect either doesn't have a dependency array, or one of the dependencies changes on every render.

stderr | src/auth/session-end.test.tsx > session end while the app is open (en) > a 401 on navigation lands once on sign-in with the message; signing in again returns to the page
Maximum update depth exceeded. This can happen when a component calls setState inside useEffect, but useEffect either doesn't have a dependency array, or one of the dependencies changes on every render.

stderr | src/auth/session-end.test.tsx > session end while the app is open (en) > a 401 on navigation lands once on sign-in with the message; signing in again returns to the page
Maximum update depth exceeded. This can happen when a component calls setState inside useEffect, but useEffect either doesn't have a dependency array, or one of the dependencies changes on every render.

stderr | src/auth/session-end.test.tsx > session end while the app is open (en) > a 401 on navigation lands once on sign-in with the message; signing in again returns to the page
Maximum update depth exceeded. This can happen when a component calls setState inside useEffect, but useEffect either doesn't have a dependency array, or one of the dependencies changes on every render.

stderr | src/auth/session-end.test.tsx > session end while the app is open (en) > a 401 on navigation lands once on sign-in with the message; signing in again returns to the page
Maximum update depth exceeded. This can happen when a component calls setState inside useEffect, but useEffect either doesn't have a dependency array, or one of the dependencies changes on every render.

stderr | src/auth/session-end.test.tsx > session end while the app is open (en) > a 401 on navigation lands once on sign-in with the message; signing in again returns to the page
Maximum update depth exceeded. This can happen when a component calls setState inside useEffect, but useEffect either doesn't have a dependency array, or one of the dependencies changes on every render.

stderr | src/auth/session-end.test.tsx > session end while the app is open (en) > a 401 on navigation lands once on sign-in with the message; signing in again returns to the page
Maximum update depth exceeded. This can happen when a component calls setState inside useEffect, but useEffect either doesn't have a dependency array, or one of the dependencies changes on every render.

stderr | src/auth/session-end.test.tsx > session end while the app is open (en) > a 401 on navigation lands once on sign-in with the message; signing in again returns to the page
Maximum update depth exceeded. This can happen when a component calls setState inside useEffect, but useEffect either doesn't have a dependency array, or one of the dependencies changes on every render.

stderr | src/auth/session-end.test.tsx > session end while the app is open (en) > a 401 on navigation lands once on sign-in with the message; signing in again returns to the page
Maximum update depth exceeded. This can happen when a component calls setState inside useEffect, but useEffect either doesn't have a dependency array, or one of the dependencies changes on every render.

stderr | src/auth/session-end.test.tsx > session end while the app is open (en) > a 401 on navigation lands once on sign-in with the message; signing in again returns to the page
Maximum update depth exceeded. This can happen when a component calls setState inside useEffect, but useEffect either doesn't have a dependency array, or one of the dependencies changes on every render.

stderr | src/auth/session-end.test.tsx > session end while the app is open (en) > a 401 on navigation lands once on sign-in with the message; signing in again returns to the page
Maximum update depth exceeded. This can happen when a component calls setState inside useEffect, but useEffect either doesn't have a dependency array, or one of the dependencies changes on every render.

stderr | src/auth/session-end.test.tsx > session end while the app is open (en) > a 401 on navigation lands once on sign-in with the message; signing in again returns to the page
Maximum update depth exceeded. This can happen when a component calls setState inside useEffect, but useEffect either doesn't have a dependency array, or one of the dependencies changes on every render.

stderr | src/auth/session-end.test.tsx > session end while the app is open (en) > a 401 on navigation lands once on sign-in with the message; signing in again returns to the page
Maximum update depth exceeded. This can happen when a component calls setState inside useEffect, but useEffect either doesn't have a dependency array, or one of the dependencies changes on every render.

stderr | src/auth/session-end.test.tsx > session end while the app is open (en) > a 401 on navigation lands once on sign-in with the message; signing in again returns to the page
Maximum update depth exceeded. This can happen when a component calls setState inside useEffect, but useEffect either doesn't have a dependency array, or one of the dependencies changes on every render.

stderr | src/auth/session-end.test.tsx > session end while the app is open (en) > a 401 on navigation lands once on sign-in with the message; signing in again returns to the page
Maximum update depth exceeded. This can happen when a component calls setState inside useEffect, but useEffect either doesn't have a dependency array, or one of the dependencies changes on every render.

stderr | src/auth/session-end.test.tsx > session end while the app is open (en) > a 401 on navigation lands once on sign-in with the message; signing in again returns to the page
Maximum update depth exceeded. This can happen when a component calls setState inside useEffect, but useEffect either doesn't have a dependency array, or one of the dependencies changes on every render.

stderr | src/auth/session-end.test.tsx > session end while the app is open (en) > a 401 on navigation lands once on sign-in with the message; signing in again returns to the page
Maximum update depth exceeded. This can happen when a component calls setState inside useEffect, but useEffect either doesn't have a dependency array, or one of the dependencies changes on every render.

stderr | src/auth/session-end.test.tsx > session end while the app is open (en) > a 401 on navigation lands once on sign-in with the message; signing in again returns to the page
Maximum update depth exceeded. This can happen when a component calls setState inside useEffect, but useEffect either doesn't have a dependency array, or one of the dependencies changes on every render.

stderr | src/auth/session-end.test.tsx > session end while the app is open (en) > a 401 on navigation lands once on sign-in with the message; signing in again returns to the page
Maximum update depth exceeded. This can happen when a component calls setState inside useEffect, but useEffect either doesn't have a dependency array, or one of the dependencies changes on every render.

stderr | src/auth/session-end.test.tsx > session end while the app is open (en) > a 401 on navigation lands once on sign-in with the message; signing in again returns to the page
Maximum update depth exceeded. This can happen when a component calls setState inside useEffect, but useEffect either doesn't have a dependency array, or one of the dependencies changes on every render.

stderr | src/auth/session-end.test.tsx > session end while the app is open (en) > a 401 on navigation lands once on sign-in with the message; signing in again returns to the page
Maximum update depth exceeded. This can happen when a component calls setState inside useEffect, but useEffect either doesn't have a dependency array, or one of the dependencies changes on every render.

stderr | src/auth/session-end.test.tsx > session end while the app is open (en) > a 401 on navigation lands once on sign-in with the message; signing in again returns to the page
Maximum update depth exceeded. This can happen when a component calls setState inside useEffect, but useEffect either doesn't have a dependency array, or one of the dependencies changes on every render.

stderr | src/auth/session-end.test.tsx > session end while the app is open (en) > a 401 on navigation lands once on sign-in with the message; signing in again returns to the page
Maximum update depth exceeded. This can happen when a component calls setState inside useEffect, but useEffect either doesn't have a dependency array, or one of the dependencies changes on every render.

stderr | src/auth/session-end.test.tsx > session end while the app is open (en) > a 401 on navigation lands once on sign-in with the message; signing in again returns to the page
Maximum update depth exceeded. This can happen when a component calls setState inside useEffect, but useEffect either doesn't have a dependency array, or one of the dependencies changes on every render.

stderr | src/auth/session-end.test.tsx > session end while the app is open (en) > a 401 on navigation lands once on sign-in with the message; signing in again returns to the page
Maximum update depth exceeded. This can happen when a component calls setState inside useEffect, but useEffect either doesn't have a dependency array, or one of the dependencies changes on every render.

stderr | src/auth/session-end.test.tsx > session end while the app is open (en) > a 401 on navigation lands once on sign-in with the message; signing in again returns to the page
Maximum update depth exceeded. This can happen when a component calls setState inside useEffect, but useEffect either doesn't have a dependency array, or one of the dependencies changes on every render.

stderr | src/auth/session-end.test.tsx > session end while the app is open (en) > a 401 on navigation lands once on sign-in with the message; signing in again returns to the page
Maximum update depth exceeded. This can happen when a component calls setState inside useEffect, but useEffect either doesn't have a dependency array, or one of the dependencies changes on every render.

stderr | src/auth/session-end.test.tsx > session end while the app is open (en) > a 401 on navigation lands once on sign-in with the message; signing in again returns to the page
Maximum update depth exceeded. This can happen when a component calls setState inside useEffect, but useEffect either doesn't have a dependency array, or one of the dependencies changes on every render.

stderr | src/auth/session-end.test.tsx > session end while the app is open (en) > a 401 on navigation lands once on sign-in with the message; signing in again returns to the page
Maximum update depth exceeded. This can happen when a component calls setState inside useEffect, but useEffect either doesn't have a dependency array, or one of the dependencies changes on every render.

stderr | src/auth/session-end.test.tsx > session end while the app is open (en) > a 401 on navigation lands once on sign-in with the message; signing in again returns to the page
Maximum update depth exceeded. This can happen when a component calls setState inside useEffect, but useEffect either doesn't have a dependency array, or one of the dependencies changes on every render.

stderr | src/auth/session-end.test.tsx > session end while the app is open (en) > a 401 on navigation lands once on sign-in with the message; signing in again returns to the page
Maximum update depth exceeded. This can happen when a component calls setState inside useEffect, but useEffect either doesn't have a dependency array, or one of the dependencies changes on every render.

stderr | src/auth/session-end.test.tsx > session end while the app is open (en) > a 401 on navigation lands once on sign-in with the message; signing in again returns to the page
Maximum update depth exceeded. This can happen when a component calls setState inside useEffect, but useEffect either doesn't have a dependency array, or one of the dependencies changes on every render.

stderr | src/auth/session-end.test.tsx > session end while the app is open (en) > a 401 on navigation lands once on sign-in with the message; signing in again returns to the page
Maximum update depth exceeded. This can happen when a component calls setState inside useEffect, but useEffect either doesn't have a dependency array, or one of the dependencies changes on every render.

stderr | src/auth/session-end.test.tsx > session end while the app is open (en) > a 401 on navigation lands once on sign-in with the message; signing in again returns to the page
Maximum update depth exceeded. This can happen when a component calls setState inside useEffect, but useEffect either doesn't have a dependency array, or one of the dependencies changes on every render.

stderr | src/auth/session-end.test.tsx > session end while the app is open (en) > a 401 on navigation lands once on sign-in with the message; signing in again returns to the page
Maximum update depth exceeded. This can happen when a component calls setState inside useEffect, but useEffect either doesn't have a dependency array, or one of the dependencies changes on every render.

stderr | src/auth/session-end.test.tsx > session end while the app is open (en) > a 401 on navigation lands once on sign-in with the message; signing in again returns to the page
Maximum update depth exceeded. This can happen when a component calls setState inside useEffect, but useEffect either doesn't have a dependency array, or one of the dependencies changes on every render.

stderr | src/auth/session-end.test.tsx > session end while the app is open (en) > a 401 on a dialog mutation (the commit-time upload refusal) closes the dialog and lands once on sign-in
Maximum update depth exceeded. This can happen when a component calls setState inside useEffect, but useEffect either doesn't have a dependency array, or one of the dependencies changes on every render.

stderr | src/auth/session-end.test.tsx > session end while the app is open (en) > a 401 on a dialog mutation (the commit-time upload refusal) closes the dialog and lands once on sign-in
Maximum update depth exceeded. This can happen when a component calls setState inside useEffect, but useEffect either doesn't have a dependency array, or one of the dependencies changes on every render.

stderr | src/auth/session-end.test.tsx > session end while the app is open (en) > a 401 on a dialog mutation (the commit-time upload refusal) closes the dialog and lands once on sign-in
Maximum update depth exceeded. This can happen when a component calls setState inside useEffect, but useEffect either doesn't have a dependency array, or one of the dependencies changes on every render.

stderr | src/auth/session-end.test.tsx > session end while the app is open (en) > a 401 on a dialog mutation (the commit-time upload refusal) closes the dialog and lands once on sign-in
Maximum update depth exceeded. This can happen when a component calls setState inside useEffect, but useEffect either doesn't have a dependency array, or one of the dependencies changes on every render.

stderr | src/auth/session-end.test.tsx > session end while the app is open (en) > a 401 on a dialog mutation (the commit-time upload refusal) closes the dialog and lands once on sign-in
Maximum update depth exceeded. This can happen when a component calls setState inside useEffect, but useEffect either doesn't have a dependency array, or one of the dependencies changes on every render.

stderr | src/auth/session-end.test.tsx > session end while the app is open (en) > a 401 on a dialog mutation (the commit-time upload refusal) closes the dialog and lands once on sign-in
Maximum update depth exceeded. This can happen when a component calls setState inside useEffect, but useEffect either doesn't have a dependency array, or one of the dependencies changes on every render.

stderr | src/auth/session-end.test.tsx > session end while the app is open (en) > a 401 on a dialog mutation (the commit-time upload refusal) closes the dialog and lands once on sign-in
Maximum update depth exceeded. This can happen when a component calls setState inside useEffect, but useEffect either doesn't have a dependency array, or one of the dependencies changes on every render.

stderr | src/auth/session-end.test.tsx > session end while the app is open (en) > a 401 on a dialog mutation (the commit-time upload refusal) closes the dialog and lands once on sign-in
Maximum update depth exceeded. This can happen when a component calls setState inside useEffect, but useEffect either doesn't have a dependency array, or one of the dependencies changes on every render.

stderr | src/auth/session-end.test.tsx > session end while the app is open (en) > a 401 on a dialog mutation (the commit-time upload refusal) closes the dialog and lands once on sign-in
Maximum update depth exceeded. This can happen when a component calls setState inside useEffect, but useEffect either doesn't have a dependency array, or one of the dependencies changes on every render.

stderr | src/auth/session-end.test.tsx > session end while the app is open (en) > a 401 on a dialog mutation (the commit-time upload refusal) closes the dialog and lands once on sign-in
Maximum update depth exceeded. This can happen when a component calls setState inside useEffect, but useEffect either doesn't have a dependency array, or one of the dependencies changes on every render.

stderr | src/auth/session-end.test.tsx > session end while the app is open (en) > a 401 on a dialog mutation (the commit-time upload refusal) closes the dialog and lands once on sign-in
Maximum update depth exceeded. This can happen when a component calls setState inside useEffect, but useEffect either doesn't have a dependency array, or one of the dependencies changes on every render.

stderr | src/auth/session-end.test.tsx > session end while the app is open (en) > a 401 on a dialog mutation (the commit-time upload refusal) closes the dialog and lands once on sign-in
Maximum update depth exceeded. This can happen when a component calls setState inside useEffect, but useEffect either doesn't have a dependency array, or one of the dependencies changes on every render.

stderr | src/auth/session-end.test.tsx > session end while the app is open (en) > a 401 on a dialog mutation (the commit-time upload refusal) closes the dialog and lands once on sign-in
Maximum update depth exceeded. This can happen when a component calls setState inside useEffect, but useEffect either doesn't have a dependency array, or one of the dependencies changes on every render.

stderr | src/auth/session-end.test.tsx > session end while the app is open (en) > a 401 on a dialog mutation (the commit-time upload refusal) closes the dialog and lands once on sign-in
Maximum update depth exceeded. This can happen when a component calls setState inside useEffect, but useEffect either doesn't have a dependency array, or one of the dependencies changes on every render.

stderr | src/auth/session-end.test.tsx > session end while the app is open (en) > a 401 on a dialog mutation (the commit-time upload refusal) closes the dialog and lands once on sign-in
Maximum update depth exceeded. This can happen when a component calls setState inside useEffect, but useEffect either doesn't have a dependency array, or one of the dependencies changes on every render.

stderr | src/auth/session-end.test.tsx > session end while the app is open (en) > a 401 on a dialog mutation (the commit-time upload refusal) closes the dialog and lands once on sign-in
Maximum update depth exceeded. This can happen when a component calls setState inside useEffect, but useEffect either doesn't have a dependency array, or one of the dependencies changes on every render.

stderr | src/auth/session-end.test.tsx > session end while the app is open (en) > a 401 on a dialog mutation (the commit-time upload refusal) closes the dialog and lands once on sign-in
Maximum update depth exceeded. This can happen when a component calls setState inside useEffect, but useEffect either doesn't have a dependency array, or one of the dependencies changes on every render.

stderr | src/auth/session-end.test.tsx > session end while the app is open (en) > a 401 on a dialog mutation (the commit-time upload refusal) closes the dialog and lands once on sign-in
Maximum update depth exceeded. This can happen when a component calls setState inside useEffect, but useEffect either doesn't have a dependency array, or one of the dependencies changes on every render.

stderr | src/auth/session-end.test.tsx > session end while the app is open (en) > a 401 on a dialog mutation (the commit-time upload refusal) closes the dialog and lands once on sign-in
Maximum update depth exceeded. This can happen when a component calls setState inside useEffect, but useEffect either doesn't have a dependency array, or one of the dependencies changes on every render.

stderr | src/auth/session-end.test.tsx > session end while the app is open (en) > a 401 on a dialog mutation (the commit-time upload refusal) closes the dialog and lands once on sign-in
Maximum update depth exceeded. This can happen when a component calls setState inside useEffect, but useEffect either doesn't have a dependency array, or one of the dependencies changes on every render.

stderr | src/auth/session-end.test.tsx > session end while the app is open (en) > a 401 on a dialog mutation (the commit-time upload refusal) closes the dialog and lands once on sign-in
Maximum update depth exceeded. This can happen when a component calls setState inside useEffect, but useEffect either doesn't have a dependency array, or one of the dependencies changes on every render.

stderr | src/auth/session-end.test.tsx > session end while the app is open (en) > a 401 on a dialog mutation (the commit-time upload refusal) closes the dialog and lands once on sign-in
Maximum update depth exceeded. This can happen when a component calls setState inside useEffect, but useEffect either doesn't have a dependency array, or one of the dependencies changes on every render.

stderr | src/auth/session-end.test.tsx > session end while the app is open (en) > a 401 on a dialog mutation (the commit-time upload refusal) closes the dialog and lands once on sign-in
Maximum update depth exceeded. This can happen when a component calls setState inside useEffect, but useEffect either doesn't have a dependency array, or one of the dependencies changes on every render.

stderr | src/auth/session-end.test.tsx > session end while the app is open (en) > a 401 on a dialog mutation (the commit-time upload refusal) closes the dialog and lands once on sign-in
Maximum update depth exceeded. This can happen when a component calls setState inside useEffect, but useEffect either doesn't have a dependency array, or one of the dependencies changes on every render.

stderr | src/auth/session-end.test.tsx > session end while the app is open (en) > a 401 on a dialog mutation (the commit-time upload refusal) closes the dialog and lands once on sign-in
Maximum update depth exceeded. This can happen when a component calls setState inside useEffect, but useEffect either doesn't have a dependency array, or one of the dependencies changes on every render.

stderr | src/auth/session-end.test.tsx > session end while the app is open (en) > a 401 on a dialog mutation (the commit-time upload refusal) closes the dialog and lands once on sign-in
Maximum update depth exceeded. This can happen when a component calls setState inside useEffect, but useEffect either doesn't have a dependency array, or one of the dependencies changes on every render.

stderr | src/auth/session-end.test.tsx > session end while the app is open (en) > a 401 on a dialog mutation (the commit-time upload refusal) closes the dialog and lands once on sign-in
Maximum update depth exceeded. This can happen when a component calls setState inside useEffect, but useEffect either doesn't have a dependency array, or one of the dependencies changes on every render.

stderr | src/auth/session-end.test.tsx > session end while the app is open (en) > a 401 on a dialog mutation (the commit-time upload refusal) closes the dialog and lands once on sign-in
Maximum update depth exceeded. This can happen when a component calls setState inside useEffect, but useEffect either doesn't have a dependency array, or one of the dependencies changes on every render.

stderr | src/auth/session-end.test.tsx > session end while the app is open (en) > a 401 on a dialog mutation (the commit-time upload refusal) closes the dialog and lands once on sign-in
Maximum update depth exceeded. This can happen when a component calls setState inside useEffect, but useEffect either doesn't have a dependency array, or one of the dependencies changes on every render.

stderr | src/auth/session-end.test.tsx > session end while the app is open (en) > a 401 on a dialog mutation (the commit-time upload refusal) closes the dialog and lands once on sign-in
Maximum update depth exceeded. This can happen when a component calls setState inside useEffect, but useEffect either doesn't have a dependency array, or one of the dependencies changes on every render.

stderr | src/auth/session-end.test.tsx > session end while the app is open (en) > a 401 on a dialog mutation (the commit-time upload refusal) closes the dialog and lands once on sign-in
Maximum update depth exceeded. This can happen when a component calls setState inside useEffect, but useEffect either doesn't have a dependency array, or one of the dependencies changes on every render.

stderr | src/auth/session-end.test.tsx > session end while the app is open (en) > a 401 on a dialog mutation (the commit-time upload refusal) closes the dialog and lands once on sign-in
Maximum update depth exceeded. This can happen when a component calls setState inside useEffect, but useEffect either doesn't have a dependency array, or one of the dependencies changes on every render.

stderr | src/auth/session-end.test.tsx > session end while the app is open (en) > a 401 on a dialog mutation (the commit-time upload refusal) closes the dialog and lands once on sign-in
Maximum update depth exceeded. This can happen when a component calls setState inside useEffect, but useEffect either doesn't have a dependency array, or one of the dependencies changes on every render.

stderr | src/auth/session-end.test.tsx > session end while the app is open (en) > a 401 on a dialog mutation (the commit-time upload refusal) closes the dialog and lands once on sign-in
Maximum update depth exceeded. This can happen when a component calls setState inside useEffect, but useEffect either doesn't have a dependency array, or one of the dependencies changes on every render.

stderr | src/auth/session-end.test.tsx > session end while the app is open (en) > a 401 on a dialog mutation (the commit-time upload refusal) closes the dialog and lands once on sign-in
Maximum update depth exceeded. This can happen when a component calls setState inside useEffect, but useEffect either doesn't have a dependency array, or one of the dependencies changes on every render.

stderr | src/auth/session-end.test.tsx > session end while the app is open (en) > a 401 on a dialog mutation (the commit-time upload refusal) closes the dialog and lands once on sign-in
Maximum update depth exceeded. This can happen when a component calls setState inside useEffect, but useEffect either doesn't have a dependency array, or one of the dependencies changes on every render.

stderr | src/auth/session-end.test.tsx > session end while the app is open (en) > a 401 on a dialog mutation (the commit-time upload refusal) closes the dialog and lands once on sign-in
Maximum update depth exceeded. This can happen when a component calls setState inside useEffect, but useEffect either doesn't have a dependency array, or one of the dependencies changes on every render.

stderr | src/auth/session-end.test.tsx > session end while the app is open (en) > a 401 on a dialog mutation (the commit-time upload refusal) closes the dialog and lands once on sign-in
Maximum update depth exceeded. This can happen when a component calls setState inside useEffect, but useEffect either doesn't have a dependency array, or one of the dependencies changes on every render.

stderr | src/auth/session-end.test.tsx > session end while the app is open (en) > a 401 on a dialog mutation (the commit-time upload refusal) closes the dialog and lands once on sign-in
Maximum update depth exceeded. This can happen when a component calls setState inside useEffect, but useEffect either doesn't have a dependency array, or one of the dependencies changes on every render.

stderr | src/auth/session-end.test.tsx > session end while the app is open (en) > a 401 on a dialog mutation (the commit-time upload refusal) closes the dialog and lands once on sign-in
Maximum update depth exceeded. This can happen when a component calls setState inside useEffect, but useEffect either doesn't have a dependency array, or one of the dependencies changes on every render.

stderr | src/auth/session-end.test.tsx > session end while the app is open (en) > a 401 on a dialog mutation (the commit-time upload refusal) closes the dialog and lands once on sign-in
Maximum update depth exceeded. This can happen when a component calls setState inside useEffect, but useEffect either doesn't have a dependency array, or one of the dependencies changes on every render.

stderr | src/auth/session-end.test.tsx > session end while the app is open (en) > a sign-out elsewhere noticed by the next /me probe lands once on sign-in, never on the stale shell
Maximum update depth exceeded. This can happen when a component calls setState inside useEffect, but useEffect either doesn't have a dependency array, or one of the dependencies changes on every render.

stderr | src/auth/session-end.test.tsx > session end while the app is open (en) > a sign-out elsewhere noticed by the next /me probe lands once on sign-in, never on the stale shell
Maximum update depth exceeded. This can happen when a component calls setState inside useEffect, but useEffect either doesn't have a dependency array, or one of the dependencies changes on every render.

stderr | src/auth/session-end.test.tsx > session end while the app is open (en) > a sign-out elsewhere noticed by the next /me probe lands once on sign-in, never on the stale shell
Maximum update depth exceeded. This can happen when a component calls setState inside useEffect, but useEffect either doesn't have a dependency array, or one of the dependencies changes on every render.

stderr | src/auth/session-end.test.tsx > session end while the app is open (en) > a sign-out elsewhere noticed by the next /me probe lands once on sign-in, never on the stale shell
Maximum update depth exceeded. This can happen when a component calls setState inside useEffect, but useEffect either doesn't have a dependency array, or one of the dependencies changes on every render.

stderr | src/auth/session-end.test.tsx > session end while the app is open (en) > a sign-out elsewhere noticed by the next /me probe lands once on sign-in, never on the stale shell
Maximum update depth exceeded. This can happen when a component calls setState inside useEffect, but useEffect either doesn't have a dependency array, or one of the dependencies changes on every render.

stderr | src/auth/session-end.test.tsx > session end while the app is open (en) > a sign-out elsewhere noticed by the next /me probe lands once on sign-in, never on the stale shell
Maximum update depth exceeded. This can happen when a component calls setState inside useEffect, but useEffect either doesn't have a dependency array, or one of the dependencies changes on every render.

stderr | src/auth/session-end.test.tsx > session end while the app is open (en) > a sign-out elsewhere noticed by the next /me probe lands once on sign-in, never on the stale shell
Maximum update depth exceeded. This can happen when a component calls setState inside useEffect, but useEffect either doesn't have a dependency array, or one of the dependencies changes on every render.

stderr | src/auth/session-end.test.tsx > session end while the app is open (en) > a sign-out elsewhere noticed by the next /me probe lands once on sign-in, never on the stale shell
Maximum update depth exceeded. This can happen when a component calls setState inside useEffect, but useEffect either doesn't have a dependency array, or one of the dependencies changes on every render.

stderr | src/auth/session-end.test.tsx > session end while the app is open (en) > a sign-out elsewhere noticed by the next /me probe lands once on sign-in, never on the stale shell
Maximum update depth exceeded. This can happen when a component calls setState inside useEffect, but useEffect either doesn't have a dependency array, or one of the dependencies changes on every render.

stderr | src/auth/session-end.test.tsx > session end while the app is open (en) > a sign-out elsewhere noticed by the next /me probe lands once on sign-in, never on the stale shell
Maximum update depth exceeded. This can happen when a component calls setState inside useEffect, but useEffect either doesn't have a dependency array, or one of the dependencies changes on every render.

stderr | src/auth/session-end.test.tsx > session end while the app is open (en) > a sign-out elsewhere noticed by the next /me probe lands once on sign-in, never on the stale shell
Maximum update depth exceeded. This can happen when a component calls setState inside useEffect, but useEffect either doesn't have a dependency array, or one of the dependencies changes on every render.

stderr | src/auth/session-end.test.tsx > session end while the app is open (en) > a sign-out elsewhere noticed by the next /me probe lands once on sign-in, never on the stale shell
Maximum update depth exceeded. This can happen when a component calls setState inside useEffect, but useEffect either doesn't have a dependency array, or one of the dependencies changes on every render.

stderr | src/auth/session-end.test.tsx > session end while the app is open (en) > a sign-out elsewhere noticed by the next /me probe lands once on sign-in, never on the stale shell
Maximum update depth exceeded. This can happen when a component calls setState inside useEffect, but useEffect either doesn't have a dependency array, or one of the dependencies changes on every render.

stderr | src/auth/session-end.test.tsx > session end while the app is open (en) > a sign-out elsewhere noticed by the next /me probe lands once on sign-in, never on the stale shell
Maximum update depth exceeded. This can happen when a component calls setState inside useEffect, but useEffect either doesn't have a dependency array, or one of the dependencies changes on every render.

stderr | src/auth/session-end.test.tsx > session end while the app is open (en) > a sign-out elsewhere noticed by the next /me probe lands once on sign-in, never on the stale shell
Maximum update depth exceeded. This can happen when a component calls setState inside useEffect, but useEffect either doesn't have a dependency array, or one of the dependencies changes on every render.

stderr | src/auth/session-end.test.tsx > session end while the app is open (en) > a sign-out elsewhere noticed by the next /me probe lands once on sign-in, never on the stale shell
Maximum update depth exceeded. This can happen when a component calls setState inside useEffect, but useEffect either doesn't have a dependency array, or one of the dependencies changes on every render.

stderr | src/auth/session-end.test.tsx > session end while the app is open (en) > a sign-out elsewhere noticed by the next /me probe lands once on sign-in, never on the stale shell
Maximum update depth exceeded. This can happen when a component calls setState inside useEffect, but useEffect either doesn't have a dependency array, or one of the dependencies changes on every render.

stderr | src/auth/session-end.test.tsx > session end while the app is open (en) > a sign-out elsewhere noticed by the next /me probe lands once on sign-in, never on the stale shell
Maximum update depth exceeded. This can happen when a component calls setState inside useEffect, but useEffect either doesn't have a dependency array, or one of the dependencies changes on every render.

stderr | src/auth/session-end.test.tsx > session end while the app is open (en) > a sign-out elsewhere noticed by the next /me probe lands once on sign-in, never on the stale shell
Maximum update depth exceeded. This can happen when a component calls setState inside useEffect, but useEffect either doesn't have a dependency array, or one of the dependencies changes on every render.

stderr | src/auth/session-end.test.tsx > session end while the app is open (en) > a sign-out elsewhere noticed by the next /me probe lands once on sign-in, never on the stale shell
Maximum update depth exceeded. This can happen when a component calls setState inside useEffect, but useEffect either doesn't have a dependency array, or one of the dependencies changes on every render.

stderr | src/auth/session-end.test.tsx > session end while the app is open (en) > a sign-out elsewhere noticed by the next /me probe lands once on sign-in, never on the stale shell
Maximum update depth exceeded. This can happen when a component calls setState inside useEffect, but useEffect either doesn't have a dependency array, or one of the dependencies changes on every render.

stderr | src/auth/session-end.test.tsx > session end while the app is open (en) > a sign-out elsewhere noticed by the next /me probe lands once on sign-in, never on the stale shell
Maximum update depth exceeded. This can happen when a component calls setState inside useEffect, but useEffect either doesn't have a dependency array, or one of the dependencies changes on every render.

stderr | src/auth/session-end.test.tsx > session end while the app is open (en) > a sign-out elsewhere noticed by the next /me probe lands once on sign-in, never on the stale shell
Maximum update depth exceeded. This can happen when a component calls setState inside useEffect, but useEffect either doesn't have a dependency array, or one of the dependencies changes on every render.

stderr | src/auth/session-end.test.tsx > session end while the app is open (en) > a sign-out elsewhere noticed by the next /me probe lands once on sign-in, never on the stale shell
Maximum update depth exceeded. This can happen when a component calls setState inside useEffect, but useEffect either doesn't have a dependency array, or one of the dependencies changes on every render.

stderr | src/auth/session-end.test.tsx > session end while the app is open (en) > a sign-out elsewhere noticed by the next /me probe lands once on sign-in, never on the stale shell
Maximum update depth exceeded. This can happen when a component calls setState inside useEffect, but useEffect either doesn't have a dependency array, or one of the dependencies changes on every render.

stderr | src/auth/session-end.test.tsx > session end while the app is open (en) > a sign-out elsewhere noticed by the next /me probe lands once on sign-in, never on the stale shell
Maximum update depth exceeded. This can happen when a component calls setState inside useEffect, but useEffect either doesn't have a dependency array, or one of the dependencies changes on every render.

stderr | src/auth/session-end.test.tsx > session end while the app is open (en) > a sign-out elsewhere noticed by the next /me probe lands once on sign-in, never on the stale shell
Maximum update depth exceeded. This can happen when a component calls setState inside useEffect, but useEffect either doesn't have a dependency array, or one of the dependencies changes on every render.

stderr | src/auth/session-end.test.tsx > session end while the app is open (en) > a sign-out elsewhere noticed by the next /me probe lands once on sign-in, never on the stale shell
Maximum update depth exceeded. This can happen when a component calls setState inside useEffect, but useEffect either doesn't have a dependency array, or one of the dependencies changes on every render.

stderr | src/auth/session-end.test.tsx > session end while the app is open (en) > a sign-out elsewhere noticed by the next /me probe lands once on sign-in, never on the stale shell
Maximum update depth exceeded. This can happen when a component calls setState inside useEffect, but useEffect either doesn't have a dependency array, or one of the dependencies changes on every render.

stderr | src/auth/session-end.test.tsx > session end while the app is open (en) > a sign-out elsewhere noticed by the next /me probe lands once on sign-in, never on the stale shell
Maximum update depth exceeded. This can happen when a component calls setState inside useEffect, but useEffect either doesn't have a dependency array, or one of the dependencies changes on every render.

stderr | src/auth/session-end.test.tsx > session end while the app is open (en) > a sign-out elsewhere noticed by the next /me probe lands once on sign-in, never on the stale shell
Maximum update depth exceeded. This can happen when a component calls setState inside useEffect, but useEffect either doesn't have a dependency array, or one of the dependencies changes on every render.

stderr | src/auth/session-end.test.tsx > session end while the app is open (en) > a sign-out elsewhere noticed by the next /me probe lands once on sign-in, never on the stale shell
Maximum update depth exceeded. This can happen when a component calls setState inside useEffect, but useEffect either doesn't have a dependency array, or one of the dependencies changes on every render.

stderr | src/auth/session-end.test.tsx > session end while the app is open (en) > a sign-out elsewhere noticed by the next /me probe lands once on sign-in, never on the stale shell
Maximum update depth exceeded. This can happen when a component calls setState inside useEffect, but useEffect either doesn't have a dependency array, or one of the dependencies changes on every render.

stderr | src/auth/session-end.test.tsx > session end while the app is open (en) > a sign-out elsewhere noticed by the next /me probe lands once on sign-in, never on the stale shell
Maximum update depth exceeded. This can happen when a component calls setState inside useEffect, but useEffect either doesn't have a dependency array, or one of the dependencies changes on every render.

stderr | src/auth/session-end.test.tsx > session end while the app is open (en) > a sign-out elsewhere noticed by the next /me probe lands once on sign-in, never on the stale shell
Maximum update depth exceeded. This can happen when a component calls setState inside useEffect, but useEffect either doesn't have a dependency array, or one of the dependencies changes on every render.

stderr | src/auth/session-end.test.tsx > session end while the app is open (en) > a sign-out elsewhere noticed by the next /me probe lands once on sign-in, never on the stale shell
Maximum update depth exceeded. This can happen when a component calls setState inside useEffect, but useEffect either doesn't have a dependency array, or one of the dependencies changes on every render.

stderr | src/auth/session-end.test.tsx > session end while the app is open (en) > a sign-out elsewhere noticed by the next /me probe lands once on sign-in, never on the stale shell
Maximum update depth exceeded. This can happen when a component calls setState inside useEffect, but useEffect either doesn't have a dependency array, or one of the dependencies changes on every render.

stderr | src/auth/session-end.test.tsx > session end while the app is open (en) > a sign-out elsewhere noticed by the next /me probe lands once on sign-in, never on the stale shell
Maximum update depth exceeded. This can happen when a component calls setState inside useEffect, but useEffect either doesn't have a dependency array, or one of the dependencies changes on every render.

stderr | src/auth/session-end.test.tsx > session end while the app is open (en) > a sign-out elsewhere noticed by the next /me probe lands once on sign-in, never on the stale shell
Maximum update depth exceeded. This can happen when a component calls setState inside useEffect, but useEffect either doesn't have a dependency array, or one of the dependencies changes on every render.

stderr | src/auth/session-end.test.tsx > session end while the app is open (en) > a sign-out elsewhere noticed by the next /me probe lands once on sign-in, never on the stale shell
Maximum update depth exceeded. This can happen when a component calls setState inside useEffect, but useEffect either doesn't have a dependency array, or one of the dependencies changes on every render.

stderr | src/auth/session-end.test.tsx > session end while the app is open (en) > a sign-out elsewhere noticed by the next /me probe lands once on sign-in, never on the stale shell
Maximum update depth exceeded. This can happen when a component calls setState inside useEffect, but useEffect either doesn't have a dependency array, or one of the dependencies changes on every render.

stderr | src/auth/session-end.test.tsx > session end while the app is open (en) > a sign-out elsewhere noticed by the next /me probe lands once on sign-in, never on the stale shell
Maximum update depth exceeded. This can happen when a component calls setState inside useEffect, but useEffect either doesn't have a dependency array, or one of the dependencies changes on every render.

stderr | src/auth/session-end.test.tsx > session end while the app is open (en) > a sign-out elsewhere noticed by the next /me probe lands once on sign-in, never on the stale shell
Maximum update depth exceeded. This can happen when a component calls setState inside useEffect, but useEffect either doesn't have a dependency array, or one of the dependencies changes on every render.

stderr | src/auth/session-end.test.tsx > session end while the app is open (en) > a sign-out elsewhere noticed by the next /me probe lands once on sign-in, never on the stale shell
Maximum update depth exceeded. This can happen when a component calls setState inside useEffect, but useEffect either doesn't have a dependency array, or one of the dependencies changes on every render.

stderr | src/auth/session-end.test.tsx > session end while the app is open (en) > a sign-out elsewhere noticed by the next /me probe lands once on sign-in, never on the stale shell
Maximum update depth exceeded. This can happen when a component calls setState inside useEffect, but useEffect either doesn't have a dependency array, or one of the dependencies changes on every render.

stderr | src/auth/session-end.test.tsx > session end while the app is open (en) > a sign-out elsewhere noticed by the next /me probe lands once on sign-in, never on the stale shell
Maximum update depth exceeded. This can happen when a component calls setState inside useEffect, but useEffect either doesn't have a dependency array, or one of the dependencies changes on every render.

stderr | src/auth/session-end.test.tsx > session end while the app is open (en) > a sign-out elsewhere noticed by the next /me probe lands once on sign-in, never on the stale shell
Maximum update depth exceeded. This can happen when a component calls setState inside useEffect, but useEffect either doesn't have a dependency array, or one of the dependencies changes on every render.

stderr | src/auth/session-end.test.tsx > session end while the app is open (en) > a sign-out elsewhere noticed by the next /me probe lands once on sign-in, never on the stale shell
Maximum update depth exceeded. This can happen when a component calls setState inside useEffect, but useEffect either doesn't have a dependency array, or one of the dependencies changes on every render.

stderr | src/auth/session-end.test.tsx > session end while the app is open (en) > a sign-out elsewhere noticed by the next /me probe lands once on sign-in, never on the stale shell
Maximum update depth exceeded. This can happen when a component calls setState inside useEffect, but useEffect either doesn't have a dependency array, or one of the dependencies changes on every render.

stderr | src/auth/session-end.test.tsx > session end while the app is open (ar) > a 401 on navigation lands once on sign-in with the message; signing in again returns to the page
Maximum update depth exceeded. This can happen when a component calls setState inside useEffect, but useEffect either doesn't have a dependency array, or one of the dependencies changes on every render.

stderr | src/auth/session-end.test.tsx > session end while the app is open (ar) > a 401 on navigation lands once on sign-in with the message; signing in again returns to the page
Maximum update depth exceeded. This can happen when a component calls setState inside useEffect, but useEffect either doesn't have a dependency array, or one of the dependencies changes on every render.

stderr | src/auth/session-end.test.tsx > session end while the app is open (ar) > a 401 on navigation lands once on sign-in with the message; signing in again returns to the page
Maximum update depth exceeded. This can happen when a component calls setState inside useEffect, but useEffect either doesn't have a dependency array, or one of the dependencies changes on every render.

stderr | src/auth/session-end.test.tsx > session end while the app is open (ar) > a 401 on navigation lands once on sign-in with the message; signing in again returns to the page
Maximum update depth exceeded. This can happen when a component calls setState inside useEffect, but useEffect either doesn't have a dependency array, or one of the dependencies changes on every render.

stderr | src/auth/session-end.test.tsx > session end while the app is open (ar) > a 401 on navigation lands once on sign-in with the message; signing in again returns to the page
Maximum update depth exceeded. This can happen when a component calls setState inside useEffect, but useEffect either doesn't have a dependency array, or one of the dependencies changes on every render.

stderr | src/auth/session-end.test.tsx > session end while the app is open (ar) > a 401 on navigation lands once on sign-in with the message; signing in again returns to the page
Maximum update depth exceeded. This can happen when a component calls setState inside useEffect, but useEffect either doesn't have a dependency array, or one of the dependencies changes on every render.

stderr | src/auth/session-end.test.tsx > session end while the app is open (ar) > a 401 on navigation lands once on sign-in with the message; signing in again returns to the page
Maximum update depth exceeded. This can happen when a component calls setState inside useEffect, but useEffect either doesn't have a dependency array, or one of the dependencies changes on every render.

stderr | src/auth/session-end.test.tsx > session end while the app is open (ar) > a 401 on navigation lands once on sign-in with the message; signing in again returns to the page
Maximum update depth exceeded. This can happen when a component calls setState inside useEffect, but useEffect either doesn't have a dependency array, or one of the dependencies changes on every render.

stderr | src/auth/session-end.test.tsx > session end while the app is open (ar) > a 401 on navigation lands once on sign-in with the message; signing in again returns to the page
Maximum update depth exceeded. This can happen when a component calls setState inside useEffect, but useEffect either doesn't have a dependency array, or one of the dependencies changes on every render.

stderr | src/auth/session-end.test.tsx > session end while the app is open (ar) > a 401 on navigation lands once on sign-in with the message; signing in again returns to the page
Maximum update depth exceeded. This can happen when a component calls setState inside useEffect, but useEffect either doesn't have a dependency array, or one of the dependencies changes on every render.

stderr | src/auth/session-end.test.tsx > session end while the app is open (ar) > a 401 on navigation lands once on sign-in with the message; signing in again returns to the page
Maximum update depth exceeded. This can happen when a component calls setState inside useEffect, but useEffect either doesn't have a dependency array, or one of the dependencies changes on every render.

stderr | src/auth/session-end.test.tsx > session end while the app is open (ar) > a 401 on navigation lands once on sign-in with the message; signing in again returns to the page
Maximum update depth exceeded. This can happen when a component calls setState inside useEffect, but useEffect either doesn't have a dependency array, or one of the dependencies changes on every render.

stderr | src/auth/session-end.test.tsx > session end while the app is open (ar) > a 401 on navigation lands once on sign-in with the message; signing in again returns to the page
Maximum update depth exceeded. This can happen when a component calls setState inside useEffect, but useEffect either doesn't have a dependency array, or one of the dependencies changes on every render.

stderr | src/auth/session-end.test.tsx > session end while the app is open (ar) > a 401 on navigation lands once on sign-in with the message; signing in again returns to the page
Maximum update depth exceeded. This can happen when a component calls setState inside useEffect, but useEffect either doesn't have a dependency array, or one of the dependencies changes on every render.

stderr | src/auth/session-end.test.tsx > session end while the app is open (ar) > a 401 on navigation lands once on sign-in with the message; signing in again returns to the page
Maximum update depth exceeded. This can happen when a component calls setState inside useEffect, but useEffect either doesn't have a dependency array, or one of the dependencies changes on every render.

stderr | src/auth/session-end.test.tsx > session end while the app is open (ar) > a 401 on navigation lands once on sign-in with the message; signing in again returns to the page
Maximum update depth exceeded. This can happen when a component calls setState inside useEffect, but useEffect either doesn't have a dependency array, or one of the dependencies changes on every render.

stderr | src/auth/session-end.test.tsx > session end while the app is open (ar) > a 401 on navigation lands once on sign-in with the message; signing in again returns to the page
Maximum update depth exceeded. This can happen when a component calls setState inside useEffect, but useEffect either doesn't have a dependency array, or one of the dependencies changes on every render.

stderr | src/auth/session-end.test.tsx > session end while the app is open (ar) > a 401 on navigation lands once on sign-in with the message; signing in again returns to the page
Maximum update depth exceeded. This can happen when a component calls setState inside useEffect, but useEffect either doesn't have a dependency array, or one of the dependencies changes on every render.

stderr | src/auth/session-end.test.tsx > session end while the app is open (ar) > a 401 on navigation lands once on sign-in with the message; signing in again returns to the page
Maximum update depth exceeded. This can happen when a component calls setState inside useEffect, but useEffect either doesn't have a dependency array, or one of the dependencies changes on every render.

stderr | src/auth/session-end.test.tsx > session end while the app is open (ar) > a 401 on navigation lands once on sign-in with the message; signing in again returns to the page
Maximum update depth exceeded. This can happen when a component calls setState inside useEffect, but useEffect either doesn't have a dependency array, or one of the dependencies changes on every render.

stderr | src/auth/session-end.test.tsx > session end while the app is open (ar) > a 401 on navigation lands once on sign-in with the message; signing in again returns to the page
Maximum update depth exceeded. This can happen when a component calls setState inside useEffect, but useEffect either doesn't have a dependency array, or one of the dependencies changes on every render.

stderr | src/auth/session-end.test.tsx > session end while the app is open (ar) > a 401 on navigation lands once on sign-in with the message; signing in again returns to the page
Maximum update depth exceeded. This can happen when a component calls setState inside useEffect, but useEffect either doesn't have a dependency array, or one of the dependencies changes on every render.

stderr | src/auth/session-end.test.tsx > session end while the app is open (ar) > a 401 on navigation lands once on sign-in with the message; signing in again returns to the page
Maximum update depth exceeded. This can happen when a component calls setState inside useEffect, but useEffect either doesn't have a dependency array, or one of the dependencies changes on every render.

stderr | src/auth/session-end.test.tsx > session end while the app is open (ar) > a 401 on navigation lands once on sign-in with the message; signing in again returns to the page
Maximum update depth exceeded. This can happen when a component calls setState inside useEffect, but useEffect either doesn't have a dependency array, or one of the dependencies changes on every render.

stderr | src/auth/session-end.test.tsx > session end while the app is open (ar) > a 401 on navigation lands once on sign-in with the message; signing in again returns to the page
Maximum update depth exceeded. This can happen when a component calls setState inside useEffect, but useEffect either doesn't have a dependency array, or one of the dependencies changes on every render.

stderr | src/auth/session-end.test.tsx > session end while the app is open (ar) > a 401 on navigation lands once on sign-in with the message; signing in again returns to the page
Maximum update depth exceeded. This can happen when a component calls setState inside useEffect, but useEffect either doesn't have a dependency array, or one of the dependencies changes on every render.

stderr | src/auth/session-end.test.tsx > session end while the app is open (ar) > a 401 on navigation lands once on sign-in with the message; signing in again returns to the page
Maximum update depth exceeded. This can happen when a component calls setState inside useEffect, but useEffect either doesn't have a dependency array, or one of the dependencies changes on every render.

stderr | src/auth/session-end.test.tsx > session end while the app is open (ar) > a 401 on navigation lands once on sign-in with the message; signing in again returns to the page
Maximum update depth exceeded. This can happen when a component calls setState inside useEffect, but useEffect either doesn't have a dependency array, or one of the dependencies changes on every render.

stderr | src/auth/session-end.test.tsx > session end while the app is open (ar) > a 401 on navigation lands once on sign-in with the message; signing in again returns to the page
Maximum update depth exceeded. This can happen when a component calls setState inside useEffect, but useEffect either doesn't have a dependency array, or one of the dependencies changes on every render.

stderr | src/auth/session-end.test.tsx > session end while the app is open (ar) > a 401 on navigation lands once on sign-in with the message; signing in again returns to the page
Maximum update depth exceeded. This can happen when a component calls setState inside useEffect, but useEffect either doesn't have a dependency array, or one of the dependencies changes on every render.

stderr | src/auth/session-end.test.tsx > session end while the app is open (ar) > a 401 on navigation lands once on sign-in with the message; signing in again returns to the page
Maximum update depth exceeded. This can happen when a component calls setState inside useEffect, but useEffect either doesn't have a dependency array, or one of the dependencies changes on every render.

stderr | src/auth/session-end.test.tsx > session end while the app is open (ar) > a 401 on navigation lands once on sign-in with the message; signing in again returns to the page
Maximum update depth exceeded. This can happen when a component calls setState inside useEffect, but useEffect either doesn't have a dependency array, or one of the dependencies changes on every render.

stderr | src/auth/session-end.test.tsx > session end while the app is open (ar) > a 401 on navigation lands once on sign-in with the message; signing in again returns to the page
Maximum update depth exceeded. This can happen when a component calls setState inside useEffect, but useEffect either doesn't have a dependency array, or one of the dependencies changes on every render.

stderr | src/auth/session-end.test.tsx > session end while the app is open (ar) > a 401 on navigation lands once on sign-in with the message; signing in again returns to the page
Maximum update depth exceeded. This can happen when a component calls setState inside useEffect, but useEffect either doesn't have a dependency array, or one of the dependencies changes on every render.

stderr | src/auth/session-end.test.tsx > session end while the app is open (ar) > a 401 on navigation lands once on sign-in with the message; signing in again returns to the page
Maximum update depth exceeded. This can happen when a component calls setState inside useEffect, but useEffect either doesn't have a dependency array, or one of the dependencies changes on every render.

stderr | src/auth/session-end.test.tsx > session end while the app is open (ar) > a 401 on navigation lands once on sign-in with the message; signing in again returns to the page
Maximum update depth exceeded. This can happen when a component calls setState inside useEffect, but useEffect either doesn't have a dependency array, or one of the dependencies changes on every render.

stderr | src/auth/session-end.test.tsx > session end while the app is open (ar) > a 401 on navigation lands once on sign-in with the message; signing in again returns to the page
Maximum update depth exceeded. This can happen when a component calls setState inside useEffect, but useEffect either doesn't have a dependency array, or one of the dependencies changes on every render.

stderr | src/auth/session-end.test.tsx > session end while the app is open (ar) > a 401 on navigation lands once on sign-in with the message; signing in again returns to the page
Maximum update depth exceeded. This can happen when a component calls setState inside useEffect, but useEffect either doesn't have a dependency array, or one of the dependencies changes on every render.

stderr | src/auth/session-end.test.tsx > session end while the app is open (ar) > a 401 on navigation lands once on sign-in with the message; signing in again returns to the page
Maximum update depth exceeded. This can happen when a component calls setState inside useEffect, but useEffect either doesn't have a dependency array, or one of the dependencies changes on every render.

stderr | src/auth/session-end.test.tsx > session end while the app is open (ar) > a 401 on navigation lands once on sign-in with the message; signing in again returns to the page
Maximum update depth exceeded. This can happen when a component calls setState inside useEffect, but useEffect either doesn't have a dependency array, or one of the dependencies changes on every render.

stderr | src/auth/session-end.test.tsx > session end while the app is open (ar) > a 401 on navigation lands once on sign-in with the message; signing in again returns to the page
Maximum update depth exceeded. This can happen when a component calls setState inside useEffect, but useEffect either doesn't have a dependency array, or one of the dependencies changes on every render.

stderr | src/auth/session-end.test.tsx > session end while the app is open (ar) > a 401 on navigation lands once on sign-in with the message; signing in again returns to the page
Maximum update depth exceeded. This can happen when a component calls setState inside useEffect, but useEffect either doesn't have a dependency array, or one of the dependencies changes on every render.

stderr | src/auth/session-end.test.tsx > session end while the app is open (ar) > a 401 on navigation lands once on sign-in with the message; signing in again returns to the page
Maximum update depth exceeded. This can happen when a component calls setState inside useEffect, but useEffect either doesn't have a dependency array, or one of the dependencies changes on every render.

stderr | src/auth/session-end.test.tsx > session end while the app is open (ar) > a 401 on navigation lands once on sign-in with the message; signing in again returns to the page
Maximum update depth exceeded. This can happen when a component calls setState inside useEffect, but useEffect either doesn't have a dependency array, or one of the dependencies changes on every render.

stderr | src/auth/session-end.test.tsx > session end while the app is open (ar) > a 401 on navigation lands once on sign-in with the message; signing in again returns to the page
Maximum update depth exceeded. This can happen when a component calls setState inside useEffect, but useEffect either doesn't have a dependency array, or one of the dependencies changes on every render.

stderr | src/auth/session-end.test.tsx > session end while the app is open (ar) > a 401 on navigation lands once on sign-in with the message; signing in again returns to the page
Maximum update depth exceeded. This can happen when a component calls setState inside useEffect, but useEffect either doesn't have a dependency array, or one of the dependencies changes on every render.

stderr | src/auth/session-end.test.tsx > session end while the app is open (ar) > a 401 on navigation lands once on sign-in with the message; signing in again returns to the page
Maximum update depth exceeded. This can happen when a component calls setState inside useEffect, but useEffect either doesn't have a dependency array, or one of the dependencies changes on every render.

stderr | src/auth/session-end.test.tsx > session end while the app is open (ar) > a 401 on navigation lands once on sign-in with the message; signing in again returns to the page
Maximum update depth exceeded. This can happen when a component calls setState inside useEffect, but useEffect either doesn't have a dependency array, or one of the dependencies changes on every render.

stderr | src/auth/session-end.test.tsx > session end while the app is open (ar) > a 401 on navigation lands once on sign-in with the message; signing in again returns to the page
Maximum update depth exceeded. This can happen when a component calls setState inside useEffect, but useEffect either doesn't have a dependency array, or one of the dependencies changes on every render.

stderr | src/auth/session-end.test.tsx > session end while the app is open (ar) > a 401 on navigation lands once on sign-in with the message; signing in again returns to the page
Maximum update depth exceeded. This can happen when a component calls setState inside useEffect, but useEffect either doesn't have a dependency array, or one of the dependencies changes on every render.

stderr | src/auth/session-end.test.tsx > session end while the app is open (ar) > a 401 on navigation lands once on sign-in with the message; signing in again returns to the page
Maximum update depth exceeded. This can happen when a component calls setState inside useEffect, but useEffect either doesn't have a dependency array, or one of the dependencies changes on every render.

stderr | src/auth/session-end.test.tsx > session end while the app is open (ar) > a 401 on navigation lands once on sign-in with the message; signing in again returns to the page
Maximum update depth exceeded. This can happen when a component calls setState inside useEffect, but useEffect either doesn't have a dependency array, or one of the dependencies changes on every render.

stderr | src/auth/session-end.test.tsx > session end while the app is open (ar) > a 401 on a dialog mutation (the commit-time upload refusal) closes the dialog and lands once on sign-in
Maximum update depth exceeded. This can happen when a component calls setState inside useEffect, but useEffect either doesn't have a dependency array, or one of the dependencies changes on every render.

stderr | src/auth/session-end.test.tsx > session end while the app is open (ar) > a 401 on a dialog mutation (the commit-time upload refusal) closes the dialog and lands once on sign-in
Maximum update depth exceeded. This can happen when a component calls setState inside useEffect, but useEffect either doesn't have a dependency array, or one of the dependencies changes on every render.

stderr | src/auth/session-end.test.tsx > session end while the app is open (ar) > a 401 on a dialog mutation (the commit-time upload refusal) closes the dialog and lands once on sign-in
Maximum update depth exceeded. This can happen when a component calls setState inside useEffect, but useEffect either doesn't have a dependency array, or one of the dependencies changes on every render.

stderr | src/auth/session-end.test.tsx > session end while the app is open (ar) > a 401 on a dialog mutation (the commit-time upload refusal) closes the dialog and lands once on sign-in
Maximum update depth exceeded. This can happen when a component calls setState inside useEffect, but useEffect either doesn't have a dependency array, or one of the dependencies changes on every render.

stderr | src/auth/session-end.test.tsx > session end while the app is open (ar) > a 401 on a dialog mutation (the commit-time upload refusal) closes the dialog and lands once on sign-in
Maximum update depth exceeded. This can happen when a component calls setState inside useEffect, but useEffect either doesn't have a dependency array, or one of the dependencies changes on every render.

stderr | src/auth/session-end.test.tsx > session end while the app is open (ar) > a 401 on a dialog mutation (the commit-time upload refusal) closes the dialog and lands once on sign-in
Maximum update depth exceeded. This can happen when a component calls setState inside useEffect, but useEffect either doesn't have a dependency array, or one of the dependencies changes on every render.

stderr | src/auth/session-end.test.tsx > session end while the app is open (ar) > a 401 on a dialog mutation (the commit-time upload refusal) closes the dialog and lands once on sign-in
Maximum update depth exceeded. This can happen when a component calls setState inside useEffect, but useEffect either doesn't have a dependency array, or one of the dependencies changes on every render.

stderr | src/auth/session-end.test.tsx > session end while the app is open (ar) > a 401 on a dialog mutation (the commit-time upload refusal) closes the dialog and lands once on sign-in
Maximum update depth exceeded. This can happen when a component calls setState inside useEffect, but useEffect either doesn't have a dependency array, or one of the dependencies changes on every render.

stderr | src/auth/session-end.test.tsx > session end while the app is open (ar) > a 401 on a dialog mutation (the commit-time upload refusal) closes the dialog and lands once on sign-in
Maximum update depth exceeded. This can happen when a component calls setState inside useEffect, but useEffect either doesn't have a dependency array, or one of the dependencies changes on every render.

stderr | src/auth/session-end.test.tsx > session end while the app is open (ar) > a 401 on a dialog mutation (the commit-time upload refusal) closes the dialog and lands once on sign-in
Maximum update depth exceeded. This can happen when a component calls setState inside useEffect, but useEffect either doesn't have a dependency array, or one of the dependencies changes on every render.

stderr | src/auth/session-end.test.tsx > session end while the app is open (ar) > a 401 on a dialog mutation (the commit-time upload refusal) closes the dialog and lands once on sign-in
Maximum update depth exceeded. This can happen when a component calls setState inside useEffect, but useEffect either doesn't have a dependency array, or one of the dependencies changes on every render.

stderr | src/auth/session-end.test.tsx > session end while the app is open (ar) > a 401 on a dialog mutation (the commit-time upload refusal) closes the dialog and lands once on sign-in
Maximum update depth exceeded. This can happen when a component calls setState inside useEffect, but useEffect either doesn't have a dependency array, or one of the dependencies changes on every render.

stderr | src/auth/session-end.test.tsx > session end while the app is open (ar) > a 401 on a dialog mutation (the commit-time upload refusal) closes the dialog and lands once on sign-in
Maximum update depth exceeded. This can happen when a component calls setState inside useEffect, but useEffect either doesn't have a dependency array, or one of the dependencies changes on every render.

stderr | src/auth/session-end.test.tsx > session end while the app is open (ar) > a 401 on a dialog mutation (the commit-time upload refusal) closes the dialog and lands once on sign-in
Maximum update depth exceeded. This can happen when a component calls setState inside useEffect, but useEffect either doesn't have a dependency array, or one of the dependencies changes on every render.

stderr | src/auth/session-end.test.tsx > session end while the app is open (ar) > a 401 on a dialog mutation (the commit-time upload refusal) closes the dialog and lands once on sign-in
Maximum update depth exceeded. This can happen when a component calls setState inside useEffect, but useEffect either doesn't have a dependency array, or one of the dependencies changes on every render.

stderr | src/auth/session-end.test.tsx > session end while the app is open (ar) > a 401 on a dialog mutation (the commit-time upload refusal) closes the dialog and lands once on sign-in
Maximum update depth exceeded. This can happen when a component calls setState inside useEffect, but useEffect either doesn't have a dependency array, or one of the dependencies changes on every render.

stderr | src/auth/session-end.test.tsx > session end while the app is open (ar) > a 401 on a dialog mutation (the commit-time upload refusal) closes the dialog and lands once on sign-in
Maximum update depth exceeded. This can happen when a component calls setState inside useEffect, but useEffect either doesn't have a dependency array, or one of the dependencies changes on every render.

stderr | src/auth/session-end.test.tsx > session end while the app is open (ar) > a 401 on a dialog mutation (the commit-time upload refusal) closes the dialog and lands once on sign-in
Maximum update depth exceeded. This can happen when a component calls setState inside useEffect, but useEffect either doesn't have a dependency array, or one of the dependencies changes on every render.

stderr | src/auth/session-end.test.tsx > session end while the app is open (ar) > a 401 on a dialog mutation (the commit-time upload refusal) closes the dialog and lands once on sign-in
Maximum update depth exceeded. This can happen when a component calls setState inside useEffect, but useEffect either doesn't have a dependency array, or one of the dependencies changes on every render.

stderr | src/auth/session-end.test.tsx > session end while the app is open (ar) > a 401 on a dialog mutation (the commit-time upload refusal) closes the dialog and lands once on sign-in
Maximum update depth exceeded. This can happen when a component calls setState inside useEffect, but useEffect either doesn't have a dependency array, or one of the dependencies changes on every render.

stderr | src/auth/session-end.test.tsx > session end while the app is open (ar) > a 401 on a dialog mutation (the commit-time upload refusal) closes the dialog and lands once on sign-in
Maximum update depth exceeded. This can happen when a component calls setState inside useEffect, but useEffect either doesn't have a dependency array, or one of the dependencies changes on every render.

stderr | src/auth/session-end.test.tsx > session end while the app is open (ar) > a 401 on a dialog mutation (the commit-time upload refusal) closes the dialog and lands once on sign-in
Maximum update depth exceeded. This can happen when a component calls setState inside useEffect, but useEffect either doesn't have a dependency array, or one of the dependencies changes on every render.

stderr | src/auth/session-end.test.tsx > session end while the app is open (ar) > a 401 on a dialog mutation (the commit-time upload refusal) closes the dialog and lands once on sign-in
Maximum update depth exceeded. This can happen when a component calls setState inside useEffect, but useEffect either doesn't have a dependency array, or one of the dependencies changes on every render.

stderr | src/auth/session-end.test.tsx > session end while the app is open (ar) > a 401 on a dialog mutation (the commit-time upload refusal) closes the dialog and lands once on sign-in
Maximum update depth exceeded. This can happen when a component calls setState inside useEffect, but useEffect either doesn't have a dependency array, or one of the dependencies changes on every render.

stderr | src/auth/session-end.test.tsx > session end while the app is open (ar) > a 401 on a dialog mutation (the commit-time upload refusal) closes the dialog and lands once on sign-in
Maximum update depth exceeded. This can happen when a component calls setState inside useEffect, but useEffect either doesn't have a dependency array, or one of the dependencies changes on every render.

stderr | src/auth/session-end.test.tsx > session end while the app is open (ar) > a 401 on a dialog mutation (the commit-time upload refusal) closes the dialog and lands once on sign-in
Maximum update depth exceeded. This can happen when a component calls setState inside useEffect, but useEffect either doesn't have a dependency array, or one of the dependencies changes on every render.

stderr | src/auth/session-end.test.tsx > session end while the app is open (ar) > a 401 on a dialog mutation (the commit-time upload refusal) closes the dialog and lands once on sign-in
Maximum update depth exceeded. This can happen when a component calls setState inside useEffect, but useEffect either doesn't have a dependency array, or one of the dependencies changes on every render.

stderr | src/auth/session-end.test.tsx > session end while the app is open (ar) > a 401 on a dialog mutation (the commit-time upload refusal) closes the dialog and lands once on sign-in
Maximum update depth exceeded. This can happen when a component calls setState inside useEffect, but useEffect either doesn't have a dependency array, or one of the dependencies changes on every render.

stderr | src/auth/session-end.test.tsx > session end while the app is open (ar) > a 401 on a dialog mutation (the commit-time upload refusal) closes the dialog and lands once on sign-in
Maximum update depth exceeded. This can happen when a component calls setState inside useEffect, but useEffect either doesn't have a dependency array, or one of the dependencies changes on every render.

stderr | src/auth/session-end.test.tsx > session end while the app is open (ar) > a 401 on a dialog mutation (the commit-time upload refusal) closes the dialog and lands once on sign-in
Maximum update depth exceeded. This can happen when a component calls setState inside useEffect, but useEffect either doesn't have a dependency array, or one of the dependencies changes on every render.

stderr | src/auth/session-end.test.tsx > session end while the app is open (ar) > a 401 on a dialog mutation (the commit-time upload refusal) closes the dialog and lands once on sign-in
Maximum update depth exceeded. This can happen when a component calls setState inside useEffect, but useEffect either doesn't have a dependency array, or one of the dependencies changes on every render.

stderr | src/auth/session-end.test.tsx > session end while the app is open (ar) > a 401 on a dialog mutation (the commit-time upload refusal) closes the dialog and lands once on sign-in
Maximum update depth exceeded. This can happen when a component calls setState inside useEffect, but useEffect either doesn't have a dependency array, or one of the dependencies changes on every render.

stderr | src/auth/session-end.test.tsx > session end while the app is open (ar) > a 401 on a dialog mutation (the commit-time upload refusal) closes the dialog and lands once on sign-in
Maximum update depth exceeded. This can happen when a component calls setState inside useEffect, but useEffect either doesn't have a dependency array, or one of the dependencies changes on every render.

stderr | src/auth/session-end.test.tsx > session end while the app is open (ar) > a 401 on a dialog mutation (the commit-time upload refusal) closes the dialog and lands once on sign-in
Maximum update depth exceeded. This can happen when a component calls setState inside useEffect, but useEffect either doesn't have a dependency array, or one of the dependencies changes on every render.

stderr | src/auth/session-end.test.tsx > session end while the app is open (ar) > a 401 on a dialog mutation (the commit-time upload refusal) closes the dialog and lands once on sign-in
Maximum update depth exceeded. This can happen when a component calls setState inside useEffect, but useEffect either doesn't have a dependency array, or one of the dependencies changes on every render.

stderr | src/auth/session-end.test.tsx > session end while the app is open (ar) > a 401 on a dialog mutation (the commit-time upload refusal) closes the dialog and lands once on sign-in
Maximum update depth exceeded. This can happen when a component calls setState inside useEffect, but useEffect either doesn't have a dependency array, or one of the dependencies changes on every render.

stderr | src/auth/session-end.test.tsx > session end while the app is open (ar) > a 401 on a dialog mutation (the commit-time upload refusal) closes the dialog and lands once on sign-in
Maximum update depth exceeded. This can happen when a component calls setState inside useEffect, but useEffect either doesn't have a dependency array, or one of the dependencies changes on every render.

stderr | src/auth/session-end.test.tsx > session end while the app is open (ar) > a 401 on a dialog mutation (the commit-time upload refusal) closes the dialog and lands once on sign-in
Maximum update depth exceeded. This can happen when a component calls setState inside useEffect, but useEffect either doesn't have a dependency array, or one of the dependencies changes on every render.

stderr | src/auth/session-end.test.tsx > session end while the app is open (ar) > a 401 on a dialog mutation (the commit-time upload refusal) closes the dialog and lands once on sign-in
Maximum update depth exceeded. This can happen when a component calls setState inside useEffect, but useEffect either doesn't have a dependency array, or one of the dependencies changes on every render.

stderr | src/auth/session-end.test.tsx > session end while the app is open (ar) > a sign-out elsewhere noticed by the next /me probe lands once on sign-in, never on the stale shell
Maximum update depth exceeded. This can happen when a component calls setState inside useEffect, but useEffect either doesn't have a dependency array, or one of the dependencies changes on every render.

stderr | src/auth/session-end.test.tsx > session end while the app is open (ar) > a sign-out elsewhere noticed by the next /me probe lands once on sign-in, never on the stale shell
Maximum update depth exceeded. This can happen when a component calls setState inside useEffect, but useEffect either doesn't have a dependency array, or one of the dependencies changes on every render.

stderr | src/auth/session-end.test.tsx > session end while the app is open (ar) > a sign-out elsewhere noticed by the next /me probe lands once on sign-in, never on the stale shell
Maximum update depth exceeded. This can happen when a component calls setState inside useEffect, but useEffect either doesn't have a dependency array, or one of the dependencies changes on every render.

stderr | src/auth/session-end.test.tsx > session end while the app is open (ar) > a sign-out elsewhere noticed by the next /me probe lands once on sign-in, never on the stale shell
Maximum update depth exceeded. This can happen when a component calls setState inside useEffect, but useEffect either doesn't have a dependency array, or one of the dependencies changes on every render.

stderr | src/auth/session-end.test.tsx > session end while the app is open (ar) > a sign-out elsewhere noticed by the next /me probe lands once on sign-in, never on the stale shell
Maximum update depth exceeded. This can happen when a component calls setState inside useEffect, but useEffect either doesn't have a dependency array, or one of the dependencies changes on every render.

stderr | src/auth/session-end.test.tsx > session end while the app is open (ar) > a sign-out elsewhere noticed by the next /me probe lands once on sign-in, never on the stale shell
Maximum update depth exceeded. This can happen when a component calls setState inside useEffect, but useEffect either doesn't have a dependency array, or one of the dependencies changes on every render.

stderr | src/auth/session-end.test.tsx > session end while the app is open (ar) > a sign-out elsewhere noticed by the next /me probe lands once on sign-in, never on the stale shell
Maximum update depth exceeded. This can happen when a component calls setState inside useEffect, but useEffect either doesn't have a dependency array, or one of the dependencies changes on every render.

stderr | src/auth/session-end.test.tsx > session end while the app is open (ar) > a sign-out elsewhere noticed by the next /me probe lands once on sign-in, never on the stale shell
Maximum update depth exceeded. This can happen when a component calls setState inside useEffect, but useEffect either doesn't have a dependency array, or one of the dependencies changes on every render.

stderr | src/auth/session-end.test.tsx > session end while the app is open (ar) > a sign-out elsewhere noticed by the next /me probe lands once on sign-in, never on the stale shell
Maximum update depth exceeded. This can happen when a component calls setState inside useEffect, but useEffect either doesn't have a dependency array, or one of the dependencies changes on every render.

stderr | src/auth/session-end.test.tsx > session end while the app is open (ar) > a sign-out elsewhere noticed by the next /me probe lands once on sign-in, never on the stale shell
Maximum update depth exceeded. This can happen when a component calls setState inside useEffect, but useEffect either doesn't have a dependency array, or one of the dependencies changes on every render.

stderr | src/auth/session-end.test.tsx > session end while the app is open (ar) > a sign-out elsewhere noticed by the next /me probe lands once on sign-in, never on the stale shell
Maximum update depth exceeded. This can happen when a component calls setState inside useEffect, but useEffect either doesn't have a dependency array, or one of the dependencies changes on every render.

stderr | src/auth/session-end.test.tsx > session end while the app is open (ar) > a sign-out elsewhere noticed by the next /me probe lands once on sign-in, never on the stale shell
Maximum update depth exceeded. This can happen when a component calls setState inside useEffect, but useEffect either doesn't have a dependency array, or one of the dependencies changes on every render.

stderr | src/auth/session-end.test.tsx > session end while the app is open (ar) > a sign-out elsewhere noticed by the next /me probe lands once on sign-in, never on the stale shell
Maximum update depth exceeded. This can happen when a component calls setState inside useEffect, but useEffect either doesn't have a dependency array, or one of the dependencies changes on every render.

stderr | src/auth/session-end.test.tsx > session end while the app is open (ar) > a sign-out elsewhere noticed by the next /me probe lands once on sign-in, never on the stale shell
Maximum update depth exceeded. This can happen when a component calls setState inside useEffect, but useEffect either doesn't have a dependency array, or one of the dependencies changes on every render.

stderr | src/auth/session-end.test.tsx > session end while the app is open (ar) > a sign-out elsewhere noticed by the next /me probe lands once on sign-in, never on the stale shell
Maximum update depth exceeded. This can happen when a component calls setState inside useEffect, but useEffect either doesn't have a dependency array, or one of the dependencies changes on every render.

stderr | src/auth/session-end.test.tsx > session end while the app is open (ar) > a sign-out elsewhere noticed by the next /me probe lands once on sign-in, never on the stale shell
Maximum update depth exceeded. This can happen when a component calls setState inside useEffect, but useEffect either doesn't have a dependency array, or one of the dependencies changes on every render.

stderr | src/auth/session-end.test.tsx > session end while the app is open (ar) > a sign-out elsewhere noticed by the next /me probe lands once on sign-in, never on the stale shell
Maximum update depth exceeded. This can happen when a component calls setState inside useEffect, but useEffect either doesn't have a dependency array, or one of the dependencies changes on every render.

stderr | src/auth/session-end.test.tsx > session end while the app is open (ar) > a sign-out elsewhere noticed by the next /me probe lands once on sign-in, never on the stale shell
Maximum update depth exceeded. This can happen when a component calls setState inside useEffect, but useEffect either doesn't have a dependency array, or one of the dependencies changes on every render.

stderr | src/auth/session-end.test.tsx > session end while the app is open (ar) > a sign-out elsewhere noticed by the next /me probe lands once on sign-in, never on the stale shell
Maximum update depth exceeded. This can happen when a component calls setState inside useEffect, but useEffect either doesn't have a dependency array, or one of the dependencies changes on every render.

stderr | src/auth/session-end.test.tsx > session end while the app is open (ar) > a sign-out elsewhere noticed by the next /me probe lands once on sign-in, never on the stale shell
Maximum update depth exceeded. This can happen when a component calls setState inside useEffect, but useEffect either doesn't have a dependency array, or one of the dependencies changes on every render.

stderr | src/auth/session-end.test.tsx > session end while the app is open (ar) > a sign-out elsewhere noticed by the next /me probe lands once on sign-in, never on the stale shell
Maximum update depth exceeded. This can happen when a component calls setState inside useEffect, but useEffect either doesn't have a dependency array, or one of the dependencies changes on every render.

stderr | src/auth/session-end.test.tsx > session end while the app is open (ar) > a sign-out elsewhere noticed by the next /me probe lands once on sign-in, never on the stale shell
Maximum update depth exceeded. This can happen when a component calls setState inside useEffect, but useEffect either doesn't have a dependency array, or one of the dependencies changes on every render.

stderr | src/auth/session-end.test.tsx > session end while the app is open (ar) > a sign-out elsewhere noticed by the next /me probe lands once on sign-in, never on the stale shell
Maximum update depth exceeded. This can happen when a component calls setState inside useEffect, but useEffect either doesn't have a dependency array, or one of the dependencies changes on every render.

stderr | src/auth/session-end.test.tsx > session end while the app is open (ar) > a sign-out elsewhere noticed by the next /me probe lands once on sign-in, never on the stale shell
Maximum update depth exceeded. This can happen when a component calls setState inside useEffect, but useEffect either doesn't have a dependency array, or one of the dependencies changes on every render.

stderr | src/auth/session-end.test.tsx > session end while the app is open (ar) > a sign-out elsewhere noticed by the next /me probe lands once on sign-in, never on the stale shell
Maximum update depth exceeded. This can happen when a component calls setState inside useEffect, but useEffect either doesn't have a dependency array, or one of the dependencies changes on every render.

stderr | src/auth/session-end.test.tsx > session end while the app is open (ar) > a sign-out elsewhere noticed by the next /me probe lands once on sign-in, never on the stale shell
Maximum update depth exceeded. This can happen when a component calls setState inside useEffect, but useEffect either doesn't have a dependency array, or one of the dependencies changes on every render.

stderr | src/auth/session-end.test.tsx > session end while the app is open (ar) > a sign-out elsewhere noticed by the next /me probe lands once on sign-in, never on the stale shell
Maximum update depth exceeded. This can happen when a component calls setState inside useEffect, but useEffect either doesn't have a dependency array, or one of the dependencies changes on every render.

stderr | src/auth/session-end.test.tsx > session end while the app is open (ar) > a sign-out elsewhere noticed by the next /me probe lands once on sign-in, never on the stale shell
Maximum update depth exceeded. This can happen when a component calls setState inside useEffect, but useEffect either doesn't have a dependency array, or one of the dependencies changes on every render.

stderr | src/auth/session-end.test.tsx > session end while the app is open (ar) > a sign-out elsewhere noticed by the next /me probe lands once on sign-in, never on the stale shell
Maximum update depth exceeded. This can happen when a component calls setState inside useEffect, but useEffect either doesn't have a dependency array, or one of the dependencies changes on every render.

stderr | src/auth/session-end.test.tsx > session end while the app is open (ar) > a sign-out elsewhere noticed by the next /me probe lands once on sign-in, never on the stale shell
Maximum update depth exceeded. This can happen when a component calls setState inside useEffect, but useEffect either doesn't have a dependency array, or one of the dependencies changes on every render.

stderr | src/auth/session-end.test.tsx > session end while the app is open (ar) > a sign-out elsewhere noticed by the next /me probe lands once on sign-in, never on the stale shell
Maximum update depth exceeded. This can happen when a component calls setState inside useEffect, but useEffect either doesn't have a dependency array, or one of the dependencies changes on every render.

stderr | src/auth/session-end.test.tsx > session end while the app is open (ar) > a sign-out elsewhere noticed by the next /me probe lands once on sign-in, never on the stale shell
Maximum update depth exceeded. This can happen when a component calls setState inside useEffect, but useEffect either doesn't have a dependency array, or one of the dependencies changes on every render.

stderr | src/auth/session-end.test.tsx > session end while the app is open (ar) > a sign-out elsewhere noticed by the next /me probe lands once on sign-in, never on the stale shell
Maximum update depth exceeded. This can happen when a component calls setState inside useEffect, but useEffect either doesn't have a dependency array, or one of the dependencies changes on every render.

stderr | src/auth/session-end.test.tsx > session end while the app is open (ar) > a sign-out elsewhere noticed by the next /me probe lands once on sign-in, never on the stale shell
Maximum update depth exceeded. This can happen when a component calls setState inside useEffect, but useEffect either doesn't have a dependency array, or one of the dependencies changes on every render.

stderr | src/auth/session-end.test.tsx > session end while the app is open (ar) > a sign-out elsewhere noticed by the next /me probe lands once on sign-in, never on the stale shell
Maximum update depth exceeded. This can happen when a component calls setState inside useEffect, but useEffect either doesn't have a dependency array, or one of the dependencies changes on every render.

stderr | src/auth/session-end.test.tsx > session end while the app is open (ar) > a sign-out elsewhere noticed by the next /me probe lands once on sign-in, never on the stale shell
Maximum update depth exceeded. This can happen when a component calls setState inside useEffect, but useEffect either doesn't have a dependency array, or one of the dependencies changes on every render.

stderr | src/auth/session-end.test.tsx > session end while the app is open (ar) > a sign-out elsewhere noticed by the next /me probe lands once on sign-in, never on the stale shell
Maximum update depth exceeded. This can happen when a component calls setState inside useEffect, but useEffect either doesn't have a dependency array, or one of the dependencies changes on every render.

stderr | src/auth/session-end.test.tsx > session end while the app is open (ar) > a sign-out elsewhere noticed by the next /me probe lands once on sign-in, never on the stale shell
Maximum update depth exceeded. This can happen when a component calls setState inside useEffect, but useEffect either doesn't have a dependency array, or one of the dependencies changes on every render.

stderr | src/auth/session-end.test.tsx > session end while the app is open (ar) > a sign-out elsewhere noticed by the next /me probe lands once on sign-in, never on the stale shell
Maximum update depth exceeded. This can happen when a component calls setState inside useEffect, but useEffect either doesn't have a dependency array, or one of the dependencies changes on every render.

stderr | src/auth/session-end.test.tsx > session end while the app is open (ar) > a sign-out elsewhere noticed by the next /me probe lands once on sign-in, never on the stale shell
Maximum update depth exceeded. This can happen when a component calls setState inside useEffect, but useEffect either doesn't have a dependency array, or one of the dependencies changes on every render.

stderr | src/auth/session-end.test.tsx > session end while the app is open (ar) > a sign-out elsewhere noticed by the next /me probe lands once on sign-in, never on the stale shell
Maximum update depth exceeded. This can happen when a component calls setState inside useEffect, but useEffect either doesn't have a dependency array, or one of the dependencies changes on every render.

stderr | src/auth/session-end.test.tsx > session end while the app is open (ar) > a sign-out elsewhere noticed by the next /me probe lands once on sign-in, never on the stale shell
Maximum update depth exceeded. This can happen when a component calls setState inside useEffect, but useEffect either doesn't have a dependency array, or one of the dependencies changes on every render.

stderr | src/auth/session-end.test.tsx > session end while the app is open (ar) > a sign-out elsewhere noticed by the next /me probe lands once on sign-in, never on the stale shell
Maximum update depth exceeded. This can happen when a component calls setState inside useEffect, but useEffect either doesn't have a dependency array, or one of the dependencies changes on every render.

stderr | src/auth/session-end.test.tsx > session end while the app is open (ar) > a sign-out elsewhere noticed by the next /me probe lands once on sign-in, never on the stale shell
Maximum update depth exceeded. This can happen when a component calls setState inside useEffect, but useEffect either doesn't have a dependency array, or one of the dependencies changes on every render.

stderr | src/auth/session-end.test.tsx > session end while the app is open (ar) > a sign-out elsewhere noticed by the next /me probe lands once on sign-in, never on the stale shell
Maximum update depth exceeded. This can happen when a component calls setState inside useEffect, but useEffect either doesn't have a dependency array, or one of the dependencies changes on every render.

stderr | src/auth/session-end.test.tsx > session end under <StrictMode> (as in production) > still lands exactly once on sign-in
Maximum update depth exceeded. This can happen when a component calls setState inside useEffect, but useEffect either doesn't have a dependency array, or one of the dependencies changes on every render.

stderr | src/auth/session-end.test.tsx > session end under <StrictMode> (as in production) > still lands exactly once on sign-in
Maximum update depth exceeded. This can happen when a component calls setState inside useEffect, but useEffect either doesn't have a dependency array, or one of the dependencies changes on every render.

stderr | src/auth/session-end.test.tsx > session end under <StrictMode> (as in production) > still lands exactly once on sign-in
Maximum update depth exceeded. This can happen when a component calls setState inside useEffect, but useEffect either doesn't have a dependency array, or one of the dependencies changes on every render.

stderr | src/auth/session-end.test.tsx > session end under <StrictMode> (as in production) > still lands exactly once on sign-in
Maximum update depth exceeded. This can happen when a component calls setState inside useEffect, but useEffect either doesn't have a dependency array, or one of the dependencies changes on every render.

stderr | src/auth/session-end.test.tsx > session end under <StrictMode> (as in production) > still lands exactly once on sign-in
Maximum update depth exceeded. This can happen when a component calls setState inside useEffect, but useEffect either doesn't have a dependency array, or one of the dependencies changes on every render.

stderr | src/auth/session-end.test.tsx > session end under <StrictMode> (as in production) > still lands exactly once on sign-in
Maximum update depth exceeded. This can happen when a component calls setState inside useEffect, but useEffect either doesn't have a dependency array, or one of the dependencies changes on every render.

stderr | src/auth/session-end.test.tsx > session end under <StrictMode> (as in production) > still lands exactly once on sign-in
Maximum update depth exceeded. This can happen when a component calls setState inside useEffect, but useEffect either doesn't have a dependency array, or one of the dependencies changes on every render.

stderr | src/auth/session-end.test.tsx > session end under <StrictMode> (as in production) > still lands exactly once on sign-in
Maximum update depth exceeded. This can happen when a component calls setState inside useEffect, but useEffect either doesn't have a dependency array, or one of the dependencies changes on every render.

stderr | src/auth/session-end.test.tsx > session end under <StrictMode> (as in production) > still lands exactly once on sign-in
Maximum update depth exceeded. This can happen when a component calls setState inside useEffect, but useEffect either doesn't have a dependency array, or one of the dependencies changes on every render.

stderr | src/auth/session-end.test.tsx > session end under <StrictMode> (as in production) > still lands exactly once on sign-in
Maximum update depth exceeded. This can happen when a component calls setState inside useEffect, but useEffect either doesn't have a dependency array, or one of the dependencies changes on every render.

stderr | src/auth/session-end.test.tsx > session end under <StrictMode> (as in production) > still lands exactly once on sign-in
Maximum update depth exceeded. This can happen when a component calls setState inside useEffect, but useEffect either doesn't have a dependency array, or one of the dependencies changes on every render.

stderr | src/auth/session-end.test.tsx > session end under <StrictMode> (as in production) > still lands exactly once on sign-in
Maximum update depth exceeded. This can happen when a component calls setState inside useEffect, but useEffect either doesn't have a dependency array, or one of the dependencies changes on every render.

stderr | src/auth/session-end.test.tsx > session end under <StrictMode> (as in production) > still lands exactly once on sign-in
Maximum update depth exceeded. This can happen when a component calls setState inside useEffect, but useEffect either doesn't have a dependency array, or one of the dependencies changes on every render.

stderr | src/auth/session-end.test.tsx > session end under <StrictMode> (as in production) > still lands exactly once on sign-in
Maximum update depth exceeded. This can happen when a component calls setState inside useEffect, but useEffect either doesn't have a dependency array, or one of the dependencies changes on every render.

stderr | src/auth/session-end.test.tsx > session end under <StrictMode> (as in production) > still lands exactly once on sign-in
Maximum update depth exceeded. This can happen when a component calls setState inside useEffect, but useEffect either doesn't have a dependency array, or one of the dependencies changes on every render.

stderr | src/auth/session-end.test.tsx > session end under <StrictMode> (as in production) > still lands exactly once on sign-in
Maximum update depth exceeded. This can happen when a component calls setState inside useEffect, but useEffect either doesn't have a dependency array, or one of the dependencies changes on every render.

stderr | src/auth/session-end.test.tsx > session end under <StrictMode> (as in production) > still lands exactly once on sign-in
Maximum update depth exceeded. This can happen when a component calls setState inside useEffect, but useEffect either doesn't have a dependency array, or one of the dependencies changes on every render.

stderr | src/auth/session-end.test.tsx > session end under <StrictMode> (as in production) > still lands exactly once on sign-in
Maximum update depth exceeded. This can happen when a component calls setState inside useEffect, but useEffect either doesn't have a dependency array, or one of the dependencies changes on every render.

stderr | src/auth/session-end.test.tsx > session end under <StrictMode> (as in production) > still lands exactly once on sign-in
Maximum update depth exceeded. This can happen when a component calls setState inside useEffect, but useEffect either doesn't have a dependency array, or one of the dependencies changes on every render.

stderr | src/auth/session-end.test.tsx > session end under <StrictMode> (as in production) > still lands exactly once on sign-in
Maximum update depth exceeded. This can happen when a component calls setState inside useEffect, but useEffect either doesn't have a dependency array, or one of the dependencies changes on every render.

stderr | src/auth/session-end.test.tsx > session end under <StrictMode> (as in production) > still lands exactly once on sign-in
Maximum update depth exceeded. This can happen when a component calls setState inside useEffect, but useEffect either doesn't have a dependency array, or one of the dependencies changes on every render.

stderr | src/auth/session-end.test.tsx > session end under <StrictMode> (as in production) > still lands exactly once on sign-in
Maximum update depth exceeded. This can happen when a component calls setState inside useEffect, but useEffect either doesn't have a dependency array, or one of the dependencies changes on every render.

stderr | src/auth/session-end.test.tsx > session end under <StrictMode> (as in production) > still lands exactly once on sign-in
Maximum update depth exceeded. This can happen when a component calls setState inside useEffect, but useEffect either doesn't have a dependency array, or one of the dependencies changes on every render.

stderr | src/auth/session-end.test.tsx > session end under <StrictMode> (as in production) > still lands exactly once on sign-in
Maximum update depth exceeded. This can happen when a component calls setState inside useEffect, but useEffect either doesn't have a dependency array, or one of the dependencies changes on every render.

stderr | src/auth/session-end.test.tsx > session end under <StrictMode> (as in production) > still lands exactly once on sign-in
Maximum update depth exceeded. This can happen when a component calls setState inside useEffect, but useEffect either doesn't have a dependency array, or one of the dependencies changes on every render.

stderr | src/auth/session-end.test.tsx > session end under <StrictMode> (as in production) > still lands exactly once on sign-in
Maximum update depth exceeded. This can happen when a component calls setState inside useEffect, but useEffect either doesn't have a dependency array, or one of the dependencies changes on every render.

stderr | src/auth/session-end.test.tsx > session end under <StrictMode> (as in production) > still lands exactly once on sign-in
Maximum update depth exceeded. This can happen when a component calls setState inside useEffect, but useEffect either doesn't have a dependency array, or one of the dependencies changes on every render.

stderr | src/auth/session-end.test.tsx > session end under <StrictMode> (as in production) > still lands exactly once on sign-in
Maximum update depth exceeded. This can happen when a component calls setState inside useEffect, but useEffect either doesn't have a dependency array, or one of the dependencies changes on every render.

 ❯ |unit-web| src/auth/session-end.test.tsx (12 tests | 8 failed) 42662ms
   × session end while the app is open (en) > a 401 on navigation lands once on sign-in with the message; signing in again returns to the page 5430ms
     → Unable to find role="alert"

Ignored nodes: comments, script, style
[36m<body>[39m
  [36m<div />[39m
[36m</body>[39m

Ignored nodes: comments, script, style
[36m<body>[39m
  [36m<div />[39m
[36m</body>[39m
   × session end while the app is open (en) > a 401 on a dialog mutation (the commit-time upload refusal) closes the dialog and lands once on sign-in 5326ms
     → Unable to find role="alert"

Ignored nodes: comments, script, style
[36m<body>[39m
  [36m<div />[39m
[36m</body>[39m

Ignored nodes: comments, script, style
[36m<body>[39m
  [36m<div />[39m
[36m</body>[39m
   × session end while the app is open (en) > a sign-out elsewhere noticed by the next /me probe lands once on sign-in, never on the stale shell 5036ms
     → Unable to find role="alert"

Ignored nodes: comments, script, style
[36m<body>[39m
  [36m<div />[39m
[36m</body>[39m

Ignored nodes: comments, script, style
[36m<body>[39m
  [36m<div />[39m
[36m</body>[39m
   ✓ session end while the app is open (en) > a 403 (forbidden) is never treated as a session end  464ms
   × session end while the app is open (ar) > a 401 on navigation lands once on sign-in with the message; signing in again returns to the page 5140ms
     → Unable to find role="alert"

Ignored nodes: comments, script, style
[36m<body>[39m
  [36m<div />[39m
[36m</body>[39m

Ignored nodes: comments, script, style
[36m<body>[39m
  [36m<div />[39m
[36m</body>[39m
   × session end while the app is open (ar) > a 401 on a dialog mutation (the commit-time upload refusal) closes the dialog and lands once on sign-in 5227ms
     → Unable to find role="alert"

Ignored nodes: comments, script, style
[36m<body>[39m
  [36m<div />[39m
[36m</body>[39m

Ignored nodes: comments, script, style
[36m<body>[39m
  [36m<div />[39m
[36m</body>[39m
   × session end while the app is open (ar) > a sign-out elsewhere noticed by the next /me probe lands once on sign-in, never on the stale shell 5044ms
     → Unable to find role="alert"

Ignored nodes: comments, script, style
[36m<body>[39m
  [36m<div />[39m
[36m</body>[39m

Ignored nodes: comments, script, style
[36m<body>[39m
  [36m<div />[39m
[36m</body>[39m
   ✓ session end while the app is open (ar) > a 403 (forbidden) is never treated as a session end  451ms
   × session end under <StrictMode> (as in production) > still lands exactly once on sign-in 5137ms
     → Unable to find role="alert"

Ignored nodes: comments, script, style
[36m<body>[39m
  [36m<div />[39m
[36m</body>[39m

Ignored nodes: comments, script, style
[36m<body>[39m
  [36m<div />[39m
[36m</body>[39m
   × sign-in page and the cached identity > decides 'already signed in' only from a fresh /me, never from a stale cache 5043ms
     → Unable to find a label with the text of: Synthetic user name

Ignored nodes: comments, script, style
[36m<body>[39m
  [36m<div>[39m
    [36m<div[39m
      [33mclass[39m=[32m"app"[39m
    [36m>[39m
      [36m<a[39m
        [33mclass[39m=[32m"skip-link"[39m
        [33mhref[39m=[32m"#main"[39m
      [36m>[39m
        [0mSkip to main content[0m
      [36m</a>[39m
      [36m<header[39m
        [33mclass[39m=[32m"app-header"[39m
      [36m>[39m
        [36m<button[39m
          [33maria-controls[39m=[32m"_r_12_"[39m
          [33maria-expanded[39m=[32m"false"[39m
          [33mclass[39m=[32m"button button--ghost-inverse nav-toggle"[39m
          [33mtype[39m=[32m"button"[39m
        [36m>[39m
          [36m<svg[39m
            [33maria-hidden[39m=[32m"true"[39m
            [33mclass[39m=[32m"icon"[39m
            [33mfill[39m=[32m"none"[39m
            [33mfocusable[39m=[32m"false"[39m
            [33mheight[39m=[32m"16"[39m
            [33mstroke[39m=[32m"currentColor"[39m
            [33mstroke-linecap[39m=[32m"round"[39m
            [33mstroke-linejoin[39m=[32m"round"[39m
            [33mstroke-width[39m=[32m"1.8"[39m
            [33mviewBox[39m=[32m"0 0 20 20"[39m
            [33mwidth[39m=[32m"16"[39m
          [36m>[39m
            [36m<path[39m
              [33md[39m=[32m"M3 5h14M3 10h14M3 15h14"[39m
            [36m/>[39m
          [36m</svg>[39m
          [36m<span[39m
            [33mclass[39m=[32m"visually-hidden"[39m
          [36m>[39m
            [0mShow or hide navigation[0m
          [36m</span>[39m
        [36m</button>[39m
        [36m<a[39m
          [33mclass[39m=[32m"wordmark"[39m
          [33mdata-discover[39m=[32m"true"[39m
          [33mdata-testid[39m=[32m"wordmark"[39m
          [33mhref[39m=[32m"/"[39m
        [36m>[39m
          [36m<span[39m
            [33mclass[39m=[32m"wordmark__name"[39m
          [36m>[39m
            [0mMobily Transformation Hub[0m
          [36m</span>[39m
          [36m<span[39m
            [33mclass[39m=[32m"badge badge--provisional"[39m
            [33mdata-testid[39m=[32m"provisional-badge"[39m
            [33mtitle[39m=[32m"Provisional wordmark: no official logo has been supplied. Colours are provisional design tokens, not verified Mobily brand values."[39m
          [36m>[39m
            [0mProvisional[0m
          [36m</span>[39m
          [36m<span[39m
            [33mclass[39m=[32m"visually-hidden"[39m
          [36m>[39m
            [0mProvisional wordmark: no official logo has been supplied. Colours are provisional design tokens, not verified Mobily brand values.[0m
          [36m</span>[39m
        [36m</a>[39m
        [36m<div[39m
          [33mclass[39m=[32m"app-header__spacer"[39m
        [36m/>[39m
        [36m<span[39m
          [33mclass[39m=[32m"language-switch"[39m
        [36m>[39m
          [36m<button[39m
            [33maria-label[39m=[32m"Switch language to العربية"[39m
            [33mclass[39m=[32m"button button--ghost-inverse button--small"[39m
            [33mlang[39m=[32m"ar"[39m
            [33mtype[39m=[32m"button"[39m
          [36m>[39m
            [0mالعربية[0m
          [36m</button>[39m
        [36m</span>[39m
        [36m<div[39m
          [33mclass[39m=[32m"user-box"[39m
        [36m>[39m
          [36m<span[39m
            [33mclass[39m=[32m"user-box__name"[39m
          [36m>[39m
            [0mSynthetic Test User[0m
          [36m</span>[39m
          [36m<span[39m
            [33mclass[39m=[32m"user-box__org"[39m
          [36m>[39m
            [0mSynthetic Organization[0m
          [36m</span>[39m
        [36m</div>[39m
        [36m<button[39m
          [33mclass[39m=[32m"button button--ghost-inverse button--small"[39m
          [33mtype[39m=[32m"button"[39m
        [36m>[39m
          [36m<svg[39m
            [33maria-hidden[39m=[32m"true"[39m
            [33mclass[39m=[32m"icon"[39m
            [33mfill[39m=[32m"none"[39m
            [33mfocusable[39m=[32m"false"[39m
            [33mheight[39m=[32m"16"[39m
            [33mstroke[39m=[32m"currentColor"[39m
            [33mstroke-linecap[39m=[32m"round"[39m
            [33mstroke-linejoin[39m=[32m"round"[39m
            [33mstroke-width[39m=[32m"1.8"[39m
            [33mviewBox[39m=[32m"0 0 20 20"[39m
            [33mwidth[39m=[32m"16"[39m
          [36m>[39m
            [36m<path[39m
              [33md[39m=[32m"M8 4H4v12h4M12 6l4 4-4 4M16 10H8"[39m
            [36m/>[39m
          [36m</svg>[39m
          [0m [0m
          [0mSign out[0m
        [36m</button>[39m
      [36m</header>[39m
      [36m<div[39m
        [33mclass[39m=[32m"app-body"[39m
      [36m>[39m
        [36m<nav[39m
          [33maria-label[39m=[32m"Primary navigation"[39m
          [33mclass[39m=[32m"app-nav"[39m
          [33mid[39m=[32m"_r_12_"[39m
        [36m>[39m
          [36m<ul[39m
            [33mclass[39m=[32m"app-nav__list"[39m
          [36m>[39m
            [36m<li>[39m
              [36m<a[39m
                [33maria-current[39m=[32m"page"[39m
                [33mclass[39m=[32m"app-nav__link active"[39m
                [33mdata-area[39m=[32m"myWork"[39m
                [33mdata-discover[39m=[32m"true"[39m
                [33mhref[39m=[32m"/my-work"[39m
              [36m>[39m
                [36m<span>[39m
                  [0mMy Work[0m
                [36m</span>[39m
              [36m</a>[39m
            [36m</li>[39m
            [36m<li>[39m
              [36m<a[39m
                [33mclass[39m=[32m"app-nav__link"[39m
                [33mdata-area[39m=[32m"executive"[39m
                [33mdata-discover[39m=[32m"true"[39m
                [33mhref[39m=[32m"/executive-overview"[39m
              [36m>[39m
                [36m<span>[39m
                  [0mExecutive Overview[0m
                [36m</span>[39m
                [36m<span[39m
                  [33mclass[39m=[32m"app-nav__tag"[39m
                [36m>[39m
                  [0mPlanned[0m
                [36m</span>[39m
              [36m</a>[39m
            [36m</li>[39m
            [36m<li>[39m
              [36m<a[39m
                [33mclass[39m=[32m"app-nav__link"[39m
                [33mdata-area[39m=[32m"transformations"[39m
                [33mdata-discover[39m=[32m"true"[39m
                [33mhref[39m=[32m"/transformations"[39m
              [36m>[39m
                [36m<span>[39m
                  [0mTransformations[0m
                [36m</span>[39m
              [36m</a>[39m
            [36m</li>[39m
            [36m<li>[39m
              [36m<a[39m
                [33mclass[39m=[32m"app-nav__link"[39m
                [33mdata-area[39m=[32m"playbook"[39m
                [33mdata-discover[39m=[32m"true"[39m
                [33mhref[39m=[32m"/playbook"[39m
              [36m>[39m
                [36m<span>[39m
                  [0mPlaybook and Procedures[0m
                [36m</span>[39m
                [36m<span[39m
                  [33mclass[39m=[32m"app-nav__tag"[39m
                [36m>[39m
                  [0mPlanned[0m
                [36m</span>[39m
              [36m</a>[39m
            [36m</li>[39m
            [36m<li>[39m
              [36m<a[39m
                [33mclass[39m=[32m"app-nav__link"[39m
                [33mdata-area[39m=[32m"strategy"[39m
                [33mdata-discover[39m=[32m"true"[39m
                [33mhref[39m=[32m"/strategy-kpis"[39m
              [36m>[39m
                [36m<span>[39m
                  [0mStrategy and KPIs[0m
                [36m</span>[39m
              [36m</a>[39m
            [36m</li>[39m
            [36m<li>[39m
              [36m<a[39m
                [33mclass[39m=[32m"app-nav__link"[39m
                [33mdata-area[39m=[32m"tom"[39m
                [33mdata-discover[39m=[32m"true"[39m
                [33mhref[39m=[32m"/target-operating-model"[39m
              [36m>[39m
                [36m<span>[39m
                  [0mTarget Operating Model[0m
                [36m</span>[39m
              [36m</a>[39m
            [36m</li>[39m
            [36m<li>[39m
              [36m<a[39m
                [33mclass[39m=[32m"app-nav__link"[39m
                [33mdata-area[39m=[32m"initiatives"[39m
                [33mdata-discover[39m=[32m"true"[39m
                [33mhref[39m=[32m"/initiatives-roadmaps"[39m
              [36m>[39m
                [36m<span>[39m
                  [0mInitiatives and Roadmaps[0m
                [36m</span>[39m
                [36m<span[39m
                  [33mclass[39m=[32m"app-nav__tag"[39m
                [36m>[39m
                  [0mPlanned[0m
                [36m</span>[39m
              [36m</a>[39m
            [36m</li>[39m
            [36m<li>[39m
              [36m<a[39m
                [33mclass[39m=[32m"app-nav__link"[39m
                [33mdata-area[39m=[32m"governance"[39m
                [33mdata-discover[39m=[32m"true"[39m
                [33mhref[39m=[32m"/governance"[39m
              [36m>[39m
                [36m<span>[39m
                  [0mGovernance[0m
                [36m</span>[39m
              [36m</a>[39m
            [36m</li>[39m
            [36m<li>[39m
              [36m<a[39m
                [33mclass[39m=[32m"app-nav__link"[39m
                [33mdata-area[39m=[32m"risks"[39m
                [33mdata-discover[39m=[32m"true"[39m
                [33mhref[39m=[32m"/risks-actions"[39m
              [36m>[39m
                [36m<span>[39m
                  [0mRisks and Actions[0m
                [36m</span>[39m
                [36m<span[39m
                  [33mclass[39m=[32m"app-nav__tag"[39m
                [36m>[39m
                  [0mPlanned[0m
                [36m</span>[39m
              [36m</a>[39m
            [36m</li>[39m
            [36m<li>[39m
              [36m<a[39m
                [33mclass[39m=[32m"app-nav__link"[39m
                [33mdata-area[39m=[32m"benefits"[39m
                [33mdata-discover[39m=[32m"true"[39m
                [33mhref[39m=[32m"/benefits-finance"[39m
              [36m>[39m
                [36m<span>[39m
                  [0mBenefits and Finance[0m
                [36m</span>[39m
                [36m<span[39m
                  [33mclass[39m=[32m"app-nav__tag"[39m
                [36m>[39m
                  [0mPlanned[0m
                [36m</span>[39m
              [36m</a>[39m
            [36m</li>[39m
            [36m<li>[39m
              [36m<a[39m
                [33mclass[39m=[32m"app-nav__link"[39m
                [33mdata-area[39m=[32m"change"[39m
                [33mdata-discover[39m=[32m"true"[39m
                [33mhref[39m=[32m"/change-adoption"[39m
              [36m>[39m
                [36m<span>[39m
                  [0mChange and Adoption[0m
                [36m</span>[39m
                [36m<span[39m
                  [33mclass[39m=[32m"app-nav__tag"[39m
                [36m>[39m
                  [0mPlanned[0m
                [36m</span>[39m
              [36m</a>[39m
            [36m</li>[39m
            [36m<li>[39m
              [36m<a[39m
                [33mclass[39m=[32m"app-nav__link"[39m
                [33mdata-area[39m=[32m"evidence"[39m
                [33mdata-discover[39m=[32m"true"[39m
                [33mhref[39m=[32m"/evidence-reports"[39m
              [36m>[39m
                [36m<span>[39m
                  [0mEvidence and Reports[0m
                [36m</span>[39m
              [36m</a>[39m
            [36m</li>[39m
            [36m<li>[39m
              [36m<a[39m
                [33mclass[39m=[32m"app-nav__link"[39m
                [33mdata-area[39m=[32m"bau"[39m
                [33mdata-discover[39m=[32m"true"[39m
                [33mhref[39m=[32m"/bau-improvement"[39m
              [36m>[39m
                [36m<span>[39m
                  [0mBAU and Improvement[0m
                [36m</span>[39m
                [36m<span[39m
                  [33mclass[39m=[32m"app-nav__tag"[39m
                [36m>[39m
                  [0mPlanned[0m
                [36m</span>[39m
              [36m</a>[39m
            [36m</li>[39m
          [36m</ul>[39m
          [36m<p[39m
            [33mclass[39m=[32m"app-nav__footer"[39m
          [36m>[39m
            [36m<a[39m
              [33mclass[39m=[32m"app-nav__link app-nav__link--small"[39m
              [33mdata-discover[39m=[32m"true"[39m
              [33mhref[39m=[32m"/about"[39m
            [36m>[39m
              [0mAbout this product[0m
            [36m</a>[39m
          [36m</p>[39m
        [36m</nav>[39m
        [36m<main[39m
          [33mclass[39m=[32m"app-main"[39m
          [33mid[39m=[32m"main"[39m
          [33mtabindex[39m=[32m"-1"[39m
        [36m>[39m
          [36m<div[39m
            [33mclass[39m=[32m"page"[39m
          [36m>[39m
            [36m<div[39m
              [33mclass[39m=[32m"page-header"[39m
            [36m>[39m
              [36m<div[39m
                [33mclass[39m=[32m"page-header__row"[39m
              [36m>[39m
                [36m<div>[39m
                  [36m<h1[39m
                    [33mclass[39m=[32m"page-header__title"[39m
                  [36m>[39m
                    [0mWelcome, Synthetic Test User[0m
                  [36m</h1>[39m
                  [36m<p[39m
                    [33mclass[39m=[32m"page-header__subtitle"[39m
                  [36m>[39m
                    [0mYour actions, drafts, reviews and deadlines in one place.[0m
                  [36m</p>[39m
                [36m</div>[39m
              [36m</div>[39m
            [36m</div>[39m
            [36m<div[39m
              [33mclass[39m=[32m"grid grid--2"[39m
            [36m>[39m
              [36m<section[39m
                [33maria-labelledby[39m=[32m"mw-next"[39m
                [33mclass[39m=[32m"card"[39m
              [36m>[39m
                [36m<h2[39m
                  [33mclass[39m=[32m"card__title"[39m
                  [33mid[39m=[32m"mw-next"[39m
                [36m>[39m
                  [0mStart here[0m
                [36m</h2>[39m
                [36m<p>[39m
                  [36m<a[39m
                    [33mclass[39m=[32m"link"[39m
                    [33mdata-discover[39m=[32m"true"[39m
                    [33mhref[39m=[32m"/transformations"[39m
                  [36m>[39m
                    [0mOpen the transformations register[0m
                  [36m</a>[39m
                [36m</p>[39m
              [36m</section>[39m
              [36m<section[39m
                [33maria-labelledby[39m=[32m"mw-planned"[39m
                [33mclass[39m=[32m"card"[39m
              [36m>[39m
                [36m<h2[39m
                  [33mclass[39m=[32m"card__title"[39m
                  [33mid[39m=[32m"mw-planned"[39m
                [36m>[39m
                  [36m<span[39m
                    [33mclass[39m=[32m"lifecycle-chip lifecycle-chip--draft"[39m
                  [36m>[39m
                    [36m<svg[39m
                      [33maria-hidden[39m=[32m"true"[39m
                      [33mclass[39m=[32m"icon"[39m
                      [33mfill[39m=[32m"none"[39m
                      [33mfocusable[39m=[32m"false"[39m
                      [33mheight[39m=[32m"16"[39m
                      [33mstroke[39m=[32m"currentColor"[39m
                      [33mstroke-linecap[39m=[32m"round"[39m
                      [33mstroke-linejoin[39m=[32m"round"[39m
                      [33mstroke-width[39m=[32m"1.8"[39m
                      [33mviewBox[39m=[32m"0 0 20 20"[39m
                      [33mwidth[39m=[32m"16"[39m
                    [36m>[39m
                      [36m<path[39m
                        [33md[39m=[32m"M10 3a7 7 0 1 0 0 14 7 7 0 0 0 0-14zm0 3v4l3 2"[39m
                      [36m/>[39m
                    [36m</svg>[39m
                    [0m [0m
                    [0mPlanned[0m
                  [36m</span>[39m
                [36m</h2>[39m
                [36m<p>[39m
                  [0mAssigned actions, drafts, reviews, approvals, missing updates and upcoming deadlines.[0m
                [36m</p>[39m
              [36m</section>[39m
            [36m</div>[39m
          [36m</div>[39m
        [36m</main>[39m
      [36m</div>[39m
    [36m</div>[39m
  [36m</div>[39m
[36m</body>[39m

Ignored nodes: comments, script, style
[36m<body>[39m
  [36m<div>[39m
    [36m<div[39m
      [33mclass[39m=[32m"app"[39m
    [36m>[39m
      [36m<a[39m
        [33mclass[39m=[32m"skip-link"[39m
        [33mhref[39m=[32m"#main"[39m
      [36m>[39m
        [0mSkip to main content[0m
      [36m</a>[39m
      [36m<header[39m
        [33mclass[39m=[32m"app-header"[39m
      [36m>[39m
        [36m<button[39m
          [33maria-controls[39m=[32m"_r_12_"[39m
          [33maria-expanded[39m=[32m"false"[39m
          [33mclass[39m=[32m"button button--ghost-inverse nav-toggle"[39m
          [33mtype[39m=[32m"button"[39m
        [36m>[39m
          [36m<svg[39m
            [33maria-hidden[39m=[32m"true"[39m
            [33mclass[39m=[32m"icon"[39m
            [33mfill[39m=[32m"none"[39m
            [33mfocusable[39m=[32m"false"[39m
            [33mheight[39m=[32m"16"[39m
            [33mstroke[39m=[32m"currentColor"[39m
            [33mstroke-linecap[39m=[32m"round"[39m
            [33mstroke-linejoin[39m=[32m"round"[39m
            [33mstroke-width[39m=[32m"1.8"[39m
            [33mviewBox[39m=[32m"0 0 20 20"[39m
            [33mwidth[39m=[32m"16"[39m
          [36m>[39m
            [36m<path[39m
              [33md[39m=[32m"M3 5h14M3 10h14M3 15h14"[39m
            [36m/>[39m
          [36m</svg>[39m
          [36m<span[39m
            [33mclass[39m=[32m"visually-hidden"[39m
          [36m>[39m
            [0mShow or hide navigation[0m
          [36m</span>[39m
        [36m</button>[39m
        [36m<a[39m
          [33mclass[39m=[32m"wordmark"[39m
          [33mdata-discover[39m=[32m"true"[39m
          [33mdata-testid[39m=[32m"wordmark"[39m
          [33mhref[39m=[32m"/"[39m
        [36m>[39m
          [36m<span[39m
            [33mclass[39m=[32m"wordmark__name"[39m
          [36m>[39m
            [0mMobily Transformation Hub[0m
          [36m</span>[39m
          [36m<span[39m
            [33mclass[39m=[32m"badge badge--provisional"[39m
            [33mdata-testid[39m=[32m"provisional-badge"[39m
            [33mtitle[39m=[32m"Provisional wordmark: no official logo has been supplied. Colours are provisional design tokens, not verified Mobily brand values."[39m
          [36m>[39m
            [0mProvisional[0m
          [36m</span>[39m
          [36m<span[39m
            [33mclass[39m=[32m"visually-hidden"[39m
          [36m>[39m
            [0mProvisional wordmark: no official logo has been supplied. Colours are provisional design tokens, not verified Mobily brand values.[0m
          [36m</span>[39m
        [36m</a>[39m
        [36m<div[39m
          [33mclass[39m=[32m"app-header__spacer"[39m
        [36m/>[39m
        [36m<span[39m
          [33mclass[39m=[32m"language-switch"[39m
        [36m>[39m
          [36m<button[39m
            [33maria-label[39m=[32m"Switch language to العربية"[39m
            [33mclass[39m=[32m"button button--ghost-inverse button--small"[39m
            [33mlang[39m=[32m"ar"[39m
            [33mtype[39m=[32m"button"[39m
          [36m>[39m
            [0mالعربية[0m
          [36m</button>[39m
        [36m</span>[39m
        [36m<div[39m
          [33mclass[39m=[32m"user-box"[39m
        [36m>[39m
          [36m<span[39m
            [33mclass[39m=[32m"user-box__name"[39m
          [36m>[39m
            [0mSynthetic Test User[0m
          [36m</span>[39m
          [36m<span[39m
            [33mclass[39m=[32m"user-box__org"[39m
          [36m>[39m
            [0mSynthetic Organization[0m
          [36m</span>[39m
        [36m</div>[39m
        [36m<button[39m
          [33mclass[39m=[32m"button button--ghost-inverse button--small"[39m
          [33mtype[39m=[32m"button"[39m
        [36m>[39m
          [36m<svg[39m
            [33maria-hidden[39m=[32m"true"[39m
            [33mclass[39m=[32m"icon"[39m
            [33mfill[39m=[32m"none"[39m
            [33mfocusable[39m=[32m"false"[39m
            [33mheight[39m=[32m"16"[39m
            [33mstroke[39m=[32m"currentColor"[39m
            [33mstroke-linecap[39m=[32m"round"[39m
            [33mstroke-linejoin[39m=[32m"round"[39m
            [33mstroke-width[39m=[32m"1.8"[39m
            [33mviewBox[39m=[32m"0 0 20 20"[39m
            [33mwidth[39m=[32m"16"[39m
          [36m>[39m
            [36m<path[39m
              [33md[39m=[32m"M8 4H4v12h4M12 6l4 4-4 4M16 10H8"[39m
            [36m/>[39m
          [36m</svg>[39m
          [0m [0m
          [0mSign out[0m
        [36m</button>[39m
      [36m</header>[39m
      [36m<div[39m
        [33mclass[39m=[32m"app-body"[39m
      [36m>[39m
        [36m<nav[39m
          [33maria-label[39m=[32m"Primary navigation"[39m
          [33mclass[39m=[32m"app-nav"[39m
          [33mid[39m=[32m"_r_12_"[39m
        [36m>[39m
          [36m<ul[39m
            [33mclass[39m=[32m"app-nav__list"[39m
          [36m>[39m
            [36m<li>[39m
              [36m<a[39m
                [33maria-current[39m=[32m"page"[39m
                [33mclass[39m=[32m"app-nav__link active"[39m
                [33mdata-area[39m=[32m"myWork"[39m
                [33mdata-discover[39m=[32m"true"[39m
                [33mhref[39m=[32m"/my-work"[39m
              [36m>[39m
                [36m<span>[39m
                  [0mMy Work[0m
                [36m</span>[39m
              [36m</a>[39m
            [36m</li>[39m
            [36m<li>[39m
              [36m<a[39m
                [33mclass[39m=[32m"app-nav__link"[39m
                [33mdata-area[39m=[32m"executive"[39m
                [33mdata-discover[39m=[32m"true"[39m
                [33mhref[39m=[32m"/executive-overview"[39m
              [36m>[39m
                [36m<span>[39m
                  [0mExecutive Overview[0m
                [36m</span>[39m
                [36m<span[39m
                  [33mclass[39m=[32m"app-nav__tag"[39m
                [36m>[39m
                  [0mPlanned[0m
                [36m</span>[39m
              [36m</a>[39m
            [36m</li>[39m
            [36m<li>[39m
              [36m<a[39m
                [33mclass[39m=[32m"app-nav__link"[39m
                [33mdata-area[39m=[32m"transformations"[39m
                [33mdata-discover[39m=[32m"true"[39m
                [33mhref[39m=[32m"/transformations"[39m
              [36m>[39m
                [36m<span>[39m
                  [0mTransformations[0m
                [36m</span>[39m
              [36m</a>[39m
            [36m</li>[39m
            [36m<li>[39m
              [36m<a[39m
                [33mclass[39m=[32m"app-nav__link"[39m
                [33mdata-area[39m=[32m"playbook"[39m
                [33mdata-discover[39m=[32m"true"[39m
                [33mhref[39m=[32m"/playbook"[39m
              [36m>[39m
                [36m<span>[39m
                  [0mPlaybook and Procedures[0m
                [36m</span>[39m
                [36m<span[39m
                  [33mclass[39m=[32m"app-nav__tag"[39m
                [36m>[39m
                  [0mPlanned[0m
                [36m</span>[39m
              [36m</a>[39m
            [36m</li>[39m
            [36m<li>[39m
              [36m<a[39m
                [33mclass[39m=[32m"app-nav__link"[39m
                [33mdata-area[39m=[32m"strategy"[39m
                [33mdata-discover[39m=[32m"true"[39m
                [33mhref[39m=[32m"/strategy-kpis"[39m
              [36m>[39m
                [36m<span>[39m
                  [0mStrategy and KPIs[0m
                [36m</span>[39m
              [36m</a>[39m
            [36m</li>[39m
            [36m<li>[39m
              [36m<a[39m
                [33mclass[39m=[32m"app-nav__link"[39m
                [33mdata-area[39m=[32m"tom"[39m
                [33mdata-discover[39m=[32m"true"[39m
                [33mhref[39m=[32m"/target-operating-model"[39m
              [36m>[39m
                [36m<span>[39m
                  [0mTarget Operating Model[0m
                [36m</span>[39m
              [36m</a>[39m
            [36m</li>[39m
            [36m<li>[39m
              [36m<a[39m
                [33mclass[39m=[32m"app-nav__link"[39m
                [33mdata-area[39m=[32m"initiatives"[39m
                [33mdata-discover[39m=[32m"true"[39m
                [33mhref[39m=[32m"/initiatives-roadmaps"[39m
              [36m>[39m
                [36m<span>[39m
                  [0mInitiatives and Roadmaps[0m
                [36m</span>[39m
                [36m<span[39m
                  [33mclass[39m=[32m"app-nav__tag"[39m
                [36m>[39m
                  [0mPlanned[0m
                [36m</span>[39m
              [36m</a>[39m
            [36m</li>[39m
            [36m<li>[39m
              [36m<a[39m
                [33mclass[39m=[32m"app-nav__link"[39m
                [33mdata-area[39m=[32m"governance"[39m
                [33mdata-discover[39m=[32m"true"[39m
                [33mhref[39m=[32m"/governance"[39m
              [36m>[39m
                [36m<span>[39m
                  [0mGovernance[0m
                [36m</span>[39m
              [36m</a>[39m
            [36m</li>[39m
            [36m<li>[39m
              [36m<a[39m
                [33mclass[39m=[32m"app-nav__link"[39m
                [33mdata-area[39m=[32m"risks"[39m
                [33mdata-discover[39m=[32m"true"[39m
                [33mhref[39m=[32m"/risks-actions"[39m
              [36m>[39m
                [36m<span>[39m
                  [0mRisks and Actions[0m
                [36m</span>[39m
                [36m<span[39m
                  [33mclass[39m=[32m"app-nav__tag"[39m
                [36m>[39m
                  [0mPlanned[0m
                [36m</span>[39m
              [36m</a>[39m
            [36m</li>[39m
            [36m<li>[39m
              [36m<a[39m
                [33mclass[39m=[32m"app-nav__link"[39m
                [33mdata-area[39m=[32m"benefits"[39m
                [33mdata-discover[39m=[32m"true"[39m
                [33mhref[39m=[32m"/benefits-finance"[39m
              [36m>[39m
                [36m<span>[39m
                  [0mBenefits and Finance[0m
                [36m</span>[39m
                [36m<span[39m
                  [33mclass[39m=[32m"app-nav__tag"[39m
                [36m>[39m
                  [0mPlanned[0m
                [36m</span>[39m
              [36m</a>[39m
            [36m</li>[39m
            [36m<li>[39m
              [36m<a[39m
                [33mclass[39m=[32m"app-nav__link"[39m
                [33mdata-area[39m=[32m"change"[39m
                [33mdata-discover[39m=[32m"true"[39m
                [33mhref[39m=[32m"/change-adoption"[39m
              [36m>[39m
                [36m<span>[39m
                  [0mChange and Adoption[0m
                [36m</span>[39m
                [36m<span[39m
                  [33mclass[39m=[32m"app-nav__tag"[39m
                [36m>[39m
                  [0mPlanned[0m
                [36m</span>[39m
              [36m</a>[39m
            [36m</li>[39m
            [36m<li>[39m
              [36m<a[39m
                [33mclass[39m=[32m"app-nav__link"[39m
                [33mdata-area[39m=[32m"evidence"[39m
                [33mdata-discover[39m=[32m"true"[39m
                [33mhref[39m=[32m"/evidence-reports"[39m
              [36m>[39m
                [36m<span>[39m
                  [0mEvidence and Reports[0m
                [36m</span>[39m
              [36m</a>[39m
            [36m</li>[39m
            [36m<li>[39m
              [36m<a[39m
                [33mclass[39m=[32m"app-nav__link"[39m
                [33mdata-area[39m=[32m"bau"[39m
                [33mdata-discover[39m=[32m"true"[39m
                [33mhref[39m=[32m"/bau-improvement"[39m
              [36m>[39m
                [36m<span>[39m
                  [0mBAU and Improvement[0m
                [36m</span>[39m
                [36m<span[39m
                  [33mclass[39m=[32m"app-nav__tag"[39m
                [36m>[39m
                  [0mPlanned[0m
                [36m</span>[39m
              [36m</a>[39m
            [36m</li>[39m
          [36m</ul>[39m
          [36m<p[39m
            [33mclass[39m=[32m"app-nav__footer"[39m
          [36m>[39m
            [36m<a[39m
              [33mclass[39m=[32m"app-nav__link app-nav__link--small"[39m
              [33mdata-discover[39m=[32m"true"[39m
              [33mhref[39m=[32m"/about"[39m
            [36m>[39m
              [0mAbout this product[0m
            [36m</a>[39m
          [36m</p>[39m
        [36m</nav>[39m
        [36m<main[39m
          [33mclass[39m=[32m"app-main"[39m
          [33mid[39m=[32m"main"[39m
          [33mtabindex[39m=[32m"-1"[39m
        [36m>[39m
          [36m<div[39m
            [33mclass[39m=[32m"page"[39m
          [36m>[39m
            [36m<div[39m
              [33mclass[39m=[32m"page-header"[39m
            [36m>[39m
              [36m<div[39m
                [33mclass[39m=[32m"page-header__row"[39m
              [36m>[39m
                [36m<div>[39m
                  [36m<h1[39m
                    [33mclass[39m=[32m"page-header__title"[39m
                  [36m>[39m
                    [0mWelcome, Synthetic Test User[0m
                  [36m</h1>[39m
                  [36m<p[39m
                    [33mclass[39m=[32m"page-header__subtitle"[39m
                  [36m>[39m
                    [0mYour actions, drafts, reviews and deadlines in one place.[0m
                  [36m</p>[39m
                [36m</div>[39m
              [36m</div>[39m
            [36m</div>[39m
            [36m<div[39m
              [33mclass[39m=[32m"grid grid--2"[39m
            [36m>[39m
              [36m<section[39m
                [33maria-labelledby[39m=[32m"mw-next"[39m
                [33mclass[39m=[32m"card"[39m
              [36m>[39m
                [36m<h2[39m
                  [33mclass[39m=[32m"card__title"[39m
                  [33mid[39m=[32m"mw-next"[39m
                [36m>[39m
                  [0mStart here[0m
                [36m</h2>[39m
                [36m<p>[39m
                  [36m<a[39m
                    [33mclass[39m=[32m"link"[39m
                    [33mdata-discover[39m=[32m"true"[39m
                    [33mhref[39m=[32m"/transformations"[39m
                  [36m>[39m
                    [0mOpen the transformations register[0m
                  [36m</a>[39m
                [36m</p>[39m
              [36m</section>[39m
              [36m<section[39m
                [33maria-labelledby[39m=[32m"mw-planned"[39m
                [33mclass[39m=[32m"card"[39m
              [36m>[39m
                [36m<h2[39m
                  [33mclass[39m=[32m"card__title"[39m
                  [33mid[39m=[32m"mw-planned"[39m
                [36m>[39m
                  [36m<span[39m
                    [33mclass[39m=[32m"lifecycle-chip lifecycle-chip--draft"[39m
                  [36m>[39m
                    [36m<svg[39m
                      [33maria-hidden[39m=[32m"true"[39m
                      [33mclass[39m=[32m"icon"[39m
                      [33mfill[39m=[32m"none"[39m
                      [33mfocusable[39m=[32m"false"[39m
                      [33mheight[39m=[32m"16"[39m
                      [33mstroke[39m=[32m"currentColor"[39m
                      [33mstroke-linecap[39m=[32m"round"[39m
                      [33mstroke-linejoin[39m=[32m"round"[39m
                      [33mstroke-width[39m=[32m"1.8"[39m
                      [33mviewBox[39m=[32m"0 0 20 20"[39m
                      [33mwidth[39m=[32m"16"[39m
                    [36m>[39m
                      [36m<path[39m
                        [33md[39m=[32m"M10 3a7 7 0 1 0 0 14 7 7 0 0 0 0-14zm0 3v4l3 2"[39m
                      [36m/>[39m
                    [36m</svg>[39m
                    [0m [0m
                    [0mPlanned[0m
                  [36m</span>[39m
                [36m</h2>[39m
                [36m<p>[39m
                  [0mAssigned actions, drafts, reviews, approvals, missing updates and upcoming deadlines.[0m
                [36m</p>[39m
              [36m</section>[39m
            [36m</div>[39m
          [36m</div>[39m
        [36m</main>[39m
      [36m</div>[39m
    [36m</div>[39m
  [36m</div>[39m
[36m</body>[39m
   ✓ sign-in page and the cached identity > a signed-in user who opens /login is sent on once /me confirms the session 14ms
   ✓ sign-in page and the cached identity > signing out here shows 'signed out', not 'session ended', and no /me loop  345ms

⎯⎯⎯⎯⎯⎯⎯ Failed Tests 8 ⎯⎯⎯⎯⎯⎯⎯

 FAIL  |unit-web| src/auth/session-end.test.tsx > session end while the app is open (en) > a 401 on navigation lands once on sign-in with the message; signing in again returns to the page
 FAIL  |unit-web| src/auth/session-end.test.tsx > session end while the app is open (ar) > a 401 on navigation lands once on sign-in with the message; signing in again returns to the page
TestingLibraryElementError: Unable to find role="alert"

Ignored nodes: comments, script, style
[36m<body>[39m
  [36m<div />[39m
[36m</body>[39m

Ignored nodes: comments, script, style
[36m<body>[39m
  [36m<div />[39m
[36m</body>[39m
 ❯ waitForWrapper ../../node_modules/.pnpm/@testing-library+dom@10.4.1/node_modules/@testing-library/dom/dist/wait-for.js:163:27
 ❯ ../../node_modules/.pnpm/@testing-library+dom@10.4.1/node_modules/@testing-library/dom/dist/query-helpers.js:86:33
 ❯ expectSessionEndedLanding src/auth/session-end.test.tsx:103:24
    101|   expect(params.get("error")).toBe("session_expired");
    102|   expect(params.get("returnTo")).toBe(expectedReturnTo);
    103|   expect((await screen.findByRole("alert")).textContent).toContain(T.a…
       |                        ^
    104|   expect(await screen.findByLabelText(T.auth.dev.username)).toBeTruthy…
    105|   expect(document.documentElement.dir).toBe(T.dir);
 ❯ src/auth/session-end.test.tsx:137:7

⎯⎯⎯⎯⎯⎯⎯⎯⎯⎯⎯⎯⎯⎯⎯⎯⎯⎯⎯⎯⎯⎯⎯⎯[1/8]⎯

 FAIL  |unit-web| src/auth/session-end.test.tsx > session end while the app is open (en) > a 401 on a dialog mutation (the commit-time upload refusal) closes the dialog and lands once on sign-in
 FAIL  |unit-web| src/auth/session-end.test.tsx > session end while the app is open (ar) > a 401 on a dialog mutation (the commit-time upload refusal) closes the dialog and lands once on sign-in
TestingLibraryElementError: Unable to find role="alert"

Ignored nodes: comments, script, style
[36m<body>[39m
  [36m<div />[39m
[36m</body>[39m

Ignored nodes: comments, script, style
[36m<body>[39m
  [36m<div />[39m
[36m</body>[39m
 ❯ waitForWrapper ../../node_modules/.pnpm/@testing-library+dom@10.4.1/node_modules/@testing-library/dom/dist/wait-for.js:163:27
 ❯ ../../node_modules/.pnpm/@testing-library+dom@10.4.1/node_modules/@testing-library/dom/dist/query-helpers.js:86:33
 ❯ expectSessionEndedLanding src/auth/session-end.test.tsx:103:24
    101|   expect(params.get("error")).toBe("session_expired");
    102|   expect(params.get("returnTo")).toBe(expectedReturnTo);
    103|   expect((await screen.findByRole("alert")).textContent).toContain(T.a…
       |                        ^
    104|   expect(await screen.findByLabelText(T.auth.dev.username)).toBeTruthy…
    105|   expect(document.documentElement.dir).toBe(T.dir);
 ❯ src/auth/session-end.test.tsx:167:7

⎯⎯⎯⎯⎯⎯⎯⎯⎯⎯⎯⎯⎯⎯⎯⎯⎯⎯⎯⎯⎯⎯⎯⎯[2/8]⎯

 FAIL  |unit-web| src/auth/session-end.test.tsx > session end while the app is open (en) > a sign-out elsewhere noticed by the next /me probe lands once on sign-in, never on the stale shell
 FAIL  |unit-web| src/auth/session-end.test.tsx > session end while the app is open (ar) > a sign-out elsewhere noticed by the next /me probe lands once on sign-in, never on the stale shell
TestingLibraryElementError: Unable to find role="alert"

Ignored nodes: comments, script, style
[36m<body>[39m
  [36m<div />[39m
[36m</body>[39m

Ignored nodes: comments, script, style
[36m<body>[39m
  [36m<div />[39m
[36m</body>[39m
 ❯ waitForWrapper ../../node_modules/.pnpm/@testing-library+dom@10.4.1/node_modules/@testing-library/dom/dist/wait-for.js:163:27
 ❯ ../../node_modules/.pnpm/@testing-library+dom@10.4.1/node_modules/@testing-library/dom/dist/query-helpers.js:86:33
 ❯ src/auth/session-end.test.tsx:186:28
    184|       await waitFor(() => expect(router.state.location.pathname).toBe(…
    185|       expect(new URLSearchParams(router.state.location.search).get("er…
    186|       expect((await screen.findByRole("alert")).textContent).toContain…
       |                            ^
    187|       // OIDC mode (the development route answers 404): the corporate …
    188|       expect(screen.getByRole("link", { name: T.auth.oidcButton })).to…

⎯⎯⎯⎯⎯⎯⎯⎯⎯⎯⎯⎯⎯⎯⎯⎯⎯⎯⎯⎯⎯⎯⎯⎯[3/8]⎯

 FAIL  |unit-web| src/auth/session-end.test.tsx > session end under <StrictMode> (as in production) > still lands exactly once on sign-in
TestingLibraryElementError: Unable to find role="alert"

Ignored nodes: comments, script, style
[36m<body>[39m
  [36m<div />[39m
[36m</body>[39m

Ignored nodes: comments, script, style
[36m<body>[39m
  [36m<div />[39m
[36m</body>[39m
 ❯ waitForWrapper ../../node_modules/.pnpm/@testing-library+dom@10.4.1/node_modules/@testing-library/dom/dist/wait-for.js:163:27
 ❯ ../../node_modules/.pnpm/@testing-library+dom@10.4.1/node_modules/@testing-library/dom/dist/query-helpers.js:86:33
 ❯ expectSessionEndedLanding src/auth/session-end.test.tsx:103:24
    101|   expect(params.get("error")).toBe("session_expired");
    102|   expect(params.get("returnTo")).toBe(expectedReturnTo);
    103|   expect((await screen.findByRole("alert")).textContent).toContain(T.a…
       |                        ^
    104|   expect(await screen.findByLabelText(T.auth.dev.username)).toBeTruthy…
    105|   expect(document.documentElement.dir).toBe(T.dir);
 ❯ src/auth/session-end.test.tsx:223:5

⎯⎯⎯⎯⎯⎯⎯⎯⎯⎯⎯⎯⎯⎯⎯⎯⎯⎯⎯⎯⎯⎯⎯⎯[4/8]⎯

 FAIL  |unit-web| src/auth/session-end.test.tsx > sign-in page and the cached identity > decides 'already signed in' only from a fresh /me, never from a stale cache
TestingLibraryElementError: Unable to find a label with the text of: Synthetic user name

Ignored nodes: comments, script, style
[36m<body>[39m
  [36m<div>[39m
    [36m<div[39m
      [33mclass[39m=[32m"app"[39m
    [36m>[39m
      [36m<a[39m
        [33mclass[39m=[32m"skip-link"[39m
        [33mhref[39m=[32m"#main"[39m
      [36m>[39m
        [0mSkip to main content[0m
      [36m</a>[39m
      [36m<header[39m
        [33mclass[39m=[32m"app-header"[39m
      [36m>[39m
        [36m<button[39m
          [33maria-controls[39m=[32m"_r_12_"[39m
          [33maria-expanded[39m=[32m"false"[39m
          [33mclass[39m=[32m"button button--ghost-inverse nav-toggle"[39m
          [33mtype[39m=[32m"button"[39m
        [36m>[39m
          [36m<svg[39m
            [33maria-hidden[39m=[32m"true"[39m
            [33mclass[39m=[32m"icon"[39m
            [33mfill[39m=[32m"none"[39m
            [33mfocusable[39m=[32m"false"[39m
            [33mheight[39m=[32m"16"[39m
            [33mstroke[39m=[32m"currentColor"[39m
            [33mstroke-linecap[39m=[32m"round"[39m
            [33mstroke-linejoin[39m=[32m"round"[39m
            [33mstroke-width[39m=[32m"1.8"[39m
            [33mviewBox[39m=[32m"0 0 20 20"[39m
            [33mwidth[39m=[32m"16"[39m
          [36m>[39m
            [36m<path[39m
              [33md[39m=[32m"M3 5h14M3 10h14M3 15h14"[39m
            [36m/>[39m
          [36m</svg>[39m
          [36m<span[39m
            [33mclass[39m=[32m"visually-hidden"[39m
          [36m>[39m
            [0mShow or hide navigation[0m
          [36m</span>[39m
        [36m</button>[39m
        [36m<a[39m
          [33mclass[39m=[32m"wordmark"[39m
          [33mdata-discover[39m=[32m"true"[39m
          [33mdata-testid[39m=[32m"wordmark"[39m
          [33mhref[39m=[32m"/"[39m
        [36m>[39m
          [36m<span[39m
            [33mclass[39m=[32m"wordmark__name"[39m
          [36m>[39m
            [0mMobily Transformation Hub[0m
          [36m</span>[39m
          [36m<span[39m
            [33mclass[39m=[32m"badge badge--provisional"[39m
            [33mdata-testid[39m=[32m"provisional-badge"[39m
            [33mtitle[39m=[32m"Provisional wordmark: no official logo has been supplied. Colours are provisional design tokens, not verified Mobily brand values."[39m
          [36m>[39m
            [0mProvisional[0m
          [36m</span>[39m
          [36m<span[39m
            [33mclass[39m=[32m"visually-hidden"[39m
          [36m>[39m
            [0mProvisional wordmark: no official logo has been supplied. Colours are provisional design tokens, not verified Mobily brand values.[0m
          [36m</span>[39m
        [36m</a>[39m
        [36m<div[39m
          [33mclass[39m=[32m"app-header__spacer"[39m
        [36m/>[39m
        [36m<span[39m
          [33mclass[39m=[32m"language-switch"[39m
        [36m>[39m
          [36m<button[39m
            [33maria-label[39m=[32m"Switch language to العربية"[39m
            [33mclass[39m=[32m"button button--ghost-inverse button--small"[39m
            [33mlang[39m=[32m"ar"[39m
            [33mtype[39m=[32m"button"[39m
          [36m>[39m
            [0mالعربية[0m
          [36m</button>[39m
        [36m</span>[39m
        [36m<div[39m
          [33mclass[39m=[32m"user-box"[39m
        [36m>[39m
          [36m<span[39m
            [33mclass[39m=[32m"user-box__name"[39m
          [36m>[39m
            [0mSynthetic Test User[0m
          [36m</span>[39m
          [36m<span[39m
            [33mclass[39m=[32m"user-box__org"[39m
          [36m>[39m
            [0mSynthetic Organization[0m
          [36m</span>[39m
        [36m</div>[39m
        [36m<button[39m
          [33mclass[39m=[32m"button button--ghost-inverse button--small"[39m
          [33mtype[39m=[32m"button"[39m
        [36m>[39m
          [36m<svg[39m
            [33maria-hidden[39m=[32m"true"[39m
            [33mclass[39m=[32m"icon"[39m
            [33mfill[39m=[32m"none"[39m
            [33mfocusable[39m=[32m"false"[39m
            [33mheight[39m=[32m"16"[39m
            [33mstroke[39m=[32m"currentColor"[39m
            [33mstroke-linecap[39m=[32m"round"[39m
            [33mstroke-linejoin[39m=[32m"round"[39m
            [33mstroke-width[39m=[32m"1.8"[39m
            [33mviewBox[39m=[32m"0 0 20 20"[39m
            [33mwidth[39m=[32m"16"[39m
          [36m>[39m
            [36m<path[39m
              [33md[39m=[32m"M8 4H4v12h4M12 6l4 4-4 4M16 10H8"[39m
            [36m/>[39m
          [36m</svg>[39m
          [0m [0m
          [0mSign out[0m
        [36m</button>[39m
      [36m</header>[39m
      [36m<div[39m
        [33mclass[39m=[32m"app-body"[39m
      [36m>[39m
        [36m<nav[39m
          [33maria-label[39m=[32m"Primary navigation"[39m
          [33mclass[39m=[32m"app-nav"[39m
          [33mid[39m=[32m"_r_12_"[39m
        [36m>[39m
          [36m<ul[39m
            [33mclass[39m=[32m"app-nav__list"[39m
          [36m>[39m
            [36m<li>[39m
              [36m<a[39m
                [33maria-current[39m=[32m"page"[39m
                [33mclass[39m=[32m"app-nav__link active"[39m
                [33mdata-area[39m=[32m"myWork"[39m
                [33mdata-discover[39m=[32m"true"[39m
                [33mhref[39m=[32m"/my-work"[39m
              [36m>[39m
                [36m<span>[39m
                  [0mMy Work[0m
                [36m</span>[39m
              [36m</a>[39m
            [36m</li>[39m
            [36m<li>[39m
              [36m<a[39m
                [33mclass[39m=[32m"app-nav__link"[39m
                [33mdata-area[39m=[32m"executive"[39m
                [33mdata-discover[39m=[32m"true"[39m
                [33mhref[39m=[32m"/executive-overview"[39m
              [36m>[39m
                [36m<span>[39m
                  [0mExecutive Overview[0m
                [36m</span>[39m
                [36m<span[39m
                  [33mclass[39m=[32m"app-nav__tag"[39m
                [36m>[39m
                  [0mPlanned[0m
                [36m</span>[39m
              [36m</a>[39m
            [36m</li>[39m
            [36m<li>[39m
              [36m<a[39m
                [33mclass[39m=[32m"app-nav__link"[39m
                [33mdata-area[39m=[32m"transformations"[39m
                [33mdata-discover[39m=[32m"true"[39m
                [33mhref[39m=[32m"/transformations"[39m
              [36m>[39m
                [36m<span>[39m
                  [0mTransformations[0m
                [36m</span>[39m
              [36m</a>[39m
            [36m</li>[39m
            [36m<li>[39m
              [36m<a[39m
                [33mclass[39m=[32m"app-nav__link"[39m
                [33mdata-area[39m=[32m"playbook"[39m
                [33mdata-discover[39m=[32m"true"[39m
                [33mhref[39m=[32m"/playbook"[39m
              [36m>[39m
                [36m<span>[39m
                  [0mPlaybook and Procedures[0m
                [36m</span>[39m
                [36m<span[39m
                  [33mclass[39m=[32m"app-nav__tag"[39m
                [36m>[39m
                  [0mPlanned[0m
                [36m</span>[39m
              [36m</a>[39m
            [36m</li>[39m
            [36m<li>[39m
              [36m<a[39m
                [33mclass[39m=[32m"app-nav__link"[39m
                [33mdata-area[39m=[32m"strategy"[39m
                [33mdata-discover[39m=[32m"true"[39m
                [33mhref[39m=[32m"/strategy-kpis"[39m
              [36m>[39m
                [36m<span>[39m
                  [0mStrategy and KPIs[0m
                [36m</span>[39m
              [36m</a>[39m
            [36m</li>[39m
            [36m<li>[39m
              [36m<a[39m
                [33mclass[39m=[32m"app-nav__link"[39m
                [33mdata-area[39m=[32m"tom"[39m
                [33mdata-discover[39m=[32m"true"[39m
                [33mhref[39m=[32m"/target-operating-model"[39m
              [36m>[39m
                [36m<span>[39m
                  [0mTarget Operating Model[0m
                [36m</span>[39m
              [36m</a>[39m
            [36m</li>[39m
            [36m<li>[39m
              [36m<a[39m
                [33mclass[39m=[32m"app-nav__link"[39m
                [33mdata-area[39m=[32m"initiatives"[39m
                [33mdata-discover[39m=[32m"true"[39m
                [33mhref[39m=[32m"/initiatives-roadmaps"[39m
              [36m>[39m
                [36m<span>[39m
                  [0mInitiatives and Roadmaps[0m
                [36m</span>[39m
                [36m<span[39m
                  [33mclass[39m=[32m"app-nav__tag"[39m
                [36m>[39m
                  [0mPlanned[0m
                [36m</span>[39m
              [36m</a>[39m
            [36m</li>[39m
            [36m<li>[39m
              [36m<a[39m
                [33mclass[39m=[32m"app-nav__link"[39m
                [33mdata-area[39m=[32m"governance"[39m
                [33mdata-discover[39m=[32m"true"[39m
                [33mhref[39m=[32m"/governance"[39m
              [36m>[39m
                [36m<span>[39m
                  [0mGovernance[0m
                [36m</span>[39m
              [36m</a>[39m
            [36m</li>[39m
            [36m<li>[39m
              [36m<a[39m
                [33mclass[39m=[32m"app-nav__link"[39m
                [33mdata-area[39m=[32m"risks"[39m
                [33mdata-discover[39m=[32m"true"[39m
                [33mhref[39m=[32m"/risks-actions"[39m
              [36m>[39m
                [36m<span>[39m
                  [0mRisks and Actions[0m
                [36m</span>[39m
                [36m<span[39m
                  [33mclass[39m=[32m"app-nav__tag"[39m
                [36m>[39m
                  [0mPlanned[0m
                [36m</span>[39m
              [36m</a>[39m
            [36m</li>[39m
            [36m<li>[39m
              [36m<a[39m
                [33mclass[39m=[32m"app-nav__link"[39m
                [33mdata-area[39m=[32m"benefits"[39m
                [33mdata-discover[39m=[32m"true"[39m
                [33mhref[39m=[32m"/benefits-finance"[39m
              [36m>[39m
                [36m<span>[39m
                  [0mBenefits and Finance[0m
                [36m</span>[39m
                [36m<span[39m
                  [33mclass[39m=[32m"app-nav__tag"[39m
                [36m>[39m
                  [0mPlanned[0m
                [36m</span>[39m
              [36m</a>[39m
            [36m</li>[39m
            [36m<li>[39m
              [36m<a[39m
                [33mclass[39m=[32m"app-nav__link"[39m
                [33mdata-area[39m=[32m"change"[39m
                [33mdata-discover[39m=[32m"true"[39m
                [33mhref[39m=[32m"/change-adoption"[39m
              [36m>[39m
                [36m<span>[39m
                  [0mChange and Adoption[0m
                [36m</span>[39m
                [36m<span[39m
                  [33mclass[39m=[32m"app-nav__tag"[39m
                [36m>[39m
                  [0mPlanned[0m
                [36m</span>[39m
              [36m</a>[39m
            [36m</li>[39m
            [36m<li>[39m
              [36m<a[39m
                [33mclass[39m=[32m"app-nav__link"[39m
                [33mdata-area[39m=[32m"evidence"[39m
                [33mdata-discover[39m=[32m"true"[39m
                [33mhref[39m=[32m"/evidence-reports"[39m
              [36m>[39m
                [36m<span>[39m
                  [0mEvidence and Reports[0m
                [36m</span>[39m
              [36m</a>[39m
            [36m</li>[39m
            [36m<li>[39m
              [36m<a[39m
                [33mclass[39m=[32m"app-nav__link"[39m
                [33mdata-area[39m=[32m"bau"[39m
                [33mdata-discover[39m=[32m"true"[39m
                [33mhref[39m=[32m"/bau-improvement"[39m
              [36m>[39m
                [36m<span>[39m
                  [0mBAU and Improvement[0m
                [36m</span>[39m
                [36m<span[39m
                  [33mclass[39m=[32m"app-nav__tag"[39m
                [36m>[39m
                  [0mPlanned[0m
                [36m</span>[39m
              [36m</a>[39m
            [36m</li>[39m
          [36m</ul>[39m
          [36m<p[39m
            [33mclass[39m=[32m"app-nav__footer"[39m
          [36m>[39m
            [36m<a[39m
              [33mclass[39m=[32m"app-nav__link app-nav__link--small"[39m
              [33mdata-discover[39m=[32m"true"[39m
              [33mhref[39m=[32m"/about"[39m
            [36m>[39m
              [0mAbout this product[0m
            [36m</a>[39m
          [36m</p>[39m
        [36m</nav>[39m
        [36m<main[39m
          [33mclass[39m=[32m"app-main"[39m
          [33mid[39m=[32m"main"[39m
          [33mtabindex[39m=[32m"-1"[39m
        [36m>[39m
          [36m<div[39m
            [33mclass[39m=[32m"page"[39m
          [36m>[39m
            [36m<div[39m
              [33mclass[39m=[32m"page-header"[39m
            [36m>[39m
              [36m<div[39m
                [33mclass[39m=[32m"page-header__row"[39m
              [36m>[39m
                [36m<div>[39m
                  [36m<h1[39m
                    [33mclass[39m=[32m"page-header__title"[39m
                  [36m>[39m
                    [0mWelcome, Synthetic Test User[0m
                  [36m</h1>[39m
                  [36m<p[39m
                    [33mclass[39m=[32m"page-header__subtitle"[39m
                  [36m>[39m
                    [0mYour actions, drafts, reviews and deadlines in one place.[0m
                  [36m</p>[39m
                [36m</div>[39m
              [36m</div>[39m
            [36m</div>[39m
            [36m<div[39m
              [33mclass[39m=[32m"grid grid--2"[39m
            [36m>[39m
              [36m<section[39m
                [33maria-labelledby[39m=[32m"mw-next"[39m
                [33mclass[39m=[32m"card"[39m
              [36m>[39m
                [36m<h2[39m
                  [33mclass[39m=[32m"card__title"[39m
                  [33mid[39m=[32m"mw-next"[39m
                [36m>[39m
                  [0mStart here[0m
                [36m</h2>[39m
                [36m<p>[39m
                  [36m<a[39m
                    [33mclass[39m=[32m"link"[39m
                    [33mdata-discover[39m=[32m"true"[39m
                    [33mhref[39m=[32m"/transformations"[39m
                  [36m>[39m
                    [0mOpen the transformations register[0m
                  [36m</a>[39m
                [36m</p>[39m
              [36m</section>[39m
              [36m<section[39m
                [33maria-labelledby[39m=[32m"mw-planned"[39m
                [33mclass[39m=[32m"card"[39m
              [36m>[39m
                [36m<h2[39m
                  [33mclass[39m=[32m"card__title"[39m
                  [33mid[39m=[32m"mw-planned"[39m
                [36m>[39m
                  [36m<span[39m
                    [33mclass[39m=[32m"lifecycle-chip lifecycle-chip--draft"[39m
                  [36m>[39m
                    [36m<svg[39m
                      [33maria-hidden[39m=[32m"true"[39m
                      [33mclass[39m=[32m"icon"[39m
                      [33mfill[39m=[32m"none"[39m
                      [33mfocusable[39m=[32m"false"[39m
                      [33mheight[39m=[32m"16"[39m
                      [33mstroke[39m=[32m"currentColor"[39m
                      [33mstroke-linecap[39m=[32m"round"[39m
                      [33mstroke-linejoin[39m=[32m"round"[39m
                      [33mstroke-width[39m=[32m"1.8"[39m
                      [33mviewBox[39m=[32m"0 0 20 20"[39m
                      [33mwidth[39m=[32m"16"[39m
                    [36m>[39m
                      [36m<path[39m
                        [33md[39m=[32m"M10 3a7 7 0 1 0 0 14 7 7 0 0 0 0-14zm0 3v4l3 2"[39m
                      [36m/>[39m
                    [36m</svg>[39m
                    [0m [0m
                    [0mPlanned[0m
                  [36m</span>[39m
                [36m</h2>[39m
                [36m<p>[39m
                  [0mAssigned actions, drafts, reviews, approvals, missing updates and upcoming deadlines.[0m
                [36m</p>[39m
              [36m</section>[39m
            [36m</div>[39m
          [36m</div>[39m
        [36m</main>[39m
      [36m</div>[39m
    [36m</div>[39m
  [36m</div>[39m
[36m</body>[39m

Ignored nodes: comments, script, style
[36m<body>[39m
  [36m<div>[39m
    [36m<div[39m
      [33mclass[39m=[32m"app"[39m
    [36m>[39m
      [36m<a[39m
        [33mclass[39m=[32m"skip-link"[39m
        [33mhref[39m=[32m"#main"[39m
      [36m>[39m
        [0mSkip to main content[0m
      [36m</a>[39m
      [36m<header[39m
        [33mclass[39m=[32m"app-header"[39m
      [36m>[39m
        [36m<button[39m
          [33maria-controls[39m=[32m"_r_12_"[39m
          [33maria-expanded[39m=[32m"false"[39m
          [33mclass[39m=[32m"button button--ghost-inverse nav-toggle"[39m
          [33mtype[39m=[32m"button"[39m
        [36m>[39m
          [36m<svg[39m
            [33maria-hidden[39m=[32m"true"[39m
            [33mclass[39m=[32m"icon"[39m
            [33mfill[39m=[32m"none"[39m
            [33mfocusable[39m=[32m"false"[39m
            [33mheight[39m=[32m"16"[39m
            [33mstroke[39m=[32m"currentColor"[39m
            [33mstroke-linecap[39m=[32m"round"[39m
            [33mstroke-linejoin[39m=[32m"round"[39m
            [33mstroke-width[39m=[32m"1.8"[39m
            [33mviewBox[39m=[32m"0 0 20 20"[39m
            [33mwidth[39m=[32m"16"[39m
          [36m>[39m
            [36m<path[39m
              [33md[39m=[32m"M3 5h14M3 10h14M3 15h14"[39m
            [36m/>[39m
          [36m</svg>[39m
          [36m<span[39m
            [33mclass[39m=[32m"visually-hidden"[39m
          [36m>[39m
            [0mShow or hide navigation[0m
          [36m</span>[39m
        [36m</button>[39m
        [36m<a[39m
          [33mclass[39m=[32m"wordmark"[39m
          [33mdata-discover[39m=[32m"true"[39m
          [33mdata-testid[39m=[32m"wordmark"[39m
          [33mhref[39m=[32m"/"[39m
        [36m>[39m
          [36m<span[39m
            [33mclass[39m=[32m"wordmark__name"[39m
          [36m>[39m
            [0mMobily Transformation Hub[0m
          [36m</span>[39m
          [36m<span[39m
            [33mclass[39m=[32m"badge badge--provisional"[39m
            [33mdata-testid[39m=[32m"provisional-badge"[39m
            [33mtitle[39m=[32m"Provisional wordmark: no official logo has been supplied. Colours are provisional design tokens, not verified Mobily brand values."[39m
          [36m>[39m
            [0mProvisional[0m
          [36m</span>[39m
          [36m<span[39m
            [33mclass[39m=[32m"visually-hidden"[39m
          [36m>[39m
            [0mProvisional wordmark: no official logo has been supplied. Colours are provisional design tokens, not verified Mobily brand values.[0m
          [36m</span>[39m
        [36m</a>[39m
        [36m<div[39m
          [33mclass[39m=[32m"app-header__spacer"[39m
        [36m/>[39m
        [36m<span[39m
          [33mclass[39m=[32m"language-switch"[39m
        [36m>[39m
          [36m<button[39m
            [33maria-label[39m=[32m"Switch language to العربية"[39m
            [33mclass[39m=[32m"button button--ghost-inverse button--small"[39m
            [33mlang[39m=[32m"ar"[39m
            [33mtype[39m=[32m"button"[39m
          [36m>[39m
            [0mالعربية[0m
          [36m</button>[39m
        [36m</span>[39m
        [36m<div[39m
          [33mclass[39m=[32m"user-box"[39m
        [36m>[39m
          [36m<span[39m
            [33mclass[39m=[32m"user-box__name"[39m
          [36m>[39m
            [0mSynthetic Test User[0m
          [36m</span>[39m
          [36m<span[39m
            [33mclass[39m=[32m"user-box__org"[39m
          [36m>[39m
            [0mSynthetic Organization[0m
          [36m</span>[39m
        [36m</div>[39m
        [36m<button[39m
          [33mclass[39m=[32m"button button--ghost-inverse button--small"[39m
          [33mtype[39m=[32m"button"[39m
        [36m>[39m
          [36m<svg[39m
            [33maria-hidden[39m=[32m"true"[39m
            [33mclass[39m=[32m"icon"[39m
            [33mfill[39m=[32m"none"[39m
            [33mfocusable[39m=[32m"false"[39m
            [33mheight[39m=[32m"16"[39m
            [33mstroke[39m=[32m"currentColor"[39m
            [33mstroke-linecap[39m=[32m"round"[39m
            [33mstroke-linejoin[39m=[32m"round"[39m
            [33mstroke-width[39m=[32m"1.8"[39m
            [33mviewBox[39m=[32m"0 0 20 20"[39m
            [33mwidth[39m=[32m"16"[39m
          [36m>[39m
            [36m<path[39m
              [33md[39m=[32m"M8 4H4v12h4M12 6l4 4-4 4M16 10H8"[39m
            [36m/>[39m
          [36m</svg>[39m
          [0m [0m
          [0mSign out[0m
        [36m</button>[39m
      [36m</header>[39m
      [36m<div[39m
        [33mclass[39m=[32m"app-body"[39m
      [36m>[39m
        [36m<nav[39m
          [33maria-label[39m=[32m"Primary navigation"[39m
          [33mclass[39m=[32m"app-nav"[39m
          [33mid[39m=[32m"_r_12_"[39m
        [36m>[39m
          [36m<ul[39m
            [33mclass[39m=[32m"app-nav__list"[39m
          [36m>[39m
            [36m<li>[39m
              [36m<a[39m
                [33maria-current[39m=[32m"page"[39m
                [33mclass[39m=[32m"app-nav__link active"[39m
                [33mdata-area[39m=[32m"myWork"[39m
                [33mdata-discover[39m=[32m"true"[39m
                [33mhref[39m=[32m"/my-work"[39m
              [36m>[39m
                [36m<span>[39m
                  [0mMy Work[0m
                [36m</span>[39m
              [36m</a>[39m
            [36m</li>[39m
            [36m<li>[39m
              [36m<a[39m
                [33mclass[39m=[32m"app-nav__link"[39m
                [33mdata-area[39m=[32m"executive"[39m
                [33mdata-discover[39m=[32m"true"[39m
                [33mhref[39m=[32m"/executive-overview"[39m
              [36m>[39m
                [36m<span>[39m
                  [0mExecutive Overview[0m
                [36m</span>[39m
                [36m<span[39m
                  [33mclass[39m=[32m"app-nav__tag"[39m
                [36m>[39m
                  [0mPlanned[0m
                [36m</span>[39m
              [36m</a>[39m
            [36m</li>[39m
            [36m<li>[39m
              [36m<a[39m
                [33mclass[39m=[32m"app-nav__link"[39m
                [33mdata-area[39m=[32m"transformations"[39m
                [33mdata-discover[39m=[32m"true"[39m
                [33mhref[39m=[32m"/transformations"[39m
              [36m>[39m
                [36m<span>[39m
                  [0mTransformations[0m
                [36m</span>[39m
              [36m</a>[39m
            [36m</li>[39m
            [36m<li>[39m
              [36m<a[39m
                [33mclass[39m=[32m"app-nav__link"[39m
                [33mdata-area[39m=[32m"playbook"[39m
                [33mdata-discover[39m=[32m"true"[39m
                [33mhref[39m=[32m"/playbook"[39m
              [36m>[39m
                [36m<span>[39m
                  [0mPlaybook and Procedures[0m
                [36m</span>[39m
                [36m<span[39m
                  [33mclass[39m=[32m"app-nav__tag"[39m
                [36m>[39m
                  [0mPlanned[0m
                [36m</span>[39m
              [36m</a>[39m
            [36m</li>[39m
            [36m<li>[39m
              [36m<a[39m
                [33mclass[39m=[32m"app-nav__link"[39m
                [33mdata-area[39m=[32m"strategy"[39m
                [33mdata-discover[39m=[32m"true"[39m
                [33mhref[39m=[32m"/strategy-kpis"[39m
              [36m>[39m
                [36m<span>[39m
                  [0mStrategy and KPIs[0m
                [36m</span>[39m
              [36m</a>[39m
            [36m</li>[39m
            [36m<li>[39m
              [36m<a[39m
                [33mclass[39m=[32m"app-nav__link"[39m
                [33mdata-area[39m=[32m"tom"[39m
                [33mdata-discover[39m=[32m"true"[39m
                [33mhref[39m=[32m"/target-operating-model"[39m
              [36m>[39m
                [36m<span>[39m
                  [0mTarget Operating Model[0m
                [36m</span>[39m
              [36m</a>[39m
            [36m</li>[39m
            [36m<li>[39m
              [36m<a[39m
                [33mclass[39m=[32m"app-nav__link"[39m
                [33mdata-area[39m=[32m"initiatives"[39m
                [33mdata-discover[39m=[32m"true"[39m
                [33mhref[39m=[32m"/initiatives-roadmaps"[39m
              [36m>[39m
                [36m<span>[39m
                  [0mInitiatives and Roadmaps[0m
                [36m</span>[39m
                [36m<span[39m
                  [33mclass[39m=[32m"app-nav__tag"[39m
                [36m>[39m
                  [0mPlanned[0m
                [36m</span>[39m
              [36m</a>[39m
            [36m</li>[39m
            [36m<li>[39m
              [36m<a[39m
                [33mclass[39m=[32m"app-nav__link"[39m
                [33mdata-area[39m=[32m"governance"[39m
                [33mdata-discover[39m=[32m"true"[39m
                [33mhref[39m=[32m"/governance"[39m
              [36m>[39m
                [36m<span>[39m
                  [0mGovernance[0m
                [36m</span>[39m
              [36m</a>[39m
            [36m</li>[39m
            [36m<li>[39m
              [36m<a[39m
                [33mclass[39m=[32m"app-nav__link"[39m
                [33mdata-area[39m=[32m"risks"[39m
                [33mdata-discover[39m=[32m"true"[39m
                [33mhref[39m=[32m"/risks-actions"[39m
              [36m>[39m
                [36m<span>[39m
                  [0mRisks and Actions[0m
                [36m</span>[39m
                [36m<span[39m
                  [33mclass[39m=[32m"app-nav__tag"[39m
                [36m>[39m
                  [0mPlanned[0m
                [36m</span>[39m
              [36m</a>[39m
            [36m</li>[39m
            [36m<li>[39m
              [36m<a[39m
                [33mclass[39m=[32m"app-nav__link"[39m
                [33mdata-area[39m=[32m"benefits"[39m
                [33mdata-discover[39m=[32m"true"[39m
                [33mhref[39m=[32m"/benefits-finance"[39m
              [36m>[39m
                [36m<span>[39m
                  [0mBenefits and Finance[0m
                [36m</span>[39m
                [36m<span[39m
                  [33mclass[39m=[32m"app-nav__tag"[39m
                [36m>[39m
                  [0mPlanned[0m
                [36m</span>[39m
              [36m</a>[39m
            [36m</li>[39m
            [36m<li>[39m
              [36m<a[39m
                [33mclass[39m=[32m"app-nav__link"[39m
                [33mdata-area[39m=[32m"change"[39m
                [33mdata-discover[39m=[32m"true"[39m
                [33mhref[39m=[32m"/change-adoption"[39m
              [36m>[39m
                [36m<span>[39m
                  [0mChange and Adoption[0m
                [36m</span>[39m
                [36m<span[39m
                  [33mclass[39m=[32m"app-nav__tag"[39m
                [36m>[39m
                  [0mPlanned[0m
                [36m</span>[39m
              [36m</a>[39m
            [36m</li>[39m
            [36m<li>[39m
              [36m<a[39m
                [33mclass[39m=[32m"app-nav__link"[39m
                [33mdata-area[39m=[32m"evidence"[39m
                [33mdata-discover[39m=[32m"true"[39m
                [33mhref[39m=[32m"/evidence-reports"[39m
              [36m>[39m
                [36m<span>[39m
                  [0mEvidence and Reports[0m
                [36m</span>[39m
              [36m</a>[39m
            [36m</li>[39m
            [36m<li>[39m
              [36m<a[39m
                [33mclass[39m=[32m"app-nav__link"[39m
                [33mdata-area[39m=[32m"bau"[39m
                [33mdata-discover[39m=[32m"true"[39m
                [33mhref[39m=[32m"/bau-improvement"[39m
              [36m>[39m
                [36m<span>[39m
                  [0mBAU and Improvement[0m
                [36m</span>[39m
                [36m<span[39m
                  [33mclass[39m=[32m"app-nav__tag"[39m
                [36m>[39m
                  [0mPlanned[0m
                [36m</span>[39m
              [36m</a>[39m
            [36m</li>[39m
          [36m</ul>[39m
          [36m<p[39m
            [33mclass[39m=[32m"app-nav__footer"[39m
          [36m>[39m
            [36m<a[39m
              [33mclass[39m=[32m"app-nav__link app-nav__link--small"[39m
              [33mdata-discover[39m=[32m"true"[39m
              [33mhref[39m=[32m"/about"[39m
            [36m>[39m
              [0mAbout this product[0m
            [36m</a>[39m
          [36m</p>[39m
        [36m</nav>[39m
        [36m<main[39m
          [33mclass[39m=[32m"app-main"[39m
          [33mid[39m=[32m"main"[39m
          [33mtabindex[39m=[32m"-1"[39m
        [36m>[39m
          [36m<div[39m
            [33mclass[39m=[32m"page"[39m
          [36m>[39m
            [36m<div[39m
              [33mclass[39m=[32m"page-header"[39m
            [36m>[39m
              [36m<div[39m
                [33mclass[39m=[32m"page-header__row"[39m
              [36m>[39m
                [36m<div>[39m
                  [36m<h1[39m
                    [33mclass[39m=[32m"page-header__title"[39m
                  [36m>[39m
                    [0mWelcome, Synthetic Test User[0m
                  [36m</h1>[39m
                  [36m<p[39m
                    [33mclass[39m=[32m"page-header__subtitle"[39m
                  [36m>[39m
                    [0mYour actions, drafts, reviews and deadlines in one place.[0m
                  [36m</p>[39m
                [36m</div>[39m
              [36m</div>[39m
            [36m</div>[39m
            [36m<div[39m
              [33mclass[39m=[32m"grid grid--2"[39m
            [36m>[39m
              [36m<section[39m
                [33maria-labelledby[39m=[32m"mw-next"[39m
                [33mclass[39m=[32m"card"[39m
              [36m>[39m
                [36m<h2[39m
                  [33mclass[39m=[32m"card__title"[39m
                  [33mid[39m=[32m"mw-next"[39m
                [36m>[39m
                  [0mStart here[0m
                [36m</h2>[39m
                [36m<p>[39m
                  [36m<a[39m
                    [33mclass[39m=[32m"link"[39m
                    [33mdata-discover[39m=[32m"true"[39m
                    [33mhref[39m=[32m"/transformations"[39m
                  [36m>[39m
                    [0mOpen the transformations register[0m
                  [36m</a>[39m
                [36m</p>[39m
              [36m</section>[39m
              [36m<section[39m
                [33maria-labelledby[39m=[32m"mw-planned"[39m
                [33mclass[39m=[32m"card"[39m
              [36m>[39m
                [36m<h2[39m
                  [33mclass[39m=[32m"card__title"[39m
                  [33mid[39m=[32m"mw-planned"[39m
                [36m>[39m
                  [36m<span[39m
                    [33mclass[39m=[32m"lifecycle-chip lifecycle-chip--draft"[39m
                  [36m>[39m
                    [36m<svg[39m
                      [33maria-hidden[39m=[32m"true"[39m
                      [33mclass[39m=[32m"icon"[39m
                      [33mfill[39m=[32m"none"[39m
                      [33mfocusable[39m=[32m"false"[39m
                      [33mheight[39m=[32m"16"[39m
                      [33mstroke[39m=[32m"currentColor"[39m
                      [33mstroke-linecap[39m=[32m"round"[39m
                      [33mstroke-linejoin[39m=[32m"round"[39m
                      [33mstroke-width[39m=[32m"1.8"[39m
                      [33mviewBox[39m=[32m"0 0 20 20"[39m
                      [33mwidth[39m=[32m"16"[39m
                    [36m>[39m
                      [36m<path[39m
                        [33md[39m=[32m"M10 3a7 7 0 1 0 0 14 7 7 0 0 0 0-14zm0 3v4l3 2"[39m
                      [36m/>[39m
                    [36m</svg>[39m
                    [0m [0m
                    [0mPlanned[0m
                  [36m</span>[39m
                [36m</h2>[39m
                [36m<p>[39m
                  [0mAssigned actions, drafts, reviews, approvals, missing updates and upcoming deadlines.[0m
                [36m</p>[39m
              [36m</section>[39m
            [36m</div>[39m
          [36m</div>[39m
        [36m</main>[39m
      [36m</div>[39m
    [36m</div>[39m
  [36m</div>[39m
[36m</body>[39m
 ❯ waitForWrapper ../../node_modules/.pnpm/@testing-library+dom@10.4.1/node_modules/@testing-library/dom/dist/wait-for.js:163:27
 ❯ ../../node_modules/.pnpm/@testing-library+dom@10.4.1/node_modules/@testing-library/dom/dist/query-helpers.js:86:33
 ❯ src/auth/session-end.test.tsx:244:25
    242|       await router.navigate("/login?returnTo=%2Fmy-work");
    243|     });
    244|     expect(await screen.findByLabelText(enAuth.dev.username)).toBeTrut…
       |                         ^
    245|     await act(async () => {
    246|       await new Promise((r) => setTimeout(r, 300));

⎯⎯⎯⎯⎯⎯⎯⎯⎯⎯⎯⎯⎯⎯⎯⎯⎯⎯⎯⎯⎯⎯⎯⎯[5/8]⎯


 Test Files  1 failed (1)
      Tests  8 failed | 4 passed (12)
   Start at  07:54:08
   Duration  45.15s (transform 1.06s, setup 113ms, collect 1.58s, tests 42.66s, environment 433ms, prepare 129ms)

exit=1
