# cmd: (HEAD sources for LanguageSwitch.tsx, session.tsx, common.json x2, app.css; FE11 test file) npx vitest run src/components/LanguageSwitch.test.tsx

 RUN  v3.2.4 /home/user/My-owns/apps/web

 ❯ |unit-web| src/components/LanguageSwitch.test.tsx (8 tests | 7 failed) 30800ms
   × a refused language save, 'en' → other ('403 csrf') > keeps ar on screen and says, in ar, that it was not saved 5241ms
     → Unable to find an element by: [data-testid="language-not-saved"]

Ignored nodes: comments, script, style
[36m<body>[39m
  [36m<div>[39m
    [36m<div[39m
      [33mclass[39m=[32m"app"[39m
    [36m>[39m
      [36m<a[39m
        [33mclass[39m=[32m"skip-link"[39m
        [33mhref[39m=[32m"#main"[39m
      [36m>[39m
        [0mSkip to main content[0m
      [36m</a>[39m
      [36m<header[39m
        [33mclass[39m=[32m"app-header"[39m
      [36m>[39m
        [36m<button[39m
          [33maria-controls[39m=[32m"_r_0_"[39m
          [33maria-expanded[39m=[32m"false"[39m
          [33mclass[39m=[32m"button button--ghost-inverse nav-toggle"[39m
          [33mtype[39m=[32m"button"[39m
        [36m>[39m
          [36m<svg[39m
            [33maria-hidden[39m=[32m"true"[39m
            [33mclass[39m=[32m"icon"[39m
            [33mfill[39m=[32m"none"[39m
            [33mfocusable[39m=[32m"false"[39m
            [33mheight[39m=[32m"16"[39m
            [33mstroke[39m=[32m"currentColor"[39m
            [33mstroke-linecap[39m=[32m"round"[39m
            [33mstroke-linejoin[39m=[32m"round"[39m
            [33mstroke-width[39m=[32m"1.8"[39m
            [33mviewBox[39m=[32m"0 0 20 20"[39m
            [33mwidth[39m=[32m"16"[39m
          [36m>[39m
            [36m<path[39m
              [33md[39m=[32m"M3 5h14M3 10h14M3 15h14"[39m
            [36m/>[39m
          [36m</svg>[39m
          [36m<span[39m
            [33mclass[39m=[32m"visually-hidden"[39m
          [36m>[39m
            [0mShow or hide navigation[0m
          [36m</span>[39m
        [36m</button>[39m
        [36m<a[39m
          [33mclass[39m=[32m"wordmark"[39m
          [33mdata-discover[39m=[32m"true"[39m
          [33mdata-testid[39m=[32m"wordmark"[39m
          [33mhref[39m=[32m"/"[39m
        [36m>[39m
          [36m<span[39m
            [33mclass[39m=[32m"wordmark__name"[39m
          [36m>[39m
            [0mMobily Transformation Hub[0m
          [36m</span>[39m
          [36m<span[39m
            [33mclass[39m=[32m"badge badge--provisional"[39m
            [33mdata-testid[39m=[32m"provisional-badge"[39m
            [33mtitle[39m=[32m"Provisional wordmark: no official logo has been supplied. Colours are provisional design tokens, not verified Mobily brand values."[39m
          [36m>[39m
            [0mProvisional[0m
          [36m</span>[39m
          [36m<span[39m
            [33mclass[39m=[32m"visually-hidden"[39m
          [36m>[39m
            [0mProvisional wordmark: no official logo has been supplied. Colours are provisional design tokens, not verified Mobily brand values.[0m
          [36m</span>[39m
        [36m</a>[39m
        [36m<div[39m
          [33mclass[39m=[32m"app-header__spacer"[39m
        [36m/>[39m
        [36m<span[39m
          [33mclass[39m=[32m"language-switch"[39m
        [36m>[39m
          [36m<button[39m
            [33maria-label[39m=[32m"Switch language to العربية"[39m
            [33mclass[39m=[32m"button button--ghost-inverse button--small"[39m
            [33mlang[39m=[32m"ar"[39m
            [33mtype[39m=[32m"button"[39m
          [36m>[39m
            [0mالعربية[0m
          [36m</button>[39m
          [36m<span[39m
            [33mclass[39m=[32m"language-switch__notice"[39m
            [33mrole[39m=[32m"status"[39m
          [36m>[39m
            [0mLanguage changed in this browser, but it could not be saved to your profile.[0m
          [36m</span>[39m
        [36m</span>[39m
        [36m<div[39m
          [33mclass[39m=[32m"user-box"[39m
        [36m>[39m
          [36m<span[39m
            [33mclass[39m=[32m"user-box__name"[39m
          [36m>[39m
            [0mSynthetic Test User[0m
          [36m</span>[39m
          [36m<span[39m
            [33mclass[39m=[32m"user-box__org"[39m
          [36m>[39m
            [0mSynthetic Organization[0m
          [36m</span>[39m
        [36m</div>[39m
        [36m<button[39m
          [33mclass[39m=[32m"button button--ghost-inverse button--small"[39m
          [33mtype[39m=[32m"button"[39m
        [36m>[39m
          [36m<svg[39m
            [33maria-hidden[39m=[32m"true"[39m
            [33mclass[39m=[32m"icon"[39m
            [33mfill[39m=[32m"none"[39m
            [33mfocusable[39m=[32m"false"[39m
            [33mheight[39m=[32m"16"[39m
            [33mstroke[39m=[32m"currentColor"[39m
            [33mstroke-linecap[39m=[32m"round"[39m
            [33mstroke-linejoin[39m=[32m"round"[39m
            [33mstroke-width[39m=[32m"1.8"[39m
            [33mviewBox[39m=[32m"0 0 20 20"[39m
            [33mwidth[39m=[32m"16"[39m
          [36m>[39m
            [36m<path[39m
              [33md[39m=[32m"M8 4H4v12h4M12 6l4 4-4 4M16 10H8"[39m
            [36m/>[39m
          [36m</svg>[39m
          [0m [0m
          [0mSign out[0m
        [36m</button>[39m
      [36m</header>[39m
      [36m<div[39m
        [33mclass[39m=[32m"app-body"[39m
      [36m>[39m
        [36m<nav[39m
          [33maria-label[39m=[32m"Primary navigation"[39m
          [33mclass[39m=[32m"app-nav"[39m
          [33mid[39m=[32m"_r_0_"[39m
        [36m>[39m
          [36m<ul[39m
            [33mclass[39m=[32m"app-nav__list"[39m
          [36m>[39m
            [36m<li>[39m
              [36m<a[39m
                [33maria-current[39m=[32m"page"[39m
                [33mclass[39m=[32m"app-nav__link active"[39m
                [33mdata-area[39m=[32m"myWork"[39m
                [33mdata-discover[39m=[32m"true"[39m
                [33mhref[39m=[32m"/my-work"[39m
              [36m>[39m
                [36m<span>[39m
                  [0mMy Work[0m
                [36m</span>[39m
              [36m</a>[39m
            [36m</li>[39m
            [36m<li>[39m
              [36m<a[39m
                [33mclass[39m=[32m"app-nav__link"[39m
                [33mdata-area[39m=[32m"executive"[39m
                [33mdata-discover[39m=[32m"true"[39m
                [33mhref[39m=[32m"/executive-overview"[39m
              [36m>[39m
                [36m<span>[39m
                  [0mExecutive Overview[0m
                [36m</span>[39m
                [36m<span[39m
                  [33mclass[39m=[32m"app-nav__tag"[39m
                [36m>[39m
                  [0mPlanned[0m
                [36m</span>[39m
              [36m</a>[39m
            [36m</li>[39m
            [36m<li>[39m
              [36m<a[39m
                [33mclass[39m=[32m"app-nav__link"[39m
                [33mdata-area[39m=[32m"transformations"[39m
                [33mdata-discover[39m=[32m"true"[39m
                [33mhref[39m=[32m"/transformations"[39m
              [36m>[39m
                [36m<span>[39m
                  [0mTransformations[0m
                [36m</span>[39m
              [36m</a>[39m
            [36m</li>[39m
            [36m<li>[39m
              [36m<a[39m
                [33mclass[39m=[32m"app-nav__link"[39m
                [33mdata-area[39m=[32m"playbook"[39m
                [33mdata-discover[39m=[32m"true"[39m
                [33mhref[39m=[32m"/playbook"[39m
              [36m>[39m
                [36m<span>[39m
                  [0mPlaybook and Procedures[0m
                [36m</span>[39m
                [36m<span[39m
                  [33mclass[39m=[32m"app-nav__tag"[39m
                [36m>[39m
                  [0mPlanned[0m
                [36m</span>[39m
              [36m</a>[39m
            [36m</li>[39m
            [36m<li>[39m
              [36m<a[39m
                [33mclass[39m=[32m"app-nav__link"[39m
                [33mdata-area[39m=[32m"strategy"[39m
                [33mdata-discover[39m=[32m"true"[39m
                [33mhref[39m=[32m"/strategy-kpis"[39m
              [36m>[39m
                [36m<span>[39m
                  [0mStrategy and KPIs[0m
                [36m</span>[39m
              [36m</a>[39m
            [36m</li>[39m
            [36m<li>[39m
              [36m<a[39m
                [33mclass[39m=[32m"app-nav__link"[39m
                [33mdata-area[39m=[32m"tom"[39m
                [33mdata-discover[39m=[32m"true"[39m
                [33mhref[39m=[32m"/target-operating-model"[39m
              [36m>[39m
                [36m<span>[39m
                  [0mTarget Operating Model[0m
                [36m</span>[39m
              [36m</a>[39m
            [36m</li>[39m
            [36m<li>[39m
              [36m<a[39m
                [33mclass[39m=[32m"app-nav__link"[39m
                [33mdata-area[39m=[32m"initiatives"[39m
                [33mdata-discover[39m=[32m"true"[39m
                [33mhref[39m=[32m"/initiatives-roadmaps"[39m
              [36m>[39m
                [36m<span>[39m
                  [0mInitiatives and Roadmaps[0m
                [36m</span>[39m
                [36m<span[39m
                  [33mclass[39m=[32m"app-nav__tag"[39m
                [36m>[39m
                  [0mPlanned[0m
                [36m</span>[39m
              [36m</a>[39m
            [36m</li>[39m
            [36m<li>[39m
              [36m<a[39m
                [33mclass[39m=[32m"app-nav__link"[39m
                [33mdata-area[39m=[32m"governance"[39m
                [33mdata-discover[39m=[32m"true"[39m
                [33mhref[39m=[32m"/governance"[39m
              [36m>[39m
                [36m<span>[39m
                  [0mGovernance[0m
                [36m</span>[39m
              [36m</a>[39m
            [36m</li>[39m
            [36m<li>[39m
              [36m<a[39m
                [33mclass[39m=[32m"app-nav__link"[39m
                [33mdata-area[39m=[32m"risks"[39m
                [33mdata-discover[39m=[32m"true"[39m
                [33mhref[39m=[32m"/risks-actions"[39m
              [36m>[39m
                [36m<span>[39m
                  [0mRisks and Actions[0m
                [36m</span>[39m
                [36m<span[39m
                  [33mclass[39m=[32m"app-nav__tag"[39m
                [36m>[39m
                  [0mPlanned[0m
                [36m</span>[39m
              [36m</a>[39m
            [36m</li>[39m
            [36m<li>[39m
              [36m<a[39m
                [33mclass[39m=[32m"app-nav__link"[39m
                [33mdata-area[39m=[32m"benefits"[39m
                [33mdata-discover[39m=[32m"true"[39m
                [33mhref[39m=[32m"/benefits-finance"[39m
              [36m>[39m
                [36m<span>[39m
                  [0mBenefits and Finance[0m
                [36m</span>[39m
                [36m<span[39m
                  [33mclass[39m=[32m"app-nav__tag"[39m
                [36m>[39m
                  [0mPlanned[0m
                [36m</span>[39m
              [36m</a>[39m
            [36m</li>[39m
            [36m<li>[39m
              [36m<a[39m
                [33mclass[39m=[32m"app-nav__link"[39m
                [33mdata-area[39m=[32m"change"[39m
                [33mdata-discover[39m=[32m"true"[39m
                [33mhref[39m=[32m"/change-adoption"[39m
              [36m>[39m
                [36m<span>[39m
                  [0mChange and Adoption[0m
                [36m</span>[39m
                [36m<span[39m
                  [33mclass[39m=[32m"app-nav__tag"[39m
                [36m>[39m
                  [0mPlanned[0m
                [36m</span>[39m
              [36m</a>[39m
            [36m</li>[39m
            [36m<li>[39m
              [36m<a[39m
                [33mclass[39m=[32m"app-nav__link"[39m
                [33mdata-area[39m=[32m"evidence"[39m
                [33mdata-discover[39m=[32m"true"[39m
                [33mhref[39m=[32m"/evidence-reports"[39m
              [36m>[39m
                [36m<span>[39m
                  [0mEvidence and Reports[0m
                [36m</span>[39m
              [36m</a>[39m
            [36m</li>[39m
            [36m<li>[39m
              [36m<a[39m
                [33mclass[39m=[32m"app-nav__link"[39m
                [33mdata-area[39m=[32m"bau"[39m
                [33mdata-discover[39m=[32m"true"[39m
                [33mhref[39m=[32m"/bau-improvement"[39m
              [36m>[39m
                [36m<span>[39m
                  [0mBAU and Improvement[0m
                [36m</span>[39m
                [36m<span[39m
                  [33mclass[39m=[32m"app-nav__tag"[39m
                [36m>[39m
                  [0mPlanned[0m
                [36m</span>[39m
              [36m</a>[39m
            [36m</li>[39m
            [36m<li>[39m
              [36m<a[39m
                [33mclass[39m=[32m"app-nav__link"[39m
                [33mdata-area[39m=[32m"admin"[39m
                [33mdata-discover[39m=[32m"true"[39m
                [33mhref[39m=[32m"/admin"[39m
              [36m>[39m
                [36m<span>[39m
                  [0mAdministration[0m
                [36m</span>[39m
              [36m</a>[39m
            [36m</li>[39m
          [36m</ul>[39m
          [36m<p[39m
            [33mclass[39m=[32m"app-nav__footer"[39m
          [36m>[39m
            [36m<a[39m
              [33mclass[39m=[32m"app-nav__link app-nav__link--small"[39m
              [33mdata-discover[39m=[32m"true"[39m
              [33mhref[39m=[32m"/about"[39m
            [36m>[39m
              [0mAbout this product[0m
            [36m</a>[39m
          [36m</p>[39m
        [36m</nav>[39m
        [36m<main[39m
          [33mclass[39m=[32m"app-main"[39m
          [33mid[39m=[32m"main"[39m
          [33mtabindex[39m=[32m"-1"[39m
        [36m>[39m
          [36m<div[39m
            [33mclass[39m=[32m"page"[39m
          [36m>[39m
            [36m<div[39m
              [33mclass[39m=[32m"page-header"[39m
            [36m>[39m
              [36m<div[39m
                [33mclass[39m=[32m"page-header__row"[39m
              [36m>[39m
                [36m<div>[39m
                  [36m<h1[39m
                    [33mclass[39m=[32m"page-header__title"[39m
                  [36m>[39m
                    [0mWelcome, Synthetic Test User[0m
                  [36m</h1>[39m
                  [36m<p[39m
                    [33mclass[39m=[32m"page-header__subtitle"[39m
                  [36m>[39m
                    [0mYour actions, drafts, reviews and deadlines in one place.[0m
                  [36m</p>[39m
                [36m</div>[39m
              [36m</div>[39m
            [36m</div>[39m
            [36m<div[39m
              [33mclass[39m=[32m"grid grid--2"[39m
            [36m>[39m
              [36m<section[39m
                [33maria-labelledby[39m=[32m"mw-next"[39m
                [33mclass[39m=[32m"card"[39m
              [36m>[39m
                [36m<h2[39m
                  [33mclass[39m=[32m"card__title"[39m
                  [33mid[39m=[32m"mw-next"[39m
                [36m>[39m
                  [0mStart here[0m
                [36m</h2>[39m
                [36m<p[39m
                  [33mclass[39m=[32m"muted"[39m
                [36m>[39m
                  [0mYou have no business-record access yet. An access administrator assigns roles at a scope; job titles never grant access.[0m
                [36m</p>[39m
              [36m</section>[39m
              [36m<section[39m
                [33maria-labelledby[39m=[32m"mw-planned"[39m
                [33mclass[39m=[32m"card"[39m
              [36m>[39m
                [36m<h2[39m
                  [33mclass[39m=[32m"card__title"[39m
                  [33mid[39m=[32m"mw-planned"[39m
                [36m>[39m
                  [36m<span[39m
                    [33mclass[39m=[32m"lifecycle-chip lifecycle-chip--draft"[39m
                  [36m>[39m
                    [36m<svg[39m
                      [33maria-hidden[39m=[32m"true"[39m
                      [33mclass[39m=[32m"icon"[39m
                      [33mfill[39m=[32m"none"[39m
                      [33mfocusable[39m=[32m"false"[39m
                      [33mheight[39m=[32m"16"[39m
                      [33mstroke[39m=[32m"currentColor"[39m
                      [33mstroke-linecap[39m=[32m"round"[39m
                      [33mstroke-linejoin[39m=[32m"round"[39m
                      [33mstroke-width[39m=[32m"1.8"[39m
                      [33mviewBox[39m=[32m"0 0 20 20"[39m
                      [33mwidth[39m=[32m"16"[39m
                    [36m>[39m
                      [36m<path[39m
                        [33md[39m=[32m"M10 3a7 7 0 1 0 0 14 7 7 0 0 0 0-14zm0 3v4l3 2"[39m
                      [36m/>[39m
                    [36m</svg>[39m
                    [0m [0m
                    [0mPlanned[0m
                  [36m</span>[39m
                [36m</h2>[39m
                [36m<p>[39m
                  [0mAssigned actions, drafts, reviews, approvals, missing updates and upcoming deadlines.[0m
                [36m</p>[39m
              [36m</section>[39m
            [36m</div>[39m
          [36m</div>[39m
        [36m</main>[39m
      [36m</div>[39m
    [36m</div>[39m
  [36m</div>[39m
[36m</body>[39m

Ignored nodes: comments, script, style
[36m<body>[39m
  [36m<div>[39m
    [36m<div[39m
      [33mclass[39m=[32m"app"[39m
    [36m>[39m
      [36m<a[39m
        [33mclass[39m=[32m"skip-link"[39m
        [33mhref[39m=[32m"#main"[39m
      [36m>[39m
        [0mSkip to main content[0m
      [36m</a>[39m
      [36m<header[39m
        [33mclass[39m=[32m"app-header"[39m
      [36m>[39m
        [36m<button[39m
          [33maria-controls[39m=[32m"_r_0_"[39m
          [33maria-expanded[39m=[32m"false"[39m
          [33mclass[39m=[32m"button button--ghost-inverse nav-toggle"[39m
          [33mtype[39m=[32m"button"[39m
        [36m>[39m
          [36m<svg[39m
            [33maria-hidden[39m=[32m"true"[39m
            [33mclass[39m=[32m"icon"[39m
            [33mfill[39m=[32m"none"[39m
            [33mfocusable[39m=[32m"false"[39m
            [33mheight[39m=[32m"16"[39m
            [33mstroke[39m=[32m"currentColor"[39m
            [33mstroke-linecap[39m=[32m"round"[39m
            [33mstroke-linejoin[39m=[32m"round"[39m
            [33mstroke-width[39m=[32m"1.8"[39m
            [33mviewBox[39m=[32m"0 0 20 20"[39m
            [33mwidth[39m=[32m"16"[39m
          [36m>[39m
            [36m<path[39m
              [33md[39m=[32m"M3 5h14M3 10h14M3 15h14"[39m
            [36m/>[39m
          [36m</svg>[39m
          [36m<span[39m
            [33mclass[39m=[32m"visually-hidden"[39m
          [36m>[39m
            [0mShow or hide navigation[0m
          [36m</span>[39m
        [36m</button>[39m
        [36m<a[39m
          [33mclass[39m=[32m"wordmark"[39m
          [33mdata-discover[39m=[32m"true"[39m
          [33mdata-testid[39m=[32m"wordmark"[39m
          [33mhref[39m=[32m"/"[39m
        [36m>[39m
          [36m<span[39m
            [33mclass[39m=[32m"wordmark__name"[39m
          [36m>[39m
            [0mMobily Transformation Hub[0m
          [36m</span>[39m
          [36m<span[39m
            [33mclass[39m=[32m"badge badge--provisional"[39m
            [33mdata-testid[39m=[32m"provisional-badge"[39m
            [33mtitle[39m=[32m"Provisional wordmark: no official logo has been supplied. Colours are provisional design tokens, not verified Mobily brand values."[39m
          [36m>[39m
            [0mProvisional[0m
          [36m</span>[39m
          [36m<span[39m
            [33mclass[39m=[32m"visually-hidden"[39m
          [36m>[39m
            [0mProvisional wordmark: no official logo has been supplied. Colours are provisional design tokens, not verified Mobily brand values.[0m
          [36m</span>[39m
        [36m</a>[39m
        [36m<div[39m
          [33mclass[39m=[32m"app-header__spacer"[39m
        [36m/>[39m
        [36m<span[39m
          [33mclass[39m=[32m"language-switch"[39m
        [36m>[39m
          [36m<button[39m
            [33maria-label[39m=[32m"Switch language to العربية"[39m
            [33mclass[39m=[32m"button button--ghost-inverse button--small"[39m
            [33mlang[39m=[32m"ar"[39m
            [33mtype[39m=[32m"button"[39m
          [36m>[39m
            [0mالعربية[0m
          [36m</button>[39m
          [36m<span[39m
            [33mclass[39m=[32m"language-switch__notice"[39m
            [33mrole[39m=[32m"status"[39m
          [36m>[39m
            [0mLanguage changed in this browser, but it could not be saved to your profile.[0m
          [36m</span>[39m
        [36m</span>[39m
        [36m<div[39m
          [33mclass[39m=[32m"user-box"[39m
        [36m>[39m
          [36m<span[39m
            [33mclass[39m=[32m"user-box__name"[39m
          [36m>[39m
            [0mSynthetic Test User[0m
          [36m</span>[39m
          [36m<span[39m
            [33mclass[39m=[32m"user-box__org"[39m
          [36m>[39m
            [0mSynthetic Organization[0m
          [36m</span>[39m
        [36m</div>[39m
        [36m<button[39m
          [33mclass[39m=[32m"button button--ghost-inverse button--small"[39m
          [33mtype[39m=[32m"button"[39m
        [36m>[39m
          [36m<svg[39m
            [33maria-hidden[39m=[32m"true"[39m
            [33mclass[39m=[32m"icon"[39m
            [33mfill[39m=[32m"none"[39m
            [33mfocusable[39m=[32m"false"[39m
            [33mheight[39m=[32m"16"[39m
            [33mstroke[39m=[32m"currentColor"[39m
            [33mstroke-linecap[39m=[32m"round"[39m
            [33mstroke-linejoin[39m=[32m"round"[39m
            [33mstroke-width[39m=[32m"1.8"[39m
            [33mviewBox[39m=[32m"0 0 20 20"[39m
            [33mwidth[39m=[32m"16"[39m
          [36m>[39m
            [36m<path[39m
              [33md[39m=[32m"M8 4H4v12h4M12 6l4 4-4 4M16 10H8"[39m
            [36m/>[39m
          [36m</svg>[39m
          [0m [0m
          [0mSign out[0m
        [36m</button>[39m
      [36m</header>[39m
      [36m<div[39m
        [33mclass[39m=[32m"app-body"[39m
      [36m>[39m
        [36m<nav[39m
          [33maria-label[39m=[32m"Primary navigation"[39m
          [33mclass[39m=[32m"app-nav"[39m
          [33mid[39m=[32m"_r_0_"[39m
        [36m>[39m
          [36m<ul[39m
            [33mclass[39m=[32m"app-nav__list"[39m
          [36m>[39m
            [36m<li>[39m
              [36m<a[39m
                [33maria-current[39m=[32m"page"[39m
                [33mclass[39m=[32m"app-nav__link active"[39m
                [33mdata-area[39m=[32m"myWork"[39m
                [33mdata-discover[39m=[32m"true"[39m
                [33mhref[39m=[32m"/my-work"[39m
              [36m>[39m
                [36m<span>[39m
                  [0mMy Work[0m
                [36m</span>[39m
              [36m</a>[39m
            [36m</li>[39m
            [36m<li>[39m
              [36m<a[39m
                [33mclass[39m=[32m"app-nav__link"[39m
                [33mdata-area[39m=[32m"executive"[39m
                [33mdata-discover[39m=[32m"true"[39m
                [33mhref[39m=[32m"/executive-overview"[39m
              [36m>[39m
                [36m<span>[39m
                  [0mExecutive Overview[0m
                [36m</span>[39m
                [36m<span[39m
                  [33mclass[39m=[32m"app-nav__tag"[39m
                [36m>[39m
                  [0mPlanned[0m
                [36m</span>[39m
              [36m</a>[39m
            [36m</li>[39m
            [36m<li>[39m
              [36m<a[39m
                [33mclass[39m=[32m"app-nav__link"[39m
                [33mdata-area[39m=[32m"transformations"[39m
                [33mdata-discover[39m=[32m"true"[39m
                [33mhref[39m=[32m"/transformations"[39m
              [36m>[39m
                [36m<span>[39m
                  [0mTransformations[0m
                [36m</span>[39m
              [36m</a>[39m
            [36m</li>[39m
            [36m<li>[39m
              [36m<a[39m
                [33mclass[39m=[32m"app-nav__link"[39m
                [33mdata-area[39m=[32m"playbook"[39m
                [33mdata-discover[39m=[32m"true"[39m
                [33mhref[39m=[32m"/playbook"[39m
              [36m>[39m
                [36m<span>[39m
                  [0mPlaybook and Procedures[0m
                [36m</span>[39m
                [36m<span[39m
                  [33mclass[39m=[32m"app-nav__tag"[39m
                [36m>[39m
                  [0mPlanned[0m
                [36m</span>[39m
              [36m</a>[39m
            [36m</li>[39m
            [36m<li>[39m
              [36m<a[39m
                [33mclass[39m=[32m"app-nav__link"[39m
                [33mdata-area[39m=[32m"strategy"[39m
                [33mdata-discover[39m=[32m"true"[39m
                [33mhref[39m=[32m"/strategy-kpis"[39m
              [36m>[39m
                [36m<span>[39m
                  [0mStrategy and KPIs[0m
                [36m</span>[39m
              [36m</a>[39m
            [36m</li>[39m
            [36m<li>[39m
              [36m<a[39m
                [33mclass[39m=[32m"app-nav__link"[39m
                [33mdata-area[39m=[32m"tom"[39m
                [33mdata-discover[39m=[32m"true"[39m
                [33mhref[39m=[32m"/target-operating-model"[39m
              [36m>[39m
                [36m<span>[39m
                  [0mTarget Operating Model[0m
                [36m</span>[39m
              [36m</a>[39m
            [36m</li>[39m
            [36m<li>[39m
              [36m<a[39m
                [33mclass[39m=[32m"app-nav__link"[39m
                [33mdata-area[39m=[32m"initiatives"[39m
                [33mdata-discover[39m=[32m"true"[39m
                [33mhref[39m=[32m"/initiatives-roadmaps"[39m
              [36m>[39m
                [36m<span>[39m
                  [0mInitiatives and Roadmaps[0m
                [36m</span>[39m
                [36m<span[39m
                  [33mclass[39m=[32m"app-nav__tag"[39m
                [36m>[39m
                  [0mPlanned[0m
                [36m</span>[39m
              [36m</a>[39m
            [36m</li>[39m
            [36m<li>[39m
              [36m<a[39m
                [33mclass[39m=[32m"app-nav__link"[39m
                [33mdata-area[39m=[32m"governance"[39m
                [33mdata-discover[39m=[32m"true"[39m
                [33mhref[39m=[32m"/governance"[39m
              [36m>[39m
                [36m<span>[39m
                  [0mGovernance[0m
                [36m</span>[39m
              [36m</a>[39m
            [36m</li>[39m
            [36m<li>[39m
              [36m<a[39m
                [33mclass[39m=[32m"app-nav__link"[39m
                [33mdata-area[39m=[32m"risks"[39m
                [33mdata-discover[39m=[32m"true"[39m
                [33mhref[39m=[32m"/risks-actions"[39m
              [36m>[39m
                [36m<span>[39m
                  [0mRisks and Actions[0m
                [36m</span>[39m
                [36m<span[39m
                  [33mclass[39m=[32m"app-nav__tag"[39m
                [36m>[39m
                  [0mPlanned[0m
                [36m</span>[39m
              [36m</a>[39m
            [36m</li>[39m
            [36m<li>[39m
              [36m<a[39m
                [33mclass[39m=[32m"app-nav__link"[39m
                [33mdata-area[39m=[32m"benefits"[39m
                [33mdata-discover[39m=[32m"true"[39m
                [33mhref[39m=[32m"/benefits-finance"[39m
              [36m>[39m
                [36m<span>[39m
                  [0mBenefits and Finance[0m
                [36m</span>[39m
                [36m<span[39m
                  [33mclass[39m=[32m"app-nav__tag"[39m
                [36m>[39m
                  [0mPlanned[0m
                [36m</span>[39m
              [36m</a>[39m
            [36m</li>[39m
            [36m<li>[39m
              [36m<a[39m
                [33mclass[39m=[32m"app-nav__link"[39m
                [33mdata-area[39m=[32m"change"[39m
                [33mdata-discover[39m=[32m"true"[39m
                [33mhref[39m=[32m"/change-adoption"[39m
              [36m>[39m
                [36m<span>[39m
                  [0mChange and Adoption[0m
                [36m</span>[39m
                [36m<span[39m
                  [33mclass[39m=[32m"app-nav__tag"[39m
                [36m>[39m
                  [0mPlanned[0m
                [36m</span>[39m
              [36m</a>[39m
            [36m</li>[39m
            [36m<li>[39m
              [36m<a[39m
                [33mclass[39m=[32m"app-nav__link"[39m
                [33mdata-area[39m=[32m"evidence"[39m
                [33mdata-discover[39m=[32m"true"[39m
                [33mhref[39m=[32m"/evidence-reports"[39m
              [36m>[39m
                [36m<span>[39m
                  [0mEvidence and Reports[0m
                [36m</span>[39m
              [36m</a>[39m
            [36m</li>[39m
            [36m<li>[39m
              [36m<a[39m
                [33mclass[39m=[32m"app-nav__link"[39m
                [33mdata-area[39m=[32m"bau"[39m
                [33mdata-discover[39m=[32m"true"[39m
                [33mhref[39m=[32m"/bau-improvement"[39m
              [36m>[39m
                [36m<span>[39m
                  [0mBAU and Improvement[0m
                [36m</span>[39m
                [36m<span[39m
                  [33mclass[39m=[32m"app-nav__tag"[39m
                [36m>[39m
                  [0mPlanned[0m
                [36m</span>[39m
              [36m</a>[39m
            [36m</li>[39m
            [36m<li>[39m
              [36m<a[39m
                [33mclass[39m=[32m"app-nav__link"[39m
                [33mdata-area[39m=[32m"admin"[39m
                [33mdata-discover[39m=[32m"true"[39m
                [33mhref[39m=[32m"/admin"[39m
              [36m>[39m
                [36m<span>[39m
                  [0mAdministration[0m
                [36m</span>[39m
              [36m</a>[39m
            [36m</li>[39m
          [36m</ul>[39m
          [36m<p[39m
            [33mclass[39m=[32m"app-nav__footer"[39m
          [36m>[39m
            [36m<a[39m
              [33mclass[39m=[32m"app-nav__link app-nav__link--small"[39m
              [33mdata-discover[39m=[32m"true"[39m
              [33mhref[39m=[32m"/about"[39m
            [36m>[39m
              [0mAbout this product[0m
            [36m</a>[39m
          [36m</p>[39m
        [36m</nav>[39m
        [36m<main[39m
          [33mclass[39m=[32m"app-main"[39m
          [33mid[39m=[32m"main"[39m
          [33mtabindex[39m=[32m"-1"[39m
        [36m>[39m
          [36m<div[39m
            [33mclass[39m=[32m"page"[39m
          [36m>[39m
            [36m<div[39m
              [33mclass[39m=[32m"page-header"[39m
            [36m>[39m
              [36m<div[39m
                [33mclass[39m=[32m"page-header__row"[39m
              [36m>[39m
                [36m<div>[39m
                  [36m<h1[39m
                    [33mclass[39m=[32m"page-header__title"[39m
                  [36m>[39m
                    [0mWelcome, Synthetic Test User[0m
                  [36m</h1>[39m
                  [36m<p[39m
                    [33mclass[39m=[32m"page-header__subtitle"[39m
                  [36m>[39m
                    [0mYour actions, drafts, reviews and deadlines in one place.[0m
                  [36m</p>[39m
                [36m</div>[39m
              [36m</div>[39m
            [36m</div>[39m
            [36m<div[39m
              [33mclass[39m=[32m"grid grid--2"[39m
            [36m>[39m
              [36m<section[39m
                [33maria-labelledby[39m=[32m"mw-next"[39m
                [33mclass[39m=[32m"card"[39m
              [36m>[39m
                [36m<h2[39m
                  [33mclass[39m=[32m"card__title"[39m
                  [33mid[39m=[32m"mw-next"[39m
                [36m>[39m
                  [0mStart here[0m
                [36m</h2>[39m
                [36m<p[39m
                  [33mclass[39m=[32m"muted"[39m
                [36m>[39m
                  [0mYou have no business-record access yet. An access administrator assigns roles at a scope; job titles never grant access.[0m
                [36m</p>[39m
              [36m</section>[39m
              [36m<section[39m
                [33maria-labelledby[39m=[32m"mw-planned"[39m
                [33mclass[39m=[32m"card"[39m
              [36m>[39m
                [36m<h2[39m
                  [33mclass[39m=[32m"card__title"[39m
                  [33mid[39m=[32m"mw-planned"[39m
                [36m>[39m
                  [36m<span[39m
                    [33mclass[39m=[32m"lifecycle-chip lifecycle-chip--draft"[39m
                  [36m>[39m
                    [36m<svg[39m
                      [33maria-hidden[39m=[32m"true"[39m
                      [33mclass[39m=[32m"icon"[39m
                      [33mfill[39m=[32m"none"[39m
                      [33mfocusable[39m=[32m"false"[39m
                      [33mheight[39m=[32m"16"[39m
                      [33mstroke[39m=[32m"currentColor"[39m
                      [33mstroke-linecap[39m=[32m"round"[39m
                      [33mstroke-linejoin[39m=[32m"round"[39m
                      [33mstroke-width[39m=[32m"1.8"[39m
                      [33mviewBox[39m=[32m"0 0 20 20"[39m
                      [33mwidth[39m=[32m"16"[39m
                    [36m>[39m
                      [36m<path[39m
                        [33md[39m=[32m"M10 3a7 7 0 1 0 0 14 7 7 0 0 0 0-14zm0 3v4l3 2"[39m
                      [36m/>[39m
                    [36m</svg>[39m
                    [0m [0m
                    [0mPlanned[0m
                  [36m</span>[39m
                [36m</h2>[39m
                [36m<p>[39m
                  [0mAssigned actions, drafts, reviews, approvals, missing updates and upcoming deadlines.[0m
                [36m</p>[39m
              [36m</section>[39m
            [36m</div>[39m
          [36m</div>[39m
        [36m</main>[39m
      [36m</div>[39m
    [36m</div>[39m
  [36m</div>[39m
[36m</body>[39m
   × a refused language save, 'ar' → other ('403 csrf') > keeps en on screen and says, in en, that it was not saved 5084ms
     → Unable to find an element by: [data-testid="language-not-saved"]

Ignored nodes: comments, script, style
[36m<body>[39m
  [36m<div>[39m
    [36m<div[39m
      [33mclass[39m=[32m"app"[39m
    [36m>[39m
      [36m<a[39m
        [33mclass[39m=[32m"skip-link"[39m
        [33mhref[39m=[32m"#main"[39m
      [36m>[39m
        [0mانتقل إلى المحتوى الرئيسي[0m
      [36m</a>[39m
      [36m<header[39m
        [33mclass[39m=[32m"app-header"[39m
      [36m>[39m
        [36m<button[39m
          [33maria-controls[39m=[32m"_r_1_"[39m
          [33maria-expanded[39m=[32m"false"[39m
          [33mclass[39m=[32m"button button--ghost-inverse nav-toggle"[39m
          [33mtype[39m=[32m"button"[39m
        [36m>[39m
          [36m<svg[39m
            [33maria-hidden[39m=[32m"true"[39m
            [33mclass[39m=[32m"icon"[39m
            [33mfill[39m=[32m"none"[39m
            [33mfocusable[39m=[32m"false"[39m
            [33mheight[39m=[32m"16"[39m
            [33mstroke[39m=[32m"currentColor"[39m
            [33mstroke-linecap[39m=[32m"round"[39m
            [33mstroke-linejoin[39m=[32m"round"[39m
            [33mstroke-width[39m=[32m"1.8"[39m
            [33mviewBox[39m=[32m"0 0 20 20"[39m
            [33mwidth[39m=[32m"16"[39m
          [36m>[39m
            [36m<path[39m
              [33md[39m=[32m"M3 5h14M3 10h14M3 15h14"[39m
            [36m/>[39m
          [36m</svg>[39m
          [36m<span[39m
            [33mclass[39m=[32m"visually-hidden"[39m
          [36m>[39m
            [0mإظهار التنقل أو إخفاؤه[0m
          [36m</span>[39m
        [36m</button>[39m
        [36m<a[39m
          [33mclass[39m=[32m"wordmark"[39m
          [33mdata-discover[39m=[32m"true"[39m
          [33mdata-testid[39m=[32m"wordmark"[39m
          [33mhref[39m=[32m"/"[39m
        [36m>[39m
          [36m<span[39m
            [33mclass[39m=[32m"wordmark__name"[39m
          [36m>[39m
            [0mمنصة موبايلي للتحوّل[0m
          [36m</span>[39m
          [36m<span[39m
            [33mclass[39m=[32m"badge badge--provisional"[39m
            [33mdata-testid[39m=[32m"provisional-badge"[39m
            [33mtitle[39m=[32m"شعار نصي مؤقت: لم يُقدَّم شعار رسمي. الألوان رموز تصميم مؤقتة وليست ألوان علامة موبايلي المعتمدة."[39m
          [36m>[39m
            [0mمؤقت[0m
          [36m</span>[39m
          [36m<span[39m
            [33mclass[39m=[32m"visually-hidden"[39m
          [36m>[39m
            [0mشعار نصي مؤقت: لم يُقدَّم شعار رسمي. الألوان رموز تصميم مؤقتة وليست ألوان علامة موبايلي المعتمدة.[0m
          [36m</span>[39m
        [36m</a>[39m
        [36m<div[39m
          [33mclass[39m=[32m"app-header__spacer"[39m
        [36m/>[39m
        [36m<span[39m
          [33mclass[39m=[32m"language-switch"[39m
        [36m>[39m
          [36m<button[39m
            [33maria-label[39m=[32m"تغيير اللغة إلى English"[39m
            [33mclass[39m=[32m"button button--ghost-inverse button--small"[39m
            [33mlang[39m=[32m"en"[39m
            [33mtype[39m=[32m"button"[39m
          [36m>[39m
            [0mEnglish[0m
          [36m</button>[39m
          [36m<span[39m
            [33mclass[39m=[32m"language-switch__notice"[39m
            [33mrole[39m=[32m"status"[39m
          [36m>[39m
            [0mتغيّرت اللغة في هذا المتصفح، لكن تعذّر حفظها في ملفك الشخصي.[0m
          [36m</span>[39m
        [36m</span>[39m
        [36m<div[39m
          [33mclass[39m=[32m"user-box"[39m
        [36m>[39m
          [36m<span[39m
            [33mclass[39m=[32m"user-box__name"[39m
          [36m>[39m
            [0mSynthetic Test User[0m
          [36m</span>[39m
          [36m<span[39m
            [33mclass[39m=[32m"user-box__org"[39m
          [36m>[39m
            [0mجهة اصطناعية[0m
          [36m</span>[39m
        [36m</div>[39m
        [36m<button[39m
          [33mclass[39m=[32m"button button--ghost-inverse button--small"[39m
          [33mtype[39m=[32m"button"[39m
        [36m>[39m
          [36m<svg[39m
            [33maria-hidden[39m=[32m"true"[39m
            [33mclass[39m=[32m"icon"[39m
            [33mfill[39m=[32m"none"[39m
            [33mfocusable[39m=[32m"false"[39m
            [33mheight[39m=[32m"16"[39m
            [33mstroke[39m=[32m"currentColor"[39m
            [33mstroke-linecap[39m=[32m"round"[39m
            [33mstroke-linejoin[39m=[32m"round"[39m
            [33mstroke-width[39m=[32m"1.8"[39m
            [33mviewBox[39m=[32m"0 0 20 20"[39m
            [33mwidth[39m=[32m"16"[39m
          [36m>[39m
            [36m<path[39m
              [33md[39m=[32m"M8 4H4v12h4M12 6l4 4-4 4M16 10H8"[39m
            [36m/>[39m
          [36m</svg>[39m
          [0m [0m
          [0mتسجيل الخروج[0m
        [36m</button>[39m
      [36m</header>[39m
      [36m<div[39m
        [33mclass[39m=[32m"app-body"[39m
      [36m>[39m
        [36m<nav[39m
          [33maria-label[39m=[32m"التنقل الرئيسي"[39m
          [33mclass[39m=[32m"app-nav"[39m
          [33mid[39m=[32m"_r_1_"[39m
        [36m>[39m
          [36m<ul[39m
            [33mclass[39m=[32m"app-nav__list"[39m
          [36m>[39m
            [36m<li>[39m
              [36m<a[39m
                [33maria-current[39m=[32m"page"[39m
                [33mclass[39m=[32m"app-nav__link active"[39m
                [33mdata-area[39m=[32m"myWork"[39m
                [33mdata-discover[39m=[32m"true"[39m
                [33mhref[39m=[32m"/my-work"[39m
              [36m>[39m
                [36m<span>[39m
                  [0mعملي[0m
                [36m</span>[39m
              [36m</a>[39m
            [36m</li>[39m
            [36m<li>[39m
              [36m<a[39m
                [33mclass[39m=[32m"app-nav__link"[39m
                [33mdata-area[39m=[32m"executive"[39m
                [33mdata-discover[39m=[32m"true"[39m
                [33mhref[39m=[32m"/executive-overview"[39m
              [36m>[39m
                [36m<span>[39m
                  [0mالنظرة التنفيذية[0m
                [36m</span>[39m
                [36m<span[39m
                  [33mclass[39m=[32m"app-nav__tag"[39m
                [36m>[39m
                  [0mمخطط[0m
                [36m</span>[39m
              [36m</a>[39m
            [36m</li>[39m
            [36m<li>[39m
              [36m<a[39m
                [33mclass[39m=[32m"app-nav__link"[39m
                [33mdata-area[39m=[32m"transformations"[39m
                [33mdata-discover[39m=[32m"true"[39m
                [33mhref[39m=[32m"/transformations"[39m
              [36m>[39m
                [36m<span>[39m
                  [0mالتحوّلات[0m
                [36m</span>[39m
              [36m</a>[39m
            [36m</li>[39m
            [36m<li>[39m
              [36m<a[39m
                [33mclass[39m=[32m"app-nav__link"[39m
                [33mdata-area[39m=[32m"playbook"[39m
                [33mdata-discover[39m=[32m"true"[39m
                [33mhref[39m=[32m"/playbook"[39m
              [36m>[39m
                [36m<span>[39m
                  [0mالدليل والإجراءات[0m
                [36m</span>[39m
                [36m<span[39m
                  [33mclass[39m=[32m"app-nav__tag"[39m
                [36m>[39m
                  [0mمخطط[0m
                [36m</span>[39m
              [36m</a>[39m
            [36m</li>[39m
            [36m<li>[39m
              [36m<a[39m
                [33mclass[39m=[32m"app-nav__link"[39m
                [33mdata-area[39m=[32m"strategy"[39m
                [33mdata-discover[39m=[32m"true"[39m
                [33mhref[39m=[32m"/strategy-kpis"[39m
              [36m>[39m
                [36m<span>[39m
                  [0mالاستراتيجية ومؤشرات الأداء[0m
                [36m</span>[39m
              [36m</a>[39m
            [36m</li>[39m
            [36m<li>[39m
              [36m<a[39m
                [33mclass[39m=[32m"app-nav__link"[39m
                [33mdata-area[39m=[32m"tom"[39m
                [33mdata-discover[39m=[32m"true"[39m
                [33mhref[39m=[32m"/target-operating-model"[39m
              [36m>[39m
                [36m<span>[39m
                  [0mنموذج التشغيل المستهدف[0m
                [36m</span>[39m
              [36m</a>[39m
            [36m</li>[39m
            [36m<li>[39m
              [36m<a[39m
                [33mclass[39m=[32m"app-nav__link"[39m
                [33mdata-area[39m=[32m"initiatives"[39m
                [33mdata-discover[39m=[32m"true"[39m
                [33mhref[39m=[32m"/initiatives-roadmaps"[39m
              [36m>[39m
                [36m<span>[39m
                  [0mالمبادرات وخرائط الطريق[0m
                [36m</span>[39m
                [36m<span[39m
                  [33mclass[39m=[32m"app-nav__tag"[39m
                [36m>[39m
                  [0mمخطط[0m
                [36m</span>[39m
              [36m</a>[39m
            [36m</li>[39m
            [36m<li>[39m
              [36m<a[39m
                [33mclass[39m=[32m"app-nav__link"[39m
                [33mdata-area[39m=[32m"governance"[39m
                [33mdata-discover[39m=[32m"true"[39m
                [33mhref[39m=[32m"/governance"[39m
              [36m>[39m
                [36m<span>[39m
                  [0mالحوكمة[0m
                [36m</span>[39m
              [36m</a>[39m
            [36m</li>[39m
            [36m<li>[39m
              [36m<a[39m
                [33mclass[39m=[32m"app-nav__link"[39m
                [33mdata-area[39m=[32m"risks"[39m
                [33mdata-discover[39m=[32m"true"[39m
                [33mhref[39m=[32m"/risks-actions"[39m
              [36m>[39m
                [36m<span>[39m
                  [0mالمخاطر والإجراءات[0m
                [36m</span>[39m
                [36m<span[39m
                  [33mclass[39m=[32m"app-nav__tag"[39m
                [36m>[39m
                  [0mمخطط[0m
                [36m</span>[39m
              [36m</a>[39m
            [36m</li>[39m
            [36m<li>[39m
              [36m<a[39m
                [33mclass[39m=[32m"app-nav__link"[39m
                [33mdata-area[39m=[32m"benefits"[39m
                [33mdata-discover[39m=[32m"true"[39m
                [33mhref[39m=[32m"/benefits-finance"[39m
              [36m>[39m
                [36m<span>[39m
                  [0mالمنافع والمالية[0m
                [36m</span>[39m
                [36m<span[39m
                  [33mclass[39m=[32m"app-nav__tag"[39m
                [36m>[39m
                  [0mمخطط[0m
                [36m</span>[39m
              [36m</a>[39m
            [36m</li>[39m
            [36m<li>[39m
              [36m<a[39m
                [33mclass[39m=[32m"app-nav__link"[39m
                [33mdata-area[39m=[32m"change"[39m
                [33mdata-discover[39m=[32m"true"[39m
                [33mhref[39m=[32m"/change-adoption"[39m
              [36m>[39m
                [36m<span>[39m
                  [0mالتغيير والتبنّي[0m
                [36m</span>[39m
                [36m<span[39m
                  [33mclass[39m=[32m"app-nav__tag"[39m
                [36m>[39m
                  [0mمخطط[0m
                [36m</span>[39m
              [36m</a>[39m
            [36m</li>[39m
            [36m<li>[39m
              [36m<a[39m
                [33mclass[39m=[32m"app-nav__link"[39m
                [33mdata-area[39m=[32m"evidence"[39m
                [33mdata-discover[39m=[32m"true"[39m
                [33mhref[39m=[32m"/evidence-reports"[39m
              [36m>[39m
                [36m<span>[39m
                  [0mالأدلة والتقارير[0m
                [36m</span>[39m
              [36m</a>[39m
            [36m</li>[39m
            [36m<li>[39m
              [36m<a[39m
                [33mclass[39m=[32m"app-nav__link"[39m
                [33mdata-area[39m=[32m"bau"[39m
                [33mdata-discover[39m=[32m"true"[39m
                [33mhref[39m=[32m"/bau-improvement"[39m
              [36m>[39m
                [36m<span>[39m
                  [0mالعمليات الاعتيادية والتحسين[0m
                [36m</span>[39m
                [36m<span[39m
                  [33mclass[39m=[32m"app-nav__tag"[39m
                [36m>[39m
                  [0mمخطط[0m
                [36m</span>[39m
              [36m</a>[39m
            [36m</li>[39m
            [36m<li>[39m
              [36m<a[39m
                [33mclass[39m=[32m"app-nav__link"[39m
                [33mdata-area[39m=[32m"admin"[39m
                [33mdata-discover[39m=[32m"true"[39m
                [33mhref[39m=[32m"/admin"[39m
              [36m>[39m
                [36m<span>[39m
                  [0mالإدارة[0m
                [36m</span>[39m
              [36m</a>[39m
            [36m</li>[39m
          [36m</ul>[39m
          [36m<p[39m
            [33mclass[39m=[32m"app-nav__footer"[39m
          [36m>[39m
            [36m<a[39m
              [33mclass[39m=[32m"app-nav__link app-nav__link--small"[39m
              [33mdata-discover[39m=[32m"true"[39m
              [33mhref[39m=[32m"/about"[39m
            [36m>[39m
              [0mحول هذا المنتج[0m
            [36m</a>[39m
          [36m</p>[39m
        [36m</nav>[39m
        [36m<main[39m
          [33mclass[39m=[32m"app-main"[39m
          [33mid[39m=[32m"main"[39m
          [33mtabindex[39m=[32m"-1"[39m
        [36m>[39m
          [36m<div[39m
            [33mclass[39m=[32m"page"[39m
          [36m>[39m
            [36m<div[39m
              [33mclass[39m=[32m"page-header"[39m
            [36m>[39m
              [36m<div[39m
                [33mclass[39m=[32m"page-header__row"[39m
              [36m>[39m
                [36m<div>[39m
                  [36m<h1[39m
                    [33mclass[39m=[32m"page-header__title"[39m
                  [36m>[39m
                    [0mمرحبًا، Synthetic Test User[0m
                  [36m</h1>[39m
                  [36m<p[39m
                    [33mclass[39m=[32m"page-header__subtitle"[39m
                  [36m>[39m
                    [0mإجراءاتك ومسوداتك ومراجعاتك ومواعيدك النهائية في مكان واحد.[0m
                  [36m</p>[39m
                [36m</div>[39m
              [36m</div>[39m
            [36m</div>[39m
            [36m<div[39m
              [33mclass[39m=[32m"grid grid--2"[39m
            [36m>[39m
              [36m<section[39m
                [33maria-labelledby[39m=[32m"mw-next"[39m
                [33mclass[39m=[32m"card"[39m
              [36m>[39m
                [36m<h2[39m
                  [33mclass[39m=[32m"card__title"[39m
                  [33mid[39m=[32m"mw-next"[39m
                [36m>[39m
                  [0mابدأ من هنا[0m
                [36m</h2>[39m
                [36m<p[39m
                  [33mclass[39m=[32m"muted"[39m
                [36m>[39m
                  [0mليس لديك وصول إلى سجلات الأعمال بعد. يُسند مسؤول الصلاحيات الأدوار ضمن نطاق محدد، ولا تمنح المسميات الوظيفية أي صلاحية.[0m
                [36m</p>[39m
              [36m</section>[39m
              [36m<section[39m
                [33maria-labelledby[39m=[32m"mw-planned"[39m
                [33mclass[39m=[32m"card"[39m
              [36m>[39m
                [36m<h2[39m
                  [33mclass[39m=[32m"card__title"[39m
                  [33mid[39m=[32m"mw-planned"[39m
                [36m>[39m
                  [36m<span[39m
                    [33mclass[39m=[32m"lifecycle-chip lifecycle-chip--draft"[39m
                  [36m>[39m
                    [36m<svg[39m
                      [33maria-hidden[39m=[32m"true"[39m
                      [33mclass[39m=[32m"icon"[39m
                      [33mfill[39m=[32m"none"[39m
                      [33mfocusable[39m=[32m"false"[39m
                      [33mheight[39m=[32m"16"[39m
                      [33mstroke[39m=[32m"currentColor"[39m
                      [33mstroke-linecap[39m=[32m"round"[39m
                      [33mstroke-linejoin[39m=[32m"round"[39m
                      [33mstroke-width[39m=[32m"1.8"[39m
                      [33mviewBox[39m=[32m"0 0 20 20"[39m
                      [33mwidth[39m=[32m"16"[39m
                    [36m>[39m
                      [36m<path[39m
                        [33md[39m=[32m"M10 3a7 7 0 1 0 0 14 7 7 0 0 0 0-14zm0 3v4l3 2"[39m
                      [36m/>[39m
                    [36m</svg>[39m
                    [0m [0m
                    [0mمخطط[0m
                  [36m</span>[39m
                [36m</h2>[39m
                [36m<p>[39m
                  [0mالإجراءات المسندة، والمسودات، والمراجعات، والاعتمادات، والتحديثات الناقصة، والمواعيد النهائية القادمة.[0m
                [36m</p>[39m
              [36m</section>[39m
            [36m</div>[39m
          [36m</div>[39m
        [36m</main>[39m
      [36m</div>[39m
    [36m</div>[39m
  [36m</div>[39m
[36m</body>[39m

Ignored nodes: comments, script, style
[36m<body>[39m
  [36m<div>[39m
    [36m<div[39m
      [33mclass[39m=[32m"app"[39m
    [36m>[39m
      [36m<a[39m
        [33mclass[39m=[32m"skip-link"[39m
        [33mhref[39m=[32m"#main"[39m
      [36m>[39m
        [0mانتقل إلى المحتوى الرئيسي[0m
      [36m</a>[39m
      [36m<header[39m
        [33mclass[39m=[32m"app-header"[39m
      [36m>[39m
        [36m<button[39m
          [33maria-controls[39m=[32m"_r_1_"[39m
          [33maria-expanded[39m=[32m"false"[39m
          [33mclass[39m=[32m"button button--ghost-inverse nav-toggle"[39m
          [33mtype[39m=[32m"button"[39m
        [36m>[39m
          [36m<svg[39m
            [33maria-hidden[39m=[32m"true"[39m
            [33mclass[39m=[32m"icon"[39m
            [33mfill[39m=[32m"none"[39m
            [33mfocusable[39m=[32m"false"[39m
            [33mheight[39m=[32m"16"[39m
            [33mstroke[39m=[32m"currentColor"[39m
            [33mstroke-linecap[39m=[32m"round"[39m
            [33mstroke-linejoin[39m=[32m"round"[39m
            [33mstroke-width[39m=[32m"1.8"[39m
            [33mviewBox[39m=[32m"0 0 20 20"[39m
            [33mwidth[39m=[32m"16"[39m
          [36m>[39m
            [36m<path[39m
              [33md[39m=[32m"M3 5h14M3 10h14M3 15h14"[39m
            [36m/>[39m
          [36m</svg>[39m
          [36m<span[39m
            [33mclass[39m=[32m"visually-hidden"[39m
          [36m>[39m
            [0mإظهار التنقل أو إخفاؤه[0m
          [36m</span>[39m
        [36m</button>[39m
        [36m<a[39m
          [33mclass[39m=[32m"wordmark"[39m
          [33mdata-discover[39m=[32m"true"[39m
          [33mdata-testid[39m=[32m"wordmark"[39m
          [33mhref[39m=[32m"/"[39m
        [36m>[39m
          [36m<span[39m
            [33mclass[39m=[32m"wordmark__name"[39m
          [36m>[39m
            [0mمنصة موبايلي للتحوّل[0m
          [36m</span>[39m
          [36m<span[39m
            [33mclass[39m=[32m"badge badge--provisional"[39m
            [33mdata-testid[39m=[32m"provisional-badge"[39m
            [33mtitle[39m=[32m"شعار نصي مؤقت: لم يُقدَّم شعار رسمي. الألوان رموز تصميم مؤقتة وليست ألوان علامة موبايلي المعتمدة."[39m
          [36m>[39m
            [0mمؤقت[0m
          [36m</span>[39m
          [36m<span[39m
            [33mclass[39m=[32m"visually-hidden"[39m
          [36m>[39m
            [0mشعار نصي مؤقت: لم يُقدَّم شعار رسمي. الألوان رموز تصميم مؤقتة وليست ألوان علامة موبايلي المعتمدة.[0m
          [36m</span>[39m
        [36m</a>[39m
        [36m<div[39m
          [33mclass[39m=[32m"app-header__spacer"[39m
        [36m/>[39m
        [36m<span[39m
          [33mclass[39m=[32m"language-switch"[39m
        [36m>[39m
          [36m<button[39m
            [33maria-label[39m=[32m"تغيير اللغة إلى English"[39m
            [33mclass[39m=[32m"button button--ghost-inverse button--small"[39m
            [33mlang[39m=[32m"en"[39m
            [33mtype[39m=[32m"button"[39m
          [36m>[39m
            [0mEnglish[0m
          [36m</button>[39m
          [36m<span[39m
            [33mclass[39m=[32m"language-switch__notice"[39m
            [33mrole[39m=[32m"status"[39m
          [36m>[39m
            [0mتغيّرت اللغة في هذا المتصفح، لكن تعذّر حفظها في ملفك الشخصي.[0m
          [36m</span>[39m
        [36m</span>[39m
        [36m<div[39m
          [33mclass[39m=[32m"user-box"[39m
        [36m>[39m
          [36m<span[39m
            [33mclass[39m=[32m"user-box__name"[39m
          [36m>[39m
            [0mSynthetic Test User[0m
          [36m</span>[39m
          [36m<span[39m
            [33mclass[39m=[32m"user-box__org"[39m
          [36m>[39m
            [0mجهة اصطناعية[0m
          [36m</span>[39m
        [36m</div>[39m
        [36m<button[39m
          [33mclass[39m=[32m"button button--ghost-inverse button--small"[39m
          [33mtype[39m=[32m"button"[39m
        [36m>[39m
          [36m<svg[39m
            [33maria-hidden[39m=[32m"true"[39m
            [33mclass[39m=[32m"icon"[39m
            [33mfill[39m=[32m"none"[39m
            [33mfocusable[39m=[32m"false"[39m
            [33mheight[39m=[32m"16"[39m
            [33mstroke[39m=[32m"currentColor"[39m
            [33mstroke-linecap[39m=[32m"round"[39m
            [33mstroke-linejoin[39m=[32m"round"[39m
            [33mstroke-width[39m=[32m"1.8"[39m
            [33mviewBox[39m=[32m"0 0 20 20"[39m
            [33mwidth[39m=[32m"16"[39m
          [36m>[39m
            [36m<path[39m
              [33md[39m=[32m"M8 4H4v12h4M12 6l4 4-4 4M16 10H8"[39m
            [36m/>[39m
          [36m</svg>[39m
          [0m [0m
          [0mتسجيل الخروج[0m
        [36m</button>[39m
      [36m</header>[39m
      [36m<div[39m
        [33mclass[39m=[32m"app-body"[39m
      [36m>[39m
        [36m<nav[39m
          [33maria-label[39m=[32m"التنقل الرئيسي"[39m
          [33mclass[39m=[32m"app-nav"[39m
          [33mid[39m=[32m"_r_1_"[39m
        [36m>[39m
          [36m<ul[39m
            [33mclass[39m=[32m"app-nav__list"[39m
          [36m>[39m
            [36m<li>[39m
              [36m<a[39m
                [33maria-current[39m=[32m"page"[39m
                [33mclass[39m=[32m"app-nav__link active"[39m
                [33mdata-area[39m=[32m"myWork"[39m
                [33mdata-discover[39m=[32m"true"[39m
                [33mhref[39m=[32m"/my-work"[39m
              [36m>[39m
                [36m<span>[39m
                  [0mعملي[0m
                [36m</span>[39m
              [36m</a>[39m
            [36m</li>[39m
            [36m<li>[39m
              [36m<a[39m
                [33mclass[39m=[32m"app-nav__link"[39m
                [33mdata-area[39m=[32m"executive"[39m
                [33mdata-discover[39m=[32m"true"[39m
                [33mhref[39m=[32m"/executive-overview"[39m
              [36m>[39m
                [36m<span>[39m
                  [0mالنظرة التنفيذية[0m
                [36m</span>[39m
                [36m<span[39m
                  [33mclass[39m=[32m"app-nav__tag"[39m
                [36m>[39m
                  [0mمخطط[0m
                [36m</span>[39m
              [36m</a>[39m
            [36m</li>[39m
            [36m<li>[39m
              [36m<a[39m
                [33mclass[39m=[32m"app-nav__link"[39m
                [33mdata-area[39m=[32m"transformations"[39m
                [33mdata-discover[39m=[32m"true"[39m
                [33mhref[39m=[32m"/transformations"[39m
              [36m>[39m
                [36m<span>[39m
                  [0mالتحوّلات[0m
                [36m</span>[39m
              [36m</a>[39m
            [36m</li>[39m
            [36m<li>[39m
              [36m<a[39m
                [33mclass[39m=[32m"app-nav__link"[39m
                [33mdata-area[39m=[32m"playbook"[39m
                [33mdata-discover[39m=[32m"true"[39m
                [33mhref[39m=[32m"/playbook"[39m
              [36m>[39m
                [36m<span>[39m
                  [0mالدليل والإجراءات[0m
                [36m</span>[39m
                [36m<span[39m
                  [33mclass[39m=[32m"app-nav__tag"[39m
                [36m>[39m
                  [0mمخطط[0m
                [36m</span>[39m
              [36m</a>[39m
            [36m</li>[39m
            [36m<li>[39m
              [36m<a[39m
                [33mclass[39m=[32m"app-nav__link"[39m
                [33mdata-area[39m=[32m"strategy"[39m
                [33mdata-discover[39m=[32m"true"[39m
                [33mhref[39m=[32m"/strategy-kpis"[39m
              [36m>[39m
                [36m<span>[39m
                  [0mالاستراتيجية ومؤشرات الأداء[0m
                [36m</span>[39m
              [36m</a>[39m
            [36m</li>[39m
            [36m<li>[39m
              [36m<a[39m
                [33mclass[39m=[32m"app-nav__link"[39m
                [33mdata-area[39m=[32m"tom"[39m
                [33mdata-discover[39m=[32m"true"[39m
                [33mhref[39m=[32m"/target-operating-model"[39m
              [36m>[39m
                [36m<span>[39m
                  [0mنموذج التشغيل المستهدف[0m
                [36m</span>[39m
              [36m</a>[39m
            [36m</li>[39m
            [36m<li>[39m
              [36m<a[39m
                [33mclass[39m=[32m"app-nav__link"[39m
                [33mdata-area[39m=[32m"initiatives"[39m
                [33mdata-discover[39m=[32m"true"[39m
                [33mhref[39m=[32m"/initiatives-roadmaps"[39m
              [36m>[39m
                [36m<span>[39m
                  [0mالمبادرات وخرائط الطريق[0m
                [36m</span>[39m
                [36m<span[39m
                  [33mclass[39m=[32m"app-nav__tag"[39m
                [36m>[39m
                  [0mمخطط[0m
                [36m</span>[39m
              [36m</a>[39m
            [36m</li>[39m
            [36m<li>[39m
              [36m<a[39m
                [33mclass[39m=[32m"app-nav__link"[39m
                [33mdata-area[39m=[32m"governance"[39m
                [33mdata-discover[39m=[32m"true"[39m
                [33mhref[39m=[32m"/governance"[39m
              [36m>[39m
                [36m<span>[39m
                  [0mالحوكمة[0m
                [36m</span>[39m
              [36m</a>[39m
            [36m</li>[39m
            [36m<li>[39m
              [36m<a[39m
                [33mclass[39m=[32m"app-nav__link"[39m
                [33mdata-area[39m=[32m"risks"[39m
                [33mdata-discover[39m=[32m"true"[39m
                [33mhref[39m=[32m"/risks-actions"[39m
              [36m>[39m
                [36m<span>[39m
                  [0mالمخاطر والإجراءات[0m
                [36m</span>[39m
                [36m<span[39m
                  [33mclass[39m=[32m"app-nav__tag"[39m
                [36m>[39m
                  [0mمخطط[0m
                [36m</span>[39m
              [36m</a>[39m
            [36m</li>[39m
            [36m<li>[39m
              [36m<a[39m
                [33mclass[39m=[32m"app-nav__link"[39m
                [33mdata-area[39m=[32m"benefits"[39m
                [33mdata-discover[39m=[32m"true"[39m
                [33mhref[39m=[32m"/benefits-finance"[39m
              [36m>[39m
                [36m<span>[39m
                  [0mالمنافع والمالية[0m
                [36m</span>[39m
                [36m<span[39m
                  [33mclass[39m=[32m"app-nav__tag"[39m
                [36m>[39m
                  [0mمخطط[0m
                [36m</span>[39m
              [36m</a>[39m
            [36m</li>[39m
            [36m<li>[39m
              [36m<a[39m
                [33mclass[39m=[32m"app-nav__link"[39m
                [33mdata-area[39m=[32m"change"[39m
                [33mdata-discover[39m=[32m"true"[39m
                [33mhref[39m=[32m"/change-adoption"[39m
              [36m>[39m
                [36m<span>[39m
                  [0mالتغيير والتبنّي[0m
                [36m</span>[39m
                [36m<span[39m
                  [33mclass[39m=[32m"app-nav__tag"[39m
                [36m>[39m
                  [0mمخطط[0m
                [36m</span>[39m
              [36m</a>[39m
            [36m</li>[39m
            [36m<li>[39m
              [36m<a[39m
                [33mclass[39m=[32m"app-nav__link"[39m
                [33mdata-area[39m=[32m"evidence"[39m
                [33mdata-discover[39m=[32m"true"[39m
                [33mhref[39m=[32m"/evidence-reports"[39m
              [36m>[39m
                [36m<span>[39m
                  [0mالأدلة والتقارير[0m
                [36m</span>[39m
              [36m</a>[39m
            [36m</li>[39m
            [36m<li>[39m
              [36m<a[39m
                [33mclass[39m=[32m"app-nav__link"[39m
                [33mdata-area[39m=[32m"bau"[39m
                [33mdata-discover[39m=[32m"true"[39m
                [33mhref[39m=[32m"/bau-improvement"[39m
              [36m>[39m
                [36m<span>[39m
                  [0mالعمليات الاعتيادية والتحسين[0m
                [36m</span>[39m
                [36m<span[39m
                  [33mclass[39m=[32m"app-nav__tag"[39m
                [36m>[39m
                  [0mمخطط[0m
                [36m</span>[39m
              [36m</a>[39m
            [36m</li>[39m
            [36m<li>[39m
              [36m<a[39m
                [33mclass[39m=[32m"app-nav__link"[39m
                [33mdata-area[39m=[32m"admin"[39m
                [33mdata-discover[39m=[32m"true"[39m
                [33mhref[39m=[32m"/admin"[39m
              [36m>[39m
                [36m<span>[39m
                  [0mالإدارة[0m
                [36m</span>[39m
              [36m</a>[39m
            [36m</li>[39m
          [36m</ul>[39m
          [36m<p[39m
            [33mclass[39m=[32m"app-nav__footer"[39m
          [36m>[39m
            [36m<a[39m
              [33mclass[39m=[32m"app-nav__link app-nav__link--small"[39m
              [33mdata-discover[39m=[32m"true"[39m
              [33mhref[39m=[32m"/about"[39m
            [36m>[39m
              [0mحول هذا المنتج[0m
            [36m</a>[39m
          [36m</p>[39m
        [36m</nav>[39m
        [36m<main[39m
          [33mclass[39m=[32m"app-main"[39m
          [33mid[39m=[32m"main"[39m
          [33mtabindex[39m=[32m"-1"[39m
        [36m>[39m
          [36m<div[39m
            [33mclass[39m=[32m"page"[39m
          [36m>[39m
            [36m<div[39m
              [33mclass[39m=[32m"page-header"[39m
            [36m>[39m
              [36m<div[39m
                [33mclass[39m=[32m"page-header__row"[39m
              [36m>[39m
                [36m<div>[39m
                  [36m<h1[39m
                    [33mclass[39m=[32m"page-header__title"[39m
                  [36m>[39m
                    [0mمرحبًا، Synthetic Test User[0m
                  [36m</h1>[39m
                  [36m<p[39m
                    [33mclass[39m=[32m"page-header__subtitle"[39m
                  [36m>[39m
                    [0mإجراءاتك ومسوداتك ومراجعاتك ومواعيدك النهائية في مكان واحد.[0m
                  [36m</p>[39m
                [36m</div>[39m
              [36m</div>[39m
            [36m</div>[39m
            [36m<div[39m
              [33mclass[39m=[32m"grid grid--2"[39m
            [36m>[39m
              [36m<section[39m
                [33maria-labelledby[39m=[32m"mw-next"[39m
                [33mclass[39m=[32m"card"[39m
              [36m>[39m
                [36m<h2[39m
                  [33mclass[39m=[32m"card__title"[39m
                  [33mid[39m=[32m"mw-next"[39m
                [36m>[39m
                  [0mابدأ من هنا[0m
                [36m</h2>[39m
                [36m<p[39m
                  [33mclass[39m=[32m"muted"[39m
                [36m>[39m
                  [0mليس لديك وصول إلى سجلات الأعمال بعد. يُسند مسؤول الصلاحيات الأدوار ضمن نطاق محدد، ولا تمنح المسميات الوظيفية أي صلاحية.[0m
                [36m</p>[39m
              [36m</section>[39m
              [36m<section[39m
                [33maria-labelledby[39m=[32m"mw-planned"[39m
                [33mclass[39m=[32m"card"[39m
              [36m>[39m
                [36m<h2[39m
                  [33mclass[39m=[32m"card__title"[39m
                  [33mid[39m=[32m"mw-planned"[39m
                [36m>[39m
                  [36m<span[39m
                    [33mclass[39m=[32m"lifecycle-chip lifecycle-chip--draft"[39m
                  [36m>[39m
                    [36m<svg[39m
                      [33maria-hidden[39m=[32m"true"[39m
                      [33mclass[39m=[32m"icon"[39m
                      [33mfill[39m=[32m"none"[39m
                      [33mfocusable[39m=[32m"false"[39m
                      [33mheight[39m=[32m"16"[39m
                      [33mstroke[39m=[32m"currentColor"[39m
                      [33mstroke-linecap[39m=[32m"round"[39m
                      [33mstroke-linejoin[39m=[32m"round"[39m
                      [33mstroke-width[39m=[32m"1.8"[39m
                      [33mviewBox[39m=[32m"0 0 20 20"[39m
                      [33mwidth[39m=[32m"16"[39m
                    [36m>[39m
                      [36m<path[39m
                        [33md[39m=[32m"M10 3a7 7 0 1 0 0 14 7 7 0 0 0 0-14zm0 3v4l3 2"[39m
                      [36m/>[39m
                    [36m</svg>[39m
                    [0m [0m
                    [0mمخطط[0m
                  [36m</span>[39m
                [36m</h2>[39m
                [36m<p>[39m
                  [0mالإجراءات المسندة، والمسودات، والمراجعات، والاعتمادات، والتحديثات الناقصة، والمواعيد النهائية القادمة.[0m
                [36m</p>[39m
              [36m</section>[39m
            [36m</div>[39m
          [36m</div>[39m
        [36m</main>[39m
      [36m</div>[39m
    [36m</div>[39m
  [36m</div>[39m
[36m</body>[39m
   × a refused language save, 'en' → other ('403 forbidden') > keeps ar on screen and says, in ar, that it was not saved 5066ms
     → Unable to find an element by: [data-testid="language-not-saved"]

Ignored nodes: comments, script, style
[36m<body>[39m
  [36m<div>[39m
    [36m<div[39m
      [33mclass[39m=[32m"app"[39m
    [36m>[39m
      [36m<a[39m
        [33mclass[39m=[32m"skip-link"[39m
        [33mhref[39m=[32m"#main"[39m
      [36m>[39m
        [0mSkip to main content[0m
      [36m</a>[39m
      [36m<header[39m
        [33mclass[39m=[32m"app-header"[39m
      [36m>[39m
        [36m<button[39m
          [33maria-controls[39m=[32m"_r_2_"[39m
          [33maria-expanded[39m=[32m"false"[39m
          [33mclass[39m=[32m"button button--ghost-inverse nav-toggle"[39m
          [33mtype[39m=[32m"button"[39m
        [36m>[39m
          [36m<svg[39m
            [33maria-hidden[39m=[32m"true"[39m
            [33mclass[39m=[32m"icon"[39m
            [33mfill[39m=[32m"none"[39m
            [33mfocusable[39m=[32m"false"[39m
            [33mheight[39m=[32m"16"[39m
            [33mstroke[39m=[32m"currentColor"[39m
            [33mstroke-linecap[39m=[32m"round"[39m
            [33mstroke-linejoin[39m=[32m"round"[39m
            [33mstroke-width[39m=[32m"1.8"[39m
            [33mviewBox[39m=[32m"0 0 20 20"[39m
            [33mwidth[39m=[32m"16"[39m
          [36m>[39m
            [36m<path[39m
              [33md[39m=[32m"M3 5h14M3 10h14M3 15h14"[39m
            [36m/>[39m
          [36m</svg>[39m
          [36m<span[39m
            [33mclass[39m=[32m"visually-hidden"[39m
          [36m>[39m
            [0mShow or hide navigation[0m
          [36m</span>[39m
        [36m</button>[39m
        [36m<a[39m
          [33mclass[39m=[32m"wordmark"[39m
          [33mdata-discover[39m=[32m"true"[39m
          [33mdata-testid[39m=[32m"wordmark"[39m
          [33mhref[39m=[32m"/"[39m
        [36m>[39m
          [36m<span[39m
            [33mclass[39m=[32m"wordmark__name"[39m
          [36m>[39m
            [0mMobily Transformation Hub[0m
          [36m</span>[39m
          [36m<span[39m
            [33mclass[39m=[32m"badge badge--provisional"[39m
            [33mdata-testid[39m=[32m"provisional-badge"[39m
            [33mtitle[39m=[32m"Provisional wordmark: no official logo has been supplied. Colours are provisional design tokens, not verified Mobily brand values."[39m
          [36m>[39m
            [0mProvisional[0m
          [36m</span>[39m
          [36m<span[39m
            [33mclass[39m=[32m"visually-hidden"[39m
          [36m>[39m
            [0mProvisional wordmark: no official logo has been supplied. Colours are provisional design tokens, not verified Mobily brand values.[0m
          [36m</span>[39m
        [36m</a>[39m
        [36m<div[39m
          [33mclass[39m=[32m"app-header__spacer"[39m
        [36m/>[39m
        [36m<span[39m
          [33mclass[39m=[32m"language-switch"[39m
        [36m>[39m
          [36m<button[39m
            [33maria-label[39m=[32m"Switch language to العربية"[39m
            [33mclass[39m=[32m"button button--ghost-inverse button--small"[39m
            [33mlang[39m=[32m"ar"[39m
            [33mtype[39m=[32m"button"[39m
          [36m>[39m
            [0mالعربية[0m
          [36m</button>[39m
          [36m<span[39m
            [33mclass[39m=[32m"language-switch__notice"[39m
            [33mrole[39m=[32m"status"[39m
          [36m>[39m
            [0mLanguage changed in this browser, but it could not be saved to your profile.[0m
          [36m</span>[39m
        [36m</span>[39m
        [36m<div[39m
          [33mclass[39m=[32m"user-box"[39m
        [36m>[39m
          [36m<span[39m
            [33mclass[39m=[32m"user-box__name"[39m
          [36m>[39m
            [0mSynthetic Test User[0m
          [36m</span>[39m
          [36m<span[39m
            [33mclass[39m=[32m"user-box__org"[39m
          [36m>[39m
            [0mSynthetic Organization[0m
          [36m</span>[39m
        [36m</div>[39m
        [36m<button[39m
          [33mclass[39m=[32m"button button--ghost-inverse button--small"[39m
          [33mtype[39m=[32m"button"[39m
        [36m>[39m
          [36m<svg[39m
            [33maria-hidden[39m=[32m"true"[39m
            [33mclass[39m=[32m"icon"[39m
            [33mfill[39m=[32m"none"[39m
            [33mfocusable[39m=[32m"false"[39m
            [33mheight[39m=[32m"16"[39m
            [33mstroke[39m=[32m"currentColor"[39m
            [33mstroke-linecap[39m=[32m"round"[39m
            [33mstroke-linejoin[39m=[32m"round"[39m
            [33mstroke-width[39m=[32m"1.8"[39m
            [33mviewBox[39m=[32m"0 0 20 20"[39m
            [33mwidth[39m=[32m"16"[39m
          [36m>[39m
            [36m<path[39m
              [33md[39m=[32m"M8 4H4v12h4M12 6l4 4-4 4M16 10H8"[39m
            [36m/>[39m
          [36m</svg>[39m
          [0m [0m
          [0mSign out[0m
        [36m</button>[39m
      [36m</header>[39m
      [36m<div[39m
        [33mclass[39m=[32m"app-body"[39m
      [36m>[39m
        [36m<nav[39m
          [33maria-label[39m=[32m"Primary navigation"[39m
          [33mclass[39m=[32m"app-nav"[39m
          [33mid[39m=[32m"_r_2_"[39m
        [36m>[39m
          [36m<ul[39m
            [33mclass[39m=[32m"app-nav__list"[39m
          [36m>[39m
            [36m<li>[39m
              [36m<a[39m
                [33maria-current[39m=[32m"page"[39m
                [33mclass[39m=[32m"app-nav__link active"[39m
                [33mdata-area[39m=[32m"myWork"[39m
                [33mdata-discover[39m=[32m"true"[39m
                [33mhref[39m=[32m"/my-work"[39m
              [36m>[39m
                [36m<span>[39m
                  [0mMy Work[0m
                [36m</span>[39m
              [36m</a>[39m
            [36m</li>[39m
            [36m<li>[39m
              [36m<a[39m
                [33mclass[39m=[32m"app-nav__link"[39m
                [33mdata-area[39m=[32m"executive"[39m
                [33mdata-discover[39m=[32m"true"[39m
                [33mhref[39m=[32m"/executive-overview"[39m
              [36m>[39m
                [36m<span>[39m
                  [0mExecutive Overview[0m
                [36m</span>[39m
                [36m<span[39m
                  [33mclass[39m=[32m"app-nav__tag"[39m
                [36m>[39m
                  [0mPlanned[0m
                [36m</span>[39m
              [36m</a>[39m
            [36m</li>[39m
            [36m<li>[39m
              [36m<a[39m
                [33mclass[39m=[32m"app-nav__link"[39m
                [33mdata-area[39m=[32m"transformations"[39m
                [33mdata-discover[39m=[32m"true"[39m
                [33mhref[39m=[32m"/transformations"[39m
              [36m>[39m
                [36m<span>[39m
                  [0mTransformations[0m
                [36m</span>[39m
              [36m</a>[39m
            [36m</li>[39m
            [36m<li>[39m
              [36m<a[39m
                [33mclass[39m=[32m"app-nav__link"[39m
                [33mdata-area[39m=[32m"playbook"[39m
                [33mdata-discover[39m=[32m"true"[39m
                [33mhref[39m=[32m"/playbook"[39m
              [36m>[39m
                [36m<span>[39m
                  [0mPlaybook and Procedures[0m
                [36m</span>[39m
                [36m<span[39m
                  [33mclass[39m=[32m"app-nav__tag"[39m
                [36m>[39m
                  [0mPlanned[0m
                [36m</span>[39m
              [36m</a>[39m
            [36m</li>[39m
            [36m<li>[39m
              [36m<a[39m
                [33mclass[39m=[32m"app-nav__link"[39m
                [33mdata-area[39m=[32m"strategy"[39m
                [33mdata-discover[39m=[32m"true"[39m
                [33mhref[39m=[32m"/strategy-kpis"[39m
              [36m>[39m
                [36m<span>[39m
                  [0mStrategy and KPIs[0m
                [36m</span>[39m
              [36m</a>[39m
            [36m</li>[39m
            [36m<li>[39m
              [36m<a[39m
                [33mclass[39m=[32m"app-nav__link"[39m
                [33mdata-area[39m=[32m"tom"[39m
                [33mdata-discover[39m=[32m"true"[39m
                [33mhref[39m=[32m"/target-operating-model"[39m
              [36m>[39m
                [36m<span>[39m
                  [0mTarget Operating Model[0m
                [36m</span>[39m
              [36m</a>[39m
            [36m</li>[39m
            [36m<li>[39m
              [36m<a[39m
                [33mclass[39m=[32m"app-nav__link"[39m
                [33mdata-area[39m=[32m"initiatives"[39m
                [33mdata-discover[39m=[32m"true"[39m
                [33mhref[39m=[32m"/initiatives-roadmaps"[39m
              [36m>[39m
                [36m<span>[39m
                  [0mInitiatives and Roadmaps[0m
                [36m</span>[39m
                [36m<span[39m
                  [33mclass[39m=[32m"app-nav__tag"[39m
                [36m>[39m
                  [0mPlanned[0m
                [36m</span>[39m
              [36m</a>[39m
            [36m</li>[39m
            [36m<li>[39m
              [36m<a[39m
                [33mclass[39m=[32m"app-nav__link"[39m
                [33mdata-area[39m=[32m"governance"[39m
                [33mdata-discover[39m=[32m"true"[39m
                [33mhref[39m=[32m"/governance"[39m
              [36m>[39m
                [36m<span>[39m
                  [0mGovernance[0m
                [36m</span>[39m
              [36m</a>[39m
            [36m</li>[39m
            [36m<li>[39m
              [36m<a[39m
                [33mclass[39m=[32m"app-nav__link"[39m
                [33mdata-area[39m=[32m"risks"[39m
                [33mdata-discover[39m=[32m"true"[39m
                [33mhref[39m=[32m"/risks-actions"[39m
              [36m>[39m
                [36m<span>[39m
                  [0mRisks and Actions[0m
                [36m</span>[39m
                [36m<span[39m
                  [33mclass[39m=[32m"app-nav__tag"[39m
                [36m>[39m
                  [0mPlanned[0m
                [36m</span>[39m
              [36m</a>[39m
            [36m</li>[39m
            [36m<li>[39m
              [36m<a[39m
                [33mclass[39m=[32m"app-nav__link"[39m
                [33mdata-area[39m=[32m"benefits"[39m
                [33mdata-discover[39m=[32m"true"[39m
                [33mhref[39m=[32m"/benefits-finance"[39m
              [36m>[39m
                [36m<span>[39m
                  [0mBenefits and Finance[0m
                [36m</span>[39m
                [36m<span[39m
                  [33mclass[39m=[32m"app-nav__tag"[39m
                [36m>[39m
                  [0mPlanned[0m
                [36m</span>[39m
              [36m</a>[39m
            [36m</li>[39m
            [36m<li>[39m
              [36m<a[39m
                [33mclass[39m=[32m"app-nav__link"[39m
                [33mdata-area[39m=[32m"change"[39m
                [33mdata-discover[39m=[32m"true"[39m
                [33mhref[39m=[32m"/change-adoption"[39m
              [36m>[39m
                [36m<span>[39m
                  [0mChange and Adoption[0m
                [36m</span>[39m
                [36m<span[39m
                  [33mclass[39m=[32m"app-nav__tag"[39m
                [36m>[39m
                  [0mPlanned[0m
                [36m</span>[39m
              [36m</a>[39m
            [36m</li>[39m
            [36m<li>[39m
              [36m<a[39m
                [33mclass[39m=[32m"app-nav__link"[39m
                [33mdata-area[39m=[32m"evidence"[39m
                [33mdata-discover[39m=[32m"true"[39m
                [33mhref[39m=[32m"/evidence-reports"[39m
              [36m>[39m
                [36m<span>[39m
                  [0mEvidence and Reports[0m
                [36m</span>[39m
              [36m</a>[39m
            [36m</li>[39m
            [36m<li>[39m
              [36m<a[39m
                [33mclass[39m=[32m"app-nav__link"[39m
                [33mdata-area[39m=[32m"bau"[39m
                [33mdata-discover[39m=[32m"true"[39m
                [33mhref[39m=[32m"/bau-improvement"[39m
              [36m>[39m
                [36m<span>[39m
                  [0mBAU and Improvement[0m
                [36m</span>[39m
                [36m<span[39m
                  [33mclass[39m=[32m"app-nav__tag"[39m
                [36m>[39m
                  [0mPlanned[0m
                [36m</span>[39m
              [36m</a>[39m
            [36m</li>[39m
            [36m<li>[39m
              [36m<a[39m
                [33mclass[39m=[32m"app-nav__link"[39m
                [33mdata-area[39m=[32m"admin"[39m
                [33mdata-discover[39m=[32m"true"[39m
                [33mhref[39m=[32m"/admin"[39m
              [36m>[39m
                [36m<span>[39m
                  [0mAdministration[0m
                [36m</span>[39m
              [36m</a>[39m
            [36m</li>[39m
          [36m</ul>[39m
          [36m<p[39m
            [33mclass[39m=[32m"app-nav__footer"[39m
          [36m>[39m
            [36m<a[39m
              [33mclass[39m=[32m"app-nav__link app-nav__link--small"[39m
              [33mdata-discover[39m=[32m"true"[39m
              [33mhref[39m=[32m"/about"[39m
            [36m>[39m
              [0mAbout this product[0m
            [36m</a>[39m
          [36m</p>[39m
        [36m</nav>[39m
        [36m<main[39m
          [33mclass[39m=[32m"app-main"[39m
          [33mid[39m=[32m"main"[39m
          [33mtabindex[39m=[32m"-1"[39m
        [36m>[39m
          [36m<div[39m
            [33mclass[39m=[32m"page"[39m
          [36m>[39m
            [36m<div[39m
              [33mclass[39m=[32m"page-header"[39m
            [36m>[39m
              [36m<div[39m
                [33mclass[39m=[32m"page-header__row"[39m
              [36m>[39m
                [36m<div>[39m
                  [36m<h1[39m
                    [33mclass[39m=[32m"page-header__title"[39m
                  [36m>[39m
                    [0mWelcome, Synthetic Test User[0m
                  [36m</h1>[39m
                  [36m<p[39m
                    [33mclass[39m=[32m"page-header__subtitle"[39m
                  [36m>[39m
                    [0mYour actions, drafts, reviews and deadlines in one place.[0m
                  [36m</p>[39m
                [36m</div>[39m
              [36m</div>[39m
            [36m</div>[39m
            [36m<div[39m
              [33mclass[39m=[32m"grid grid--2"[39m
            [36m>[39m
              [36m<section[39m
                [33maria-labelledby[39m=[32m"mw-next"[39m
                [33mclass[39m=[32m"card"[39m
              [36m>[39m
                [36m<h2[39m
                  [33mclass[39m=[32m"card__title"[39m
                  [33mid[39m=[32m"mw-next"[39m
                [36m>[39m
                  [0mStart here[0m
                [36m</h2>[39m
                [36m<p[39m
                  [33mclass[39m=[32m"muted"[39m
                [36m>[39m
                  [0mYou have no business-record access yet. An access administrator assigns roles at a scope; job titles never grant access.[0m
                [36m</p>[39m
              [36m</section>[39m
              [36m<section[39m
                [33maria-labelledby[39m=[32m"mw-planned"[39m
                [33mclass[39m=[32m"card"[39m
              [36m>[39m
                [36m<h2[39m
                  [33mclass[39m=[32m"card__title"[39m
                  [33mid[39m=[32m"mw-planned"[39m
                [36m>[39m
                  [36m<span[39m
                    [33mclass[39m=[32m"lifecycle-chip lifecycle-chip--draft"[39m
                  [36m>[39m
                    [36m<svg[39m
                      [33maria-hidden[39m=[32m"true"[39m
                      [33mclass[39m=[32m"icon"[39m
                      [33mfill[39m=[32m"none"[39m
                      [33mfocusable[39m=[32m"false"[39m
                      [33mheight[39m=[32m"16"[39m
                      [33mstroke[39m=[32m"currentColor"[39m
                      [33mstroke-linecap[39m=[32m"round"[39m
                      [33mstroke-linejoin[39m=[32m"round"[39m
                      [33mstroke-width[39m=[32m"1.8"[39m
                      [33mviewBox[39m=[32m"0 0 20 20"[39m
                      [33mwidth[39m=[32m"16"[39m
                    [36m>[39m
                      [36m<path[39m
                        [33md[39m=[32m"M10 3a7 7 0 1 0 0 14 7 7 0 0 0 0-14zm0 3v4l3 2"[39m
                      [36m/>[39m
                    [36m</svg>[39m
                    [0m [0m
                    [0mPlanned[0m
                  [36m</span>[39m
                [36m</h2>[39m
                [36m<p>[39m
                  [0mAssigned actions, drafts, reviews, approvals, missing updates and upcoming deadlines.[0m
                [36m</p>[39m
              [36m</section>[39m
            [36m</div>[39m
          [36m</div>[39m
        [36m</main>[39m
      [36m</div>[39m
    [36m</div>[39m
  [36m</div>[39m
[36m</body>[39m

Ignored nodes: comments, script, style
[36m<body>[39m
  [36m<div>[39m
    [36m<div[39m
      [33mclass[39m=[32m"app"[39m
    [36m>[39m
      [36m<a[39m
        [33mclass[39m=[32m"skip-link"[39m
        [33mhref[39m=[32m"#main"[39m
      [36m>[39m
        [0mSkip to main content[0m
      [36m</a>[39m
      [36m<header[39m
        [33mclass[39m=[32m"app-header"[39m
      [36m>[39m
        [36m<button[39m
          [33maria-controls[39m=[32m"_r_2_"[39m
          [33maria-expanded[39m=[32m"false"[39m
          [33mclass[39m=[32m"button button--ghost-inverse nav-toggle"[39m
          [33mtype[39m=[32m"button"[39m
        [36m>[39m
          [36m<svg[39m
            [33maria-hidden[39m=[32m"true"[39m
            [33mclass[39m=[32m"icon"[39m
            [33mfill[39m=[32m"none"[39m
            [33mfocusable[39m=[32m"false"[39m
            [33mheight[39m=[32m"16"[39m
            [33mstroke[39m=[32m"currentColor"[39m
            [33mstroke-linecap[39m=[32m"round"[39m
            [33mstroke-linejoin[39m=[32m"round"[39m
            [33mstroke-width[39m=[32m"1.8"[39m
            [33mviewBox[39m=[32m"0 0 20 20"[39m
            [33mwidth[39m=[32m"16"[39m
          [36m>[39m
            [36m<path[39m
              [33md[39m=[32m"M3 5h14M3 10h14M3 15h14"[39m
            [36m/>[39m
          [36m</svg>[39m
          [36m<span[39m
            [33mclass[39m=[32m"visually-hidden"[39m
          [36m>[39m
            [0mShow or hide navigation[0m
          [36m</span>[39m
        [36m</button>[39m
        [36m<a[39m
          [33mclass[39m=[32m"wordmark"[39m
          [33mdata-discover[39m=[32m"true"[39m
          [33mdata-testid[39m=[32m"wordmark"[39m
          [33mhref[39m=[32m"/"[39m
        [36m>[39m
          [36m<span[39m
            [33mclass[39m=[32m"wordmark__name"[39m
          [36m>[39m
            [0mMobily Transformation Hub[0m
          [36m</span>[39m
          [36m<span[39m
            [33mclass[39m=[32m"badge badge--provisional"[39m
            [33mdata-testid[39m=[32m"provisional-badge"[39m
            [33mtitle[39m=[32m"Provisional wordmark: no official logo has been supplied. Colours are provisional design tokens, not verified Mobily brand values."[39m
          [36m>[39m
            [0mProvisional[0m
          [36m</span>[39m
          [36m<span[39m
            [33mclass[39m=[32m"visually-hidden"[39m
          [36m>[39m
            [0mProvisional wordmark: no official logo has been supplied. Colours are provisional design tokens, not verified Mobily brand values.[0m
          [36m</span>[39m
        [36m</a>[39m
        [36m<div[39m
          [33mclass[39m=[32m"app-header__spacer"[39m
        [36m/>[39m
        [36m<span[39m
          [33mclass[39m=[32m"language-switch"[39m
        [36m>[39m
          [36m<button[39m
            [33maria-label[39m=[32m"Switch language to العربية"[39m
            [33mclass[39m=[32m"button button--ghost-inverse button--small"[39m
            [33mlang[39m=[32m"ar"[39m
            [33mtype[39m=[32m"button"[39m
          [36m>[39m
            [0mالعربية[0m
          [36m</button>[39m
          [36m<span[39m
            [33mclass[39m=[32m"language-switch__notice"[39m
            [33mrole[39m=[32m"status"[39m
          [36m>[39m
            [0mLanguage changed in this browser, but it could not be saved to your profile.[0m
          [36m</span>[39m
        [36m</span>[39m
        [36m<div[39m
          [33mclass[39m=[32m"user-box"[39m
        [36m>[39m
          [36m<span[39m
            [33mclass[39m=[32m"user-box__name"[39m
          [36m>[39m
            [0mSynthetic Test User[0m
          [36m</span>[39m
          [36m<span[39m
            [33mclass[39m=[32m"user-box__org"[39m
          [36m>[39m
            [0mSynthetic Organization[0m
          [36m</span>[39m
        [36m</div>[39m
        [36m<button[39m
          [33mclass[39m=[32m"button button--ghost-inverse button--small"[39m
          [33mtype[39m=[32m"button"[39m
        [36m>[39m
          [36m<svg[39m
            [33maria-hidden[39m=[32m"true"[39m
            [33mclass[39m=[32m"icon"[39m
            [33mfill[39m=[32m"none"[39m
            [33mfocusable[39m=[32m"false"[39m
            [33mheight[39m=[32m"16"[39m
            [33mstroke[39m=[32m"currentColor"[39m
            [33mstroke-linecap[39m=[32m"round"[39m
            [33mstroke-linejoin[39m=[32m"round"[39m
            [33mstroke-width[39m=[32m"1.8"[39m
            [33mviewBox[39m=[32m"0 0 20 20"[39m
            [33mwidth[39m=[32m"16"[39m
          [36m>[39m
            [36m<path[39m
              [33md[39m=[32m"M8 4H4v12h4M12 6l4 4-4 4M16 10H8"[39m
            [36m/>[39m
          [36m</svg>[39m
          [0m [0m
          [0mSign out[0m
        [36m</button>[39m
      [36m</header>[39m
      [36m<div[39m
        [33mclass[39m=[32m"app-body"[39m
      [36m>[39m
        [36m<nav[39m
          [33maria-label[39m=[32m"Primary navigation"[39m
          [33mclass[39m=[32m"app-nav"[39m
          [33mid[39m=[32m"_r_2_"[39m
        [36m>[39m
          [36m<ul[39m
            [33mclass[39m=[32m"app-nav__list"[39m
          [36m>[39m
            [36m<li>[39m
              [36m<a[39m
                [33maria-current[39m=[32m"page"[39m
                [33mclass[39m=[32m"app-nav__link active"[39m
                [33mdata-area[39m=[32m"myWork"[39m
                [33mdata-discover[39m=[32m"true"[39m
                [33mhref[39m=[32m"/my-work"[39m
              [36m>[39m
                [36m<span>[39m
                  [0mMy Work[0m
                [36m</span>[39m
              [36m</a>[39m
            [36m</li>[39m
            [36m<li>[39m
              [36m<a[39m
                [33mclass[39m=[32m"app-nav__link"[39m
                [33mdata-area[39m=[32m"executive"[39m
                [33mdata-discover[39m=[32m"true"[39m
                [33mhref[39m=[32m"/executive-overview"[39m
              [36m>[39m
                [36m<span>[39m
                  [0mExecutive Overview[0m
                [36m</span>[39m
                [36m<span[39m
                  [33mclass[39m=[32m"app-nav__tag"[39m
                [36m>[39m
                  [0mPlanned[0m
                [36m</span>[39m
              [36m</a>[39m
            [36m</li>[39m
            [36m<li>[39m
              [36m<a[39m
                [33mclass[39m=[32m"app-nav__link"[39m
                [33mdata-area[39m=[32m"transformations"[39m
                [33mdata-discover[39m=[32m"true"[39m
                [33mhref[39m=[32m"/transformations"[39m
              [36m>[39m
                [36m<span>[39m
                  [0mTransformations[0m
                [36m</span>[39m
              [36m</a>[39m
            [36m</li>[39m
            [36m<li>[39m
              [36m<a[39m
                [33mclass[39m=[32m"app-nav__link"[39m
                [33mdata-area[39m=[32m"playbook"[39m
                [33mdata-discover[39m=[32m"true"[39m
                [33mhref[39m=[32m"/playbook"[39m
              [36m>[39m
                [36m<span>[39m
                  [0mPlaybook and Procedures[0m
                [36m</span>[39m
                [36m<span[39m
                  [33mclass[39m=[32m"app-nav__tag"[39m
                [36m>[39m
                  [0mPlanned[0m
                [36m</span>[39m
              [36m</a>[39m
            [36m</li>[39m
            [36m<li>[39m
              [36m<a[39m
                [33mclass[39m=[32m"app-nav__link"[39m
                [33mdata-area[39m=[32m"strategy"[39m
                [33mdata-discover[39m=[32m"true"[39m
                [33mhref[39m=[32m"/strategy-kpis"[39m
              [36m>[39m
                [36m<span>[39m
                  [0mStrategy and KPIs[0m
                [36m</span>[39m
              [36m</a>[39m
            [36m</li>[39m
            [36m<li>[39m
              [36m<a[39m
                [33mclass[39m=[32m"app-nav__link"[39m
                [33mdata-area[39m=[32m"tom"[39m
                [33mdata-discover[39m=[32m"true"[39m
                [33mhref[39m=[32m"/target-operating-model"[39m
              [36m>[39m
                [36m<span>[39m
                  [0mTarget Operating Model[0m
                [36m</span>[39m
              [36m</a>[39m
            [36m</li>[39m
            [36m<li>[39m
              [36m<a[39m
                [33mclass[39m=[32m"app-nav__link"[39m
                [33mdata-area[39m=[32m"initiatives"[39m
                [33mdata-discover[39m=[32m"true"[39m
                [33mhref[39m=[32m"/initiatives-roadmaps"[39m
              [36m>[39m
                [36m<span>[39m
                  [0mInitiatives and Roadmaps[0m
                [36m</span>[39m
                [36m<span[39m
                  [33mclass[39m=[32m"app-nav__tag"[39m
                [36m>[39m
                  [0mPlanned[0m
                [36m</span>[39m
              [36m</a>[39m
            [36m</li>[39m
            [36m<li>[39m
              [36m<a[39m
                [33mclass[39m=[32m"app-nav__link"[39m
                [33mdata-area[39m=[32m"governance"[39m
                [33mdata-discover[39m=[32m"true"[39m
                [33mhref[39m=[32m"/governance"[39m
              [36m>[39m
                [36m<span>[39m
                  [0mGovernance[0m
                [36m</span>[39m
              [36m</a>[39m
            [36m</li>[39m
            [36m<li>[39m
              [36m<a[39m
                [33mclass[39m=[32m"app-nav__link"[39m
                [33mdata-area[39m=[32m"risks"[39m
                [33mdata-discover[39m=[32m"true"[39m
                [33mhref[39m=[32m"/risks-actions"[39m
              [36m>[39m
                [36m<span>[39m
                  [0mRisks and Actions[0m
                [36m</span>[39m
                [36m<span[39m
                  [33mclass[39m=[32m"app-nav__tag"[39m
                [36m>[39m
                  [0mPlanned[0m
                [36m</span>[39m
              [36m</a>[39m
            [36m</li>[39m
            [36m<li>[39m
              [36m<a[39m
                [33mclass[39m=[32m"app-nav__link"[39m
                [33mdata-area[39m=[32m"benefits"[39m
                [33mdata-discover[39m=[32m"true"[39m
                [33mhref[39m=[32m"/benefits-finance"[39m
              [36m>[39m
                [36m<span>[39m
                  [0mBenefits and Finance[0m
                [36m</span>[39m
                [36m<span[39m
                  [33mclass[39m=[32m"app-nav__tag"[39m
                [36m>[39m
                  [0mPlanned[0m
                [36m</span>[39m
              [36m</a>[39m
            [36m</li>[39m
            [36m<li>[39m
              [36m<a[39m
                [33mclass[39m=[32m"app-nav__link"[39m
                [33mdata-area[39m=[32m"change"[39m
                [33mdata-discover[39m=[32m"true"[39m
                [33mhref[39m=[32m"/change-adoption"[39m
              [36m>[39m
                [36m<span>[39m
                  [0mChange and Adoption[0m
                [36m</span>[39m
                [36m<span[39m
                  [33mclass[39m=[32m"app-nav__tag"[39m
                [36m>[39m
                  [0mPlanned[0m
                [36m</span>[39m
              [36m</a>[39m
            [36m</li>[39m
            [36m<li>[39m
              [36m<a[39m
                [33mclass[39m=[32m"app-nav__link"[39m
                [33mdata-area[39m=[32m"evidence"[39m
                [33mdata-discover[39m=[32m"true"[39m
                [33mhref[39m=[32m"/evidence-reports"[39m
              [36m>[39m
                [36m<span>[39m
                  [0mEvidence and Reports[0m
                [36m</span>[39m
              [36m</a>[39m
            [36m</li>[39m
            [36m<li>[39m
              [36m<a[39m
                [33mclass[39m=[32m"app-nav__link"[39m
                [33mdata-area[39m=[32m"bau"[39m
                [33mdata-discover[39m=[32m"true"[39m
                [33mhref[39m=[32m"/bau-improvement"[39m
              [36m>[39m
                [36m<span>[39m
                  [0mBAU and Improvement[0m
                [36m</span>[39m
                [36m<span[39m
                  [33mclass[39m=[32m"app-nav__tag"[39m
                [36m>[39m
                  [0mPlanned[0m
                [36m</span>[39m
              [36m</a>[39m
            [36m</li>[39m
            [36m<li>[39m
              [36m<a[39m
                [33mclass[39m=[32m"app-nav__link"[39m
                [33mdata-area[39m=[32m"admin"[39m
                [33mdata-discover[39m=[32m"true"[39m
                [33mhref[39m=[32m"/admin"[39m
              [36m>[39m
                [36m<span>[39m
                  [0mAdministration[0m
                [36m</span>[39m
              [36m</a>[39m
            [36m</li>[39m
          [36m</ul>[39m
          [36m<p[39m
            [33mclass[39m=[32m"app-nav__footer"[39m
          [36m>[39m
            [36m<a[39m
              [33mclass[39m=[32m"app-nav__link app-nav__link--small"[39m
              [33mdata-discover[39m=[32m"true"[39m
              [33mhref[39m=[32m"/about"[39m
            [36m>[39m
              [0mAbout this product[0m
            [36m</a>[39m
          [36m</p>[39m
        [36m</nav>[39m
        [36m<main[39m
          [33mclass[39m=[32m"app-main"[39m
          [33mid[39m=[32m"main"[39m
          [33mtabindex[39m=[32m"-1"[39m
        [36m>[39m
          [36m<div[39m
            [33mclass[39m=[32m"page"[39m
          [36m>[39m
            [36m<div[39m
              [33mclass[39m=[32m"page-header"[39m
            [36m>[39m
              [36m<div[39m
                [33mclass[39m=[32m"page-header__row"[39m
              [36m>[39m
                [36m<div>[39m
                  [36m<h1[39m
                    [33mclass[39m=[32m"page-header__title"[39m
                  [36m>[39m
                    [0mWelcome, Synthetic Test User[0m
                  [36m</h1>[39m
                  [36m<p[39m
                    [33mclass[39m=[32m"page-header__subtitle"[39m
                  [36m>[39m
                    [0mYour actions, drafts, reviews and deadlines in one place.[0m
                  [36m</p>[39m
                [36m</div>[39m
              [36m</div>[39m
            [36m</div>[39m
            [36m<div[39m
              [33mclass[39m=[32m"grid grid--2"[39m
            [36m>[39m
              [36m<section[39m
                [33maria-labelledby[39m=[32m"mw-next"[39m
                [33mclass[39m=[32m"card"[39m
              [36m>[39m
                [36m<h2[39m
                  [33mclass[39m=[32m"card__title"[39m
                  [33mid[39m=[32m"mw-next"[39m
                [36m>[39m
                  [0mStart here[0m
                [36m</h2>[39m
                [36m<p[39m
                  [33mclass[39m=[32m"muted"[39m
                [36m>[39m
                  [0mYou have no business-record access yet. An access administrator assigns roles at a scope; job titles never grant access.[0m
                [36m</p>[39m
              [36m</section>[39m
              [36m<section[39m
                [33maria-labelledby[39m=[32m"mw-planned"[39m
                [33mclass[39m=[32m"card"[39m
              [36m>[39m
                [36m<h2[39m
                  [33mclass[39m=[32m"card__title"[39m
                  [33mid[39m=[32m"mw-planned"[39m
                [36m>[39m
                  [36m<span[39m
                    [33mclass[39m=[32m"lifecycle-chip lifecycle-chip--draft"[39m
                  [36m>[39m
                    [36m<svg[39m
                      [33maria-hidden[39m=[32m"true"[39m
                      [33mclass[39m=[32m"icon"[39m
                      [33mfill[39m=[32m"none"[39m
                      [33mfocusable[39m=[32m"false"[39m
                      [33mheight[39m=[32m"16"[39m
                      [33mstroke[39m=[32m"currentColor"[39m
                      [33mstroke-linecap[39m=[32m"round"[39m
                      [33mstroke-linejoin[39m=[32m"round"[39m
                      [33mstroke-width[39m=[32m"1.8"[39m
                      [33mviewBox[39m=[32m"0 0 20 20"[39m
                      [33mwidth[39m=[32m"16"[39m
                    [36m>[39m
                      [36m<path[39m
                        [33md[39m=[32m"M10 3a7 7 0 1 0 0 14 7 7 0 0 0 0-14zm0 3v4l3 2"[39m
                      [36m/>[39m
                    [36m</svg>[39m
                    [0m [0m
                    [0mPlanned[0m
                  [36m</span>[39m
                [36m</h2>[39m
                [36m<p>[39m
                  [0mAssigned actions, drafts, reviews, approvals, missing updates and upcoming deadlines.[0m
                [36m</p>[39m
              [36m</section>[39m
            [36m</div>[39m
          [36m</div>[39m
        [36m</main>[39m
      [36m</div>[39m
    [36m</div>[39m
  [36m</div>[39m
[36m</body>[39m
   × a refused language save, 'ar' → other ('503') > keeps en on screen and says, in en, that it was not saved 5069ms
     → Unable to find an element by: [data-testid="language-not-saved"]

Ignored nodes: comments, script, style
[36m<body>[39m
  [36m<div>[39m
    [36m<div[39m
      [33mclass[39m=[32m"app"[39m
    [36m>[39m
      [36m<a[39m
        [33mclass[39m=[32m"skip-link"[39m
        [33mhref[39m=[32m"#main"[39m
      [36m>[39m
        [0mانتقل إلى المحتوى الرئيسي[0m
      [36m</a>[39m
      [36m<header[39m
        [33mclass[39m=[32m"app-header"[39m
      [36m>[39m
        [36m<button[39m
          [33maria-controls[39m=[32m"_r_3_"[39m
          [33maria-expanded[39m=[32m"false"[39m
          [33mclass[39m=[32m"button button--ghost-inverse nav-toggle"[39m
          [33mtype[39m=[32m"button"[39m
        [36m>[39m
          [36m<svg[39m
            [33maria-hidden[39m=[32m"true"[39m
            [33mclass[39m=[32m"icon"[39m
            [33mfill[39m=[32m"none"[39m
            [33mfocusable[39m=[32m"false"[39m
            [33mheight[39m=[32m"16"[39m
            [33mstroke[39m=[32m"currentColor"[39m
            [33mstroke-linecap[39m=[32m"round"[39m
            [33mstroke-linejoin[39m=[32m"round"[39m
            [33mstroke-width[39m=[32m"1.8"[39m
            [33mviewBox[39m=[32m"0 0 20 20"[39m
            [33mwidth[39m=[32m"16"[39m
          [36m>[39m
            [36m<path[39m
              [33md[39m=[32m"M3 5h14M3 10h14M3 15h14"[39m
            [36m/>[39m
          [36m</svg>[39m
          [36m<span[39m
            [33mclass[39m=[32m"visually-hidden"[39m
          [36m>[39m
            [0mإظهار التنقل أو إخفاؤه[0m
          [36m</span>[39m
        [36m</button>[39m
        [36m<a[39m
          [33mclass[39m=[32m"wordmark"[39m
          [33mdata-discover[39m=[32m"true"[39m
          [33mdata-testid[39m=[32m"wordmark"[39m
          [33mhref[39m=[32m"/"[39m
        [36m>[39m
          [36m<span[39m
            [33mclass[39m=[32m"wordmark__name"[39m
          [36m>[39m
            [0mمنصة موبايلي للتحوّل[0m
          [36m</span>[39m
          [36m<span[39m
            [33mclass[39m=[32m"badge badge--provisional"[39m
            [33mdata-testid[39m=[32m"provisional-badge"[39m
            [33mtitle[39m=[32m"شعار نصي مؤقت: لم يُقدَّم شعار رسمي. الألوان رموز تصميم مؤقتة وليست ألوان علامة موبايلي المعتمدة."[39m
          [36m>[39m
            [0mمؤقت[0m
          [36m</span>[39m
          [36m<span[39m
            [33mclass[39m=[32m"visually-hidden"[39m
          [36m>[39m
            [0mشعار نصي مؤقت: لم يُقدَّم شعار رسمي. الألوان رموز تصميم مؤقتة وليست ألوان علامة موبايلي المعتمدة.[0m
          [36m</span>[39m
        [36m</a>[39m
        [36m<div[39m
          [33mclass[39m=[32m"app-header__spacer"[39m
        [36m/>[39m
        [36m<span[39m
          [33mclass[39m=[32m"language-switch"[39m
        [36m>[39m
          [36m<button[39m
            [33maria-label[39m=[32m"تغيير اللغة إلى English"[39m
            [33mclass[39m=[32m"button button--ghost-inverse button--small"[39m
            [33mlang[39m=[32m"en"[39m
            [33mtype[39m=[32m"button"[39m
          [36m>[39m
            [0mEnglish[0m
          [36m</button>[39m
          [36m<span[39m
            [33mclass[39m=[32m"language-switch__notice"[39m
            [33mrole[39m=[32m"status"[39m
          [36m>[39m
            [0mتغيّرت اللغة في هذا المتصفح، لكن تعذّر حفظها في ملفك الشخصي.[0m
          [36m</span>[39m
        [36m</span>[39m
        [36m<div[39m
          [33mclass[39m=[32m"user-box"[39m
        [36m>[39m
          [36m<span[39m
            [33mclass[39m=[32m"user-box__name"[39m
          [36m>[39m
            [0mSynthetic Test User[0m
          [36m</span>[39m
          [36m<span[39m
            [33mclass[39m=[32m"user-box__org"[39m
          [36m>[39m
            [0mجهة اصطناعية[0m
          [36m</span>[39m
        [36m</div>[39m
        [36m<button[39m
          [33mclass[39m=[32m"button button--ghost-inverse button--small"[39m
          [33mtype[39m=[32m"button"[39m
        [36m>[39m
          [36m<svg[39m
            [33maria-hidden[39m=[32m"true"[39m
            [33mclass[39m=[32m"icon"[39m
            [33mfill[39m=[32m"none"[39m
            [33mfocusable[39m=[32m"false"[39m
            [33mheight[39m=[32m"16"[39m
            [33mstroke[39m=[32m"currentColor"[39m
            [33mstroke-linecap[39m=[32m"round"[39m
            [33mstroke-linejoin[39m=[32m"round"[39m
            [33mstroke-width[39m=[32m"1.8"[39m
            [33mviewBox[39m=[32m"0 0 20 20"[39m
            [33mwidth[39m=[32m"16"[39m
          [36m>[39m
            [36m<path[39m
              [33md[39m=[32m"M8 4H4v12h4M12 6l4 4-4 4M16 10H8"[39m
            [36m/>[39m
          [36m</svg>[39m
          [0m [0m
          [0mتسجيل الخروج[0m
        [36m</button>[39m
      [36m</header>[39m
      [36m<div[39m
        [33mclass[39m=[32m"app-body"[39m
      [36m>[39m
        [36m<nav[39m
          [33maria-label[39m=[32m"التنقل الرئيسي"[39m
          [33mclass[39m=[32m"app-nav"[39m
          [33mid[39m=[32m"_r_3_"[39m
        [36m>[39m
          [36m<ul[39m
            [33mclass[39m=[32m"app-nav__list"[39m
          [36m>[39m
            [36m<li>[39m
              [36m<a[39m
                [33maria-current[39m=[32m"page"[39m
                [33mclass[39m=[32m"app-nav__link active"[39m
                [33mdata-area[39m=[32m"myWork"[39m
                [33mdata-discover[39m=[32m"true"[39m
                [33mhref[39m=[32m"/my-work"[39m
              [36m>[39m
                [36m<span>[39m
                  [0mعملي[0m
                [36m</span>[39m
              [36m</a>[39m
            [36m</li>[39m
            [36m<li>[39m
              [36m<a[39m
                [33mclass[39m=[32m"app-nav__link"[39m
                [33mdata-area[39m=[32m"executive"[39m
                [33mdata-discover[39m=[32m"true"[39m
                [33mhref[39m=[32m"/executive-overview"[39m
              [36m>[39m
                [36m<span>[39m
                  [0mالنظرة التنفيذية[0m
                [36m</span>[39m
                [36m<span[39m
                  [33mclass[39m=[32m"app-nav__tag"[39m
                [36m>[39m
                  [0mمخطط[0m
                [36m</span>[39m
              [36m</a>[39m
            [36m</li>[39m
            [36m<li>[39m
              [36m<a[39m
                [33mclass[39m=[32m"app-nav__link"[39m
                [33mdata-area[39m=[32m"transformations"[39m
                [33mdata-discover[39m=[32m"true"[39m
                [33mhref[39m=[32m"/transformations"[39m
              [36m>[39m
                [36m<span>[39m
                  [0mالتحوّلات[0m
                [36m</span>[39m
              [36m</a>[39m
            [36m</li>[39m
            [36m<li>[39m
              [36m<a[39m
                [33mclass[39m=[32m"app-nav__link"[39m
                [33mdata-area[39m=[32m"playbook"[39m
                [33mdata-discover[39m=[32m"true"[39m
                [33mhref[39m=[32m"/playbook"[39m
              [36m>[39m
                [36m<span>[39m
                  [0mالدليل والإجراءات[0m
                [36m</span>[39m
                [36m<span[39m
                  [33mclass[39m=[32m"app-nav__tag"[39m
                [36m>[39m
                  [0mمخطط[0m
                [36m</span>[39m
              [36m</a>[39m
            [36m</li>[39m
            [36m<li>[39m
              [36m<a[39m
                [33mclass[39m=[32m"app-nav__link"[39m
                [33mdata-area[39m=[32m"strategy"[39m
                [33mdata-discover[39m=[32m"true"[39m
                [33mhref[39m=[32m"/strategy-kpis"[39m
              [36m>[39m
                [36m<span>[39m
                  [0mالاستراتيجية ومؤشرات الأداء[0m
                [36m</span>[39m
              [36m</a>[39m
            [36m</li>[39m
            [36m<li>[39m
              [36m<a[39m
                [33mclass[39m=[32m"app-nav__link"[39m
                [33mdata-area[39m=[32m"tom"[39m
                [33mdata-discover[39m=[32m"true"[39m
                [33mhref[39m=[32m"/target-operating-model"[39m
              [36m>[39m
                [36m<span>[39m
                  [0mنموذج التشغيل المستهدف[0m
                [36m</span>[39m
              [36m</a>[39m
            [36m</li>[39m
            [36m<li>[39m
              [36m<a[39m
                [33mclass[39m=[32m"app-nav__link"[39m
                [33mdata-area[39m=[32m"initiatives"[39m
                [33mdata-discover[39m=[32m"true"[39m
                [33mhref[39m=[32m"/initiatives-roadmaps"[39m
              [36m>[39m
                [36m<span>[39m
                  [0mالمبادرات وخرائط الطريق[0m
                [36m</span>[39m
                [36m<span[39m
                  [33mclass[39m=[32m"app-nav__tag"[39m
                [36m>[39m
                  [0mمخطط[0m
                [36m</span>[39m
              [36m</a>[39m
            [36m</li>[39m
            [36m<li>[39m
              [36m<a[39m
                [33mclass[39m=[32m"app-nav__link"[39m
                [33mdata-area[39m=[32m"governance"[39m
                [33mdata-discover[39m=[32m"true"[39m
                [33mhref[39m=[32m"/governance"[39m
              [36m>[39m
                [36m<span>[39m
                  [0mالحوكمة[0m
                [36m</span>[39m
              [36m</a>[39m
            [36m</li>[39m
            [36m<li>[39m
              [36m<a[39m
                [33mclass[39m=[32m"app-nav__link"[39m
                [33mdata-area[39m=[32m"risks"[39m
                [33mdata-discover[39m=[32m"true"[39m
                [33mhref[39m=[32m"/risks-actions"[39m
              [36m>[39m
                [36m<span>[39m
                  [0mالمخاطر والإجراءات[0m
                [36m</span>[39m
                [36m<span[39m
                  [33mclass[39m=[32m"app-nav__tag"[39m
                [36m>[39m
                  [0mمخطط[0m
                [36m</span>[39m
              [36m</a>[39m
            [36m</li>[39m
            [36m<li>[39m
              [36m<a[39m
                [33mclass[39m=[32m"app-nav__link"[39m
                [33mdata-area[39m=[32m"benefits"[39m
                [33mdata-discover[39m=[32m"true"[39m
                [33mhref[39m=[32m"/benefits-finance"[39m
              [36m>[39m
                [36m<span>[39m
                  [0mالمنافع والمالية[0m
                [36m</span>[39m
                [36m<span[39m
                  [33mclass[39m=[32m"app-nav__tag"[39m
                [36m>[39m
                  [0mمخطط[0m
                [36m</span>[39m
              [36m</a>[39m
            [36m</li>[39m
            [36m<li>[39m
              [36m<a[39m
                [33mclass[39m=[32m"app-nav__link"[39m
                [33mdata-area[39m=[32m"change"[39m
                [33mdata-discover[39m=[32m"true"[39m
                [33mhref[39m=[32m"/change-adoption"[39m
              [36m>[39m
                [36m<span>[39m
                  [0mالتغيير والتبنّي[0m
                [36m</span>[39m
                [36m<span[39m
                  [33mclass[39m=[32m"app-nav__tag"[39m
                [36m>[39m
                  [0mمخطط[0m
                [36m</span>[39m
              [36m</a>[39m
            [36m</li>[39m
            [36m<li>[39m
              [36m<a[39m
                [33mclass[39m=[32m"app-nav__link"[39m
                [33mdata-area[39m=[32m"evidence"[39m
                [33mdata-discover[39m=[32m"true"[39m
                [33mhref[39m=[32m"/evidence-reports"[39m
              [36m>[39m
                [36m<span>[39m
                  [0mالأدلة والتقارير[0m
                [36m</span>[39m
              [36m</a>[39m
            [36m</li>[39m
            [36m<li>[39m
              [36m<a[39m
                [33mclass[39m=[32m"app-nav__link"[39m
                [33mdata-area[39m=[32m"bau"[39m
                [33mdata-discover[39m=[32m"true"[39m
                [33mhref[39m=[32m"/bau-improvement"[39m
              [36m>[39m
                [36m<span>[39m
                  [0mالعمليات الاعتيادية والتحسين[0m
                [36m</span>[39m
                [36m<span[39m
                  [33mclass[39m=[32m"app-nav__tag"[39m
                [36m>[39m
                  [0mمخطط[0m
                [36m</span>[39m
              [36m</a>[39m
            [36m</li>[39m
            [36m<li>[39m
              [36m<a[39m
                [33mclass[39m=[32m"app-nav__link"[39m
                [33mdata-area[39m=[32m"admin"[39m
                [33mdata-discover[39m=[32m"true"[39m
                [33mhref[39m=[32m"/admin"[39m
              [36m>[39m
                [36m<span>[39m
                  [0mالإدارة[0m
                [36m</span>[39m
              [36m</a>[39m
            [36m</li>[39m
          [36m</ul>[39m
          [36m<p[39m
            [33mclass[39m=[32m"app-nav__footer"[39m
          [36m>[39m
            [36m<a[39m
              [33mclass[39m=[32m"app-nav__link app-nav__link--small"[39m
              [33mdata-discover[39m=[32m"true"[39m
              [33mhref[39m=[32m"/about"[39m
            [36m>[39m
              [0mحول هذا المنتج[0m
            [36m</a>[39m
          [36m</p>[39m
        [36m</nav>[39m
        [36m<main[39m
          [33mclass[39m=[32m"app-main"[39m
          [33mid[39m=[32m"main"[39m
          [33mtabindex[39m=[32m"-1"[39m
        [36m>[39m
          [36m<div[39m
            [33mclass[39m=[32m"page"[39m
          [36m>[39m
            [36m<div[39m
              [33mclass[39m=[32m"page-header"[39m
            [36m>[39m
              [36m<div[39m
                [33mclass[39m=[32m"page-header__row"[39m
              [36m>[39m
                [36m<div>[39m
                  [36m<h1[39m
                    [33mclass[39m=[32m"page-header__title"[39m
                  [36m>[39m
                    [0mمرحبًا، Synthetic Test User[0m
                  [36m</h1>[39m
                  [36m<p[39m
                    [33mclass[39m=[32m"page-header__subtitle"[39m
                  [36m>[39m
                    [0mإجراءاتك ومسوداتك ومراجعاتك ومواعيدك النهائية في مكان واحد.[0m
                  [36m</p>[39m
                [36m</div>[39m
              [36m</div>[39m
            [36m</div>[39m
            [36m<div[39m
              [33mclass[39m=[32m"grid grid--2"[39m
            [36m>[39m
              [36m<section[39m
                [33maria-labelledby[39m=[32m"mw-next"[39m
                [33mclass[39m=[32m"card"[39m
              [36m>[39m
                [36m<h2[39m
                  [33mclass[39m=[32m"card__title"[39m
                  [33mid[39m=[32m"mw-next"[39m
                [36m>[39m
                  [0mابدأ من هنا[0m
                [36m</h2>[39m
                [36m<p[39m
                  [33mclass[39m=[32m"muted"[39m
                [36m>[39m
                  [0mليس لديك وصول إلى سجلات الأعمال بعد. يُسند مسؤول الصلاحيات الأدوار ضمن نطاق محدد، ولا تمنح المسميات الوظيفية أي صلاحية.[0m
                [36m</p>[39m
              [36m</section>[39m
              [36m<section[39m
                [33maria-labelledby[39m=[32m"mw-planned"[39m
                [33mclass[39m=[32m"card"[39m
              [36m>[39m
                [36m<h2[39m
                  [33mclass[39m=[32m"card__title"[39m
                  [33mid[39m=[32m"mw-planned"[39m
                [36m>[39m
                  [36m<span[39m
                    [33mclass[39m=[32m"lifecycle-chip lifecycle-chip--draft"[39m
                  [36m>[39m
                    [36m<svg[39m
                      [33maria-hidden[39m=[32m"true"[39m
                      [33mclass[39m=[32m"icon"[39m
                      [33mfill[39m=[32m"none"[39m
                      [33mfocusable[39m=[32m"false"[39m
                      [33mheight[39m=[32m"16"[39m
                      [33mstroke[39m=[32m"currentColor"[39m
                      [33mstroke-linecap[39m=[32m"round"[39m
                      [33mstroke-linejoin[39m=[32m"round"[39m
                      [33mstroke-width[39m=[32m"1.8"[39m
                      [33mviewBox[39m=[32m"0 0 20 20"[39m
                      [33mwidth[39m=[32m"16"[39m
                    [36m>[39m
                      [36m<path[39m
                        [33md[39m=[32m"M10 3a7 7 0 1 0 0 14 7 7 0 0 0 0-14zm0 3v4l3 2"[39m
                      [36m/>[39m
                    [36m</svg>[39m
                    [0m [0m
                    [0mمخطط[0m
                  [36m</span>[39m
                [36m</h2>[39m
                [36m<p>[39m
                  [0mالإجراءات المسندة، والمسودات، والمراجعات، والاعتمادات، والتحديثات الناقصة، والمواعيد النهائية القادمة.[0m
                [36m</p>[39m
              [36m</section>[39m
            [36m</div>[39m
          [36m</div>[39m
        [36m</main>[39m
      [36m</div>[39m
    [36m</div>[39m
  [36m</div>[39m
[36m</body>[39m

Ignored nodes: comments, script, style
[36m<body>[39m
  [36m<div>[39m
    [36m<div[39m
      [33mclass[39m=[32m"app"[39m
    [36m>[39m
      [36m<a[39m
        [33mclass[39m=[32m"skip-link"[39m
        [33mhref[39m=[32m"#main"[39m
      [36m>[39m
        [0mانتقل إلى المحتوى الرئيسي[0m
      [36m</a>[39m
      [36m<header[39m
        [33mclass[39m=[32m"app-header"[39m
      [36m>[39m
        [36m<button[39m
          [33maria-controls[39m=[32m"_r_3_"[39m
          [33maria-expanded[39m=[32m"false"[39m
          [33mclass[39m=[32m"button button--ghost-inverse nav-toggle"[39m
          [33mtype[39m=[32m"button"[39m
        [36m>[39m
          [36m<svg[39m
            [33maria-hidden[39m=[32m"true"[39m
            [33mclass[39m=[32m"icon"[39m
            [33mfill[39m=[32m"none"[39m
            [33mfocusable[39m=[32m"false"[39m
            [33mheight[39m=[32m"16"[39m
            [33mstroke[39m=[32m"currentColor"[39m
            [33mstroke-linecap[39m=[32m"round"[39m
            [33mstroke-linejoin[39m=[32m"round"[39m
            [33mstroke-width[39m=[32m"1.8"[39m
            [33mviewBox[39m=[32m"0 0 20 20"[39m
            [33mwidth[39m=[32m"16"[39m
          [36m>[39m
            [36m<path[39m
              [33md[39m=[32m"M3 5h14M3 10h14M3 15h14"[39m
            [36m/>[39m
          [36m</svg>[39m
          [36m<span[39m
            [33mclass[39m=[32m"visually-hidden"[39m
          [36m>[39m
            [0mإظهار التنقل أو إخفاؤه[0m
          [36m</span>[39m
        [36m</button>[39m
        [36m<a[39m
          [33mclass[39m=[32m"wordmark"[39m
          [33mdata-discover[39m=[32m"true"[39m
          [33mdata-testid[39m=[32m"wordmark"[39m
          [33mhref[39m=[32m"/"[39m
        [36m>[39m
          [36m<span[39m
            [33mclass[39m=[32m"wordmark__name"[39m
          [36m>[39m
            [0mمنصة موبايلي للتحوّل[0m
          [36m</span>[39m
          [36m<span[39m
            [33mclass[39m=[32m"badge badge--provisional"[39m
            [33mdata-testid[39m=[32m"provisional-badge"[39m
            [33mtitle[39m=[32m"شعار نصي مؤقت: لم يُقدَّم شعار رسمي. الألوان رموز تصميم مؤقتة وليست ألوان علامة موبايلي المعتمدة."[39m
          [36m>[39m
            [0mمؤقت[0m
          [36m</span>[39m
          [36m<span[39m
            [33mclass[39m=[32m"visually-hidden"[39m
          [36m>[39m
            [0mشعار نصي مؤقت: لم يُقدَّم شعار رسمي. الألوان رموز تصميم مؤقتة وليست ألوان علامة موبايلي المعتمدة.[0m
          [36m</span>[39m
        [36m</a>[39m
        [36m<div[39m
          [33mclass[39m=[32m"app-header__spacer"[39m
        [36m/>[39m
        [36m<span[39m
          [33mclass[39m=[32m"language-switch"[39m
        [36m>[39m
          [36m<button[39m
            [33maria-label[39m=[32m"تغيير اللغة إلى English"[39m
            [33mclass[39m=[32m"button button--ghost-inverse button--small"[39m
            [33mlang[39m=[32m"en"[39m
            [33mtype[39m=[32m"button"[39m
          [36m>[39m
            [0mEnglish[0m
          [36m</button>[39m
          [36m<span[39m
            [33mclass[39m=[32m"language-switch__notice"[39m
            [33mrole[39m=[32m"status"[39m
          [36m>[39m
            [0mتغيّرت اللغة في هذا المتصفح، لكن تعذّر حفظها في ملفك الشخصي.[0m
          [36m</span>[39m
        [36m</span>[39m
        [36m<div[39m
          [33mclass[39m=[32m"user-box"[39m
        [36m>[39m
          [36m<span[39m
            [33mclass[39m=[32m"user-box__name"[39m
          [36m>[39m
            [0mSynthetic Test User[0m
          [36m</span>[39m
          [36m<span[39m
            [33mclass[39m=[32m"user-box__org"[39m
          [36m>[39m
            [0mجهة اصطناعية[0m
          [36m</span>[39m
        [36m</div>[39m
        [36m<button[39m
          [33mclass[39m=[32m"button button--ghost-inverse button--small"[39m
          [33mtype[39m=[32m"button"[39m
        [36m>[39m
          [36m<svg[39m
            [33maria-hidden[39m=[32m"true"[39m
            [33mclass[39m=[32m"icon"[39m
            [33mfill[39m=[32m"none"[39m
            [33mfocusable[39m=[32m"false"[39m
            [33mheight[39m=[32m"16"[39m
            [33mstroke[39m=[32m"currentColor"[39m
            [33mstroke-linecap[39m=[32m"round"[39m
            [33mstroke-linejoin[39m=[32m"round"[39m
            [33mstroke-width[39m=[32m"1.8"[39m
            [33mviewBox[39m=[32m"0 0 20 20"[39m
            [33mwidth[39m=[32m"16"[39m
          [36m>[39m
            [36m<path[39m
              [33md[39m=[32m"M8 4H4v12h4M12 6l4 4-4 4M16 10H8"[39m
            [36m/>[39m
          [36m</svg>[39m
          [0m [0m
          [0mتسجيل الخروج[0m
        [36m</button>[39m
      [36m</header>[39m
      [36m<div[39m
        [33mclass[39m=[32m"app-body"[39m
      [36m>[39m
        [36m<nav[39m
          [33maria-label[39m=[32m"التنقل الرئيسي"[39m
          [33mclass[39m=[32m"app-nav"[39m
          [33mid[39m=[32m"_r_3_"[39m
        [36m>[39m
          [36m<ul[39m
            [33mclass[39m=[32m"app-nav__list"[39m
          [36m>[39m
            [36m<li>[39m
              [36m<a[39m
                [33maria-current[39m=[32m"page"[39m
                [33mclass[39m=[32m"app-nav__link active"[39m
                [33mdata-area[39m=[32m"myWork"[39m
                [33mdata-discover[39m=[32m"true"[39m
                [33mhref[39m=[32m"/my-work"[39m
              [36m>[39m
                [36m<span>[39m
                  [0mعملي[0m
                [36m</span>[39m
              [36m</a>[39m
            [36m</li>[39m
            [36m<li>[39m
              [36m<a[39m
                [33mclass[39m=[32m"app-nav__link"[39m
                [33mdata-area[39m=[32m"executive"[39m
                [33mdata-discover[39m=[32m"true"[39m
                [33mhref[39m=[32m"/executive-overview"[39m
              [36m>[39m
                [36m<span>[39m
                  [0mالنظرة التنفيذية[0m
                [36m</span>[39m
                [36m<span[39m
                  [33mclass[39m=[32m"app-nav__tag"[39m
                [36m>[39m
                  [0mمخطط[0m
                [36m</span>[39m
              [36m</a>[39m
            [36m</li>[39m
            [36m<li>[39m
              [36m<a[39m
                [33mclass[39m=[32m"app-nav__link"[39m
                [33mdata-area[39m=[32m"transformations"[39m
                [33mdata-discover[39m=[32m"true"[39m
                [33mhref[39m=[32m"/transformations"[39m
              [36m>[39m
                [36m<span>[39m
                  [0mالتحوّلات[0m
                [36m</span>[39m
              [36m</a>[39m
            [36m</li>[39m
            [36m<li>[39m
              [36m<a[39m
                [33mclass[39m=[32m"app-nav__link"[39m
                [33mdata-area[39m=[32m"playbook"[39m
                [33mdata-discover[39m=[32m"true"[39m
                [33mhref[39m=[32m"/playbook"[39m
              [36m>[39m
                [36m<span>[39m
                  [0mالدليل والإجراءات[0m
                [36m</span>[39m
                [36m<span[39m
                  [33mclass[39m=[32m"app-nav__tag"[39m
                [36m>[39m
                  [0mمخطط[0m
                [36m</span>[39m
              [36m</a>[39m
            [36m</li>[39m
            [36m<li>[39m
              [36m<a[39m
                [33mclass[39m=[32m"app-nav__link"[39m
                [33mdata-area[39m=[32m"strategy"[39m
                [33mdata-discover[39m=[32m"true"[39m
                [33mhref[39m=[32m"/strategy-kpis"[39m
              [36m>[39m
                [36m<span>[39m
                  [0mالاستراتيجية ومؤشرات الأداء[0m
                [36m</span>[39m
              [36m</a>[39m
            [36m</li>[39m
            [36m<li>[39m
              [36m<a[39m
                [33mclass[39m=[32m"app-nav__link"[39m
                [33mdata-area[39m=[32m"tom"[39m
                [33mdata-discover[39m=[32m"true"[39m
                [33mhref[39m=[32m"/target-operating-model"[39m
              [36m>[39m
                [36m<span>[39m
                  [0mنموذج التشغيل المستهدف[0m
                [36m</span>[39m
              [36m</a>[39m
            [36m</li>[39m
            [36m<li>[39m
              [36m<a[39m
                [33mclass[39m=[32m"app-nav__link"[39m
                [33mdata-area[39m=[32m"initiatives"[39m
                [33mdata-discover[39m=[32m"true"[39m
                [33mhref[39m=[32m"/initiatives-roadmaps"[39m
              [36m>[39m
                [36m<span>[39m
                  [0mالمبادرات وخرائط الطريق[0m
                [36m</span>[39m
                [36m<span[39m
                  [33mclass[39m=[32m"app-nav__tag"[39m
                [36m>[39m
                  [0mمخطط[0m
                [36m</span>[39m
              [36m</a>[39m
            [36m</li>[39m
            [36m<li>[39m
              [36m<a[39m
                [33mclass[39m=[32m"app-nav__link"[39m
                [33mdata-area[39m=[32m"governance"[39m
                [33mdata-discover[39m=[32m"true"[39m
                [33mhref[39m=[32m"/governance"[39m
              [36m>[39m
                [36m<span>[39m
                  [0mالحوكمة[0m
                [36m</span>[39m
              [36m</a>[39m
            [36m</li>[39m
            [36m<li>[39m
              [36m<a[39m
                [33mclass[39m=[32m"app-nav__link"[39m
                [33mdata-area[39m=[32m"risks"[39m
                [33mdata-discover[39m=[32m"true"[39m
                [33mhref[39m=[32m"/risks-actions"[39m
              [36m>[39m
                [36m<span>[39m
                  [0mالمخاطر والإجراءات[0m
                [36m</span>[39m
                [36m<span[39m
                  [33mclass[39m=[32m"app-nav__tag"[39m
                [36m>[39m
                  [0mمخطط[0m
                [36m</span>[39m
              [36m</a>[39m
            [36m</li>[39m
            [36m<li>[39m
              [36m<a[39m
                [33mclass[39m=[32m"app-nav__link"[39m
                [33mdata-area[39m=[32m"benefits"[39m
                [33mdata-discover[39m=[32m"true"[39m
                [33mhref[39m=[32m"/benefits-finance"[39m
              [36m>[39m
                [36m<span>[39m
                  [0mالمنافع والمالية[0m
                [36m</span>[39m
                [36m<span[39m
                  [33mclass[39m=[32m"app-nav__tag"[39m
                [36m>[39m
                  [0mمخطط[0m
                [36m</span>[39m
              [36m</a>[39m
            [36m</li>[39m
            [36m<li>[39m
              [36m<a[39m
                [33mclass[39m=[32m"app-nav__link"[39m
                [33mdata-area[39m=[32m"change"[39m
                [33mdata-discover[39m=[32m"true"[39m
                [33mhref[39m=[32m"/change-adoption"[39m
              [36m>[39m
                [36m<span>[39m
                  [0mالتغيير والتبنّي[0m
                [36m</span>[39m
                [36m<span[39m
                  [33mclass[39m=[32m"app-nav__tag"[39m
                [36m>[39m
                  [0mمخطط[0m
                [36m</span>[39m
              [36m</a>[39m
            [36m</li>[39m
            [36m<li>[39m
              [36m<a[39m
                [33mclass[39m=[32m"app-nav__link"[39m
                [33mdata-area[39m=[32m"evidence"[39m
                [33mdata-discover[39m=[32m"true"[39m
                [33mhref[39m=[32m"/evidence-reports"[39m
              [36m>[39m
                [36m<span>[39m
                  [0mالأدلة والتقارير[0m
                [36m</span>[39m
              [36m</a>[39m
            [36m</li>[39m
            [36m<li>[39m
              [36m<a[39m
                [33mclass[39m=[32m"app-nav__link"[39m
                [33mdata-area[39m=[32m"bau"[39m
                [33mdata-discover[39m=[32m"true"[39m
                [33mhref[39m=[32m"/bau-improvement"[39m
              [36m>[39m
                [36m<span>[39m
                  [0mالعمليات الاعتيادية والتحسين[0m
                [36m</span>[39m
                [36m<span[39m
                  [33mclass[39m=[32m"app-nav__tag"[39m
                [36m>[39m
                  [0mمخطط[0m
                [36m</span>[39m
              [36m</a>[39m
            [36m</li>[39m
            [36m<li>[39m
              [36m<a[39m
                [33mclass[39m=[32m"app-nav__link"[39m
                [33mdata-area[39m=[32m"admin"[39m
                [33mdata-discover[39m=[32m"true"[39m
                [33mhref[39m=[32m"/admin"[39m
              [36m>[39m
                [36m<span>[39m
                  [0mالإدارة[0m
                [36m</span>[39m
              [36m</a>[39m
            [36m</li>[39m
          [36m</ul>[39m
          [36m<p[39m
            [33mclass[39m=[32m"app-nav__footer"[39m
          [36m>[39m
            [36m<a[39m
              [33mclass[39m=[32m"app-nav__link app-nav__link--small"[39m
              [33mdata-discover[39m=[32m"true"[39m
              [33mhref[39m=[32m"/about"[39m
            [36m>[39m
              [0mحول هذا المنتج[0m
            [36m</a>[39m
          [36m</p>[39m
        [36m</nav>[39m
        [36m<main[39m
          [33mclass[39m=[32m"app-main"[39m
          [33mid[39m=[32m"main"[39m
          [33mtabindex[39m=[32m"-1"[39m
        [36m>[39m
          [36m<div[39m
            [33mclass[39m=[32m"page"[39m
          [36m>[39m
            [36m<div[39m
              [33mclass[39m=[32m"page-header"[39m
            [36m>[39m
              [36m<div[39m
                [33mclass[39m=[32m"page-header__row"[39m
              [36m>[39m
                [36m<div>[39m
                  [36m<h1[39m
                    [33mclass[39m=[32m"page-header__title"[39m
                  [36m>[39m
                    [0mمرحبًا، Synthetic Test User[0m
                  [36m</h1>[39m
                  [36m<p[39m
                    [33mclass[39m=[32m"page-header__subtitle"[39m
                  [36m>[39m
                    [0mإجراءاتك ومسوداتك ومراجعاتك ومواعيدك النهائية في مكان واحد.[0m
                  [36m</p>[39m
                [36m</div>[39m
              [36m</div>[39m
            [36m</div>[39m
            [36m<div[39m
              [33mclass[39m=[32m"grid grid--2"[39m
            [36m>[39m
              [36m<section[39m
                [33maria-labelledby[39m=[32m"mw-next"[39m
                [33mclass[39m=[32m"card"[39m
              [36m>[39m
                [36m<h2[39m
                  [33mclass[39m=[32m"card__title"[39m
                  [33mid[39m=[32m"mw-next"[39m
                [36m>[39m
                  [0mابدأ من هنا[0m
                [36m</h2>[39m
                [36m<p[39m
                  [33mclass[39m=[32m"muted"[39m
                [36m>[39m
                  [0mليس لديك وصول إلى سجلات الأعمال بعد. يُسند مسؤول الصلاحيات الأدوار ضمن نطاق محدد، ولا تمنح المسميات الوظيفية أي صلاحية.[0m
                [36m</p>[39m
              [36m</section>[39m
              [36m<section[39m
                [33maria-labelledby[39m=[32m"mw-planned"[39m
                [33mclass[39m=[32m"card"[39m
              [36m>[39m
                [36m<h2[39m
                  [33mclass[39m=[32m"card__title"[39m
                  [33mid[39m=[32m"mw-planned"[39m
                [36m>[39m
                  [36m<span[39m
                    [33mclass[39m=[32m"lifecycle-chip lifecycle-chip--draft"[39m
                  [36m>[39m
                    [36m<svg[39m
                      [33maria-hidden[39m=[32m"true"[39m
                      [33mclass[39m=[32m"icon"[39m
                      [33mfill[39m=[32m"none"[39m
                      [33mfocusable[39m=[32m"false"[39m
                      [33mheight[39m=[32m"16"[39m
                      [33mstroke[39m=[32m"currentColor"[39m
                      [33mstroke-linecap[39m=[32m"round"[39m
                      [33mstroke-linejoin[39m=[32m"round"[39m
                      [33mstroke-width[39m=[32m"1.8"[39m
                      [33mviewBox[39m=[32m"0 0 20 20"[39m
                      [33mwidth[39m=[32m"16"[39m
                    [36m>[39m
                      [36m<path[39m
                        [33md[39m=[32m"M10 3a7 7 0 1 0 0 14 7 7 0 0 0 0-14zm0 3v4l3 2"[39m
                      [36m/>[39m
                    [36m</svg>[39m
                    [0m [0m
                    [0mمخطط[0m
                  [36m</span>[39m
                [36m</h2>[39m
                [36m<p>[39m
                  [0mالإجراءات المسندة، والمسودات، والمراجعات، والاعتمادات، والتحديثات الناقصة، والمواعيد النهائية القادمة.[0m
                [36m</p>[39m
              [36m</section>[39m
            [36m</div>[39m
          [36m</div>[39m
        [36m</main>[39m
      [36m</div>[39m
    [36m</div>[39m
  [36m</div>[39m
[36m</body>[39m
   × the live region and the persisted preference > switching back clears the notice; the region stays in the DOM, empty 5065ms
     → Unable to find an element by: [data-testid="language-not-saved"]

Ignored nodes: comments, script, style
[36m<body>[39m
  [36m<div>[39m
    [36m<div[39m
      [33mclass[39m=[32m"app"[39m
    [36m>[39m
      [36m<a[39m
        [33mclass[39m=[32m"skip-link"[39m
        [33mhref[39m=[32m"#main"[39m
      [36m>[39m
        [0mSkip to main content[0m
      [36m</a>[39m
      [36m<header[39m
        [33mclass[39m=[32m"app-header"[39m
      [36m>[39m
        [36m<button[39m
          [33maria-controls[39m=[32m"_r_4_"[39m
          [33maria-expanded[39m=[32m"false"[39m
          [33mclass[39m=[32m"button button--ghost-inverse nav-toggle"[39m
          [33mtype[39m=[32m"button"[39m
        [36m>[39m
          [36m<svg[39m
            [33maria-hidden[39m=[32m"true"[39m
            [33mclass[39m=[32m"icon"[39m
            [33mfill[39m=[32m"none"[39m
            [33mfocusable[39m=[32m"false"[39m
            [33mheight[39m=[32m"16"[39m
            [33mstroke[39m=[32m"currentColor"[39m
            [33mstroke-linecap[39m=[32m"round"[39m
            [33mstroke-linejoin[39m=[32m"round"[39m
            [33mstroke-width[39m=[32m"1.8"[39m
            [33mviewBox[39m=[32m"0 0 20 20"[39m
            [33mwidth[39m=[32m"16"[39m
          [36m>[39m
            [36m<path[39m
              [33md[39m=[32m"M3 5h14M3 10h14M3 15h14"[39m
            [36m/>[39m
          [36m</svg>[39m
          [36m<span[39m
            [33mclass[39m=[32m"visually-hidden"[39m
          [36m>[39m
            [0mShow or hide navigation[0m
          [36m</span>[39m
        [36m</button>[39m
        [36m<a[39m
          [33mclass[39m=[32m"wordmark"[39m
          [33mdata-discover[39m=[32m"true"[39m
          [33mdata-testid[39m=[32m"wordmark"[39m
          [33mhref[39m=[32m"/"[39m
        [36m>[39m
          [36m<span[39m
            [33mclass[39m=[32m"wordmark__name"[39m
          [36m>[39m
            [0mMobily Transformation Hub[0m
          [36m</span>[39m
          [36m<span[39m
            [33mclass[39m=[32m"badge badge--provisional"[39m
            [33mdata-testid[39m=[32m"provisional-badge"[39m
            [33mtitle[39m=[32m"Provisional wordmark: no official logo has been supplied. Colours are provisional design tokens, not verified Mobily brand values."[39m
          [36m>[39m
            [0mProvisional[0m
          [36m</span>[39m
          [36m<span[39m
            [33mclass[39m=[32m"visually-hidden"[39m
          [36m>[39m
            [0mProvisional wordmark: no official logo has been supplied. Colours are provisional design tokens, not verified Mobily brand values.[0m
          [36m</span>[39m
        [36m</a>[39m
        [36m<div[39m
          [33mclass[39m=[32m"app-header__spacer"[39m
        [36m/>[39m
        [36m<span[39m
          [33mclass[39m=[32m"language-switch"[39m
        [36m>[39m
          [36m<button[39m
            [33maria-label[39m=[32m"Switch language to العربية"[39m
            [33mclass[39m=[32m"button button--ghost-inverse button--small"[39m
            [33mlang[39m=[32m"ar"[39m
            [33mtype[39m=[32m"button"[39m
          [36m>[39m
            [0mالعربية[0m
          [36m</button>[39m
          [36m<span[39m
            [33mclass[39m=[32m"language-switch__notice"[39m
            [33mrole[39m=[32m"status"[39m
          [36m>[39m
            [0mLanguage changed in this browser, but it could not be saved to your profile.[0m
          [36m</span>[39m
        [36m</span>[39m
        [36m<div[39m
          [33mclass[39m=[32m"user-box"[39m
        [36m>[39m
          [36m<span[39m
            [33mclass[39m=[32m"user-box__name"[39m
          [36m>[39m
            [0mSynthetic Test User[0m
          [36m</span>[39m
          [36m<span[39m
            [33mclass[39m=[32m"user-box__org"[39m
          [36m>[39m
            [0mSynthetic Organization[0m
          [36m</span>[39m
        [36m</div>[39m
        [36m<button[39m
          [33mclass[39m=[32m"button button--ghost-inverse button--small"[39m
          [33mtype[39m=[32m"button"[39m
        [36m>[39m
          [36m<svg[39m
            [33maria-hidden[39m=[32m"true"[39m
            [33mclass[39m=[32m"icon"[39m
            [33mfill[39m=[32m"none"[39m
            [33mfocusable[39m=[32m"false"[39m
            [33mheight[39m=[32m"16"[39m
            [33mstroke[39m=[32m"currentColor"[39m
            [33mstroke-linecap[39m=[32m"round"[39m
            [33mstroke-linejoin[39m=[32m"round"[39m
            [33mstroke-width[39m=[32m"1.8"[39m
            [33mviewBox[39m=[32m"0 0 20 20"[39m
            [33mwidth[39m=[32m"16"[39m
          [36m>[39m
            [36m<path[39m
              [33md[39m=[32m"M8 4H4v12h4M12 6l4 4-4 4M16 10H8"[39m
            [36m/>[39m
          [36m</svg>[39m
          [0m [0m
          [0mSign out[0m
        [36m</button>[39m
      [36m</header>[39m
      [36m<div[39m
        [33mclass[39m=[32m"app-body"[39m
      [36m>[39m
        [36m<nav[39m
          [33maria-label[39m=[32m"Primary navigation"[39m
          [33mclass[39m=[32m"app-nav"[39m
          [33mid[39m=[32m"_r_4_"[39m
        [36m>[39m
          [36m<ul[39m
            [33mclass[39m=[32m"app-nav__list"[39m
          [36m>[39m
            [36m<li>[39m
              [36m<a[39m
                [33maria-current[39m=[32m"page"[39m
                [33mclass[39m=[32m"app-nav__link active"[39m
                [33mdata-area[39m=[32m"myWork"[39m
                [33mdata-discover[39m=[32m"true"[39m
                [33mhref[39m=[32m"/my-work"[39m
              [36m>[39m
                [36m<span>[39m
                  [0mMy Work[0m
                [36m</span>[39m
              [36m</a>[39m
            [36m</li>[39m
            [36m<li>[39m
              [36m<a[39m
                [33mclass[39m=[32m"app-nav__link"[39m
                [33mdata-area[39m=[32m"executive"[39m
                [33mdata-discover[39m=[32m"true"[39m
                [33mhref[39m=[32m"/executive-overview"[39m
              [36m>[39m
                [36m<span>[39m
                  [0mExecutive Overview[0m
                [36m</span>[39m
                [36m<span[39m
                  [33mclass[39m=[32m"app-nav__tag"[39m
                [36m>[39m
                  [0mPlanned[0m
                [36m</span>[39m
              [36m</a>[39m
            [36m</li>[39m
            [36m<li>[39m
              [36m<a[39m
                [33mclass[39m=[32m"app-nav__link"[39m
                [33mdata-area[39m=[32m"transformations"[39m
                [33mdata-discover[39m=[32m"true"[39m
                [33mhref[39m=[32m"/transformations"[39m
              [36m>[39m
                [36m<span>[39m
                  [0mTransformations[0m
                [36m</span>[39m
              [36m</a>[39m
            [36m</li>[39m
            [36m<li>[39m
              [36m<a[39m
                [33mclass[39m=[32m"app-nav__link"[39m
                [33mdata-area[39m=[32m"playbook"[39m
                [33mdata-discover[39m=[32m"true"[39m
                [33mhref[39m=[32m"/playbook"[39m
              [36m>[39m
                [36m<span>[39m
                  [0mPlaybook and Procedures[0m
                [36m</span>[39m
                [36m<span[39m
                  [33mclass[39m=[32m"app-nav__tag"[39m
                [36m>[39m
                  [0mPlanned[0m
                [36m</span>[39m
              [36m</a>[39m
            [36m</li>[39m
            [36m<li>[39m
              [36m<a[39m
                [33mclass[39m=[32m"app-nav__link"[39m
                [33mdata-area[39m=[32m"strategy"[39m
                [33mdata-discover[39m=[32m"true"[39m
                [33mhref[39m=[32m"/strategy-kpis"[39m
              [36m>[39m
                [36m<span>[39m
                  [0mStrategy and KPIs[0m
                [36m</span>[39m
              [36m</a>[39m
            [36m</li>[39m
            [36m<li>[39m
              [36m<a[39m
                [33mclass[39m=[32m"app-nav__link"[39m
                [33mdata-area[39m=[32m"tom"[39m
                [33mdata-discover[39m=[32m"true"[39m
                [33mhref[39m=[32m"/target-operating-model"[39m
              [36m>[39m
                [36m<span>[39m
                  [0mTarget Operating Model[0m
                [36m</span>[39m
              [36m</a>[39m
            [36m</li>[39m
            [36m<li>[39m
              [36m<a[39m
                [33mclass[39m=[32m"app-nav__link"[39m
                [33mdata-area[39m=[32m"initiatives"[39m
                [33mdata-discover[39m=[32m"true"[39m
                [33mhref[39m=[32m"/initiatives-roadmaps"[39m
              [36m>[39m
                [36m<span>[39m
                  [0mInitiatives and Roadmaps[0m
                [36m</span>[39m
                [36m<span[39m
                  [33mclass[39m=[32m"app-nav__tag"[39m
                [36m>[39m
                  [0mPlanned[0m
                [36m</span>[39m
              [36m</a>[39m
            [36m</li>[39m
            [36m<li>[39m
              [36m<a[39m
                [33mclass[39m=[32m"app-nav__link"[39m
                [33mdata-area[39m=[32m"governance"[39m
                [33mdata-discover[39m=[32m"true"[39m
                [33mhref[39m=[32m"/governance"[39m
              [36m>[39m
                [36m<span>[39m
                  [0mGovernance[0m
                [36m</span>[39m
              [36m</a>[39m
            [36m</li>[39m
            [36m<li>[39m
              [36m<a[39m
                [33mclass[39m=[32m"app-nav__link"[39m
                [33mdata-area[39m=[32m"risks"[39m
                [33mdata-discover[39m=[32m"true"[39m
                [33mhref[39m=[32m"/risks-actions"[39m
              [36m>[39m
                [36m<span>[39m
                  [0mRisks and Actions[0m
                [36m</span>[39m
                [36m<span[39m
                  [33mclass[39m=[32m"app-nav__tag"[39m
                [36m>[39m
                  [0mPlanned[0m
                [36m</span>[39m
              [36m</a>[39m
            [36m</li>[39m
            [36m<li>[39m
              [36m<a[39m
                [33mclass[39m=[32m"app-nav__link"[39m
                [33mdata-area[39m=[32m"benefits"[39m
                [33mdata-discover[39m=[32m"true"[39m
                [33mhref[39m=[32m"/benefits-finance"[39m
              [36m>[39m
                [36m<span>[39m
                  [0mBenefits and Finance[0m
                [36m</span>[39m
                [36m<span[39m
                  [33mclass[39m=[32m"app-nav__tag"[39m
                [36m>[39m
                  [0mPlanned[0m
                [36m</span>[39m
              [36m</a>[39m
            [36m</li>[39m
            [36m<li>[39m
              [36m<a[39m
                [33mclass[39m=[32m"app-nav__link"[39m
                [33mdata-area[39m=[32m"change"[39m
                [33mdata-discover[39m=[32m"true"[39m
                [33mhref[39m=[32m"/change-adoption"[39m
              [36m>[39m
                [36m<span>[39m
                  [0mChange and Adoption[0m
                [36m</span>[39m
                [36m<span[39m
                  [33mclass[39m=[32m"app-nav__tag"[39m
                [36m>[39m
                  [0mPlanned[0m
                [36m</span>[39m
              [36m</a>[39m
            [36m</li>[39m
            [36m<li>[39m
              [36m<a[39m
                [33mclass[39m=[32m"app-nav__link"[39m
                [33mdata-area[39m=[32m"evidence"[39m
                [33mdata-discover[39m=[32m"true"[39m
                [33mhref[39m=[32m"/evidence-reports"[39m
              [36m>[39m
                [36m<span>[39m
                  [0mEvidence and Reports[0m
                [36m</span>[39m
              [36m</a>[39m
            [36m</li>[39m
            [36m<li>[39m
              [36m<a[39m
                [33mclass[39m=[32m"app-nav__link"[39m
                [33mdata-area[39m=[32m"bau"[39m
                [33mdata-discover[39m=[32m"true"[39m
                [33mhref[39m=[32m"/bau-improvement"[39m
              [36m>[39m
                [36m<span>[39m
                  [0mBAU and Improvement[0m
                [36m</span>[39m
                [36m<span[39m
                  [33mclass[39m=[32m"app-nav__tag"[39m
                [36m>[39m
                  [0mPlanned[0m
                [36m</span>[39m
              [36m</a>[39m
            [36m</li>[39m
            [36m<li>[39m
              [36m<a[39m
                [33mclass[39m=[32m"app-nav__link"[39m
                [33mdata-area[39m=[32m"admin"[39m
                [33mdata-discover[39m=[32m"true"[39m
                [33mhref[39m=[32m"/admin"[39m
              [36m>[39m
                [36m<span>[39m
                  [0mAdministration[0m
                [36m</span>[39m
              [36m</a>[39m
            [36m</li>[39m
          [36m</ul>[39m
          [36m<p[39m
            [33mclass[39m=[32m"app-nav__footer"[39m
          [36m>[39m
            [36m<a[39m
              [33mclass[39m=[32m"app-nav__link app-nav__link--small"[39m
              [33mdata-discover[39m=[32m"true"[39m
              [33mhref[39m=[32m"/about"[39m
            [36m>[39m
              [0mAbout this product[0m
            [36m</a>[39m
          [36m</p>[39m
        [36m</nav>[39m
        [36m<main[39m
          [33mclass[39m=[32m"app-main"[39m
          [33mid[39m=[32m"main"[39m
          [33mtabindex[39m=[32m"-1"[39m
        [36m>[39m
          [36m<div[39m
            [33mclass[39m=[32m"page"[39m
          [36m>[39m
            [36m<div[39m
              [33mclass[39m=[32m"page-header"[39m
            [36m>[39m
              [36m<div[39m
                [33mclass[39m=[32m"page-header__row"[39m
              [36m>[39m
                [36m<div>[39m
                  [36m<h1[39m
                    [33mclass[39m=[32m"page-header__title"[39m
                  [36m>[39m
                    [0mWelcome, Synthetic Test User[0m
                  [36m</h1>[39m
                  [36m<p[39m
                    [33mclass[39m=[32m"page-header__subtitle"[39m
                  [36m>[39m
                    [0mYour actions, drafts, reviews and deadlines in one place.[0m
                  [36m</p>[39m
                [36m</div>[39m
              [36m</div>[39m
            [36m</div>[39m
            [36m<div[39m
              [33mclass[39m=[32m"grid grid--2"[39m
            [36m>[39m
              [36m<section[39m
                [33maria-labelledby[39m=[32m"mw-next"[39m
                [33mclass[39m=[32m"card"[39m
              [36m>[39m
                [36m<h2[39m
                  [33mclass[39m=[32m"card__title"[39m
                  [33mid[39m=[32m"mw-next"[39m
                [36m>[39m
                  [0mStart here[0m
                [36m</h2>[39m
                [36m<p[39m
                  [33mclass[39m=[32m"muted"[39m
                [36m>[39m
                  [0mYou have no business-record access yet. An access administrator assigns roles at a scope; job titles never grant access.[0m
                [36m</p>[39m
              [36m</section>[39m
              [36m<section[39m
                [33maria-labelledby[39m=[32m"mw-planned"[39m
                [33mclass[39m=[32m"card"[39m
              [36m>[39m
                [36m<h2[39m
                  [33mclass[39m=[32m"card__title"[39m
                  [33mid[39m=[32m"mw-planned"[39m
                [36m>[39m
                  [36m<span[39m
                    [33mclass[39m=[32m"lifecycle-chip lifecycle-chip--draft"[39m
                  [36m>[39m
                    [36m<svg[39m
                      [33maria-hidden[39m=[32m"true"[39m
                      [33mclass[39m=[32m"icon"[39m
                      [33mfill[39m=[32m"none"[39m
                      [33mfocusable[39m=[32m"false"[39m
                      [33mheight[39m=[32m"16"[39m
                      [33mstroke[39m=[32m"currentColor"[39m
                      [33mstroke-linecap[39m=[32m"round"[39m
                      [33mstroke-linejoin[39m=[32m"round"[39m
                      [33mstroke-width[39m=[32m"1.8"[39m
                      [33mviewBox[39m=[32m"0 0 20 20"[39m
                      [33mwidth[39m=[32m"16"[39m
                    [36m>[39m
                      [36m<path[39m
                        [33md[39m=[32m"M10 3a7 7 0 1 0 0 14 7 7 0 0 0 0-14zm0 3v4l3 2"[39m
                      [36m/>[39m
                    [36m</svg>[39m
                    [0m [0m
                    [0mPlanned[0m
                  [36m</span>[39m
                [36m</h2>[39m
                [36m<p>[39m
                  [0mAssigned actions, drafts, reviews, approvals, missing updates and upcoming deadlines.[0m
                [36m</p>[39m
              [36m</section>[39m
            [36m</div>[39m
          [36m</div>[39m
        [36m</main>[39m
      [36m</div>[39m
    [36m</div>[39m
  [36m</div>[39m
[36m</body>[39m

Ignored nodes: comments, script, style
[36m<body>[39m
  [36m<div>[39m
    [36m<div[39m
      [33mclass[39m=[32m"app"[39m
    [36m>[39m
      [36m<a[39m
        [33mclass[39m=[32m"skip-link"[39m
        [33mhref[39m=[32m"#main"[39m
      [36m>[39m
        [0mSkip to main content[0m
      [36m</a>[39m
      [36m<header[39m
        [33mclass[39m=[32m"app-header"[39m
      [36m>[39m
        [36m<button[39m
          [33maria-controls[39m=[32m"_r_4_"[39m
          [33maria-expanded[39m=[32m"false"[39m
          [33mclass[39m=[32m"button button--ghost-inverse nav-toggle"[39m
          [33mtype[39m=[32m"button"[39m
        [36m>[39m
          [36m<svg[39m
            [33maria-hidden[39m=[32m"true"[39m
            [33mclass[39m=[32m"icon"[39m
            [33mfill[39m=[32m"none"[39m
            [33mfocusable[39m=[32m"false"[39m
            [33mheight[39m=[32m"16"[39m
            [33mstroke[39m=[32m"currentColor"[39m
            [33mstroke-linecap[39m=[32m"round"[39m
            [33mstroke-linejoin[39m=[32m"round"[39m
            [33mstroke-width[39m=[32m"1.8"[39m
            [33mviewBox[39m=[32m"0 0 20 20"[39m
            [33mwidth[39m=[32m"16"[39m
          [36m>[39m
            [36m<path[39m
              [33md[39m=[32m"M3 5h14M3 10h14M3 15h14"[39m
            [36m/>[39m
          [36m</svg>[39m
          [36m<span[39m
            [33mclass[39m=[32m"visually-hidden"[39m
          [36m>[39m
            [0mShow or hide navigation[0m
          [36m</span>[39m
        [36m</button>[39m
        [36m<a[39m
          [33mclass[39m=[32m"wordmark"[39m
          [33mdata-discover[39m=[32m"true"[39m
          [33mdata-testid[39m=[32m"wordmark"[39m
          [33mhref[39m=[32m"/"[39m
        [36m>[39m
          [36m<span[39m
            [33mclass[39m=[32m"wordmark__name"[39m
          [36m>[39m
            [0mMobily Transformation Hub[0m
          [36m</span>[39m
          [36m<span[39m
            [33mclass[39m=[32m"badge badge--provisional"[39m
            [33mdata-testid[39m=[32m"provisional-badge"[39m
            [33mtitle[39m=[32m"Provisional wordmark: no official logo has been supplied. Colours are provisional design tokens, not verified Mobily brand values."[39m
          [36m>[39m
            [0mProvisional[0m
          [36m</span>[39m
          [36m<span[39m
            [33mclass[39m=[32m"visually-hidden"[39m
          [36m>[39m
            [0mProvisional wordmark: no official logo has been supplied. Colours are provisional design tokens, not verified Mobily brand values.[0m
          [36m</span>[39m
        [36m</a>[39m
        [36m<div[39m
          [33mclass[39m=[32m"app-header__spacer"[39m
        [36m/>[39m
        [36m<span[39m
          [33mclass[39m=[32m"language-switch"[39m
        [36m>[39m
          [36m<button[39m
            [33maria-label[39m=[32m"Switch language to العربية"[39m
            [33mclass[39m=[32m"button button--ghost-inverse button--small"[39m
            [33mlang[39m=[32m"ar"[39m
            [33mtype[39m=[32m"button"[39m
          [36m>[39m
            [0mالعربية[0m
          [36m</button>[39m
          [36m<span[39m
            [33mclass[39m=[32m"language-switch__notice"[39m
            [33mrole[39m=[32m"status"[39m
          [36m>[39m
            [0mLanguage changed in this browser, but it could not be saved to your profile.[0m
          [36m</span>[39m
        [36m</span>[39m
        [36m<div[39m
          [33mclass[39m=[32m"user-box"[39m
        [36m>[39m
          [36m<span[39m
            [33mclass[39m=[32m"user-box__name"[39m
          [36m>[39m
            [0mSynthetic Test User[0m
          [36m</span>[39m
          [36m<span[39m
            [33mclass[39m=[32m"user-box__org"[39m
          [36m>[39m
            [0mSynthetic Organization[0m
          [36m</span>[39m
        [36m</div>[39m
        [36m<button[39m
          [33mclass[39m=[32m"button button--ghost-inverse button--small"[39m
          [33mtype[39m=[32m"button"[39m
        [36m>[39m
          [36m<svg[39m
            [33maria-hidden[39m=[32m"true"[39m
            [33mclass[39m=[32m"icon"[39m
            [33mfill[39m=[32m"none"[39m
            [33mfocusable[39m=[32m"false"[39m
            [33mheight[39m=[32m"16"[39m
            [33mstroke[39m=[32m"currentColor"[39m
            [33mstroke-linecap[39m=[32m"round"[39m
            [33mstroke-linejoin[39m=[32m"round"[39m
            [33mstroke-width[39m=[32m"1.8"[39m
            [33mviewBox[39m=[32m"0 0 20 20"[39m
            [33mwidth[39m=[32m"16"[39m
          [36m>[39m
            [36m<path[39m
              [33md[39m=[32m"M8 4H4v12h4M12 6l4 4-4 4M16 10H8"[39m
            [36m/>[39m
          [36m</svg>[39m
          [0m [0m
          [0mSign out[0m
        [36m</button>[39m
      [36m</header>[39m
      [36m<div[39m
        [33mclass[39m=[32m"app-body"[39m
      [36m>[39m
        [36m<nav[39m
          [33maria-label[39m=[32m"Primary navigation"[39m
          [33mclass[39m=[32m"app-nav"[39m
          [33mid[39m=[32m"_r_4_"[39m
        [36m>[39m
          [36m<ul[39m
            [33mclass[39m=[32m"app-nav__list"[39m
          [36m>[39m
            [36m<li>[39m
              [36m<a[39m
                [33maria-current[39m=[32m"page"[39m
                [33mclass[39m=[32m"app-nav__link active"[39m
                [33mdata-area[39m=[32m"myWork"[39m
                [33mdata-discover[39m=[32m"true"[39m
                [33mhref[39m=[32m"/my-work"[39m
              [36m>[39m
                [36m<span>[39m
                  [0mMy Work[0m
                [36m</span>[39m
              [36m</a>[39m
            [36m</li>[39m
            [36m<li>[39m
              [36m<a[39m
                [33mclass[39m=[32m"app-nav__link"[39m
                [33mdata-area[39m=[32m"executive"[39m
                [33mdata-discover[39m=[32m"true"[39m
                [33mhref[39m=[32m"/executive-overview"[39m
              [36m>[39m
                [36m<span>[39m
                  [0mExecutive Overview[0m
                [36m</span>[39m
                [36m<span[39m
                  [33mclass[39m=[32m"app-nav__tag"[39m
                [36m>[39m
                  [0mPlanned[0m
                [36m</span>[39m
              [36m</a>[39m
            [36m</li>[39m
            [36m<li>[39m
              [36m<a[39m
                [33mclass[39m=[32m"app-nav__link"[39m
                [33mdata-area[39m=[32m"transformations"[39m
                [33mdata-discover[39m=[32m"true"[39m
                [33mhref[39m=[32m"/transformations"[39m
              [36m>[39m
                [36m<span>[39m
                  [0mTransformations[0m
                [36m</span>[39m
              [36m</a>[39m
            [36m</li>[39m
            [36m<li>[39m
              [36m<a[39m
                [33mclass[39m=[32m"app-nav__link"[39m
                [33mdata-area[39m=[32m"playbook"[39m
                [33mdata-discover[39m=[32m"true"[39m
                [33mhref[39m=[32m"/playbook"[39m
              [36m>[39m
                [36m<span>[39m
                  [0mPlaybook and Procedures[0m
                [36m</span>[39m
                [36m<span[39m
                  [33mclass[39m=[32m"app-nav__tag"[39m
                [36m>[39m
                  [0mPlanned[0m
                [36m</span>[39m
              [36m</a>[39m
            [36m</li>[39m
            [36m<li>[39m
              [36m<a[39m
                [33mclass[39m=[32m"app-nav__link"[39m
                [33mdata-area[39m=[32m"strategy"[39m
                [33mdata-discover[39m=[32m"true"[39m
                [33mhref[39m=[32m"/strategy-kpis"[39m
              [36m>[39m
                [36m<span>[39m
                  [0mStrategy and KPIs[0m
                [36m</span>[39m
              [36m</a>[39m
            [36m</li>[39m
            [36m<li>[39m
              [36m<a[39m
                [33mclass[39m=[32m"app-nav__link"[39m
                [33mdata-area[39m=[32m"tom"[39m
                [33mdata-discover[39m=[32m"true"[39m
                [33mhref[39m=[32m"/target-operating-model"[39m
              [36m>[39m
                [36m<span>[39m
                  [0mTarget Operating Model[0m
                [36m</span>[39m
              [36m</a>[39m
            [36m</li>[39m
            [36m<li>[39m
              [36m<a[39m
                [33mclass[39m=[32m"app-nav__link"[39m
                [33mdata-area[39m=[32m"initiatives"[39m
                [33mdata-discover[39m=[32m"true"[39m
                [33mhref[39m=[32m"/initiatives-roadmaps"[39m
              [36m>[39m
                [36m<span>[39m
                  [0mInitiatives and Roadmaps[0m
                [36m</span>[39m
                [36m<span[39m
                  [33mclass[39m=[32m"app-nav__tag"[39m
                [36m>[39m
                  [0mPlanned[0m
                [36m</span>[39m
              [36m</a>[39m
            [36m</li>[39m
            [36m<li>[39m
              [36m<a[39m
                [33mclass[39m=[32m"app-nav__link"[39m
                [33mdata-area[39m=[32m"governance"[39m
                [33mdata-discover[39m=[32m"true"[39m
                [33mhref[39m=[32m"/governance"[39m
              [36m>[39m
                [36m<span>[39m
                  [0mGovernance[0m
                [36m</span>[39m
              [36m</a>[39m
            [36m</li>[39m
            [36m<li>[39m
              [36m<a[39m
                [33mclass[39m=[32m"app-nav__link"[39m
                [33mdata-area[39m=[32m"risks"[39m
                [33mdata-discover[39m=[32m"true"[39m
                [33mhref[39m=[32m"/risks-actions"[39m
              [36m>[39m
                [36m<span>[39m
                  [0mRisks and Actions[0m
                [36m</span>[39m
                [36m<span[39m
                  [33mclass[39m=[32m"app-nav__tag"[39m
                [36m>[39m
                  [0mPlanned[0m
                [36m</span>[39m
              [36m</a>[39m
            [36m</li>[39m
            [36m<li>[39m
              [36m<a[39m
                [33mclass[39m=[32m"app-nav__link"[39m
                [33mdata-area[39m=[32m"benefits"[39m
                [33mdata-discover[39m=[32m"true"[39m
                [33mhref[39m=[32m"/benefits-finance"[39m
              [36m>[39m
                [36m<span>[39m
                  [0mBenefits and Finance[0m
                [36m</span>[39m
                [36m<span[39m
                  [33mclass[39m=[32m"app-nav__tag"[39m
                [36m>[39m
                  [0mPlanned[0m
                [36m</span>[39m
              [36m</a>[39m
            [36m</li>[39m
            [36m<li>[39m
              [36m<a[39m
                [33mclass[39m=[32m"app-nav__link"[39m
                [33mdata-area[39m=[32m"change"[39m
                [33mdata-discover[39m=[32m"true"[39m
                [33mhref[39m=[32m"/change-adoption"[39m
              [36m>[39m
                [36m<span>[39m
                  [0mChange and Adoption[0m
                [36m</span>[39m
                [36m<span[39m
                  [33mclass[39m=[32m"app-nav__tag"[39m
                [36m>[39m
                  [0mPlanned[0m
                [36m</span>[39m
              [36m</a>[39m
            [36m</li>[39m
            [36m<li>[39m
              [36m<a[39m
                [33mclass[39m=[32m"app-nav__link"[39m
                [33mdata-area[39m=[32m"evidence"[39m
                [33mdata-discover[39m=[32m"true"[39m
                [33mhref[39m=[32m"/evidence-reports"[39m
              [36m>[39m
                [36m<span>[39m
                  [0mEvidence and Reports[0m
                [36m</span>[39m
              [36m</a>[39m
            [36m</li>[39m
            [36m<li>[39m
              [36m<a[39m
                [33mclass[39m=[32m"app-nav__link"[39m
                [33mdata-area[39m=[32m"bau"[39m
                [33mdata-discover[39m=[32m"true"[39m
                [33mhref[39m=[32m"/bau-improvement"[39m
              [36m>[39m
                [36m<span>[39m
                  [0mBAU and Improvement[0m
                [36m</span>[39m
                [36m<span[39m
                  [33mclass[39m=[32m"app-nav__tag"[39m
                [36m>[39m
                  [0mPlanned[0m
                [36m</span>[39m
              [36m</a>[39m
            [36m</li>[39m
            [36m<li>[39m
              [36m<a[39m
                [33mclass[39m=[32m"app-nav__link"[39m
                [33mdata-area[39m=[32m"admin"[39m
                [33mdata-discover[39m=[32m"true"[39m
                [33mhref[39m=[32m"/admin"[39m
              [36m>[39m
                [36m<span>[39m
                  [0mAdministration[0m
                [36m</span>[39m
              [36m</a>[39m
            [36m</li>[39m
          [36m</ul>[39m
          [36m<p[39m
            [33mclass[39m=[32m"app-nav__footer"[39m
          [36m>[39m
            [36m<a[39m
              [33mclass[39m=[32m"app-nav__link app-nav__link--small"[39m
              [33mdata-discover[39m=[32m"true"[39m
              [33mhref[39m=[32m"/about"[39m
            [36m>[39m
              [0mAbout this product[0m
            [36m</a>[39m
          [36m</p>[39m
        [36m</nav>[39m
        [36m<main[39m
          [33mclass[39m=[32m"app-main"[39m
          [33mid[39m=[32m"main"[39m
          [33mtabindex[39m=[32m"-1"[39m
        [36m>[39m
          [36m<div[39m
            [33mclass[39m=[32m"page"[39m
          [36m>[39m
            [36m<div[39m
              [33mclass[39m=[32m"page-header"[39m
            [36m>[39m
              [36m<div[39m
                [33mclass[39m=[32m"page-header__row"[39m
              [36m>[39m
                [36m<div>[39m
                  [36m<h1[39m
                    [33mclass[39m=[32m"page-header__title"[39m
                  [36m>[39m
                    [0mWelcome, Synthetic Test User[0m
                  [36m</h1>[39m
                  [36m<p[39m
                    [33mclass[39m=[32m"page-header__subtitle"[39m
                  [36m>[39m
                    [0mYour actions, drafts, reviews and deadlines in one place.[0m
                  [36m</p>[39m
                [36m</div>[39m
              [36m</div>[39m
            [36m</div>[39m
            [36m<div[39m
              [33mclass[39m=[32m"grid grid--2"[39m
            [36m>[39m
              [36m<section[39m
                [33maria-labelledby[39m=[32m"mw-next"[39m
                [33mclass[39m=[32m"card"[39m
              [36m>[39m
                [36m<h2[39m
                  [33mclass[39m=[32m"card__title"[39m
                  [33mid[39m=[32m"mw-next"[39m
                [36m>[39m
                  [0mStart here[0m
                [36m</h2>[39m
                [36m<p[39m
                  [33mclass[39m=[32m"muted"[39m
                [36m>[39m
                  [0mYou have no business-record access yet. An access administrator assigns roles at a scope; job titles never grant access.[0m
                [36m</p>[39m
              [36m</section>[39m
              [36m<section[39m
                [33maria-labelledby[39m=[32m"mw-planned"[39m
                [33mclass[39m=[32m"card"[39m
              [36m>[39m
                [36m<h2[39m
                  [33mclass[39m=[32m"card__title"[39m
                  [33mid[39m=[32m"mw-planned"[39m
                [36m>[39m
                  [36m<span[39m
                    [33mclass[39m=[32m"lifecycle-chip lifecycle-chip--draft"[39m
                  [36m>[39m
                    [36m<svg[39m
                      [33maria-hidden[39m=[32m"true"[39m
                      [33mclass[39m=[32m"icon"[39m
                      [33mfill[39m=[32m"none"[39m
                      [33mfocusable[39m=[32m"false"[39m
                      [33mheight[39m=[32m"16"[39m
                      [33mstroke[39m=[32m"currentColor"[39m
                      [33mstroke-linecap[39m=[32m"round"[39m
                      [33mstroke-linejoin[39m=[32m"round"[39m
                      [33mstroke-width[39m=[32m"1.8"[39m
                      [33mviewBox[39m=[32m"0 0 20 20"[39m
                      [33mwidth[39m=[32m"16"[39m
                    [36m>[39m
                      [36m<path[39m
                        [33md[39m=[32m"M10 3a7 7 0 1 0 0 14 7 7 0 0 0 0-14zm0 3v4l3 2"[39m
                      [36m/>[39m
                    [36m</svg>[39m
                    [0m [0m
                    [0mPlanned[0m
                  [36m</span>[39m
                [36m</h2>[39m
                [36m<p>[39m
                  [0mAssigned actions, drafts, reviews, approvals, missing updates and upcoming deadlines.[0m
                [36m</p>[39m
              [36m</section>[39m
            [36m</div>[39m
          [36m</div>[39m
        [36m</main>[39m
      [36m</div>[39m
    [36m</div>[39m
  [36m</div>[39m
[36m</body>[39m
   × the live region and the persisted preference > a successful save never flips back to the previous language while the PUT is in flight 173ms
     → expected [ 'ar', 'en', 'ar' ] to deeply equal [ 'ar' ]
   × the live region and the persisted preference > if the persisted preference changes later and is re-applied, the notice says so in that language 5083ms
     → Unable to find an element by: [data-testid="language-not-saved"]

Ignored nodes: comments, script, style
[36m<body>[39m
  [36m<div>[39m
    [36m<div[39m
      [33mclass[39m=[32m"app"[39m
    [36m>[39m
      [36m<a[39m
        [33mclass[39m=[32m"skip-link"[39m
        [33mhref[39m=[32m"#main"[39m
      [36m>[39m
        [0mSkip to main content[0m
      [36m</a>[39m
      [36m<header[39m
        [33mclass[39m=[32m"app-header"[39m
      [36m>[39m
        [36m<button[39m
          [33maria-controls[39m=[32m"_r_6_"[39m
          [33maria-expanded[39m=[32m"false"[39m
          [33mclass[39m=[32m"button button--ghost-inverse nav-toggle"[39m
          [33mtype[39m=[32m"button"[39m
        [36m>[39m
          [36m<svg[39m
            [33maria-hidden[39m=[32m"true"[39m
            [33mclass[39m=[32m"icon"[39m
            [33mfill[39m=[32m"none"[39m
            [33mfocusable[39m=[32m"false"[39m
            [33mheight[39m=[32m"16"[39m
            [33mstroke[39m=[32m"currentColor"[39m
            [33mstroke-linecap[39m=[32m"round"[39m
            [33mstroke-linejoin[39m=[32m"round"[39m
            [33mstroke-width[39m=[32m"1.8"[39m
            [33mviewBox[39m=[32m"0 0 20 20"[39m
            [33mwidth[39m=[32m"16"[39m
          [36m>[39m
            [36m<path[39m
              [33md[39m=[32m"M3 5h14M3 10h14M3 15h14"[39m
            [36m/>[39m
          [36m</svg>[39m
          [36m<span[39m
            [33mclass[39m=[32m"visually-hidden"[39m
          [36m>[39m
            [0mShow or hide navigation[0m
          [36m</span>[39m
        [36m</button>[39m
        [36m<a[39m
          [33mclass[39m=[32m"wordmark"[39m
          [33mdata-discover[39m=[32m"true"[39m
          [33mdata-testid[39m=[32m"wordmark"[39m
          [33mhref[39m=[32m"/"[39m
        [36m>[39m
          [36m<span[39m
            [33mclass[39m=[32m"wordmark__name"[39m
          [36m>[39m
            [0mMobily Transformation Hub[0m
          [36m</span>[39m
          [36m<span[39m
            [33mclass[39m=[32m"badge badge--provisional"[39m
            [33mdata-testid[39m=[32m"provisional-badge"[39m
            [33mtitle[39m=[32m"Provisional wordmark: no official logo has been supplied. Colours are provisional design tokens, not verified Mobily brand values."[39m
          [36m>[39m
            [0mProvisional[0m
          [36m</span>[39m
          [36m<span[39m
            [33mclass[39m=[32m"visually-hidden"[39m
          [36m>[39m
            [0mProvisional wordmark: no official logo has been supplied. Colours are provisional design tokens, not verified Mobily brand values.[0m
          [36m</span>[39m
        [36m</a>[39m
        [36m<div[39m
          [33mclass[39m=[32m"app-header__spacer"[39m
        [36m/>[39m
        [36m<span[39m
          [33mclass[39m=[32m"language-switch"[39m
        [36m>[39m
          [36m<button[39m
            [33maria-label[39m=[32m"Switch language to العربية"[39m
            [33mclass[39m=[32m"button button--ghost-inverse button--small"[39m
            [33mlang[39m=[32m"ar"[39m
            [33mtype[39m=[32m"button"[39m
          [36m>[39m
            [0mالعربية[0m
          [36m</button>[39m
          [36m<span[39m
            [33mclass[39m=[32m"language-switch__notice"[39m
            [33mrole[39m=[32m"status"[39m
          [36m>[39m
            [0mLanguage changed in this browser, but it could not be saved to your profile.[0m
          [36m</span>[39m
        [36m</span>[39m
        [36m<div[39m
          [33mclass[39m=[32m"user-box"[39m
        [36m>[39m
          [36m<span[39m
            [33mclass[39m=[32m"user-box__name"[39m
          [36m>[39m
            [0mSynthetic Test User[0m
          [36m</span>[39m
          [36m<span[39m
            [33mclass[39m=[32m"user-box__org"[39m
          [36m>[39m
            [0mSynthetic Organization[0m
          [36m</span>[39m
        [36m</div>[39m
        [36m<button[39m
          [33mclass[39m=[32m"button button--ghost-inverse button--small"[39m
          [33mtype[39m=[32m"button"[39m
        [36m>[39m
          [36m<svg[39m
            [33maria-hidden[39m=[32m"true"[39m
            [33mclass[39m=[32m"icon"[39m
            [33mfill[39m=[32m"none"[39m
            [33mfocusable[39m=[32m"false"[39m
            [33mheight[39m=[32m"16"[39m
            [33mstroke[39m=[32m"currentColor"[39m
            [33mstroke-linecap[39m=[32m"round"[39m
            [33mstroke-linejoin[39m=[32m"round"[39m
            [33mstroke-width[39m=[32m"1.8"[39m
            [33mviewBox[39m=[32m"0 0 20 20"[39m
            [33mwidth[39m=[32m"16"[39m
          [36m>[39m
            [36m<path[39m
              [33md[39m=[32m"M8 4H4v12h4M12 6l4 4-4 4M16 10H8"[39m
            [36m/>[39m
          [36m</svg>[39m
          [0m [0m
          [0mSign out[0m
        [36m</button>[39m
      [36m</header>[39m
      [36m<div[39m
        [33mclass[39m=[32m"app-body"[39m
      [36m>[39m
        [36m<nav[39m
          [33maria-label[39m=[32m"Primary navigation"[39m
          [33mclass[39m=[32m"app-nav"[39m
          [33mid[39m=[32m"_r_6_"[39m
        [36m>[39m
          [36m<ul[39m
            [33mclass[39m=[32m"app-nav__list"[39m
          [36m>[39m
            [36m<li>[39m
              [36m<a[39m
                [33maria-current[39m=[32m"page"[39m
                [33mclass[39m=[32m"app-nav__link active"[39m
                [33mdata-area[39m=[32m"myWork"[39m
                [33mdata-discover[39m=[32m"true"[39m
                [33mhref[39m=[32m"/my-work"[39m
              [36m>[39m
                [36m<span>[39m
                  [0mMy Work[0m
                [36m</span>[39m
              [36m</a>[39m
            [36m</li>[39m
            [36m<li>[39m
              [36m<a[39m
                [33mclass[39m=[32m"app-nav__link"[39m
                [33mdata-area[39m=[32m"executive"[39m
                [33mdata-discover[39m=[32m"true"[39m
                [33mhref[39m=[32m"/executive-overview"[39m
              [36m>[39m
                [36m<span>[39m
                  [0mExecutive Overview[0m
                [36m</span>[39m
                [36m<span[39m
                  [33mclass[39m=[32m"app-nav__tag"[39m
                [36m>[39m
                  [0mPlanned[0m
                [36m</span>[39m
              [36m</a>[39m
            [36m</li>[39m
            [36m<li>[39m
              [36m<a[39m
                [33mclass[39m=[32m"app-nav__link"[39m
                [33mdata-area[39m=[32m"transformations"[39m
                [33mdata-discover[39m=[32m"true"[39m
                [33mhref[39m=[32m"/transformations"[39m
              [36m>[39m
                [36m<span>[39m
                  [0mTransformations[0m
                [36m</span>[39m
              [36m</a>[39m
            [36m</li>[39m
            [36m<li>[39m
              [36m<a[39m
                [33mclass[39m=[32m"app-nav__link"[39m
                [33mdata-area[39m=[32m"playbook"[39m
                [33mdata-discover[39m=[32m"true"[39m
                [33mhref[39m=[32m"/playbook"[39m
              [36m>[39m
                [36m<span>[39m
                  [0mPlaybook and Procedures[0m
                [36m</span>[39m
                [36m<span[39m
                  [33mclass[39m=[32m"app-nav__tag"[39m
                [36m>[39m
                  [0mPlanned[0m
                [36m</span>[39m
              [36m</a>[39m
            [36m</li>[39m
            [36m<li>[39m
              [36m<a[39m
                [33mclass[39m=[32m"app-nav__link"[39m
                [33mdata-area[39m=[32m"strategy"[39m
                [33mdata-discover[39m=[32m"true"[39m
                [33mhref[39m=[32m"/strategy-kpis"[39m
              [36m>[39m
                [36m<span>[39m
                  [0mStrategy and KPIs[0m
                [36m</span>[39m
              [36m</a>[39m
            [36m</li>[39m
            [36m<li>[39m
              [36m<a[39m
                [33mclass[39m=[32m"app-nav__link"[39m
                [33mdata-area[39m=[32m"tom"[39m
                [33mdata-discover[39m=[32m"true"[39m
                [33mhref[39m=[32m"/target-operating-model"[39m
              [36m>[39m
                [36m<span>[39m
                  [0mTarget Operating Model[0m
                [36m</span>[39m
              [36m</a>[39m
            [36m</li>[39m
            [36m<li>[39m
              [36m<a[39m
                [33mclass[39m=[32m"app-nav__link"[39m
                [33mdata-area[39m=[32m"initiatives"[39m
                [33mdata-discover[39m=[32m"true"[39m
                [33mhref[39m=[32m"/initiatives-roadmaps"[39m
              [36m>[39m
                [36m<span>[39m
                  [0mInitiatives and Roadmaps[0m
                [36m</span>[39m
                [36m<span[39m
                  [33mclass[39m=[32m"app-nav__tag"[39m
                [36m>[39m
                  [0mPlanned[0m
                [36m</span>[39m
              [36m</a>[39m
            [36m</li>[39m
            [36m<li>[39m
              [36m<a[39m
                [33mclass[39m=[32m"app-nav__link"[39m
                [33mdata-area[39m=[32m"governance"[39m
                [33mdata-discover[39m=[32m"true"[39m
                [33mhref[39m=[32m"/governance"[39m
              [36m>[39m
                [36m<span>[39m
                  [0mGovernance[0m
                [36m</span>[39m
              [36m</a>[39m
            [36m</li>[39m
            [36m<li>[39m
              [36m<a[39m
                [33mclass[39m=[32m"app-nav__link"[39m
                [33mdata-area[39m=[32m"risks"[39m
                [33mdata-discover[39m=[32m"true"[39m
                [33mhref[39m=[32m"/risks-actions"[39m
              [36m>[39m
                [36m<span>[39m
                  [0mRisks and Actions[0m
                [36m</span>[39m
                [36m<span[39m
                  [33mclass[39m=[32m"app-nav__tag"[39m
                [36m>[39m
                  [0mPlanned[0m
                [36m</span>[39m
              [36m</a>[39m
            [36m</li>[39m
            [36m<li>[39m
              [36m<a[39m
                [33mclass[39m=[32m"app-nav__link"[39m
                [33mdata-area[39m=[32m"benefits"[39m
                [33mdata-discover[39m=[32m"true"[39m
                [33mhref[39m=[32m"/benefits-finance"[39m
              [36m>[39m
                [36m<span>[39m
                  [0mBenefits and Finance[0m
                [36m</span>[39m
                [36m<span[39m
                  [33mclass[39m=[32m"app-nav__tag"[39m
                [36m>[39m
                  [0mPlanned[0m
                [36m</span>[39m
              [36m</a>[39m
            [36m</li>[39m
            [36m<li>[39m
              [36m<a[39m
                [33mclass[39m=[32m"app-nav__link"[39m
                [33mdata-area[39m=[32m"change"[39m
                [33mdata-discover[39m=[32m"true"[39m
                [33mhref[39m=[32m"/change-adoption"[39m
              [36m>[39m
                [36m<span>[39m
                  [0mChange and Adoption[0m
                [36m</span>[39m
                [36m<span[39m
                  [33mclass[39m=[32m"app-nav__tag"[39m
                [36m>[39m
                  [0mPlanned[0m
                [36m</span>[39m
              [36m</a>[39m
            [36m</li>[39m
            [36m<li>[39m
              [36m<a[39m
                [33mclass[39m=[32m"app-nav__link"[39m
                [33mdata-area[39m=[32m"evidence"[39m
                [33mdata-discover[39m=[32m"true"[39m
                [33mhref[39m=[32m"/evidence-reports"[39m
              [36m>[39m
                [36m<span>[39m
                  [0mEvidence and Reports[0m
                [36m</span>[39m
              [36m</a>[39m
            [36m</li>[39m
            [36m<li>[39m
              [36m<a[39m
                [33mclass[39m=[32m"app-nav__link"[39m
                [33mdata-area[39m=[32m"bau"[39m
                [33mdata-discover[39m=[32m"true"[39m
                [33mhref[39m=[32m"/bau-improvement"[39m
              [36m>[39m
                [36m<span>[39m
                  [0mBAU and Improvement[0m
                [36m</span>[39m
                [36m<span[39m
                  [33mclass[39m=[32m"app-nav__tag"[39m
                [36m>[39m
                  [0mPlanned[0m
                [36m</span>[39m
              [36m</a>[39m
            [36m</li>[39m
            [36m<li>[39m
              [36m<a[39m
                [33mclass[39m=[32m"app-nav__link"[39m
                [33mdata-area[39m=[32m"admin"[39m
                [33mdata-discover[39m=[32m"true"[39m
                [33mhref[39m=[32m"/admin"[39m
              [36m>[39m
                [36m<span>[39m
                  [0mAdministration[0m
                [36m</span>[39m
              [36m</a>[39m
            [36m</li>[39m
          [36m</ul>[39m
          [36m<p[39m
            [33mclass[39m=[32m"app-nav__footer"[39m
          [36m>[39m
            [36m<a[39m
              [33mclass[39m=[32m"app-nav__link app-nav__link--small"[39m
              [33mdata-discover[39m=[32m"true"[39m
              [33mhref[39m=[32m"/about"[39m
            [36m>[39m
              [0mAbout this product[0m
            [36m</a>[39m
          [36m</p>[39m
        [36m</nav>[39m
        [36m<main[39m
          [33mclass[39m=[32m"app-main"[39m
          [33mid[39m=[32m"main"[39m
          [33mtabindex[39m=[32m"-1"[39m
        [36m>[39m
          [36m<div[39m
            [33mclass[39m=[32m"page"[39m
          [36m>[39m
            [36m<div[39m
              [33mclass[39m=[32m"page-header"[39m
            [36m>[39m
              [36m<div[39m
                [33mclass[39m=[32m"page-header__row"[39m
              [36m>[39m
                [36m<div>[39m
                  [36m<h1[39m
                    [33mclass[39m=[32m"page-header__title"[39m
                  [36m>[39m
                    [0mWelcome, Synthetic Test User[0m
                  [36m</h1>[39m
                  [36m<p[39m
                    [33mclass[39m=[32m"page-header__subtitle"[39m
                  [36m>[39m
                    [0mYour actions, drafts, reviews and deadlines in one place.[0m
                  [36m</p>[39m
                [36m</div>[39m
              [36m</div>[39m
            [36m</div>[39m
            [36m<div[39m
              [33mclass[39m=[32m"grid grid--2"[39m
            [36m>[39m
              [36m<section[39m
                [33maria-labelledby[39m=[32m"mw-next"[39m
                [33mclass[39m=[32m"card"[39m
              [36m>[39m
                [36m<h2[39m
                  [33mclass[39m=[32m"card__title"[39m
                  [33mid[39m=[32m"mw-next"[39m
                [36m>[39m
                  [0mStart here[0m
                [36m</h2>[39m
                [36m<p[39m
                  [33mclass[39m=[32m"muted"[39m
                [36m>[39m
                  [0mYou have no business-record access yet. An access administrator assigns roles at a scope; job titles never grant access.[0m
                [36m</p>[39m
              [36m</section>[39m
              [36m<section[39m
                [33maria-labelledby[39m=[32m"mw-planned"[39m
                [33mclass[39m=[32m"card"[39m
              [36m>[39m
                [36m<h2[39m
                  [33mclass[39m=[32m"card__title"[39m
                  [33mid[39m=[32m"mw-planned"[39m
                [36m>[39m
                  [36m<span[39m
                    [33mclass[39m=[32m"lifecycle-chip lifecycle-chip--draft"[39m
                  [36m>[39m
                    [36m<svg[39m
                      [33maria-hidden[39m=[32m"true"[39m
                      [33mclass[39m=[32m"icon"[39m
                      [33mfill[39m=[32m"none"[39m
                      [33mfocusable[39m=[32m"false"[39m
                      [33mheight[39m=[32m"16"[39m
                      [33mstroke[39m=[32m"currentColor"[39m
                      [33mstroke-linecap[39m=[32m"round"[39m
                      [33mstroke-linejoin[39m=[32m"round"[39m
                      [33mstroke-width[39m=[32m"1.8"[39m
                      [33mviewBox[39m=[32m"0 0 20 20"[39m
                      [33mwidth[39m=[32m"16"[39m
                    [36m>[39m
                      [36m<path[39m
                        [33md[39m=[32m"M10 3a7 7 0 1 0 0 14 7 7 0 0 0 0-14zm0 3v4l3 2"[39m
                      [36m/>[39m
                    [36m</svg>[39m
                    [0m [0m
                    [0mPlanned[0m
                  [36m</span>[39m
                [36m</h2>[39m
                [36m<p>[39m
                  [0mAssigned actions, drafts, reviews, approvals, missing updates and upcoming deadlines.[0m
                [36m</p>[39m
              [36m</section>[39m
            [36m</div>[39m
          [36m</div>[39m
        [36m</main>[39m
      [36m</div>[39m
    [36m</div>[39m
  [36m</div>[39m
[36m</body>[39m

Ignored nodes: comments, script, style
[36m<body>[39m
  [36m<div>[39m
    [36m<div[39m
      [33mclass[39m=[32m"app"[39m
    [36m>[39m
      [36m<a[39m
        [33mclass[39m=[32m"skip-link"[39m
        [33mhref[39m=[32m"#main"[39m
      [36m>[39m
        [0mSkip to main content[0m
      [36m</a>[39m
      [36m<header[39m
        [33mclass[39m=[32m"app-header"[39m
      [36m>[39m
        [36m<button[39m
          [33maria-controls[39m=[32m"_r_6_"[39m
          [33maria-expanded[39m=[32m"false"[39m
          [33mclass[39m=[32m"button button--ghost-inverse nav-toggle"[39m
          [33mtype[39m=[32m"button"[39m
        [36m>[39m
          [36m<svg[39m
            [33maria-hidden[39m=[32m"true"[39m
            [33mclass[39m=[32m"icon"[39m
            [33mfill[39m=[32m"none"[39m
            [33mfocusable[39m=[32m"false"[39m
            [33mheight[39m=[32m"16"[39m
            [33mstroke[39m=[32m"currentColor"[39m
            [33mstroke-linecap[39m=[32m"round"[39m
            [33mstroke-linejoin[39m=[32m"round"[39m
            [33mstroke-width[39m=[32m"1.8"[39m
            [33mviewBox[39m=[32m"0 0 20 20"[39m
            [33mwidth[39m=[32m"16"[39m
          [36m>[39m
            [36m<path[39m
              [33md[39m=[32m"M3 5h14M3 10h14M3 15h14"[39m
            [36m/>[39m
          [36m</svg>[39m
          [36m<span[39m
            [33mclass[39m=[32m"visually-hidden"[39m
          [36m>[39m
            [0mShow or hide navigation[0m
          [36m</span>[39m
        [36m</button>[39m
        [36m<a[39m
          [33mclass[39m=[32m"wordmark"[39m
          [33mdata-discover[39m=[32m"true"[39m
          [33mdata-testid[39m=[32m"wordmark"[39m
          [33mhref[39m=[32m"/"[39m
        [36m>[39m
          [36m<span[39m
            [33mclass[39m=[32m"wordmark__name"[39m
          [36m>[39m
            [0mMobily Transformation Hub[0m
          [36m</span>[39m
          [36m<span[39m
            [33mclass[39m=[32m"badge badge--provisional"[39m
            [33mdata-testid[39m=[32m"provisional-badge"[39m
            [33mtitle[39m=[32m"Provisional wordmark: no official logo has been supplied. Colours are provisional design tokens, not verified Mobily brand values."[39m
          [36m>[39m
            [0mProvisional[0m
          [36m</span>[39m
          [36m<span[39m
            [33mclass[39m=[32m"visually-hidden"[39m
          [36m>[39m
            [0mProvisional wordmark: no official logo has been supplied. Colours are provisional design tokens, not verified Mobily brand values.[0m
          [36m</span>[39m
        [36m</a>[39m
        [36m<div[39m
          [33mclass[39m=[32m"app-header__spacer"[39m
        [36m/>[39m
        [36m<span[39m
          [33mclass[39m=[32m"language-switch"[39m
        [36m>[39m
          [36m<button[39m
            [33maria-label[39m=[32m"Switch language to العربية"[39m
            [33mclass[39m=[32m"button button--ghost-inverse button--small"[39m
            [33mlang[39m=[32m"ar"[39m
            [33mtype[39m=[32m"button"[39m
          [36m>[39m
            [0mالعربية[0m
          [36m</button>[39m
          [36m<span[39m
            [33mclass[39m=[32m"language-switch__notice"[39m
            [33mrole[39m=[32m"status"[39m
          [36m>[39m
            [0mLanguage changed in this browser, but it could not be saved to your profile.[0m
          [36m</span>[39m
        [36m</span>[39m
        [36m<div[39m
          [33mclass[39m=[32m"user-box"[39m
        [36m>[39m
          [36m<span[39m
            [33mclass[39m=[32m"user-box__name"[39m
          [36m>[39m
            [0mSynthetic Test User[0m
          [36m</span>[39m
          [36m<span[39m
            [33mclass[39m=[32m"user-box__org"[39m
          [36m>[39m
            [0mSynthetic Organization[0m
          [36m</span>[39m
        [36m</div>[39m
        [36m<button[39m
          [33mclass[39m=[32m"button button--ghost-inverse button--small"[39m
          [33mtype[39m=[32m"button"[39m
        [36m>[39m
          [36m<svg[39m
            [33maria-hidden[39m=[32m"true"[39m
            [33mclass[39m=[32m"icon"[39m
            [33mfill[39m=[32m"none"[39m
            [33mfocusable[39m=[32m"false"[39m
            [33mheight[39m=[32m"16"[39m
            [33mstroke[39m=[32m"currentColor"[39m
            [33mstroke-linecap[39m=[32m"round"[39m
            [33mstroke-linejoin[39m=[32m"round"[39m
            [33mstroke-width[39m=[32m"1.8"[39m
            [33mviewBox[39m=[32m"0 0 20 20"[39m
            [33mwidth[39m=[32m"16"[39m
          [36m>[39m
            [36m<path[39m
              [33md[39m=[32m"M8 4H4v12h4M12 6l4 4-4 4M16 10H8"[39m
            [36m/>[39m
          [36m</svg>[39m
          [0m [0m
          [0mSign out[0m
        [36m</button>[39m
      [36m</header>[39m
      [36m<div[39m
        [33mclass[39m=[32m"app-body"[39m
      [36m>[39m
        [36m<nav[39m
          [33maria-label[39m=[32m"Primary navigation"[39m
          [33mclass[39m=[32m"app-nav"[39m
          [33mid[39m=[32m"_r_6_"[39m
        [36m>[39m
          [36m<ul[39m
            [33mclass[39m=[32m"app-nav__list"[39m
          [36m>[39m
            [36m<li>[39m
              [36m<a[39m
                [33maria-current[39m=[32m"page"[39m
                [33mclass[39m=[32m"app-nav__link active"[39m
                [33mdata-area[39m=[32m"myWork"[39m
                [33mdata-discover[39m=[32m"true"[39m
                [33mhref[39m=[32m"/my-work"[39m
              [36m>[39m
                [36m<span>[39m
                  [0mMy Work[0m
                [36m</span>[39m
              [36m</a>[39m
            [36m</li>[39m
            [36m<li>[39m
              [36m<a[39m
                [33mclass[39m=[32m"app-nav__link"[39m
                [33mdata-area[39m=[32m"executive"[39m
                [33mdata-discover[39m=[32m"true"[39m
                [33mhref[39m=[32m"/executive-overview"[39m
              [36m>[39m
                [36m<span>[39m
                  [0mExecutive Overview[0m
                [36m</span>[39m
                [36m<span[39m
                  [33mclass[39m=[32m"app-nav__tag"[39m
                [36m>[39m
                  [0mPlanned[0m
                [36m</span>[39m
              [36m</a>[39m
            [36m</li>[39m
            [36m<li>[39m
              [36m<a[39m
                [33mclass[39m=[32m"app-nav__link"[39m
                [33mdata-area[39m=[32m"transformations"[39m
                [33mdata-discover[39m=[32m"true"[39m
                [33mhref[39m=[32m"/transformations"[39m
              [36m>[39m
                [36m<span>[39m
                  [0mTransformations[0m
                [36m</span>[39m
              [36m</a>[39m
            [36m</li>[39m
            [36m<li>[39m
              [36m<a[39m
                [33mclass[39m=[32m"app-nav__link"[39m
                [33mdata-area[39m=[32m"playbook"[39m
                [33mdata-discover[39m=[32m"true"[39m
                [33mhref[39m=[32m"/playbook"[39m
              [36m>[39m
                [36m<span>[39m
                  [0mPlaybook and Procedures[0m
                [36m</span>[39m
                [36m<span[39m
                  [33mclass[39m=[32m"app-nav__tag"[39m
                [36m>[39m
                  [0mPlanned[0m
                [36m</span>[39m
              [36m</a>[39m
            [36m</li>[39m
            [36m<li>[39m
              [36m<a[39m
                [33mclass[39m=[32m"app-nav__link"[39m
                [33mdata-area[39m=[32m"strategy"[39m
                [33mdata-discover[39m=[32m"true"[39m
                [33mhref[39m=[32m"/strategy-kpis"[39m
              [36m>[39m
                [36m<span>[39m
                  [0mStrategy and KPIs[0m
                [36m</span>[39m
              [36m</a>[39m
            [36m</li>[39m
            [36m<li>[39m
              [36m<a[39m
                [33mclass[39m=[32m"app-nav__link"[39m
                [33mdata-area[39m=[32m"tom"[39m
                [33mdata-discover[39m=[32m"true"[39m
                [33mhref[39m=[32m"/target-operating-model"[39m
              [36m>[39m
                [36m<span>[39m
                  [0mTarget Operating Model[0m
                [36m</span>[39m
              [36m</a>[39m
            [36m</li>[39m
            [36m<li>[39m
              [36m<a[39m
                [33mclass[39m=[32m"app-nav__link"[39m
                [33mdata-area[39m=[32m"initiatives"[39m
                [33mdata-discover[39m=[32m"true"[39m
                [33mhref[39m=[32m"/initiatives-roadmaps"[39m
              [36m>[39m
                [36m<span>[39m
                  [0mInitiatives and Roadmaps[0m
                [36m</span>[39m
                [36m<span[39m
                  [33mclass[39m=[32m"app-nav__tag"[39m
                [36m>[39m
                  [0mPlanned[0m
                [36m</span>[39m
              [36m</a>[39m
            [36m</li>[39m
            [36m<li>[39m
              [36m<a[39m
                [33mclass[39m=[32m"app-nav__link"[39m
                [33mdata-area[39m=[32m"governance"[39m
                [33mdata-discover[39m=[32m"true"[39m
                [33mhref[39m=[32m"/governance"[39m
              [36m>[39m
                [36m<span>[39m
                  [0mGovernance[0m
                [36m</span>[39m
              [36m</a>[39m
            [36m</li>[39m
            [36m<li>[39m
              [36m<a[39m
                [33mclass[39m=[32m"app-nav__link"[39m
                [33mdata-area[39m=[32m"risks"[39m
                [33mdata-discover[39m=[32m"true"[39m
                [33mhref[39m=[32m"/risks-actions"[39m
              [36m>[39m
                [36m<span>[39m
                  [0mRisks and Actions[0m
                [36m</span>[39m
                [36m<span[39m
                  [33mclass[39m=[32m"app-nav__tag"[39m
                [36m>[39m
                  [0mPlanned[0m
                [36m</span>[39m
              [36m</a>[39m
            [36m</li>[39m
            [36m<li>[39m
              [36m<a[39m
                [33mclass[39m=[32m"app-nav__link"[39m
                [33mdata-area[39m=[32m"benefits"[39m
                [33mdata-discover[39m=[32m"true"[39m
                [33mhref[39m=[32m"/benefits-finance"[39m
              [36m>[39m
                [36m<span>[39m
                  [0mBenefits and Finance[0m
                [36m</span>[39m
                [36m<span[39m
                  [33mclass[39m=[32m"app-nav__tag"[39m
                [36m>[39m
                  [0mPlanned[0m
                [36m</span>[39m
              [36m</a>[39m
            [36m</li>[39m
            [36m<li>[39m
              [36m<a[39m
                [33mclass[39m=[32m"app-nav__link"[39m
                [33mdata-area[39m=[32m"change"[39m
                [33mdata-discover[39m=[32m"true"[39m
                [33mhref[39m=[32m"/change-adoption"[39m
              [36m>[39m
                [36m<span>[39m
                  [0mChange and Adoption[0m
                [36m</span>[39m
                [36m<span[39m
                  [33mclass[39m=[32m"app-nav__tag"[39m
                [36m>[39m
                  [0mPlanned[0m
                [36m</span>[39m
              [36m</a>[39m
            [36m</li>[39m
            [36m<li>[39m
              [36m<a[39m
                [33mclass[39m=[32m"app-nav__link"[39m
                [33mdata-area[39m=[32m"evidence"[39m
                [33mdata-discover[39m=[32m"true"[39m
                [33mhref[39m=[32m"/evidence-reports"[39m
              [36m>[39m
                [36m<span>[39m
                  [0mEvidence and Reports[0m
                [36m</span>[39m
              [36m</a>[39m
            [36m</li>[39m
            [36m<li>[39m
              [36m<a[39m
                [33mclass[39m=[32m"app-nav__link"[39m
                [33mdata-area[39m=[32m"bau"[39m
                [33mdata-discover[39m=[32m"true"[39m
                [33mhref[39m=[32m"/bau-improvement"[39m
              [36m>[39m
                [36m<span>[39m
                  [0mBAU and Improvement[0m
                [36m</span>[39m
                [36m<span[39m
                  [33mclass[39m=[32m"app-nav__tag"[39m
                [36m>[39m
                  [0mPlanned[0m
                [36m</span>[39m
              [36m</a>[39m
            [36m</li>[39m
            [36m<li>[39m
              [36m<a[39m
                [33mclass[39m=[32m"app-nav__link"[39m
                [33mdata-area[39m=[32m"admin"[39m
                [33mdata-discover[39m=[32m"true"[39m
                [33mhref[39m=[32m"/admin"[39m
              [36m>[39m
                [36m<span>[39m
                  [0mAdministration[0m
                [36m</span>[39m
              [36m</a>[39m
            [36m</li>[39m
          [36m</ul>[39m
          [36m<p[39m
            [33mclass[39m=[32m"app-nav__footer"[39m
          [36m>[39m
            [36m<a[39m
              [33mclass[39m=[32m"app-nav__link app-nav__link--small"[39m
              [33mdata-discover[39m=[32m"true"[39m
              [33mhref[39m=[32m"/about"[39m
            [36m>[39m
              [0mAbout this product[0m
            [36m</a>[39m
          [36m</p>[39m
        [36m</nav>[39m
        [36m<main[39m
          [33mclass[39m=[32m"app-main"[39m
          [33mid[39m=[32m"main"[39m
          [33mtabindex[39m=[32m"-1"[39m
        [36m>[39m
          [36m<div[39m
            [33mclass[39m=[32m"page"[39m
          [36m>[39m
            [36m<div[39m
              [33mclass[39m=[32m"page-header"[39m
            [36m>[39m
              [36m<div[39m
                [33mclass[39m=[32m"page-header__row"[39m
              [36m>[39m
                [36m<div>[39m
                  [36m<h1[39m
                    [33mclass[39m=[32m"page-header__title"[39m
                  [36m>[39m
                    [0mWelcome, Synthetic Test User[0m
                  [36m</h1>[39m
                  [36m<p[39m
                    [33mclass[39m=[32m"page-header__subtitle"[39m
                  [36m>[39m
                    [0mYour actions, drafts, reviews and deadlines in one place.[0m
                  [36m</p>[39m
                [36m</div>[39m
              [36m</div>[39m
            [36m</div>[39m
            [36m<div[39m
              [33mclass[39m=[32m"grid grid--2"[39m
            [36m>[39m
              [36m<section[39m
                [33maria-labelledby[39m=[32m"mw-next"[39m
                [33mclass[39m=[32m"card"[39m
              [36m>[39m
                [36m<h2[39m
                  [33mclass[39m=[32m"card__title"[39m
                  [33mid[39m=[32m"mw-next"[39m
                [36m>[39m
                  [0mStart here[0m
                [36m</h2>[39m
                [36m<p[39m
                  [33mclass[39m=[32m"muted"[39m
                [36m>[39m
                  [0mYou have no business-record access yet. An access administrator assigns roles at a scope; job titles never grant access.[0m
                [36m</p>[39m
              [36m</section>[39m
              [36m<section[39m
                [33maria-labelledby[39m=[32m"mw-planned"[39m
                [33mclass[39m=[32m"card"[39m
              [36m>[39m
                [36m<h2[39m
                  [33mclass[39m=[32m"card__title"[39m
                  [33mid[39m=[32m"mw-planned"[39m
                [36m>[39m
                  [36m<span[39m
                    [33mclass[39m=[32m"lifecycle-chip lifecycle-chip--draft"[39m
                  [36m>[39m
                    [36m<svg[39m
                      [33maria-hidden[39m=[32m"true"[39m
                      [33mclass[39m=[32m"icon"[39m
                      [33mfill[39m=[32m"none"[39m
                      [33mfocusable[39m=[32m"false"[39m
                      [33mheight[39m=[32m"16"[39m
                      [33mstroke[39m=[32m"currentColor"[39m
                      [33mstroke-linecap[39m=[32m"round"[39m
                      [33mstroke-linejoin[39m=[32m"round"[39m
                      [33mstroke-width[39m=[32m"1.8"[39m
                      [33mviewBox[39m=[32m"0 0 20 20"[39m
                      [33mwidth[39m=[32m"16"[39m
                    [36m>[39m
                      [36m<path[39m
                        [33md[39m=[32m"M10 3a7 7 0 1 0 0 14 7 7 0 0 0 0-14zm0 3v4l3 2"[39m
                      [36m/>[39m
                    [36m</svg>[39m
                    [0m [0m
                    [0mPlanned[0m
                  [36m</span>[39m
                [36m</h2>[39m
                [36m<p>[39m
                  [0mAssigned actions, drafts, reviews, approvals, missing updates and upcoming deadlines.[0m
                [36m</p>[39m
              [36m</section>[39m
            [36m</div>[39m
          [36m</div>[39m
        [36m</main>[39m
      [36m</div>[39m
    [36m</div>[39m
  [36m</div>[39m
[36m</body>[39m
   ✓ the live region and the persisted preference > the signed-out sign-in page has no live region (and so no competing status) 18ms

⎯⎯⎯⎯⎯⎯⎯ Failed Tests 7 ⎯⎯⎯⎯⎯⎯⎯

 FAIL  |unit-web| src/components/LanguageSwitch.test.tsx > a refused language save, 'en' → other ('403 csrf') > keeps ar on screen and says, in ar, that it was not saved
TestingLibraryElementError: Unable to find an element by: [data-testid="language-not-saved"]

Ignored nodes: comments, script, style
[36m<body>[39m
  [36m<div>[39m
    [36m<div[39m
      [33mclass[39m=[32m"app"[39m
    [36m>[39m
      [36m<a[39m
        [33mclass[39m=[32m"skip-link"[39m
        [33mhref[39m=[32m"#main"[39m
      [36m>[39m
        [0mSkip to main content[0m
      [36m</a>[39m
      [36m<header[39m
        [33mclass[39m=[32m"app-header"[39m
      [36m>[39m
        [36m<button[39m
          [33maria-controls[39m=[32m"_r_0_"[39m
          [33maria-expanded[39m=[32m"false"[39m
          [33mclass[39m=[32m"button button--ghost-inverse nav-toggle"[39m
          [33mtype[39m=[32m"button"[39m
        [36m>[39m
          [36m<svg[39m
            [33maria-hidden[39m=[32m"true"[39m
            [33mclass[39m=[32m"icon"[39m
            [33mfill[39m=[32m"none"[39m
            [33mfocusable[39m=[32m"false"[39m
            [33mheight[39m=[32m"16"[39m
            [33mstroke[39m=[32m"currentColor"[39m
            [33mstroke-linecap[39m=[32m"round"[39m
            [33mstroke-linejoin[39m=[32m"round"[39m
            [33mstroke-width[39m=[32m"1.8"[39m
            [33mviewBox[39m=[32m"0 0 20 20"[39m
            [33mwidth[39m=[32m"16"[39m
          [36m>[39m
            [36m<path[39m
              [33md[39m=[32m"M3 5h14M3 10h14M3 15h14"[39m
            [36m/>[39m
          [36m</svg>[39m
          [36m<span[39m
            [33mclass[39m=[32m"visually-hidden"[39m
          [36m>[39m
            [0mShow or hide navigation[0m
          [36m</span>[39m
        [36m</button>[39m
        [36m<a[39m
          [33mclass[39m=[32m"wordmark"[39m
          [33mdata-discover[39m=[32m"true"[39m
          [33mdata-testid[39m=[32m"wordmark"[39m
          [33mhref[39m=[32m"/"[39m
        [36m>[39m
          [36m<span[39m
            [33mclass[39m=[32m"wordmark__name"[39m
          [36m>[39m
            [0mMobily Transformation Hub[0m
          [36m</span>[39m
          [36m<span[39m
            [33mclass[39m=[32m"badge badge--provisional"[39m
            [33mdata-testid[39m=[32m"provisional-badge"[39m
            [33mtitle[39m=[32m"Provisional wordmark: no official logo has been supplied. Colours are provisional design tokens, not verified Mobily brand values."[39m
          [36m>[39m
            [0mProvisional[0m
          [36m</span>[39m
          [36m<span[39m
            [33mclass[39m=[32m"visually-hidden"[39m
          [36m>[39m
            [0mProvisional wordmark: no official logo has been supplied. Colours are provisional design tokens, not verified Mobily brand values.[0m
          [36m</span>[39m
        [36m</a>[39m
        [36m<div[39m
          [33mclass[39m=[32m"app-header__spacer"[39m
        [36m/>[39m
        [36m<span[39m
          [33mclass[39m=[32m"language-switch"[39m
        [36m>[39m
          [36m<button[39m
            [33maria-label[39m=[32m"Switch language to العربية"[39m
            [33mclass[39m=[32m"button button--ghost-inverse button--small"[39m
            [33mlang[39m=[32m"ar"[39m
            [33mtype[39m=[32m"button"[39m
          [36m>[39m
            [0mالعربية[0m
          [36m</button>[39m
          [36m<span[39m
            [33mclass[39m=[32m"language-switch__notice"[39m
            [33mrole[39m=[32m"status"[39m
          [36m>[39m
            [0mLanguage changed in this browser, but it could not be saved to your profile.[0m
          [36m</span>[39m
        [36m</span>[39m
        [36m<div[39m
          [33mclass[39m=[32m"user-box"[39m
        [36m>[39m
          [36m<span[39m
            [33mclass[39m=[32m"user-box__name"[39m
          [36m>[39m
            [0mSynthetic Test User[0m
          [36m</span>[39m
          [36m<span[39m
            [33mclass[39m=[32m"user-box__org"[39m
          [36m>[39m
            [0mSynthetic Organization[0m
          [36m</span>[39m
        [36m</div>[39m
        [36m<button[39m
          [33mclass[39m=[32m"button button--ghost-inverse button--small"[39m
          [33mtype[39m=[32m"button"[39m
        [36m>[39m
          [36m<svg[39m
            [33maria-hidden[39m=[32m"true"[39m
            [33mclass[39m=[32m"icon"[39m
            [33mfill[39m=[32m"none"[39m
            [33mfocusable[39m=[32m"false"[39m
            [33mheight[39m=[32m"16"[39m
            [33mstroke[39m=[32m"currentColor"[39m
            [33mstroke-linecap[39m=[32m"round"[39m
            [33mstroke-linejoin[39m=[32m"round"[39m
            [33mstroke-width[39m=[32m"1.8"[39m
            [33mviewBox[39m=[32m"0 0 20 20"[39m
            [33mwidth[39m=[32m"16"[39m
          [36m>[39m
            [36m<path[39m
              [33md[39m=[32m"M8 4H4v12h4M12 6l4 4-4 4M16 10H8"[39m
            [36m/>[39m
          [36m</svg>[39m
          [0m [0m
          [0mSign out[0m
        [36m</button>[39m
      [36m</header>[39m
      [36m<div[39m
        [33mclass[39m=[32m"app-body"[39m
      [36m>[39m
        [36m<nav[39m
          [33maria-label[39m=[32m"Primary navigation"[39m
          [33mclass[39m=[32m"app-nav"[39m
          [33mid[39m=[32m"_r_0_"[39m
        [36m>[39m
          [36m<ul[39m
            [33mclass[39m=[32m"app-nav__list"[39m
          [36m>[39m
            [36m<li>[39m
              [36m<a[39m
                [33maria-current[39m=[32m"page"[39m
                [33mclass[39m=[32m"app-nav__link active"[39m
                [33mdata-area[39m=[32m"myWork"[39m
                [33mdata-discover[39m=[32m"true"[39m
                [33mhref[39m=[32m"/my-work"[39m
              [36m>[39m
                [36m<span>[39m
                  [0mMy Work[0m
                [36m</span>[39m
              [36m</a>[39m
            [36m</li>[39m
            [36m<li>[39m
              [36m<a[39m
                [33mclass[39m=[32m"app-nav__link"[39m
                [33mdata-area[39m=[32m"executive"[39m
                [33mdata-discover[39m=[32m"true"[39m
                [33mhref[39m=[32m"/executive-overview"[39m
              [36m>[39m
                [36m<span>[39m
                  [0mExecutive Overview[0m
                [36m</span>[39m
                [36m<span[39m
                  [33mclass[39m=[32m"app-nav__tag"[39m
                [36m>[39m
                  [0mPlanned[0m
                [36m</span>[39m
              [36m</a>[39m
            [36m</li>[39m
            [36m<li>[39m
              [36m<a[39m
                [33mclass[39m=[32m"app-nav__link"[39m
                [33mdata-area[39m=[32m"transformations"[39m
                [33mdata-discover[39m=[32m"true"[39m
                [33mhref[39m=[32m"/transformations"[39m
              [36m>[39m
                [36m<span>[39m
                  [0mTransformations[0m
                [36m</span>[39m
              [36m</a>[39m
            [36m</li>[39m
            [36m<li>[39m
              [36m<a[39m
                [33mclass[39m=[32m"app-nav__link"[39m
                [33mdata-area[39m=[32m"playbook"[39m
                [33mdata-discover[39m=[32m"true"[39m
                [33mhref[39m=[32m"/playbook"[39m
              [36m>[39m
                [36m<span>[39m
                  [0mPlaybook and Procedures[0m
                [36m</span>[39m
                [36m<span[39m
                  [33mclass[39m=[32m"app-nav__tag"[39m
                [36m>[39m
                  [0mPlanned[0m
                [36m</span>[39m
              [36m</a>[39m
            [36m</li>[39m
            [36m<li>[39m
              [36m<a[39m
                [33mclass[39m=[32m"app-nav__link"[39m
                [33mdata-area[39m=[32m"strategy"[39m
                [33mdata-discover[39m=[32m"true"[39m
                [33mhref[39m=[32m"/strategy-kpis"[39m
              [36m>[39m
                [36m<span>[39m
                  [0mStrategy and KPIs[0m
                [36m</span>[39m
              [36m</a>[39m
            [36m</li>[39m
            [36m<li>[39m
              [36m<a[39m
                [33mclass[39m=[32m"app-nav__link"[39m
                [33mdata-area[39m=[32m"tom"[39m
                [33mdata-discover[39m=[32m"true"[39m
                [33mhref[39m=[32m"/target-operating-model"[39m
              [36m>[39m
                [36m<span>[39m
                  [0mTarget Operating Model[0m
                [36m</span>[39m
              [36m</a>[39m
            [36m</li>[39m
            [36m<li>[39m
              [36m<a[39m
                [33mclass[39m=[32m"app-nav__link"[39m
                [33mdata-area[39m=[32m"initiatives"[39m
                [33mdata-discover[39m=[32m"true"[39m
                [33mhref[39m=[32m"/initiatives-roadmaps"[39m
              [36m>[39m
                [36m<span>[39m
                  [0mInitiatives and Roadmaps[0m
                [36m</span>[39m
                [36m<span[39m
                  [33mclass[39m=[32m"app-nav__tag"[39m
                [36m>[39m
                  [0mPlanned[0m
                [36m</span>[39m
              [36m</a>[39m
            [36m</li>[39m
            [36m<li>[39m
              [36m<a[39m
                [33mclass[39m=[32m"app-nav__link"[39m
                [33mdata-area[39m=[32m"governance"[39m
                [33mdata-discover[39m=[32m"true"[39m
                [33mhref[39m=[32m"/governance"[39m
              [36m>[39m
                [36m<span>[39m
                  [0mGovernance[0m
                [36m</span>[39m
              [36m</a>[39m
            [36m</li>[39m
            [36m<li>[39m
              [36m<a[39m
                [33mclass[39m=[32m"app-nav__link"[39m
                [33mdata-area[39m=[32m"risks"[39m
                [33mdata-discover[39m=[32m"true"[39m
                [33mhref[39m=[32m"/risks-actions"[39m
              [36m>[39m
                [36m<span>[39m
                  [0mRisks and Actions[0m
                [36m</span>[39m
                [36m<span[39m
                  [33mclass[39m=[32m"app-nav__tag"[39m
                [36m>[39m
                  [0mPlanned[0m
                [36m</span>[39m
              [36m</a>[39m
            [36m</li>[39m
            [36m<li>[39m
              [36m<a[39m
                [33mclass[39m=[32m"app-nav__link"[39m
                [33mdata-area[39m=[32m"benefits"[39m
                [33mdata-discover[39m=[32m"true"[39m
                [33mhref[39m=[32m"/benefits-finance"[39m
              [36m>[39m
                [36m<span>[39m
                  [0mBenefits and Finance[0m
                [36m</span>[39m
                [36m<span[39m
                  [33mclass[39m=[32m"app-nav__tag"[39m
                [36m>[39m
                  [0mPlanned[0m
                [36m</span>[39m
              [36m</a>[39m
            [36m</li>[39m
            [36m<li>[39m
              [36m<a[39m
                [33mclass[39m=[32m"app-nav__link"[39m
                [33mdata-area[39m=[32m"change"[39m
                [33mdata-discover[39m=[32m"true"[39m
                [33mhref[39m=[32m"/change-adoption"[39m
              [36m>[39m
                [36m<span>[39m
                  [0mChange and Adoption[0m
                [36m</span>[39m
                [36m<span[39m
                  [33mclass[39m=[32m"app-nav__tag"[39m
                [36m>[39m
                  [0mPlanned[0m
                [36m</span>[39m
              [36m</a>[39m
            [36m</li>[39m
            [36m<li>[39m
              [36m<a[39m
                [33mclass[39m=[32m"app-nav__link"[39m
                [33mdata-area[39m=[32m"evidence"[39m
                [33mdata-discover[39m=[32m"true"[39m
                [33mhref[39m=[32m"/evidence-reports"[39m
              [36m>[39m
                [36m<span>[39m
                  [0mEvidence and Reports[0m
                [36m</span>[39m
              [36m</a>[39m
            [36m</li>[39m
            [36m<li>[39m
              [36m<a[39m
                [33mclass[39m=[32m"app-nav__link"[39m
                [33mdata-area[39m=[32m"bau"[39m
                [33mdata-discover[39m=[32m"true"[39m
                [33mhref[39m=[32m"/bau-improvement"[39m
              [36m>[39m
                [36m<span>[39m
                  [0mBAU and Improvement[0m
                [36m</span>[39m
                [36m<span[39m
                  [33mclass[39m=[32m"app-nav__tag"[39m
                [36m>[39m
                  [0mPlanned[0m
                [36m</span>[39m
              [36m</a>[39m
            [36m</li>[39m
            [36m<li>[39m
              [36m<a[39m
                [33mclass[39m=[32m"app-nav__link"[39m
                [33mdata-area[39m=[32m"admin"[39m
                [33mdata-discover[39m=[32m"true"[39m
                [33mhref[39m=[32m"/admin"[39m
              [36m>[39m
                [36m<span>[39m
                  [0mAdministration[0m
                [36m</span>[39m
              [36m</a>[39m
            [36m</li>[39m
          [36m</ul>[39m
          [36m<p[39m
            [33mclass[39m=[32m"app-nav__footer"[39m
          [36m>[39m
            [36m<a[39m
              [33mclass[39m=[32m"app-nav__link app-nav__link--small"[39m
              [33mdata-discover[39m=[32m"true"[39m
              [33mhref[39m=[32m"/about"[39m
            [36m>[39m
              [0mAbout this product[0m
            [36m</a>[39m
          [36m</p>[39m
        [36m</nav>[39m
        [36m<main[39m
          [33mclass[39m=[32m"app-main"[39m
          [33mid[39m=[32m"main"[39m
          [33mtabindex[39m=[32m"-1"[39m
        [36m>[39m
          [36m<div[39m
            [33mclass[39m=[32m"page"[39m
          [36m>[39m
            [36m<div[39m
              [33mclass[39m=[32m"page-header"[39m
            [36m>[39m
              [36m<div[39m
                [33mclass[39m=[32m"page-header__row"[39m
              [36m>[39m
                [36m<div>[39m
                  [36m<h1[39m
                    [33mclass[39m=[32m"page-header__title"[39m
                  [36m>[39m
                    [0mWelcome, Synthetic Test User[0m
                  [36m</h1>[39m
                  [36m<p[39m
                    [33mclass[39m=[32m"page-header__subtitle"[39m
                  [36m>[39m
                    [0mYour actions, drafts, reviews and deadlines in one place.[0m
                  [36m</p>[39m
                [36m</div>[39m
              [36m</div>[39m
            [36m</div>[39m
            [36m<div[39m
              [33mclass[39m=[32m"grid grid--2"[39m
            [36m>[39m
              [36m<section[39m
                [33maria-labelledby[39m=[32m"mw-next"[39m
                [33mclass[39m=[32m"card"[39m
              [36m>[39m
                [36m<h2[39m
                  [33mclass[39m=[32m"card__title"[39m
                  [33mid[39m=[32m"mw-next"[39m
                [36m>[39m
                  [0mStart here[0m
                [36m</h2>[39m
                [36m<p[39m
                  [33mclass[39m=[32m"muted"[39m
                [36m>[39m
                  [0mYou have no business-record access yet. An access administrator assigns roles at a scope; job titles never grant access.[0m
                [36m</p>[39m
              [36m</section>[39m
              [36m<section[39m
                [33maria-labelledby[39m=[32m"mw-planned"[39m
                [33mclass[39m=[32m"card"[39m
              [36m>[39m
                [36m<h2[39m
                  [33mclass[39m=[32m"card__title"[39m
                  [33mid[39m=[32m"mw-planned"[39m
                [36m>[39m
                  [36m<span[39m
                    [33mclass[39m=[32m"lifecycle-chip lifecycle-chip--draft"[39m
                  [36m>[39m
                    [36m<svg[39m
                      [33maria-hidden[39m=[32m"true"[39m
                      [33mclass[39m=[32m"icon"[39m
                      [33mfill[39m=[32m"none"[39m
                      [33mfocusable[39m=[32m"false"[39m
                      [33mheight[39m=[32m"16"[39m
                      [33mstroke[39m=[32m"currentColor"[39m
                      [33mstroke-linecap[39m=[32m"round"[39m
                      [33mstroke-linejoin[39m=[32m"round"[39m
                      [33mstroke-width[39m=[32m"1.8"[39m
                      [33mviewBox[39m=[32m"0 0 20 20"[39m
                      [33mwidth[39m=[32m"16"[39m
                    [36m>[39m
                      [36m<path[39m
                        [33md[39m=[32m"M10 3a7 7 0 1 0 0 14 7 7 0 0 0 0-14zm0 3v4l3 2"[39m
                      [36m/>[39m
                    [36m</svg>[39m
                    [0m [0m
                    [0mPlanned[0m
                  [36m</span>[39m
                [36m</h2>[39m
                [36m<p>[39m
                  [0mAssigned actions, drafts, reviews, approvals, missing updates and upcoming deadlines.[0m
                [36m</p>[39m
              [36m</section>[39m
            [36m</div>[39m
          [36m</div>[39m
        [36m</main>[39m
      [36m</div>[39m
    [36m</div>[39m
  [36m</div>[39m
[36m</body>[39m

Ignored nodes: comments, script, style
[36m<body>[39m
  [36m<div>[39m
    [36m<div[39m
      [33mclass[39m=[32m"app"[39m
    [36m>[39m
      [36m<a[39m
        [33mclass[39m=[32m"skip-link"[39m
        [33mhref[39m=[32m"#main"[39m
      [36m>[39m
        [0mSkip to main content[0m
      [36m</a>[39m
      [36m<header[39m
        [33mclass[39m=[32m"app-header"[39m
      [36m>[39m
        [36m<button[39m
          [33maria-controls[39m=[32m"_r_0_"[39m
          [33maria-expanded[39m=[32m"false"[39m
          [33mclass[39m=[32m"button button--ghost-inverse nav-toggle"[39m
          [33mtype[39m=[32m"button"[39m
        [36m>[39m
          [36m<svg[39m
            [33maria-hidden[39m=[32m"true"[39m
            [33mclass[39m=[32m"icon"[39m
            [33mfill[39m=[32m"none"[39m
            [33mfocusable[39m=[32m"false"[39m
            [33mheight[39m=[32m"16"[39m
            [33mstroke[39m=[32m"currentColor"[39m
            [33mstroke-linecap[39m=[32m"round"[39m
            [33mstroke-linejoin[39m=[32m"round"[39m
            [33mstroke-width[39m=[32m"1.8"[39m
            [33mviewBox[39m=[32m"0 0 20 20"[39m
            [33mwidth[39m=[32m"16"[39m
          [36m>[39m
            [36m<path[39m
              [33md[39m=[32m"M3 5h14M3 10h14M3 15h14"[39m
            [36m/>[39m
          [36m</svg>[39m
          [36m<span[39m
            [33mclass[39m=[32m"visually-hidden"[39m
          [36m>[39m
            [0mShow or hide navigation[0m
          [36m</span>[39m
        [36m</button>[39m
        [36m<a[39m
          [33mclass[39m=[32m"wordmark"[39m
          [33mdata-discover[39m=[32m"true"[39m
          [33mdata-testid[39m=[32m"wordmark"[39m
          [33mhref[39m=[32m"/"[39m
        [36m>[39m
          [36m<span[39m
            [33mclass[39m=[32m"wordmark__name"[39m
          [36m>[39m
            [0mMobily Transformation Hub[0m
          [36m</span>[39m
          [36m<span[39m
            [33mclass[39m=[32m"badge badge--provisional"[39m
            [33mdata-testid[39m=[32m"provisional-badge"[39m
            [33mtitle[39m=[32m"Provisional wordmark: no official logo has been supplied. Colours are provisional design tokens, not verified Mobily brand values."[39m
          [36m>[39m
            [0mProvisional[0m
          [36m</span>[39m
          [36m<span[39m
            [33mclass[39m=[32m"visually-hidden"[39m
          [36m>[39m
            [0mProvisional wordmark: no official logo has been supplied. Colours are provisional design tokens, not verified Mobily brand values.[0m
          [36m</span>[39m
        [36m</a>[39m
        [36m<div[39m
          [33mclass[39m=[32m"app-header__spacer"[39m
        [36m/>[39m
        [36m<span[39m
          [33mclass[39m=[32m"language-switch"[39m
        [36m>[39m
          [36m<button[39m
            [33maria-label[39m=[32m"Switch language to العربية"[39m
            [33mclass[39m=[32m"button button--ghost-inverse button--small"[39m
            [33mlang[39m=[32m"ar"[39m
            [33mtype[39m=[32m"button"[39m
          [36m>[39m
            [0mالعربية[0m
          [36m</button>[39m
          [36m<span[39m
            [33mclass[39m=[32m"language-switch__notice"[39m
            [33mrole[39m=[32m"status"[39m
          [36m>[39m
            [0mLanguage changed in this browser, but it could not be saved to your profile.[0m
          [36m</span>[39m
        [36m</span>[39m
        [36m<div[39m
          [33mclass[39m=[32m"user-box"[39m
        [36m>[39m
          [36m<span[39m
            [33mclass[39m=[32m"user-box__name"[39m
          [36m>[39m
            [0mSynthetic Test User[0m
          [36m</span>[39m
          [36m<span[39m
            [33mclass[39m=[32m"user-box__org"[39m
          [36m>[39m
            [0mSynthetic Organization[0m
          [36m</span>[39m
        [36m</div>[39m
        [36m<button[39m
          [33mclass[39m=[32m"button button--ghost-inverse button--small"[39m
          [33mtype[39m=[32m"button"[39m
        [36m>[39m
          [36m<svg[39m
            [33maria-hidden[39m=[32m"true"[39m
            [33mclass[39m=[32m"icon"[39m
            [33mfill[39m=[32m"none"[39m
            [33mfocusable[39m=[32m"false"[39m
            [33mheight[39m=[32m"16"[39m
            [33mstroke[39m=[32m"currentColor"[39m
            [33mstroke-linecap[39m=[32m"round"[39m
            [33mstroke-linejoin[39m=[32m"round"[39m
            [33mstroke-width[39m=[32m"1.8"[39m
            [33mviewBox[39m=[32m"0 0 20 20"[39m
            [33mwidth[39m=[32m"16"[39m
          [36m>[39m
            [36m<path[39m
              [33md[39m=[32m"M8 4H4v12h4M12 6l4 4-4 4M16 10H8"[39m
            [36m/>[39m
          [36m</svg>[39m
          [0m [0m
          [0mSign out[0m
        [36m</button>[39m
      [36m</header>[39m
      [36m<div[39m
        [33mclass[39m=[32m"app-body"[39m
      [36m>[39m
        [36m<nav[39m
          [33maria-label[39m=[32m"Primary navigation"[39m
          [33mclass[39m=[32m"app-nav"[39m
          [33mid[39m=[32m"_r_0_"[39m
        [36m>[39m
          [36m<ul[39m
            [33mclass[39m=[32m"app-nav__list"[39m
          [36m>[39m
            [36m<li>[39m
              [36m<a[39m
                [33maria-current[39m=[32m"page"[39m
                [33mclass[39m=[32m"app-nav__link active"[39m
                [33mdata-area[39m=[32m"myWork"[39m
                [33mdata-discover[39m=[32m"true"[39m
                [33mhref[39m=[32m"/my-work"[39m
              [36m>[39m
                [36m<span>[39m
                  [0mMy Work[0m
                [36m</span>[39m
              [36m</a>[39m
            [36m</li>[39m
            [36m<li>[39m
              [36m<a[39m
                [33mclass[39m=[32m"app-nav__link"[39m
                [33mdata-area[39m=[32m"executive"[39m
                [33mdata-discover[39m=[32m"true"[39m
                [33mhref[39m=[32m"/executive-overview"[39m
              [36m>[39m
                [36m<span>[39m
                  [0mExecutive Overview[0m
                [36m</span>[39m
                [36m<span[39m
                  [33mclass[39m=[32m"app-nav__tag"[39m
                [36m>[39m
                  [0mPlanned[0m
                [36m</span>[39m
              [36m</a>[39m
            [36m</li>[39m
            [36m<li>[39m
              [36m<a[39m
                [33mclass[39m=[32m"app-nav__link"[39m
                [33mdata-area[39m=[32m"transformations"[39m
                [33mdata-discover[39m=[32m"true"[39m
                [33mhref[39m=[32m"/transformations"[39m
              [36m>[39m
                [36m<span>[39m
                  [0mTransformations[0m
                [36m</span>[39m
              [36m</a>[39m
            [36m</li>[39m
            [36m<li>[39m
              [36m<a[39m
                [33mclass[39m=[32m"app-nav__link"[39m
                [33mdata-area[39m=[32m"playbook"[39m
                [33mdata-discover[39m=[32m"true"[39m
                [33mhref[39m=[32m"/playbook"[39m
              [36m>[39m
                [36m<span>[39m
                  [0mPlaybook and Procedures[0m
                [36m</span>[39m
                [36m<span[39m
                  [33mclass[39m=[32m"app-nav__tag"[39m
                [36m>[39m
                  [0mPlanned[0m
                [36m</span>[39m
              [36m</a>[39m
            [36m</li>[39m
            [36m<li>[39m
              [36m<a[39m
                [33mclass[39m=[32m"app-nav__link"[39m
                [33mdata-area[39m=[32m"strategy"[39m
                [33mdata-discover[39m=[32m"true"[39m
                [33mhref[39m=[32m"/strategy-kpis"[39m
              [36m>[39m
                [36m<span>[39m
                  [0mStrategy and KPIs[0m
                [36m</span>[39m
              [36m</a>[39m
            [36m</li>[39m
            [36m<li>[39m
              [36m<a[39m
                [33mclass[39m=[32m"app-nav__link"[39m
                [33mdata-area[39m=[32m"tom"[39m
                [33mdata-discover[39m=[32m"true"[39m
                [33mhref[39m=[32m"/target-operating-model"[39m
              [36m>[39m
                [36m<span>[39m
                  [0mTarget Operating Model[0m
                [36m</span>[39m
              [36m</a>[39m
            [36m</li>[39m
            [36m<li>[39m
              [36m<a[39m
                [33mclass[39m=[32m"app-nav__link"[39m
                [33mdata-area[39m=[32m"initiatives"[39m
                [33mdata-discover[39m=[32m"true"[39m
                [33mhref[39m=[32m"/initiatives-roadmaps"[39m
              [36m>[39m
                [36m<span>[39m
                  [0mInitiatives and Roadmaps[0m
                [36m</span>[39m
                [36m<span[39m
                  [33mclass[39m=[32m"app-nav__tag"[39m
                [36m>[39m
                  [0mPlanned[0m
                [36m</span>[39m
              [36m</a>[39m
            [36m</li>[39m
            [36m<li>[39m
              [36m<a[39m
                [33mclass[39m=[32m"app-nav__link"[39m
                [33mdata-area[39m=[32m"governance"[39m
                [33mdata-discover[39m=[32m"true"[39m
                [33mhref[39m=[32m"/governance"[39m
              [36m>[39m
                [36m<span>[39m
                  [0mGovernance[0m
                [36m</span>[39m
              [36m</a>[39m
            [36m</li>[39m
            [36m<li>[39m
              [36m<a[39m
                [33mclass[39m=[32m"app-nav__link"[39m
                [33mdata-area[39m=[32m"risks"[39m
                [33mdata-discover[39m=[32m"true"[39m
                [33mhref[39m=[32m"/risks-actions"[39m
              [36m>[39m
                [36m<span>[39m
                  [0mRisks and Actions[0m
                [36m</span>[39m
                [36m<span[39m
                  [33mclass[39m=[32m"app-nav__tag"[39m
                [36m>[39m
                  [0mPlanned[0m
                [36m</span>[39m
              [36m</a>[39m
            [36m</li>[39m
            [36m<li>[39m
              [36m<a[39m
                [33mclass[39m=[32m"app-nav__link"[39m
                [33mdata-area[39m=[32m"benefits"[39m
                [33mdata-discover[39m=[32m"true"[39m
                [33mhref[39m=[32m"/benefits-finance"[39m
              [36m>[39m
                [36m<span>[39m
                  [0mBenefits and Finance[0m
                [36m</span>[39m
                [36m<span[39m
                  [33mclass[39m=[32m"app-nav__tag"[39m
                [36m>[39m
                  [0mPlanned[0m
                [36m</span>[39m
              [36m</a>[39m
            [36m</li>[39m
            [36m<li>[39m
              [36m<a[39m
                [33mclass[39m=[32m"app-nav__link"[39m
                [33mdata-area[39m=[32m"change"[39m
                [33mdata-discover[39m=[32m"true"[39m
                [33mhref[39m=[32m"/change-adoption"[39m
              [36m>[39m
                [36m<span>[39m
                  [0mChange and Adoption[0m
                [36m</span>[39m
                [36m<span[39m
                  [33mclass[39m=[32m"app-nav__tag"[39m
                [36m>[39m
                  [0mPlanned[0m
                [36m</span>[39m
              [36m</a>[39m
            [36m</li>[39m
            [36m<li>[39m
              [36m<a[39m
                [33mclass[39m=[32m"app-nav__link"[39m
                [33mdata-area[39m=[32m"evidence"[39m
                [33mdata-discover[39m=[32m"true"[39m
                [33mhref[39m=[32m"/evidence-reports"[39m
              [36m>[39m
                [36m<span>[39m
                  [0mEvidence and Reports[0m
                [36m</span>[39m
              [36m</a>[39m
            [36m</li>[39m
            [36m<li>[39m
              [36m<a[39m
                [33mclass[39m=[32m"app-nav__link"[39m
                [33mdata-area[39m=[32m"bau"[39m
                [33mdata-discover[39m=[32m"true"[39m
                [33mhref[39m=[32m"/bau-improvement"[39m
              [36m>[39m
                [36m<span>[39m
                  [0mBAU and Improvement[0m
                [36m</span>[39m
                [36m<span[39m
                  [33mclass[39m=[32m"app-nav__tag"[39m
                [36m>[39m
                  [0mPlanned[0m
                [36m</span>[39m
              [36m</a>[39m
            [36m</li>[39m
            [36m<li>[39m
              [36m<a[39m
                [33mclass[39m=[32m"app-nav__link"[39m
                [33mdata-area[39m=[32m"admin"[39m
                [33mdata-discover[39m=[32m"true"[39m
                [33mhref[39m=[32m"/admin"[39m
              [36m>[39m
                [36m<span>[39m
                  [0mAdministration[0m
                [36m</span>[39m
              [36m</a>[39m
            [36m</li>[39m
          [36m</ul>[39m
          [36m<p[39m
            [33mclass[39m=[32m"app-nav__footer"[39m
          [36m>[39m
            [36m<a[39m
              [33mclass[39m=[32m"app-nav__link app-nav__link--small"[39m
              [33mdata-discover[39m=[32m"true"[39m
              [33mhref[39m=[32m"/about"[39m
            [36m>[39m
              [0mAbout this product[0m
            [36m</a>[39m
          [36m</p>[39m
        [36m</nav>[39m
        [36m<main[39m
          [33mclass[39m=[32m"app-main"[39m
          [33mid[39m=[32m"main"[39m
          [33mtabindex[39m=[32m"-1"[39m
        [36m>[39m
          [36m<div[39m
            [33mclass[39m=[32m"page"[39m
          [36m>[39m
            [36m<div[39m
              [33mclass[39m=[32m"page-header"[39m
            [36m>[39m
              [36m<div[39m
                [33mclass[39m=[32m"page-header__row"[39m
              [36m>[39m
                [36m<div>[39m
                  [36m<h1[39m
                    [33mclass[39m=[32m"page-header__title"[39m
                  [36m>[39m
                    [0mWelcome, Synthetic Test User[0m
                  [36m</h1>[39m
                  [36m<p[39m
                    [33mclass[39m=[32m"page-header__subtitle"[39m
                  [36m>[39m
                    [0mYour actions, drafts, reviews and deadlines in one place.[0m
                  [36m</p>[39m
                [36m</div>[39m
              [36m</div>[39m
            [36m</div>[39m
            [36m<div[39m
              [33mclass[39m=[32m"grid grid--2"[39m
            [36m>[39m
              [36m<section[39m
                [33maria-labelledby[39m=[32m"mw-next"[39m
                [33mclass[39m=[32m"card"[39m
              [36m>[39m
                [36m<h2[39m
                  [33mclass[39m=[32m"card__title"[39m
                  [33mid[39m=[32m"mw-next"[39m
                [36m>[39m
                  [0mStart here[0m
                [36m</h2>[39m
                [36m<p[39m
                  [33mclass[39m=[32m"muted"[39m
                [36m>[39m
                  [0mYou have no business-record access yet. An access administrator assigns roles at a scope; job titles never grant access.[0m
                [36m</p>[39m
              [36m</section>[39m
              [36m<section[39m
                [33maria-labelledby[39m=[32m"mw-planned"[39m
                [33mclass[39m=[32m"card"[39m
              [36m>[39m
                [36m<h2[39m
                  [33mclass[39m=[32m"card__title"[39m
                  [33mid[39m=[32m"mw-planned"[39m
                [36m>[39m
                  [36m<span[39m
                    [33mclass[39m=[32m"lifecycle-chip lifecycle-chip--draft"[39m
                  [36m>[39m
                    [36m<svg[39m
                      [33maria-hidden[39m=[32m"true"[39m
                      [33mclass[39m=[32m"icon"[39m
                      [33mfill[39m=[32m"none"[39m
                      [33mfocusable[39m=[32m"false"[39m
                      [33mheight[39m=[32m"16"[39m
                      [33mstroke[39m=[32m"currentColor"[39m
                      [33mstroke-linecap[39m=[32m"round"[39m
                      [33mstroke-linejoin[39m=[32m"round"[39m
                      [33mstroke-width[39m=[32m"1.8"[39m
                      [33mviewBox[39m=[32m"0 0 20 20"[39m
                      [33mwidth[39m=[32m"16"[39m
                    [36m>[39m
                      [36m<path[39m
                        [33md[39m=[32m"M10 3a7 7 0 1 0 0 14 7 7 0 0 0 0-14zm0 3v4l3 2"[39m
                      [36m/>[39m
                    [36m</svg>[39m
                    [0m [0m
                    [0mPlanned[0m
                  [36m</span>[39m
                [36m</h2>[39m
                [36m<p>[39m
                  [0mAssigned actions, drafts, reviews, approvals, missing updates and upcoming deadlines.[0m
                [36m</p>[39m
              [36m</section>[39m
            [36m</div>[39m
          [36m</div>[39m
        [36m</main>[39m
      [36m</div>[39m
    [36m</div>[39m
  [36m</div>[39m
[36m</body>[39m
 ❯ waitForWrapper ../../node_modules/.pnpm/@testing-library+dom@10.4.1/node_modules/@testing-library/dom/dist/wait-for.js:163:27
 ❯ ../../node_modules/.pnpm/@testing-library+dom@10.4.1/node_modules/@testing-library/dom/dist/query-helpers.js:86:33
 ❯ src/components/LanguageSwitch.test.tsx:67:33
     65|     await switchTo(to, from);
     66| 
     67|     const notice = await screen.findByTestId("language-not-saved");
       |                                 ^
     68|     // The text is exactly the chosen language's notice, never the pre…
     69|     expect(notice.textContent).toBe(TEXT[to].common.language.notSaved);

⎯⎯⎯⎯⎯⎯⎯⎯⎯⎯⎯⎯⎯⎯⎯⎯⎯⎯⎯⎯⎯⎯⎯⎯[1/7]⎯

 FAIL  |unit-web| src/components/LanguageSwitch.test.tsx > a refused language save, 'ar' → other ('403 csrf') > keeps en on screen and says, in en, that it was not saved
TestingLibraryElementError: Unable to find an element by: [data-testid="language-not-saved"]

Ignored nodes: comments, script, style
[36m<body>[39m
  [36m<div>[39m
    [36m<div[39m
      [33mclass[39m=[32m"app"[39m
    [36m>[39m
      [36m<a[39m
        [33mclass[39m=[32m"skip-link"[39m
        [33mhref[39m=[32m"#main"[39m
      [36m>[39m
        [0mانتقل إلى المحتوى الرئيسي[0m
      [36m</a>[39m
      [36m<header[39m
        [33mclass[39m=[32m"app-header"[39m
      [36m>[39m
        [36m<button[39m
          [33maria-controls[39m=[32m"_r_1_"[39m
          [33maria-expanded[39m=[32m"false"[39m
          [33mclass[39m=[32m"button button--ghost-inverse nav-toggle"[39m
          [33mtype[39m=[32m"button"[39m
        [36m>[39m
          [36m<svg[39m
            [33maria-hidden[39m=[32m"true"[39m
            [33mclass[39m=[32m"icon"[39m
            [33mfill[39m=[32m"none"[39m
            [33mfocusable[39m=[32m"false"[39m
            [33mheight[39m=[32m"16"[39m
            [33mstroke[39m=[32m"currentColor"[39m
            [33mstroke-linecap[39m=[32m"round"[39m
            [33mstroke-linejoin[39m=[32m"round"[39m
            [33mstroke-width[39m=[32m"1.8"[39m
            [33mviewBox[39m=[32m"0 0 20 20"[39m
            [33mwidth[39m=[32m"16"[39m
          [36m>[39m
            [36m<path[39m
              [33md[39m=[32m"M3 5h14M3 10h14M3 15h14"[39m
            [36m/>[39m
          [36m</svg>[39m
          [36m<span[39m
            [33mclass[39m=[32m"visually-hidden"[39m
          [36m>[39m
            [0mإظهار التنقل أو إخفاؤه[0m
          [36m</span>[39m
        [36m</button>[39m
        [36m<a[39m
          [33mclass[39m=[32m"wordmark"[39m
          [33mdata-discover[39m=[32m"true"[39m
          [33mdata-testid[39m=[32m"wordmark"[39m
          [33mhref[39m=[32m"/"[39m
        [36m>[39m
          [36m<span[39m
            [33mclass[39m=[32m"wordmark__name"[39m
          [36m>[39m
            [0mمنصة موبايلي للتحوّل[0m
          [36m</span>[39m
          [36m<span[39m
            [33mclass[39m=[32m"badge badge--provisional"[39m
            [33mdata-testid[39m=[32m"provisional-badge"[39m
            [33mtitle[39m=[32m"شعار نصي مؤقت: لم يُقدَّم شعار رسمي. الألوان رموز تصميم مؤقتة وليست ألوان علامة موبايلي المعتمدة."[39m
          [36m>[39m
            [0mمؤقت[0m
          [36m</span>[39m
          [36m<span[39m
            [33mclass[39m=[32m"visually-hidden"[39m
          [36m>[39m
            [0mشعار نصي مؤقت: لم يُقدَّم شعار رسمي. الألوان رموز تصميم مؤقتة وليست ألوان علامة موبايلي المعتمدة.[0m
          [36m</span>[39m
        [36m</a>[39m
        [36m<div[39m
          [33mclass[39m=[32m"app-header__spacer"[39m
        [36m/>[39m
        [36m<span[39m
          [33mclass[39m=[32m"language-switch"[39m
        [36m>[39m
          [36m<button[39m
            [33maria-label[39m=[32m"تغيير اللغة إلى English"[39m
            [33mclass[39m=[32m"button button--ghost-inverse button--small"[39m
            [33mlang[39m=[32m"en"[39m
            [33mtype[39m=[32m"button"[39m
          [36m>[39m
            [0mEnglish[0m
          [36m</button>[39m
          [36m<span[39m
            [33mclass[39m=[32m"language-switch__notice"[39m
            [33mrole[39m=[32m"status"[39m
          [36m>[39m
            [0mتغيّرت اللغة في هذا المتصفح، لكن تعذّر حفظها في ملفك الشخصي.[0m
          [36m</span>[39m
        [36m</span>[39m
        [36m<div[39m
          [33mclass[39m=[32m"user-box"[39m
        [36m>[39m
          [36m<span[39m
            [33mclass[39m=[32m"user-box__name"[39m
          [36m>[39m
            [0mSynthetic Test User[0m
          [36m</span>[39m
          [36m<span[39m
            [33mclass[39m=[32m"user-box__org"[39m
          [36m>[39m
            [0mجهة اصطناعية[0m
          [36m</span>[39m
        [36m</div>[39m
        [36m<button[39m
          [33mclass[39m=[32m"button button--ghost-inverse button--small"[39m
          [33mtype[39m=[32m"button"[39m
        [36m>[39m
          [36m<svg[39m
            [33maria-hidden[39m=[32m"true"[39m
            [33mclass[39m=[32m"icon"[39m
            [33mfill[39m=[32m"none"[39m
            [33mfocusable[39m=[32m"false"[39m
            [33mheight[39m=[32m"16"[39m
            [33mstroke[39m=[32m"currentColor"[39m
            [33mstroke-linecap[39m=[32m"round"[39m
            [33mstroke-linejoin[39m=[32m"round"[39m
            [33mstroke-width[39m=[32m"1.8"[39m
            [33mviewBox[39m=[32m"0 0 20 20"[39m
            [33mwidth[39m=[32m"16"[39m
          [36m>[39m
            [36m<path[39m
              [33md[39m=[32m"M8 4H4v12h4M12 6l4 4-4 4M16 10H8"[39m
            [36m/>[39m
          [36m</svg>[39m
          [0m [0m
          [0mتسجيل الخروج[0m
        [36m</button>[39m
      [36m</header>[39m
      [36m<div[39m
        [33mclass[39m=[32m"app-body"[39m
      [36m>[39m
        [36m<nav[39m
          [33maria-label[39m=[32m"التنقل الرئيسي"[39m
          [33mclass[39m=[32m"app-nav"[39m
          [33mid[39m=[32m"_r_1_"[39m
        [36m>[39m
          [36m<ul[39m
            [33mclass[39m=[32m"app-nav__list"[39m
          [36m>[39m
            [36m<li>[39m
              [36m<a[39m
                [33maria-current[39m=[32m"page"[39m
                [33mclass[39m=[32m"app-nav__link active"[39m
                [33mdata-area[39m=[32m"myWork"[39m
                [33mdata-discover[39m=[32m"true"[39m
                [33mhref[39m=[32m"/my-work"[39m
              [36m>[39m
                [36m<span>[39m
                  [0mعملي[0m
                [36m</span>[39m
              [36m</a>[39m
            [36m</li>[39m
            [36m<li>[39m
              [36m<a[39m
                [33mclass[39m=[32m"app-nav__link"[39m
                [33mdata-area[39m=[32m"executive"[39m
                [33mdata-discover[39m=[32m"true"[39m
                [33mhref[39m=[32m"/executive-overview"[39m
              [36m>[39m
                [36m<span>[39m
                  [0mالنظرة التنفيذية[0m
                [36m</span>[39m
                [36m<span[39m
                  [33mclass[39m=[32m"app-nav__tag"[39m
                [36m>[39m
                  [0mمخطط[0m
                [36m</span>[39m
              [36m</a>[39m
            [36m</li>[39m
            [36m<li>[39m
              [36m<a[39m
                [33mclass[39m=[32m"app-nav__link"[39m
                [33mdata-area[39m=[32m"transformations"[39m
                [33mdata-discover[39m=[32m"true"[39m
                [33mhref[39m=[32m"/transformations"[39m
              [36m>[39m
                [36m<span>[39m
                  [0mالتحوّلات[0m
                [36m</span>[39m
              [36m</a>[39m
            [36m</li>[39m
            [36m<li>[39m
              [36m<a[39m
                [33mclass[39m=[32m"app-nav__link"[39m
                [33mdata-area[39m=[32m"playbook"[39m
                [33mdata-discover[39m=[32m"true"[39m
                [33mhref[39m=[32m"/playbook"[39m
              [36m>[39m
                [36m<span>[39m
                  [0mالدليل والإجراءات[0m
                [36m</span>[39m
                [36m<span[39m
                  [33mclass[39m=[32m"app-nav__tag"[39m
                [36m>[39m
                  [0mمخطط[0m
                [36m</span>[39m
              [36m</a>[39m
            [36m</li>[39m
            [36m<li>[39m
              [36m<a[39m
                [33mclass[39m=[32m"app-nav__link"[39m
                [33mdata-area[39m=[32m"strategy"[39m
                [33mdata-discover[39m=[32m"true"[39m
                [33mhref[39m=[32m"/strategy-kpis"[39m
              [36m>[39m
                [36m<span>[39m
                  [0mالاستراتيجية ومؤشرات الأداء[0m
                [36m</span>[39m
              [36m</a>[39m
            [36m</li>[39m
            [36m<li>[39m
              [36m<a[39m
                [33mclass[39m=[32m"app-nav__link"[39m
                [33mdata-area[39m=[32m"tom"[39m
                [33mdata-discover[39m=[32m"true"[39m
                [33mhref[39m=[32m"/target-operating-model"[39m
              [36m>[39m
                [36m<span>[39m
                  [0mنموذج التشغيل المستهدف[0m
                [36m</span>[39m
              [36m</a>[39m
            [36m</li>[39m
            [36m<li>[39m
              [36m<a[39m
                [33mclass[39m=[32m"app-nav__link"[39m
                [33mdata-area[39m=[32m"initiatives"[39m
                [33mdata-discover[39m=[32m"true"[39m
                [33mhref[39m=[32m"/initiatives-roadmaps"[39m
              [36m>[39m
                [36m<span>[39m
                  [0mالمبادرات وخرائط الطريق[0m
                [36m</span>[39m
                [36m<span[39m
                  [33mclass[39m=[32m"app-nav__tag"[39m
                [36m>[39m
                  [0mمخطط[0m
                [36m</span>[39m
              [36m</a>[39m
            [36m</li>[39m
            [36m<li>[39m
              [36m<a[39m
                [33mclass[39m=[32m"app-nav__link"[39m
                [33mdata-area[39m=[32m"governance"[39m
                [33mdata-discover[39m=[32m"true"[39m
                [33mhref[39m=[32m"/governance"[39m
              [36m>[39m
                [36m<span>[39m
                  [0mالحوكمة[0m
                [36m</span>[39m
              [36m</a>[39m
            [36m</li>[39m
            [36m<li>[39m
              [36m<a[39m
                [33mclass[39m=[32m"app-nav__link"[39m
                [33mdata-area[39m=[32m"risks"[39m
                [33mdata-discover[39m=[32m"true"[39m
                [33mhref[39m=[32m"/risks-actions"[39m
              [36m>[39m
                [36m<span>[39m
                  [0mالمخاطر والإجراءات[0m
                [36m</span>[39m
                [36m<span[39m
                  [33mclass[39m=[32m"app-nav__tag"[39m
                [36m>[39m
                  [0mمخطط[0m
                [36m</span>[39m
              [36m</a>[39m
            [36m</li>[39m
            [36m<li>[39m
              [36m<a[39m
                [33mclass[39m=[32m"app-nav__link"[39m
                [33mdata-area[39m=[32m"benefits"[39m
                [33mdata-discover[39m=[32m"true"[39m
                [33mhref[39m=[32m"/benefits-finance"[39m
              [36m>[39m
                [36m<span>[39m
                  [0mالمنافع والمالية[0m
                [36m</span>[39m
                [36m<span[39m
                  [33mclass[39m=[32m"app-nav__tag"[39m
                [36m>[39m
                  [0mمخطط[0m
                [36m</span>[39m
              [36m</a>[39m
            [36m</li>[39m
            [36m<li>[39m
              [36m<a[39m
                [33mclass[39m=[32m"app-nav__link"[39m
                [33mdata-area[39m=[32m"change"[39m
                [33mdata-discover[39m=[32m"true"[39m
                [33mhref[39m=[32m"/change-adoption"[39m
              [36m>[39m
                [36m<span>[39m
                  [0mالتغيير والتبنّي[0m
                [36m</span>[39m
                [36m<span[39m
                  [33mclass[39m=[32m"app-nav__tag"[39m
                [36m>[39m
                  [0mمخطط[0m
                [36m</span>[39m
              [36m</a>[39m
            [36m</li>[39m
            [36m<li>[39m
              [36m<a[39m
                [33mclass[39m=[32m"app-nav__link"[39m
                [33mdata-area[39m=[32m"evidence"[39m
                [33mdata-discover[39m=[32m"true"[39m
                [33mhref[39m=[32m"/evidence-reports"[39m
              [36m>[39m
                [36m<span>[39m
                  [0mالأدلة والتقارير[0m
                [36m</span>[39m
              [36m</a>[39m
            [36m</li>[39m
            [36m<li>[39m
              [36m<a[39m
                [33mclass[39m=[32m"app-nav__link"[39m
                [33mdata-area[39m=[32m"bau"[39m
                [33mdata-discover[39m=[32m"true"[39m
                [33mhref[39m=[32m"/bau-improvement"[39m
              [36m>[39m
                [36m<span>[39m
                  [0mالعمليات الاعتيادية والتحسين[0m
                [36m</span>[39m
                [36m<span[39m
                  [33mclass[39m=[32m"app-nav__tag"[39m
                [36m>[39m
                  [0mمخطط[0m
                [36m</span>[39m
              [36m</a>[39m
            [36m</li>[39m
            [36m<li>[39m
              [36m<a[39m
                [33mclass[39m=[32m"app-nav__link"[39m
                [33mdata-area[39m=[32m"admin"[39m
                [33mdata-discover[39m=[32m"true"[39m
                [33mhref[39m=[32m"/admin"[39m
              [36m>[39m
                [36m<span>[39m
                  [0mالإدارة[0m
                [36m</span>[39m
              [36m</a>[39m
            [36m</li>[39m
          [36m</ul>[39m
          [36m<p[39m
            [33mclass[39m=[32m"app-nav__footer"[39m
          [36m>[39m
            [36m<a[39m
              [33mclass[39m=[32m"app-nav__link app-nav__link--small"[39m
              [33mdata-discover[39m=[32m"true"[39m
              [33mhref[39m=[32m"/about"[39m
            [36m>[39m
              [0mحول هذا المنتج[0m
            [36m</a>[39m
          [36m</p>[39m
        [36m</nav>[39m
        [36m<main[39m
          [33mclass[39m=[32m"app-main"[39m
          [33mid[39m=[32m"main"[39m
          [33mtabindex[39m=[32m"-1"[39m
        [36m>[39m
          [36m<div[39m
            [33mclass[39m=[32m"page"[39m
          [36m>[39m
            [36m<div[39m
              [33mclass[39m=[32m"page-header"[39m
            [36m>[39m
              [36m<div[39m
                [33mclass[39m=[32m"page-header__row"[39m
              [36m>[39m
                [36m<div>[39m
                  [36m<h1[39m
                    [33mclass[39m=[32m"page-header__title"[39m
                  [36m>[39m
                    [0mمرحبًا، Synthetic Test User[0m
                  [36m</h1>[39m
                  [36m<p[39m
                    [33mclass[39m=[32m"page-header__subtitle"[39m
                  [36m>[39m
                    [0mإجراءاتك ومسوداتك ومراجعاتك ومواعيدك النهائية في مكان واحد.[0m
                  [36m</p>[39m
                [36m</div>[39m
              [36m</div>[39m
            [36m</div>[39m
            [36m<div[39m
              [33mclass[39m=[32m"grid grid--2"[39m
            [36m>[39m
              [36m<section[39m
                [33maria-labelledby[39m=[32m"mw-next"[39m
                [33mclass[39m=[32m"card"[39m
              [36m>[39m
                [36m<h2[39m
                  [33mclass[39m=[32m"card__title"[39m
                  [33mid[39m=[32m"mw-next"[39m
                [36m>[39m
                  [0mابدأ من هنا[0m
                [36m</h2>[39m
                [36m<p[39m
                  [33mclass[39m=[32m"muted"[39m
                [36m>[39m
                  [0mليس لديك وصول إلى سجلات الأعمال بعد. يُسند مسؤول الصلاحيات الأدوار ضمن نطاق محدد، ولا تمنح المسميات الوظيفية أي صلاحية.[0m
                [36m</p>[39m
              [36m</section>[39m
              [36m<section[39m
                [33maria-labelledby[39m=[32m"mw-planned"[39m
                [33mclass[39m=[32m"card"[39m
              [36m>[39m
                [36m<h2[39m
                  [33mclass[39m=[32m"card__title"[39m
                  [33mid[39m=[32m"mw-planned"[39m
                [36m>[39m
                  [36m<span[39m
                    [33mclass[39m=[32m"lifecycle-chip lifecycle-chip--draft"[39m
                  [36m>[39m
                    [36m<svg[39m
                      [33maria-hidden[39m=[32m"true"[39m
                      [33mclass[39m=[32m"icon"[39m
                      [33mfill[39m=[32m"none"[39m
                      [33mfocusable[39m=[32m"false"[39m
                      [33mheight[39m=[32m"16"[39m
                      [33mstroke[39m=[32m"currentColor"[39m
                      [33mstroke-linecap[39m=[32m"round"[39m
                      [33mstroke-linejoin[39m=[32m"round"[39m
                      [33mstroke-width[39m=[32m"1.8"[39m
                      [33mviewBox[39m=[32m"0 0 20 20"[39m
                      [33mwidth[39m=[32m"16"[39m
                    [36m>[39m
                      [36m<path[39m
                        [33md[39m=[32m"M10 3a7 7 0 1 0 0 14 7 7 0 0 0 0-14zm0 3v4l3 2"[39m
                      [36m/>[39m
                    [36m</svg>[39m
                    [0m [0m
                    [0mمخطط[0m
                  [36m</span>[39m
                [36m</h2>[39m
                [36m<p>[39m
                  [0mالإجراءات المسندة، والمسودات، والمراجعات، والاعتمادات، والتحديثات الناقصة، والمواعيد النهائية القادمة.[0m
                [36m</p>[39m
              [36m</section>[39m
            [36m</div>[39m
          [36m</div>[39m
        [36m</main>[39m
      [36m</div>[39m
    [36m</div>[39m
  [36m</div>[39m
[36m</body>[39m

Ignored nodes: comments, script, style
[36m<body>[39m
  [36m<div>[39m
    [36m<div[39m
      [33mclass[39m=[32m"app"[39m
    [36m>[39m
      [36m<a[39m
        [33mclass[39m=[32m"skip-link"[39m
        [33mhref[39m=[32m"#main"[39m
      [36m>[39m
        [0mانتقل إلى المحتوى الرئيسي[0m
      [36m</a>[39m
      [36m<header[39m
        [33mclass[39m=[32m"app-header"[39m
      [36m>[39m
        [36m<button[39m
          [33maria-controls[39m=[32m"_r_1_"[39m
          [33maria-expanded[39m=[32m"false"[39m
          [33mclass[39m=[32m"button button--ghost-inverse nav-toggle"[39m
          [33mtype[39m=[32m"button"[39m
        [36m>[39m
          [36m<svg[39m
            [33maria-hidden[39m=[32m"true"[39m
            [33mclass[39m=[32m"icon"[39m
            [33mfill[39m=[32m"none"[39m
            [33mfocusable[39m=[32m"false"[39m
            [33mheight[39m=[32m"16"[39m
            [33mstroke[39m=[32m"currentColor"[39m
            [33mstroke-linecap[39m=[32m"round"[39m
            [33mstroke-linejoin[39m=[32m"round"[39m
            [33mstroke-width[39m=[32m"1.8"[39m
            [33mviewBox[39m=[32m"0 0 20 20"[39m
            [33mwidth[39m=[32m"16"[39m
          [36m>[39m
            [36m<path[39m
              [33md[39m=[32m"M3 5h14M3 10h14M3 15h14"[39m
            [36m/>[39m
          [36m</svg>[39m
          [36m<span[39m
            [33mclass[39m=[32m"visually-hidden"[39m
          [36m>[39m
            [0mإظهار التنقل أو إخفاؤه[0m
          [36m</span>[39m
        [36m</button>[39m
        [36m<a[39m
          [33mclass[39m=[32m"wordmark"[39m
          [33mdata-discover[39m=[32m"true"[39m
          [33mdata-testid[39m=[32m"wordmark"[39m
          [33mhref[39m=[32m"/"[39m
        [36m>[39m
          [36m<span[39m
            [33mclass[39m=[32m"wordmark__name"[39m
          [36m>[39m
            [0mمنصة موبايلي للتحوّل[0m
          [36m</span>[39m
          [36m<span[39m
            [33mclass[39m=[32m"badge badge--provisional"[39m
            [33mdata-testid[39m=[32m"provisional-badge"[39m
            [33mtitle[39m=[32m"شعار نصي مؤقت: لم يُقدَّم شعار رسمي. الألوان رموز تصميم مؤقتة وليست ألوان علامة موبايلي المعتمدة."[39m
          [36m>[39m
            [0mمؤقت[0m
          [36m</span>[39m
          [36m<span[39m
            [33mclass[39m=[32m"visually-hidden"[39m
          [36m>[39m
            [0mشعار نصي مؤقت: لم يُقدَّم شعار رسمي. الألوان رموز تصميم مؤقتة وليست ألوان علامة موبايلي المعتمدة.[0m
          [36m</span>[39m
        [36m</a>[39m
        [36m<div[39m
          [33mclass[39m=[32m"app-header__spacer"[39m
        [36m/>[39m
        [36m<span[39m
          [33mclass[39m=[32m"language-switch"[39m
        [36m>[39m
          [36m<button[39m
            [33maria-label[39m=[32m"تغيير اللغة إلى English"[39m
            [33mclass[39m=[32m"button button--ghost-inverse button--small"[39m
            [33mlang[39m=[32m"en"[39m
            [33mtype[39m=[32m"button"[39m
          [36m>[39m
            [0mEnglish[0m
          [36m</button>[39m
          [36m<span[39m
            [33mclass[39m=[32m"language-switch__notice"[39m
            [33mrole[39m=[32m"status"[39m
          [36m>[39m
            [0mتغيّرت اللغة في هذا المتصفح، لكن تعذّر حفظها في ملفك الشخصي.[0m
          [36m</span>[39m
        [36m</span>[39m
        [36m<div[39m
          [33mclass[39m=[32m"user-box"[39m
        [36m>[39m
          [36m<span[39m
            [33mclass[39m=[32m"user-box__name"[39m
          [36m>[39m
            [0mSynthetic Test User[0m
          [36m</span>[39m
          [36m<span[39m
            [33mclass[39m=[32m"user-box__org"[39m
          [36m>[39m
            [0mجهة اصطناعية[0m
          [36m</span>[39m
        [36m</div>[39m
        [36m<button[39m
          [33mclass[39m=[32m"button button--ghost-inverse button--small"[39m
          [33mtype[39m=[32m"button"[39m
        [36m>[39m
          [36m<svg[39m
            [33maria-hidden[39m=[32m"true"[39m
            [33mclass[39m=[32m"icon"[39m
            [33mfill[39m=[32m"none"[39m
            [33mfocusable[39m=[32m"false"[39m
            [33mheight[39m=[32m"16"[39m
            [33mstroke[39m=[32m"currentColor"[39m
            [33mstroke-linecap[39m=[32m"round"[39m
            [33mstroke-linejoin[39m=[32m"round"[39m
            [33mstroke-width[39m=[32m"1.8"[39m
            [33mviewBox[39m=[32m"0 0 20 20"[39m
            [33mwidth[39m=[32m"16"[39m
          [36m>[39m
            [36m<path[39m
              [33md[39m=[32m"M8 4H4v12h4M12 6l4 4-4 4M16 10H8"[39m
            [36m/>[39m
          [36m</svg>[39m
          [0m [0m
          [0mتسجيل الخروج[0m
        [36m</button>[39m
      [36m</header>[39m
      [36m<div[39m
        [33mclass[39m=[32m"app-body"[39m
      [36m>[39m
        [36m<nav[39m
          [33maria-label[39m=[32m"التنقل الرئيسي"[39m
          [33mclass[39m=[32m"app-nav"[39m
          [33mid[39m=[32m"_r_1_"[39m
        [36m>[39m
          [36m<ul[39m
            [33mclass[39m=[32m"app-nav__list"[39m
          [36m>[39m
            [36m<li>[39m
              [36m<a[39m
                [33maria-current[39m=[32m"page"[39m
                [33mclass[39m=[32m"app-nav__link active"[39m
                [33mdata-area[39m=[32m"myWork"[39m
                [33mdata-discover[39m=[32m"true"[39m
                [33mhref[39m=[32m"/my-work"[39m
              [36m>[39m
                [36m<span>[39m
                  [0mعملي[0m
                [36m</span>[39m
              [36m</a>[39m
            [36m</li>[39m
            [36m<li>[39m
              [36m<a[39m
                [33mclass[39m=[32m"app-nav__link"[39m
                [33mdata-area[39m=[32m"executive"[39m
                [33mdata-discover[39m=[32m"true"[39m
                [33mhref[39m=[32m"/executive-overview"[39m
              [36m>[39m
                [36m<span>[39m
                  [0mالنظرة التنفيذية[0m
                [36m</span>[39m
                [36m<span[39m
                  [33mclass[39m=[32m"app-nav__tag"[39m
                [36m>[39m
                  [0mمخطط[0m
                [36m</span>[39m
              [36m</a>[39m
            [36m</li>[39m
            [36m<li>[39m
              [36m<a[39m
                [33mclass[39m=[32m"app-nav__link"[39m
                [33mdata-area[39m=[32m"transformations"[39m
                [33mdata-discover[39m=[32m"true"[39m
                [33mhref[39m=[32m"/transformations"[39m
              [36m>[39m
                [36m<span>[39m
                  [0mالتحوّلات[0m
                [36m</span>[39m
              [36m</a>[39m
            [36m</li>[39m
            [36m<li>[39m
              [36m<a[39m
                [33mclass[39m=[32m"app-nav__link"[39m
                [33mdata-area[39m=[32m"playbook"[39m
                [33mdata-discover[39m=[32m"true"[39m
                [33mhref[39m=[32m"/playbook"[39m
              [36m>[39m
                [36m<span>[39m
                  [0mالدليل والإجراءات[0m
                [36m</span>[39m
                [36m<span[39m
                  [33mclass[39m=[32m"app-nav__tag"[39m
                [36m>[39m
                  [0mمخطط[0m
                [36m</span>[39m
              [36m</a>[39m
            [36m</li>[39m
            [36m<li>[39m
              [36m<a[39m
                [33mclass[39m=[32m"app-nav__link"[39m
                [33mdata-area[39m=[32m"strategy"[39m
                [33mdata-discover[39m=[32m"true"[39m
                [33mhref[39m=[32m"/strategy-kpis"[39m
              [36m>[39m
                [36m<span>[39m
                  [0mالاستراتيجية ومؤشرات الأداء[0m
                [36m</span>[39m
              [36m</a>[39m
            [36m</li>[39m
            [36m<li>[39m
              [36m<a[39m
                [33mclass[39m=[32m"app-nav__link"[39m
                [33mdata-area[39m=[32m"tom"[39m
                [33mdata-discover[39m=[32m"true"[39m
                [33mhref[39m=[32m"/target-operating-model"[39m
              [36m>[39m
                [36m<span>[39m
                  [0mنموذج التشغيل المستهدف[0m
                [36m</span>[39m
              [36m</a>[39m
            [36m</li>[39m
            [36m<li>[39m
              [36m<a[39m
                [33mclass[39m=[32m"app-nav__link"[39m
                [33mdata-area[39m=[32m"initiatives"[39m
                [33mdata-discover[39m=[32m"true"[39m
                [33mhref[39m=[32m"/initiatives-roadmaps"[39m
              [36m>[39m
                [36m<span>[39m
                  [0mالمبادرات وخرائط الطريق[0m
                [36m</span>[39m
                [36m<span[39m
                  [33mclass[39m=[32m"app-nav__tag"[39m
                [36m>[39m
                  [0mمخطط[0m
                [36m</span>[39m
              [36m</a>[39m
            [36m</li>[39m
            [36m<li>[39m
              [36m<a[39m
                [33mclass[39m=[32m"app-nav__link"[39m
                [33mdata-area[39m=[32m"governance"[39m
                [33mdata-discover[39m=[32m"true"[39m
                [33mhref[39m=[32m"/governance"[39m
              [36m>[39m
                [36m<span>[39m
                  [0mالحوكمة[0m
                [36m</span>[39m
              [36m</a>[39m
            [36m</li>[39m
            [36m<li>[39m
              [36m<a[39m
                [33mclass[39m=[32m"app-nav__link"[39m
                [33mdata-area[39m=[32m"risks"[39m
                [33mdata-discover[39m=[32m"true"[39m
                [33mhref[39m=[32m"/risks-actions"[39m
              [36m>[39m
                [36m<span>[39m
                  [0mالمخاطر والإجراءات[0m
                [36m</span>[39m
                [36m<span[39m
                  [33mclass[39m=[32m"app-nav__tag"[39m
                [36m>[39m
                  [0mمخطط[0m
                [36m</span>[39m
              [36m</a>[39m
            [36m</li>[39m
            [36m<li>[39m
              [36m<a[39m
                [33mclass[39m=[32m"app-nav__link"[39m
                [33mdata-area[39m=[32m"benefits"[39m
                [33mdata-discover[39m=[32m"true"[39m
                [33mhref[39m=[32m"/benefits-finance"[39m
              [36m>[39m
                [36m<span>[39m
                  [0mالمنافع والمالية[0m
                [36m</span>[39m
                [36m<span[39m
                  [33mclass[39m=[32m"app-nav__tag"[39m
                [36m>[39m
                  [0mمخطط[0m
                [36m</span>[39m
              [36m</a>[39m
            [36m</li>[39m
            [36m<li>[39m
              [36m<a[39m
                [33mclass[39m=[32m"app-nav__link"[39m
                [33mdata-area[39m=[32m"change"[39m
                [33mdata-discover[39m=[32m"true"[39m
                [33mhref[39m=[32m"/change-adoption"[39m
              [36m>[39m
                [36m<span>[39m
                  [0mالتغيير والتبنّي[0m
                [36m</span>[39m
                [36m<span[39m
                  [33mclass[39m=[32m"app-nav__tag"[39m
                [36m>[39m
                  [0mمخطط[0m
                [36m</span>[39m
              [36m</a>[39m
            [36m</li>[39m
            [36m<li>[39m
              [36m<a[39m
                [33mclass[39m=[32m"app-nav__link"[39m
                [33mdata-area[39m=[32m"evidence"[39m
                [33mdata-discover[39m=[32m"true"[39m
                [33mhref[39m=[32m"/evidence-reports"[39m
              [36m>[39m
                [36m<span>[39m
                  [0mالأدلة والتقارير[0m
                [36m</span>[39m
              [36m</a>[39m
            [36m</li>[39m
            [36m<li>[39m
              [36m<a[39m
                [33mclass[39m=[32m"app-nav__link"[39m
                [33mdata-area[39m=[32m"bau"[39m
                [33mdata-discover[39m=[32m"true"[39m
                [33mhref[39m=[32m"/bau-improvement"[39m
              [36m>[39m
                [36m<span>[39m
                  [0mالعمليات الاعتيادية والتحسين[0m
                [36m</span>[39m
                [36m<span[39m
                  [33mclass[39m=[32m"app-nav__tag"[39m
                [36m>[39m
                  [0mمخطط[0m
                [36m</span>[39m
              [36m</a>[39m
            [36m</li>[39m
            [36m<li>[39m
              [36m<a[39m
                [33mclass[39m=[32m"app-nav__link"[39m
                [33mdata-area[39m=[32m"admin"[39m
                [33mdata-discover[39m=[32m"true"[39m
                [33mhref[39m=[32m"/admin"[39m
              [36m>[39m
                [36m<span>[39m
                  [0mالإدارة[0m
                [36m</span>[39m
              [36m</a>[39m
            [36m</li>[39m
          [36m</ul>[39m
          [36m<p[39m
            [33mclass[39m=[32m"app-nav__footer"[39m
          [36m>[39m
            [36m<a[39m
              [33mclass[39m=[32m"app-nav__link app-nav__link--small"[39m
              [33mdata-discover[39m=[32m"true"[39m
              [33mhref[39m=[32m"/about"[39m
            [36m>[39m
              [0mحول هذا المنتج[0m
            [36m</a>[39m
          [36m</p>[39m
        [36m</nav>[39m
        [36m<main[39m
          [33mclass[39m=[32m"app-main"[39m
          [33mid[39m=[32m"main"[39m
          [33mtabindex[39m=[32m"-1"[39m
        [36m>[39m
          [36m<div[39m
            [33mclass[39m=[32m"page"[39m
          [36m>[39m
            [36m<div[39m
              [33mclass[39m=[32m"page-header"[39m
            [36m>[39m
              [36m<div[39m
                [33mclass[39m=[32m"page-header__row"[39m
              [36m>[39m
                [36m<div>[39m
                  [36m<h1[39m
                    [33mclass[39m=[32m"page-header__title"[39m
                  [36m>[39m
                    [0mمرحبًا، Synthetic Test User[0m
                  [36m</h1>[39m
                  [36m<p[39m
                    [33mclass[39m=[32m"page-header__subtitle"[39m
                  [36m>[39m
                    [0mإجراءاتك ومسوداتك ومراجعاتك ومواعيدك النهائية في مكان واحد.[0m
                  [36m</p>[39m
                [36m</div>[39m
              [36m</div>[39m
            [36m</div>[39m
            [36m<div[39m
              [33mclass[39m=[32m"grid grid--2"[39m
            [36m>[39m
              [36m<section[39m
                [33maria-labelledby[39m=[32m"mw-next"[39m
                [33mclass[39m=[32m"card"[39m
              [36m>[39m
                [36m<h2[39m
                  [33mclass[39m=[32m"card__title"[39m
                  [33mid[39m=[32m"mw-next"[39m
                [36m>[39m
                  [0mابدأ من هنا[0m
                [36m</h2>[39m
                [36m<p[39m
                  [33mclass[39m=[32m"muted"[39m
                [36m>[39m
                  [0mليس لديك وصول إلى سجلات الأعمال بعد. يُسند مسؤول الصلاحيات الأدوار ضمن نطاق محدد، ولا تمنح المسميات الوظيفية أي صلاحية.[0m
                [36m</p>[39m
              [36m</section>[39m
              [36m<section[39m
                [33maria-labelledby[39m=[32m"mw-planned"[39m
                [33mclass[39m=[32m"card"[39m
              [36m>[39m
                [36m<h2[39m
                  [33mclass[39m=[32m"card__title"[39m
                  [33mid[39m=[32m"mw-planned"[39m
                [36m>[39m
                  [36m<span[39m
                    [33mclass[39m=[32m"lifecycle-chip lifecycle-chip--draft"[39m
                  [36m>[39m
                    [36m<svg[39m
                      [33maria-hidden[39m=[32m"true"[39m
                      [33mclass[39m=[32m"icon"[39m
                      [33mfill[39m=[32m"none"[39m
                      [33mfocusable[39m=[32m"false"[39m
                      [33mheight[39m=[32m"16"[39m
                      [33mstroke[39m=[32m"currentColor"[39m
                      [33mstroke-linecap[39m=[32m"round"[39m
                      [33mstroke-linejoin[39m=[32m"round"[39m
                      [33mstroke-width[39m=[32m"1.8"[39m
                      [33mviewBox[39m=[32m"0 0 20 20"[39m
                      [33mwidth[39m=[32m"16"[39m
                    [36m>[39m
                      [36m<path[39m
                        [33md[39m=[32m"M10 3a7 7 0 1 0 0 14 7 7 0 0 0 0-14zm0 3v4l3 2"[39m
                      [36m/>[39m
                    [36m</svg>[39m
                    [0m [0m
                    [0mمخطط[0m
                  [36m</span>[39m
                [36m</h2>[39m
                [36m<p>[39m
                  [0mالإجراءات المسندة، والمسودات، والمراجعات، والاعتمادات، والتحديثات الناقصة، والمواعيد النهائية القادمة.[0m
                [36m</p>[39m
              [36m</section>[39m
            [36m</div>[39m
          [36m</div>[39m
        [36m</main>[39m
      [36m</div>[39m
    [36m</div>[39m
  [36m</div>[39m
[36m</body>[39m
 ❯ waitForWrapper ../../node_modules/.pnpm/@testing-library+dom@10.4.1/node_modules/@testing-library/dom/dist/wait-for.js:163:27
 ❯ ../../node_modules/.pnpm/@testing-library+dom@10.4.1/node_modules/@testing-library/dom/dist/query-helpers.js:86:33
 ❯ src/components/LanguageSwitch.test.tsx:67:33
     65|     await switchTo(to, from);
     66| 
     67|     const notice = await screen.findByTestId("language-not-saved");
       |                                 ^
     68|     // The text is exactly the chosen language's notice, never the pre…
     69|     expect(notice.textContent).toBe(TEXT[to].common.language.notSaved);

⎯⎯⎯⎯⎯⎯⎯⎯⎯⎯⎯⎯⎯⎯⎯⎯⎯⎯⎯⎯⎯⎯⎯⎯[2/7]⎯

 FAIL  |unit-web| src/components/LanguageSwitch.test.tsx > a refused language save, 'en' → other ('403 forbidden') > keeps ar on screen and says, in ar, that it was not saved
TestingLibraryElementError: Unable to find an element by: [data-testid="language-not-saved"]

Ignored nodes: comments, script, style
[36m<body>[39m
  [36m<div>[39m
    [36m<div[39m
      [33mclass[39m=[32m"app"[39m
    [36m>[39m
      [36m<a[39m
        [33mclass[39m=[32m"skip-link"[39m
        [33mhref[39m=[32m"#main"[39m
      [36m>[39m
        [0mSkip to main content[0m
      [36m</a>[39m
      [36m<header[39m
        [33mclass[39m=[32m"app-header"[39m
      [36m>[39m
        [36m<button[39m
          [33maria-controls[39m=[32m"_r_2_"[39m
          [33maria-expanded[39m=[32m"false"[39m
          [33mclass[39m=[32m"button button--ghost-inverse nav-toggle"[39m
          [33mtype[39m=[32m"button"[39m
        [36m>[39m
          [36m<svg[39m
            [33maria-hidden[39m=[32m"true"[39m
            [33mclass[39m=[32m"icon"[39m
            [33mfill[39m=[32m"none"[39m
            [33mfocusable[39m=[32m"false"[39m
            [33mheight[39m=[32m"16"[39m
            [33mstroke[39m=[32m"currentColor"[39m
            [33mstroke-linecap[39m=[32m"round"[39m
            [33mstroke-linejoin[39m=[32m"round"[39m
            [33mstroke-width[39m=[32m"1.8"[39m
            [33mviewBox[39m=[32m"0 0 20 20"[39m
            [33mwidth[39m=[32m"16"[39m
          [36m>[39m
            [36m<path[39m
              [33md[39m=[32m"M3 5h14M3 10h14M3 15h14"[39m
            [36m/>[39m
          [36m</svg>[39m
          [36m<span[39m
            [33mclass[39m=[32m"visually-hidden"[39m
          [36m>[39m
            [0mShow or hide navigation[0m
          [36m</span>[39m
        [36m</button>[39m
        [36m<a[39m
          [33mclass[39m=[32m"wordmark"[39m
          [33mdata-discover[39m=[32m"true"[39m
          [33mdata-testid[39m=[32m"wordmark"[39m
          [33mhref[39m=[32m"/"[39m
        [36m>[39m
          [36m<span[39m
            [33mclass[39m=[32m"wordmark__name"[39m
          [36m>[39m
            [0mMobily Transformation Hub[0m
          [36m</span>[39m
          [36m<span[39m
            [33mclass[39m=[32m"badge badge--provisional"[39m
            [33mdata-testid[39m=[32m"provisional-badge"[39m
            [33mtitle[39m=[32m"Provisional wordmark: no official logo has been supplied. Colours are provisional design tokens, not verified Mobily brand values."[39m
          [36m>[39m
            [0mProvisional[0m
          [36m</span>[39m
          [36m<span[39m
            [33mclass[39m=[32m"visually-hidden"[39m
          [36m>[39m
            [0mProvisional wordmark: no official logo has been supplied. Colours are provisional design tokens, not verified Mobily brand values.[0m
          [36m</span>[39m
        [36m</a>[39m
        [36m<div[39m
          [33mclass[39m=[32m"app-header__spacer"[39m
        [36m/>[39m
        [36m<span[39m
          [33mclass[39m=[32m"language-switch"[39m
        [36m>[39m
          [36m<button[39m
            [33maria-label[39m=[32m"Switch language to العربية"[39m
            [33mclass[39m=[32m"button button--ghost-inverse button--small"[39m
            [33mlang[39m=[32m"ar"[39m
            [33mtype[39m=[32m"button"[39m
          [36m>[39m
            [0mالعربية[0m
          [36m</button>[39m
          [36m<span[39m
            [33mclass[39m=[32m"language-switch__notice"[39m
            [33mrole[39m=[32m"status"[39m
          [36m>[39m
            [0mLanguage changed in this browser, but it could not be saved to your profile.[0m
          [36m</span>[39m
        [36m</span>[39m
        [36m<div[39m
          [33mclass[39m=[32m"user-box"[39m
        [36m>[39m
          [36m<span[39m
            [33mclass[39m=[32m"user-box__name"[39m
          [36m>[39m
            [0mSynthetic Test User[0m
          [36m</span>[39m
          [36m<span[39m
            [33mclass[39m=[32m"user-box__org"[39m
          [36m>[39m
            [0mSynthetic Organization[0m
          [36m</span>[39m
        [36m</div>[39m
        [36m<button[39m
          [33mclass[39m=[32m"button button--ghost-inverse button--small"[39m
          [33mtype[39m=[32m"button"[39m
        [36m>[39m
          [36m<svg[39m
            [33maria-hidden[39m=[32m"true"[39m
            [33mclass[39m=[32m"icon"[39m
            [33mfill[39m=[32m"none"[39m
            [33mfocusable[39m=[32m"false"[39m
            [33mheight[39m=[32m"16"[39m
            [33mstroke[39m=[32m"currentColor"[39m
            [33mstroke-linecap[39m=[32m"round"[39m
            [33mstroke-linejoin[39m=[32m"round"[39m
            [33mstroke-width[39m=[32m"1.8"[39m
            [33mviewBox[39m=[32m"0 0 20 20"[39m
            [33mwidth[39m=[32m"16"[39m
          [36m>[39m
            [36m<path[39m
              [33md[39m=[32m"M8 4H4v12h4M12 6l4 4-4 4M16 10H8"[39m
            [36m/>[39m
          [36m</svg>[39m
          [0m [0m
          [0mSign out[0m
        [36m</button>[39m
      [36m</header>[39m
      [36m<div[39m
        [33mclass[39m=[32m"app-body"[39m
      [36m>[39m
        [36m<nav[39m
          [33maria-label[39m=[32m"Primary navigation"[39m
          [33mclass[39m=[32m"app-nav"[39m
          [33mid[39m=[32m"_r_2_"[39m
        [36m>[39m
          [36m<ul[39m
            [33mclass[39m=[32m"app-nav__list"[39m
          [36m>[39m
            [36m<li>[39m
              [36m<a[39m
                [33maria-current[39m=[32m"page"[39m
                [33mclass[39m=[32m"app-nav__link active"[39m
                [33mdata-area[39m=[32m"myWork"[39m
                [33mdata-discover[39m=[32m"true"[39m
                [33mhref[39m=[32m"/my-work"[39m
              [36m>[39m
                [36m<span>[39m
                  [0mMy Work[0m
                [36m</span>[39m
              [36m</a>[39m
            [36m</li>[39m
            [36m<li>[39m
              [36m<a[39m
                [33mclass[39m=[32m"app-nav__link"[39m
                [33mdata-area[39m=[32m"executive"[39m
                [33mdata-discover[39m=[32m"true"[39m
                [33mhref[39m=[32m"/executive-overview"[39m
              [36m>[39m
                [36m<span>[39m
                  [0mExecutive Overview[0m
                [36m</span>[39m
                [36m<span[39m
                  [33mclass[39m=[32m"app-nav__tag"[39m
                [36m>[39m
                  [0mPlanned[0m
                [36m</span>[39m
              [36m</a>[39m
            [36m</li>[39m
            [36m<li>[39m
              [36m<a[39m
                [33mclass[39m=[32m"app-nav__link"[39m
                [33mdata-area[39m=[32m"transformations"[39m
                [33mdata-discover[39m=[32m"true"[39m
                [33mhref[39m=[32m"/transformations"[39m
              [36m>[39m
                [36m<span>[39m
                  [0mTransformations[0m
                [36m</span>[39m
              [36m</a>[39m
            [36m</li>[39m
            [36m<li>[39m
              [36m<a[39m
                [33mclass[39m=[32m"app-nav__link"[39m
                [33mdata-area[39m=[32m"playbook"[39m
                [33mdata-discover[39m=[32m"true"[39m
                [33mhref[39m=[32m"/playbook"[39m
              [36m>[39m
                [36m<span>[39m
                  [0mPlaybook and Procedures[0m
                [36m</span>[39m
                [36m<span[39m
                  [33mclass[39m=[32m"app-nav__tag"[39m
                [36m>[39m
                  [0mPlanned[0m
                [36m</span>[39m
              [36m</a>[39m
            [36m</li>[39m
            [36m<li>[39m
              [36m<a[39m
                [33mclass[39m=[32m"app-nav__link"[39m
                [33mdata-area[39m=[32m"strategy"[39m
                [33mdata-discover[39m=[32m"true"[39m
                [33mhref[39m=[32m"/strategy-kpis"[39m
              [36m>[39m
                [36m<span>[39m
                  [0mStrategy and KPIs[0m
                [36m</span>[39m
              [36m</a>[39m
            [36m</li>[39m
            [36m<li>[39m
              [36m<a[39m
                [33mclass[39m=[32m"app-nav__link"[39m
                [33mdata-area[39m=[32m"tom"[39m
                [33mdata-discover[39m=[32m"true"[39m
                [33mhref[39m=[32m"/target-operating-model"[39m
              [36m>[39m
                [36m<span>[39m
                  [0mTarget Operating Model[0m
                [36m</span>[39m
              [36m</a>[39m
            [36m</li>[39m
            [36m<li>[39m
              [36m<a[39m
                [33mclass[39m=[32m"app-nav__link"[39m
                [33mdata-area[39m=[32m"initiatives"[39m
                [33mdata-discover[39m=[32m"true"[39m
                [33mhref[39m=[32m"/initiatives-roadmaps"[39m
              [36m>[39m
                [36m<span>[39m
                  [0mInitiatives and Roadmaps[0m
                [36m</span>[39m
                [36m<span[39m
                  [33mclass[39m=[32m"app-nav__tag"[39m
                [36m>[39m
                  [0mPlanned[0m
                [36m</span>[39m
              [36m</a>[39m
            [36m</li>[39m
            [36m<li>[39m
              [36m<a[39m
                [33mclass[39m=[32m"app-nav__link"[39m
                [33mdata-area[39m=[32m"governance"[39m
                [33mdata-discover[39m=[32m"true"[39m
                [33mhref[39m=[32m"/governance"[39m
              [36m>[39m
                [36m<span>[39m
                  [0mGovernance[0m
                [36m</span>[39m
              [36m</a>[39m
            [36m</li>[39m
            [36m<li>[39m
              [36m<a[39m
                [33mclass[39m=[32m"app-nav__link"[39m
                [33mdata-area[39m=[32m"risks"[39m
                [33mdata-discover[39m=[32m"true"[39m
                [33mhref[39m=[32m"/risks-actions"[39m
              [36m>[39m
                [36m<span>[39m
                  [0mRisks and Actions[0m
                [36m</span>[39m
                [36m<span[39m
                  [33mclass[39m=[32m"app-nav__tag"[39m
                [36m>[39m
                  [0mPlanned[0m
                [36m</span>[39m
              [36m</a>[39m
            [36m</li>[39m
            [36m<li>[39m
              [36m<a[39m
                [33mclass[39m=[32m"app-nav__link"[39m
                [33mdata-area[39m=[32m"benefits"[39m
                [33mdata-discover[39m=[32m"true"[39m
                [33mhref[39m=[32m"/benefits-finance"[39m
              [36m>[39m
                [36m<span>[39m
                  [0mBenefits and Finance[0m
                [36m</span>[39m
                [36m<span[39m
                  [33mclass[39m=[32m"app-nav__tag"[39m
                [36m>[39m
                  [0mPlanned[0m
                [36m</span>[39m
              [36m</a>[39m
            [36m</li>[39m
            [36m<li>[39m
              [36m<a[39m
                [33mclass[39m=[32m"app-nav__link"[39m
                [33mdata-area[39m=[32m"change"[39m
                [33mdata-discover[39m=[32m"true"[39m
                [33mhref[39m=[32m"/change-adoption"[39m
              [36m>[39m
                [36m<span>[39m
                  [0mChange and Adoption[0m
                [36m</span>[39m
                [36m<span[39m
                  [33mclass[39m=[32m"app-nav__tag"[39m
                [36m>[39m
                  [0mPlanned[0m
                [36m</span>[39m
              [36m</a>[39m
            [36m</li>[39m
            [36m<li>[39m
              [36m<a[39m
                [33mclass[39m=[32m"app-nav__link"[39m
                [33mdata-area[39m=[32m"evidence"[39m
                [33mdata-discover[39m=[32m"true"[39m
                [33mhref[39m=[32m"/evidence-reports"[39m
              [36m>[39m
                [36m<span>[39m
                  [0mEvidence and Reports[0m
                [36m</span>[39m
              [36m</a>[39m
            [36m</li>[39m
            [36m<li>[39m
              [36m<a[39m
                [33mclass[39m=[32m"app-nav__link"[39m
                [33mdata-area[39m=[32m"bau"[39m
                [33mdata-discover[39m=[32m"true"[39m
                [33mhref[39m=[32m"/bau-improvement"[39m
              [36m>[39m
                [36m<span>[39m
                  [0mBAU and Improvement[0m
                [36m</span>[39m
                [36m<span[39m
                  [33mclass[39m=[32m"app-nav__tag"[39m
                [36m>[39m
                  [0mPlanned[0m
                [36m</span>[39m
              [36m</a>[39m
            [36m</li>[39m
            [36m<li>[39m
              [36m<a[39m
                [33mclass[39m=[32m"app-nav__link"[39m
                [33mdata-area[39m=[32m"admin"[39m
                [33mdata-discover[39m=[32m"true"[39m
                [33mhref[39m=[32m"/admin"[39m
              [36m>[39m
                [36m<span>[39m
                  [0mAdministration[0m
                [36m</span>[39m
              [36m</a>[39m
            [36m</li>[39m
          [36m</ul>[39m
          [36m<p[39m
            [33mclass[39m=[32m"app-nav__footer"[39m
          [36m>[39m
            [36m<a[39m
              [33mclass[39m=[32m"app-nav__link app-nav__link--small"[39m
              [33mdata-discover[39m=[32m"true"[39m
              [33mhref[39m=[32m"/about"[39m
            [36m>[39m
              [0mAbout this product[0m
            [36m</a>[39m
          [36m</p>[39m
        [36m</nav>[39m
        [36m<main[39m
          [33mclass[39m=[32m"app-main"[39m
          [33mid[39m=[32m"main"[39m
          [33mtabindex[39m=[32m"-1"[39m
        [36m>[39m
          [36m<div[39m
            [33mclass[39m=[32m"page"[39m
          [36m>[39m
            [36m<div[39m
              [33mclass[39m=[32m"page-header"[39m
            [36m>[39m
              [36m<div[39m
                [33mclass[39m=[32m"page-header__row"[39m
              [36m>[39m
                [36m<div>[39m
                  [36m<h1[39m
                    [33mclass[39m=[32m"page-header__title"[39m
                  [36m>[39m
                    [0mWelcome, Synthetic Test User[0m
                  [36m</h1>[39m
                  [36m<p[39m
                    [33mclass[39m=[32m"page-header__subtitle"[39m
                  [36m>[39m
                    [0mYour actions, drafts, reviews and deadlines in one place.[0m
                  [36m</p>[39m
                [36m</div>[39m
              [36m</div>[39m
            [36m</div>[39m
            [36m<div[39m
              [33mclass[39m=[32m"grid grid--2"[39m
            [36m>[39m
              [36m<section[39m
                [33maria-labelledby[39m=[32m"mw-next"[39m
                [33mclass[39m=[32m"card"[39m
              [36m>[39m
                [36m<h2[39m
                  [33mclass[39m=[32m"card__title"[39m
                  [33mid[39m=[32m"mw-next"[39m
                [36m>[39m
                  [0mStart here[0m
                [36m</h2>[39m
                [36m<p[39m
                  [33mclass[39m=[32m"muted"[39m
                [36m>[39m
                  [0mYou have no business-record access yet. An access administrator assigns roles at a scope; job titles never grant access.[0m
                [36m</p>[39m
              [36m</section>[39m
              [36m<section[39m
                [33maria-labelledby[39m=[32m"mw-planned"[39m
                [33mclass[39m=[32m"card"[39m
              [36m>[39m
                [36m<h2[39m
                  [33mclass[39m=[32m"card__title"[39m
                  [33mid[39m=[32m"mw-planned"[39m
                [36m>[39m
                  [36m<span[39m
                    [33mclass[39m=[32m"lifecycle-chip lifecycle-chip--draft"[39m
                  [36m>[39m
                    [36m<svg[39m
                      [33maria-hidden[39m=[32m"true"[39m
                      [33mclass[39m=[32m"icon"[39m
                      [33mfill[39m=[32m"none"[39m
                      [33mfocusable[39m=[32m"false"[39m
                      [33mheight[39m=[32m"16"[39m
                      [33mstroke[39m=[32m"currentColor"[39m
                      [33mstroke-linecap[39m=[32m"round"[39m
                      [33mstroke-linejoin[39m=[32m"round"[39m
                      [33mstroke-width[39m=[32m"1.8"[39m
                      [33mviewBox[39m=[32m"0 0 20 20"[39m
                      [33mwidth[39m=[32m"16"[39m
                    [36m>[39m
                      [36m<path[39m
                        [33md[39m=[32m"M10 3a7 7 0 1 0 0 14 7 7 0 0 0 0-14zm0 3v4l3 2"[39m
                      [36m/>[39m
                    [36m</svg>[39m
                    [0m [0m
                    [0mPlanned[0m
                  [36m</span>[39m
                [36m</h2>[39m
                [36m<p>[39m
                  [0mAssigned actions, drafts, reviews, approvals, missing updates and upcoming deadlines.[0m
                [36m</p>[39m
              [36m</section>[39m
            [36m</div>[39m
          [36m</div>[39m
        [36m</main>[39m
      [36m</div>[39m
    [36m</div>[39m
  [36m</div>[39m
[36m</body>[39m

Ignored nodes: comments, script, style
[36m<body>[39m
  [36m<div>[39m
    [36m<div[39m
      [33mclass[39m=[32m"app"[39m
    [36m>[39m
      [36m<a[39m
        [33mclass[39m=[32m"skip-link"[39m
        [33mhref[39m=[32m"#main"[39m
      [36m>[39m
        [0mSkip to main content[0m
      [36m</a>[39m
      [36m<header[39m
        [33mclass[39m=[32m"app-header"[39m
      [36m>[39m
        [36m<button[39m
          [33maria-controls[39m=[32m"_r_2_"[39m
          [33maria-expanded[39m=[32m"false"[39m
          [33mclass[39m=[32m"button button--ghost-inverse nav-toggle"[39m
          [33mtype[39m=[32m"button"[39m
        [36m>[39m
          [36m<svg[39m
            [33maria-hidden[39m=[32m"true"[39m
            [33mclass[39m=[32m"icon"[39m
            [33mfill[39m=[32m"none"[39m
            [33mfocusable[39m=[32m"false"[39m
            [33mheight[39m=[32m"16"[39m
            [33mstroke[39m=[32m"currentColor"[39m
            [33mstroke-linecap[39m=[32m"round"[39m
            [33mstroke-linejoin[39m=[32m"round"[39m
            [33mstroke-width[39m=[32m"1.8"[39m
            [33mviewBox[39m=[32m"0 0 20 20"[39m
            [33mwidth[39m=[32m"16"[39m
          [36m>[39m
            [36m<path[39m
              [33md[39m=[32m"M3 5h14M3 10h14M3 15h14"[39m
            [36m/>[39m
          [36m</svg>[39m
          [36m<span[39m
            [33mclass[39m=[32m"visually-hidden"[39m
          [36m>[39m
            [0mShow or hide navigation[0m
          [36m</span>[39m
        [36m</button>[39m
        [36m<a[39m
          [33mclass[39m=[32m"wordmark"[39m
          [33mdata-discover[39m=[32m"true"[39m
          [33mdata-testid[39m=[32m"wordmark"[39m
          [33mhref[39m=[32m"/"[39m
        [36m>[39m
          [36m<span[39m
            [33mclass[39m=[32m"wordmark__name"[39m
          [36m>[39m
            [0mMobily Transformation Hub[0m
          [36m</span>[39m
          [36m<span[39m
            [33mclass[39m=[32m"badge badge--provisional"[39m
            [33mdata-testid[39m=[32m"provisional-badge"[39m
            [33mtitle[39m=[32m"Provisional wordmark: no official logo has been supplied. Colours are provisional design tokens, not verified Mobily brand values."[39m
          [36m>[39m
            [0mProvisional[0m
          [36m</span>[39m
          [36m<span[39m
            [33mclass[39m=[32m"visually-hidden"[39m
          [36m>[39m
            [0mProvisional wordmark: no official logo has been supplied. Colours are provisional design tokens, not verified Mobily brand values.[0m
          [36m</span>[39m
        [36m</a>[39m
        [36m<div[39m
          [33mclass[39m=[32m"app-header__spacer"[39m
        [36m/>[39m
        [36m<span[39m
          [33mclass[39m=[32m"language-switch"[39m
        [36m>[39m
          [36m<button[39m
            [33maria-label[39m=[32m"Switch language to العربية"[39m
            [33mclass[39m=[32m"button button--ghost-inverse button--small"[39m
            [33mlang[39m=[32m"ar"[39m
            [33mtype[39m=[32m"button"[39m
          [36m>[39m
            [0mالعربية[0m
          [36m</button>[39m
          [36m<span[39m
            [33mclass[39m=[32m"language-switch__notice"[39m
            [33mrole[39m=[32m"status"[39m
          [36m>[39m
            [0mLanguage changed in this browser, but it could not be saved to your profile.[0m
          [36m</span>[39m
        [36m</span>[39m
        [36m<div[39m
          [33mclass[39m=[32m"user-box"[39m
        [36m>[39m
          [36m<span[39m
            [33mclass[39m=[32m"user-box__name"[39m
          [36m>[39m
            [0mSynthetic Test User[0m
          [36m</span>[39m
          [36m<span[39m
            [33mclass[39m=[32m"user-box__org"[39m
          [36m>[39m
            [0mSynthetic Organization[0m
          [36m</span>[39m
        [36m</div>[39m
        [36m<button[39m
          [33mclass[39m=[32m"button button--ghost-inverse button--small"[39m
          [33mtype[39m=[32m"button"[39m
        [36m>[39m
          [36m<svg[39m
            [33maria-hidden[39m=[32m"true"[39m
            [33mclass[39m=[32m"icon"[39m
            [33mfill[39m=[32m"none"[39m
            [33mfocusable[39m=[32m"false"[39m
            [33mheight[39m=[32m"16"[39m
            [33mstroke[39m=[32m"currentColor"[39m
            [33mstroke-linecap[39m=[32m"round"[39m
            [33mstroke-linejoin[39m=[32m"round"[39m
            [33mstroke-width[39m=[32m"1.8"[39m
            [33mviewBox[39m=[32m"0 0 20 20"[39m
            [33mwidth[39m=[32m"16"[39m
          [36m>[39m
            [36m<path[39m
              [33md[39m=[32m"M8 4H4v12h4M12 6l4 4-4 4M16 10H8"[39m
            [36m/>[39m
          [36m</svg>[39m
          [0m [0m
          [0mSign out[0m
        [36m</button>[39m
      [36m</header>[39m
      [36m<div[39m
        [33mclass[39m=[32m"app-body"[39m
      [36m>[39m
        [36m<nav[39m
          [33maria-label[39m=[32m"Primary navigation"[39m
          [33mclass[39m=[32m"app-nav"[39m
          [33mid[39m=[32m"_r_2_"[39m
        [36m>[39m
          [36m<ul[39m
            [33mclass[39m=[32m"app-nav__list"[39m
          [36m>[39m
            [36m<li>[39m
              [36m<a[39m
                [33maria-current[39m=[32m"page"[39m
                [33mclass[39m=[32m"app-nav__link active"[39m
                [33mdata-area[39m=[32m"myWork"[39m
                [33mdata-discover[39m=[32m"true"[39m
                [33mhref[39m=[32m"/my-work"[39m
              [36m>[39m
                [36m<span>[39m
                  [0mMy Work[0m
                [36m</span>[39m
              [36m</a>[39m
            [36m</li>[39m
            [36m<li>[39m
              [36m<a[39m
                [33mclass[39m=[32m"app-nav__link"[39m
                [33mdata-area[39m=[32m"executive"[39m
                [33mdata-discover[39m=[32m"true"[39m
                [33mhref[39m=[32m"/executive-overview"[39m
              [36m>[39m
                [36m<span>[39m
                  [0mExecutive Overview[0m
                [36m</span>[39m
                [36m<span[39m
                  [33mclass[39m=[32m"app-nav__tag"[39m
                [36m>[39m
                  [0mPlanned[0m
                [36m</span>[39m
              [36m</a>[39m
            [36m</li>[39m
            [36m<li>[39m
              [36m<a[39m
                [33mclass[39m=[32m"app-nav__link"[39m
                [33mdata-area[39m=[32m"transformations"[39m
                [33mdata-discover[39m=[32m"true"[39m
                [33mhref[39m=[32m"/transformations"[39m
              [36m>[39m
                [36m<span>[39m
                  [0mTransformations[0m
                [36m</span>[39m
              [36m</a>[39m
            [36m</li>[39m
            [36m<li>[39m
              [36m<a[39m
                [33mclass[39m=[32m"app-nav__link"[39m
                [33mdata-area[39m=[32m"playbook"[39m
                [33mdata-discover[39m=[32m"true"[39m
                [33mhref[39m=[32m"/playbook"[39m
              [36m>[39m
                [36m<span>[39m
                  [0mPlaybook and Procedures[0m
                [36m</span>[39m
                [36m<span[39m
                  [33mclass[39m=[32m"app-nav__tag"[39m
                [36m>[39m
                  [0mPlanned[0m
                [36m</span>[39m
              [36m</a>[39m
            [36m</li>[39m
            [36m<li>[39m
              [36m<a[39m
                [33mclass[39m=[32m"app-nav__link"[39m
                [33mdata-area[39m=[32m"strategy"[39m
                [33mdata-discover[39m=[32m"true"[39m
                [33mhref[39m=[32m"/strategy-kpis"[39m
              [36m>[39m
                [36m<span>[39m
                  [0mStrategy and KPIs[0m
                [36m</span>[39m
              [36m</a>[39m
            [36m</li>[39m
            [36m<li>[39m
              [36m<a[39m
                [33mclass[39m=[32m"app-nav__link"[39m
                [33mdata-area[39m=[32m"tom"[39m
                [33mdata-discover[39m=[32m"true"[39m
                [33mhref[39m=[32m"/target-operating-model"[39m
              [36m>[39m
                [36m<span>[39m
                  [0mTarget Operating Model[0m
                [36m</span>[39m
              [36m</a>[39m
            [36m</li>[39m
            [36m<li>[39m
              [36m<a[39m
                [33mclass[39m=[32m"app-nav__link"[39m
                [33mdata-area[39m=[32m"initiatives"[39m
                [33mdata-discover[39m=[32m"true"[39m
                [33mhref[39m=[32m"/initiatives-roadmaps"[39m
              [36m>[39m
                [36m<span>[39m
                  [0mInitiatives and Roadmaps[0m
                [36m</span>[39m
                [36m<span[39m
                  [33mclass[39m=[32m"app-nav__tag"[39m
                [36m>[39m
                  [0mPlanned[0m
                [36m</span>[39m
              [36m</a>[39m
            [36m</li>[39m
            [36m<li>[39m
              [36m<a[39m
                [33mclass[39m=[32m"app-nav__link"[39m
                [33mdata-area[39m=[32m"governance"[39m
                [33mdata-discover[39m=[32m"true"[39m
                [33mhref[39m=[32m"/governance"[39m
              [36m>[39m
                [36m<span>[39m
                  [0mGovernance[0m
                [36m</span>[39m
              [36m</a>[39m
            [36m</li>[39m
            [36m<li>[39m
              [36m<a[39m
                [33mclass[39m=[32m"app-nav__link"[39m
                [33mdata-area[39m=[32m"risks"[39m
                [33mdata-discover[39m=[32m"true"[39m
                [33mhref[39m=[32m"/risks-actions"[39m
              [36m>[39m
                [36m<span>[39m
                  [0mRisks and Actions[0m
                [36m</span>[39m
                [36m<span[39m
                  [33mclass[39m=[32m"app-nav__tag"[39m
                [36m>[39m
                  [0mPlanned[0m
                [36m</span>[39m
              [36m</a>[39m
            [36m</li>[39m
            [36m<li>[39m
              [36m<a[39m
                [33mclass[39m=[32m"app-nav__link"[39m
                [33mdata-area[39m=[32m"benefits"[39m
                [33mdata-discover[39m=[32m"true"[39m
                [33mhref[39m=[32m"/benefits-finance"[39m
              [36m>[39m
                [36m<span>[39m
                  [0mBenefits and Finance[0m
                [36m</span>[39m
                [36m<span[39m
                  [33mclass[39m=[32m"app-nav__tag"[39m
                [36m>[39m
                  [0mPlanned[0m
                [36m</span>[39m
              [36m</a>[39m
            [36m</li>[39m
            [36m<li>[39m
              [36m<a[39m
                [33mclass[39m=[32m"app-nav__link"[39m
                [33mdata-area[39m=[32m"change"[39m
                [33mdata-discover[39m=[32m"true"[39m
                [33mhref[39m=[32m"/change-adoption"[39m
              [36m>[39m
                [36m<span>[39m
                  [0mChange and Adoption[0m
                [36m</span>[39m
                [36m<span[39m
                  [33mclass[39m=[32m"app-nav__tag"[39m
                [36m>[39m
                  [0mPlanned[0m
                [36m</span>[39m
              [36m</a>[39m
            [36m</li>[39m
            [36m<li>[39m
              [36m<a[39m
                [33mclass[39m=[32m"app-nav__link"[39m
                [33mdata-area[39m=[32m"evidence"[39m
                [33mdata-discover[39m=[32m"true"[39m
                [33mhref[39m=[32m"/evidence-reports"[39m
              [36m>[39m
                [36m<span>[39m
                  [0mEvidence and Reports[0m
                [36m</span>[39m
              [36m</a>[39m
            [36m</li>[39m
            [36m<li>[39m
              [36m<a[39m
                [33mclass[39m=[32m"app-nav__link"[39m
                [33mdata-area[39m=[32m"bau"[39m
                [33mdata-discover[39m=[32m"true"[39m
                [33mhref[39m=[32m"/bau-improvement"[39m
              [36m>[39m
                [36m<span>[39m
                  [0mBAU and Improvement[0m
                [36m</span>[39m
                [36m<span[39m
                  [33mclass[39m=[32m"app-nav__tag"[39m
                [36m>[39m
                  [0mPlanned[0m
                [36m</span>[39m
              [36m</a>[39m
            [36m</li>[39m
            [36m<li>[39m
              [36m<a[39m
                [33mclass[39m=[32m"app-nav__link"[39m
                [33mdata-area[39m=[32m"admin"[39m
                [33mdata-discover[39m=[32m"true"[39m
                [33mhref[39m=[32m"/admin"[39m
              [36m>[39m
                [36m<span>[39m
                  [0mAdministration[0m
                [36m</span>[39m
              [36m</a>[39m
            [36m</li>[39m
          [36m</ul>[39m
          [36m<p[39m
            [33mclass[39m=[32m"app-nav__footer"[39m
          [36m>[39m
            [36m<a[39m
              [33mclass[39m=[32m"app-nav__link app-nav__link--small"[39m
              [33mdata-discover[39m=[32m"true"[39m
              [33mhref[39m=[32m"/about"[39m
            [36m>[39m
              [0mAbout this product[0m
            [36m</a>[39m
          [36m</p>[39m
        [36m</nav>[39m
        [36m<main[39m
          [33mclass[39m=[32m"app-main"[39m
          [33mid[39m=[32m"main"[39m
          [33mtabindex[39m=[32m"-1"[39m
        [36m>[39m
          [36m<div[39m
            [33mclass[39m=[32m"page"[39m
          [36m>[39m
            [36m<div[39m
              [33mclass[39m=[32m"page-header"[39m
            [36m>[39m
              [36m<div[39m
                [33mclass[39m=[32m"page-header__row"[39m
              [36m>[39m
                [36m<div>[39m
                  [36m<h1[39m
                    [33mclass[39m=[32m"page-header__title"[39m
                  [36m>[39m
                    [0mWelcome, Synthetic Test User[0m
                  [36m</h1>[39m
                  [36m<p[39m
                    [33mclass[39m=[32m"page-header__subtitle"[39m
                  [36m>[39m
                    [0mYour actions, drafts, reviews and deadlines in one place.[0m
                  [36m</p>[39m
                [36m</div>[39m
              [36m</div>[39m
            [36m</div>[39m
            [36m<div[39m
              [33mclass[39m=[32m"grid grid--2"[39m
            [36m>[39m
              [36m<section[39m
                [33maria-labelledby[39m=[32m"mw-next"[39m
                [33mclass[39m=[32m"card"[39m
              [36m>[39m
                [36m<h2[39m
                  [33mclass[39m=[32m"card__title"[39m
                  [33mid[39m=[32m"mw-next"[39m
                [36m>[39m
                  [0mStart here[0m
                [36m</h2>[39m
                [36m<p[39m
                  [33mclass[39m=[32m"muted"[39m
                [36m>[39m
                  [0mYou have no business-record access yet. An access administrator assigns roles at a scope; job titles never grant access.[0m
                [36m</p>[39m
              [36m</section>[39m
              [36m<section[39m
                [33maria-labelledby[39m=[32m"mw-planned"[39m
                [33mclass[39m=[32m"card"[39m
              [36m>[39m
                [36m<h2[39m
                  [33mclass[39m=[32m"card__title"[39m
                  [33mid[39m=[32m"mw-planned"[39m
                [36m>[39m
                  [36m<span[39m
                    [33mclass[39m=[32m"lifecycle-chip lifecycle-chip--draft"[39m
                  [36m>[39m
                    [36m<svg[39m
                      [33maria-hidden[39m=[32m"true"[39m
                      [33mclass[39m=[32m"icon"[39m
                      [33mfill[39m=[32m"none"[39m
                      [33mfocusable[39m=[32m"false"[39m
                      [33mheight[39m=[32m"16"[39m
                      [33mstroke[39m=[32m"currentColor"[39m
                      [33mstroke-linecap[39m=[32m"round"[39m
                      [33mstroke-linejoin[39m=[32m"round"[39m
                      [33mstroke-width[39m=[32m"1.8"[39m
                      [33mviewBox[39m=[32m"0 0 20 20"[39m
                      [33mwidth[39m=[32m"16"[39m
                    [36m>[39m
                      [36m<path[39m
                        [33md[39m=[32m"M10 3a7 7 0 1 0 0 14 7 7 0 0 0 0-14zm0 3v4l3 2"[39m
                      [36m/>[39m
                    [36m</svg>[39m
                    [0m [0m
                    [0mPlanned[0m
                  [36m</span>[39m
                [36m</h2>[39m
                [36m<p>[39m
                  [0mAssigned actions, drafts, reviews, approvals, missing updates and upcoming deadlines.[0m
                [36m</p>[39m
              [36m</section>[39m
            [36m</div>[39m
          [36m</div>[39m
        [36m</main>[39m
      [36m</div>[39m
    [36m</div>[39m
  [36m</div>[39m
[36m</body>[39m
 ❯ waitForWrapper ../../node_modules/.pnpm/@testing-library+dom@10.4.1/node_modules/@testing-library/dom/dist/wait-for.js:163:27
 ❯ ../../node_modules/.pnpm/@testing-library+dom@10.4.1/node_modules/@testing-library/dom/dist/query-helpers.js:86:33
 ❯ src/components/LanguageSwitch.test.tsx:67:33
     65|     await switchTo(to, from);
     66| 
     67|     const notice = await screen.findByTestId("language-not-saved");
       |                                 ^
     68|     // The text is exactly the chosen language's notice, never the pre…
     69|     expect(notice.textContent).toBe(TEXT[to].common.language.notSaved);

⎯⎯⎯⎯⎯⎯⎯⎯⎯⎯⎯⎯⎯⎯⎯⎯⎯⎯⎯⎯⎯⎯⎯⎯[3/7]⎯

 FAIL  |unit-web| src/components/LanguageSwitch.test.tsx > a refused language save, 'ar' → other ('503') > keeps en on screen and says, in en, that it was not saved
TestingLibraryElementError: Unable to find an element by: [data-testid="language-not-saved"]

Ignored nodes: comments, script, style
[36m<body>[39m
  [36m<div>[39m
    [36m<div[39m
      [33mclass[39m=[32m"app"[39m
    [36m>[39m
      [36m<a[39m
        [33mclass[39m=[32m"skip-link"[39m
        [33mhref[39m=[32m"#main"[39m
      [36m>[39m
        [0mانتقل إلى المحتوى الرئيسي[0m
      [36m</a>[39m
      [36m<header[39m
        [33mclass[39m=[32m"app-header"[39m
      [36m>[39m
        [36m<button[39m
          [33maria-controls[39m=[32m"_r_3_"[39m
          [33maria-expanded[39m=[32m"false"[39m
          [33mclass[39m=[32m"button button--ghost-inverse nav-toggle"[39m
          [33mtype[39m=[32m"button"[39m
        [36m>[39m
          [36m<svg[39m
            [33maria-hidden[39m=[32m"true"[39m
            [33mclass[39m=[32m"icon"[39m
            [33mfill[39m=[32m"none"[39m
            [33mfocusable[39m=[32m"false"[39m
            [33mheight[39m=[32m"16"[39m
            [33mstroke[39m=[32m"currentColor"[39m
            [33mstroke-linecap[39m=[32m"round"[39m
            [33mstroke-linejoin[39m=[32m"round"[39m
            [33mstroke-width[39m=[32m"1.8"[39m
            [33mviewBox[39m=[32m"0 0 20 20"[39m
            [33mwidth[39m=[32m"16"[39m
          [36m>[39m
            [36m<path[39m
              [33md[39m=[32m"M3 5h14M3 10h14M3 15h14"[39m
            [36m/>[39m
          [36m</svg>[39m
          [36m<span[39m
            [33mclass[39m=[32m"visually-hidden"[39m
          [36m>[39m
            [0mإظهار التنقل أو إخفاؤه[0m
          [36m</span>[39m
        [36m</button>[39m
        [36m<a[39m
          [33mclass[39m=[32m"wordmark"[39m
          [33mdata-discover[39m=[32m"true"[39m
          [33mdata-testid[39m=[32m"wordmark"[39m
          [33mhref[39m=[32m"/"[39m
        [36m>[39m
          [36m<span[39m
            [33mclass[39m=[32m"wordmark__name"[39m
          [36m>[39m
            [0mمنصة موبايلي للتحوّل[0m
          [36m</span>[39m
          [36m<span[39m
            [33mclass[39m=[32m"badge badge--provisional"[39m
            [33mdata-testid[39m=[32m"provisional-badge"[39m
            [33mtitle[39m=[32m"شعار نصي مؤقت: لم يُقدَّم شعار رسمي. الألوان رموز تصميم مؤقتة وليست ألوان علامة موبايلي المعتمدة."[39m
          [36m>[39m
            [0mمؤقت[0m
          [36m</span>[39m
          [36m<span[39m
            [33mclass[39m=[32m"visually-hidden"[39m
          [36m>[39m
            [0mشعار نصي مؤقت: لم يُقدَّم شعار رسمي. الألوان رموز تصميم مؤقتة وليست ألوان علامة موبايلي المعتمدة.[0m
          [36m</span>[39m
        [36m</a>[39m
        [36m<div[39m
          [33mclass[39m=[32m"app-header__spacer"[39m
        [36m/>[39m
        [36m<span[39m
          [33mclass[39m=[32m"language-switch"[39m
        [36m>[39m
          [36m<button[39m
            [33maria-label[39m=[32m"تغيير اللغة إلى English"[39m
            [33mclass[39m=[32m"button button--ghost-inverse button--small"[39m
            [33mlang[39m=[32m"en"[39m
            [33mtype[39m=[32m"button"[39m
          [36m>[39m
            [0mEnglish[0m
          [36m</button>[39m
          [36m<span[39m
            [33mclass[39m=[32m"language-switch__notice"[39m
            [33mrole[39m=[32m"status"[39m
          [36m>[39m
            [0mتغيّرت اللغة في هذا المتصفح، لكن تعذّر حفظها في ملفك الشخصي.[0m
          [36m</span>[39m
        [36m</span>[39m
        [36m<div[39m
          [33mclass[39m=[32m"user-box"[39m
        [36m>[39m
          [36m<span[39m
            [33mclass[39m=[32m"user-box__name"[39m
          [36m>[39m
            [0mSynthetic Test User[0m
          [36m</span>[39m
          [36m<span[39m
            [33mclass[39m=[32m"user-box__org"[39m
          [36m>[39m
            [0mجهة اصطناعية[0m
          [36m</span>[39m
        [36m</div>[39m
        [36m<button[39m
          [33mclass[39m=[32m"button button--ghost-inverse button--small"[39m
          [33mtype[39m=[32m"button"[39m
        [36m>[39m
          [36m<svg[39m
            [33maria-hidden[39m=[32m"true"[39m
            [33mclass[39m=[32m"icon"[39m
            [33mfill[39m=[32m"none"[39m
            [33mfocusable[39m=[32m"false"[39m
            [33mheight[39m=[32m"16"[39m
            [33mstroke[39m=[32m"currentColor"[39m
            [33mstroke-linecap[39m=[32m"round"[39m
            [33mstroke-linejoin[39m=[32m"round"[39m
            [33mstroke-width[39m=[32m"1.8"[39m
            [33mviewBox[39m=[32m"0 0 20 20"[39m
            [33mwidth[39m=[32m"16"[39m
          [36m>[39m
            [36m<path[39m
              [33md[39m=[32m"M8 4H4v12h4M12 6l4 4-4 4M16 10H8"[39m
            [36m/>[39m
          [36m</svg>[39m
          [0m [0m
          [0mتسجيل الخروج[0m
        [36m</button>[39m
      [36m</header>[39m
      [36m<div[39m
        [33mclass[39m=[32m"app-body"[39m
      [36m>[39m
        [36m<nav[39m
          [33maria-label[39m=[32m"التنقل الرئيسي"[39m
          [33mclass[39m=[32m"app-nav"[39m
          [33mid[39m=[32m"_r_3_"[39m
        [36m>[39m
          [36m<ul[39m
            [33mclass[39m=[32m"app-nav__list"[39m
          [36m>[39m
            [36m<li>[39m
              [36m<a[39m
                [33maria-current[39m=[32m"page"[39m
                [33mclass[39m=[32m"app-nav__link active"[39m
                [33mdata-area[39m=[32m"myWork"[39m
                [33mdata-discover[39m=[32m"true"[39m
                [33mhref[39m=[32m"/my-work"[39m
              [36m>[39m
                [36m<span>[39m
                  [0mعملي[0m
                [36m</span>[39m
              [36m</a>[39m
            [36m</li>[39m
            [36m<li>[39m
              [36m<a[39m
                [33mclass[39m=[32m"app-nav__link"[39m
                [33mdata-area[39m=[32m"executive"[39m
                [33mdata-discover[39m=[32m"true"[39m
                [33mhref[39m=[32m"/executive-overview"[39m
              [36m>[39m
                [36m<span>[39m
                  [0mالنظرة التنفيذية[0m
                [36m</span>[39m
                [36m<span[39m
                  [33mclass[39m=[32m"app-nav__tag"[39m
                [36m>[39m
                  [0mمخطط[0m
                [36m</span>[39m
              [36m</a>[39m
            [36m</li>[39m
            [36m<li>[39m
              [36m<a[39m
                [33mclass[39m=[32m"app-nav__link"[39m
                [33mdata-area[39m=[32m"transformations"[39m
                [33mdata-discover[39m=[32m"true"[39m
                [33mhref[39m=[32m"/transformations"[39m
              [36m>[39m
                [36m<span>[39m
                  [0mالتحوّلات[0m
                [36m</span>[39m
              [36m</a>[39m
            [36m</li>[39m
            [36m<li>[39m
              [36m<a[39m
                [33mclass[39m=[32m"app-nav__link"[39m
                [33mdata-area[39m=[32m"playbook"[39m
                [33mdata-discover[39m=[32m"true"[39m
                [33mhref[39m=[32m"/playbook"[39m
              [36m>[39m
                [36m<span>[39m
                  [0mالدليل والإجراءات[0m
                [36m</span>[39m
                [36m<span[39m
                  [33mclass[39m=[32m"app-nav__tag"[39m
                [36m>[39m
                  [0mمخطط[0m
                [36m</span>[39m
              [36m</a>[39m
            [36m</li>[39m
            [36m<li>[39m
              [36m<a[39m
                [33mclass[39m=[32m"app-nav__link"[39m
                [33mdata-area[39m=[32m"strategy"[39m
                [33mdata-discover[39m=[32m"true"[39m
                [33mhref[39m=[32m"/strategy-kpis"[39m
              [36m>[39m
                [36m<span>[39m
                  [0mالاستراتيجية ومؤشرات الأداء[0m
                [36m</span>[39m
              [36m</a>[39m
            [36m</li>[39m
            [36m<li>[39m
              [36m<a[39m
                [33mclass[39m=[32m"app-nav__link"[39m
                [33mdata-area[39m=[32m"tom"[39m
                [33mdata-discover[39m=[32m"true"[39m
                [33mhref[39m=[32m"/target-operating-model"[39m
              [36m>[39m
                [36m<span>[39m
                  [0mنموذج التشغيل المستهدف[0m
                [36m</span>[39m
              [36m</a>[39m
            [36m</li>[39m
            [36m<li>[39m
              [36m<a[39m
                [33mclass[39m=[32m"app-nav__link"[39m
                [33mdata-area[39m=[32m"initiatives"[39m
                [33mdata-discover[39m=[32m"true"[39m
                [33mhref[39m=[32m"/initiatives-roadmaps"[39m
              [36m>[39m
                [36m<span>[39m
                  [0mالمبادرات وخرائط الطريق[0m
                [36m</span>[39m
                [36m<span[39m
                  [33mclass[39m=[32m"app-nav__tag"[39m
                [36m>[39m
                  [0mمخطط[0m
                [36m</span>[39m
              [36m</a>[39m
            [36m</li>[39m
            [36m<li>[39m
              [36m<a[39m
                [33mclass[39m=[32m"app-nav__link"[39m
                [33mdata-area[39m=[32m"governance"[39m
                [33mdata-discover[39m=[32m"true"[39m
                [33mhref[39m=[32m"/governance"[39m
              [36m>[39m
                [36m<span>[39m
                  [0mالحوكمة[0m
                [36m</span>[39m
              [36m</a>[39m
            [36m</li>[39m
            [36m<li>[39m
              [36m<a[39m
                [33mclass[39m=[32m"app-nav__link"[39m
                [33mdata-area[39m=[32m"risks"[39m
                [33mdata-discover[39m=[32m"true"[39m
                [33mhref[39m=[32m"/risks-actions"[39m
              [36m>[39m
                [36m<span>[39m
                  [0mالمخاطر والإجراءات[0m
                [36m</span>[39m
                [36m<span[39m
                  [33mclass[39m=[32m"app-nav__tag"[39m
                [36m>[39m
                  [0mمخطط[0m
                [36m</span>[39m
              [36m</a>[39m
            [36m</li>[39m
            [36m<li>[39m
              [36m<a[39m
                [33mclass[39m=[32m"app-nav__link"[39m
                [33mdata-area[39m=[32m"benefits"[39m
                [33mdata-discover[39m=[32m"true"[39m
                [33mhref[39m=[32m"/benefits-finance"[39m
              [36m>[39m
                [36m<span>[39m
                  [0mالمنافع والمالية[0m
                [36m</span>[39m
                [36m<span[39m
                  [33mclass[39m=[32m"app-nav__tag"[39m
                [36m>[39m
                  [0mمخطط[0m
                [36m</span>[39m
              [36m</a>[39m
            [36m</li>[39m
            [36m<li>[39m
              [36m<a[39m
                [33mclass[39m=[32m"app-nav__link"[39m
                [33mdata-area[39m=[32m"change"[39m
                [33mdata-discover[39m=[32m"true"[39m
                [33mhref[39m=[32m"/change-adoption"[39m
              [36m>[39m
                [36m<span>[39m
                  [0mالتغيير والتبنّي[0m
                [36m</span>[39m
                [36m<span[39m
                  [33mclass[39m=[32m"app-nav__tag"[39m
                [36m>[39m
                  [0mمخطط[0m
                [36m</span>[39m
              [36m</a>[39m
            [36m</li>[39m
            [36m<li>[39m
              [36m<a[39m
                [33mclass[39m=[32m"app-nav__link"[39m
                [33mdata-area[39m=[32m"evidence"[39m
                [33mdata-discover[39m=[32m"true"[39m
                [33mhref[39m=[32m"/evidence-reports"[39m
              [36m>[39m
                [36m<span>[39m
                  [0mالأدلة والتقارير[0m
                [36m</span>[39m
              [36m</a>[39m
            [36m</li>[39m
            [36m<li>[39m
              [36m<a[39m
                [33mclass[39m=[32m"app-nav__link"[39m
                [33mdata-area[39m=[32m"bau"[39m
                [33mdata-discover[39m=[32m"true"[39m
                [33mhref[39m=[32m"/bau-improvement"[39m
              [36m>[39m
                [36m<span>[39m
                  [0mالعمليات الاعتيادية والتحسين[0m
                [36m</span>[39m
                [36m<span[39m
                  [33mclass[39m=[32m"app-nav__tag"[39m
                [36m>[39m
                  [0mمخطط[0m
                [36m</span>[39m
              [36m</a>[39m
            [36m</li>[39m
            [36m<li>[39m
              [36m<a[39m
                [33mclass[39m=[32m"app-nav__link"[39m
                [33mdata-area[39m=[32m"admin"[39m
                [33mdata-discover[39m=[32m"true"[39m
                [33mhref[39m=[32m"/admin"[39m
              [36m>[39m
                [36m<span>[39m
                  [0mالإدارة[0m
                [36m</span>[39m
              [36m</a>[39m
            [36m</li>[39m
          [36m</ul>[39m
          [36m<p[39m
            [33mclass[39m=[32m"app-nav__footer"[39m
          [36m>[39m
            [36m<a[39m
              [33mclass[39m=[32m"app-nav__link app-nav__link--small"[39m
              [33mdata-discover[39m=[32m"true"[39m
              [33mhref[39m=[32m"/about"[39m
            [36m>[39m
              [0mحول هذا المنتج[0m
            [36m</a>[39m
          [36m</p>[39m
        [36m</nav>[39m
        [36m<main[39m
          [33mclass[39m=[32m"app-main"[39m
          [33mid[39m=[32m"main"[39m
          [33mtabindex[39m=[32m"-1"[39m
        [36m>[39m
          [36m<div[39m
            [33mclass[39m=[32m"page"[39m
          [36m>[39m
            [36m<div[39m
              [33mclass[39m=[32m"page-header"[39m
            [36m>[39m
              [36m<div[39m
                [33mclass[39m=[32m"page-header__row"[39m
              [36m>[39m
                [36m<div>[39m
                  [36m<h1[39m
                    [33mclass[39m=[32m"page-header__title"[39m
                  [36m>[39m
                    [0mمرحبًا، Synthetic Test User[0m
                  [36m</h1>[39m
                  [36m<p[39m
                    [33mclass[39m=[32m"page-header__subtitle"[39m
                  [36m>[39m
                    [0mإجراءاتك ومسوداتك ومراجعاتك ومواعيدك النهائية في مكان واحد.[0m
                  [36m</p>[39m
                [36m</div>[39m
              [36m</div>[39m
            [36m</div>[39m
            [36m<div[39m
              [33mclass[39m=[32m"grid grid--2"[39m
            [36m>[39m
              [36m<section[39m
                [33maria-labelledby[39m=[32m"mw-next"[39m
                [33mclass[39m=[32m"card"[39m
              [36m>[39m
                [36m<h2[39m
                  [33mclass[39m=[32m"card__title"[39m
                  [33mid[39m=[32m"mw-next"[39m
                [36m>[39m
                  [0mابدأ من هنا[0m
                [36m</h2>[39m
                [36m<p[39m
                  [33mclass[39m=[32m"muted"[39m
                [36m>[39m
                  [0mليس لديك وصول إلى سجلات الأعمال بعد. يُسند مسؤول الصلاحيات الأدوار ضمن نطاق محدد، ولا تمنح المسميات الوظيفية أي صلاحية.[0m
                [36m</p>[39m
              [36m</section>[39m
              [36m<section[39m
                [33maria-labelledby[39m=[32m"mw-planned"[39m
                [33mclass[39m=[32m"card"[39m
              [36m>[39m
                [36m<h2[39m
                  [33mclass[39m=[32m"card__title"[39m
                  [33mid[39m=[32m"mw-planned"[39m
                [36m>[39m
                  [36m<span[39m
                    [33mclass[39m=[32m"lifecycle-chip lifecycle-chip--draft"[39m
                  [36m>[39m
                    [36m<svg[39m
                      [33maria-hidden[39m=[32m"true"[39m
                      [33mclass[39m=[32m"icon"[39m
                      [33mfill[39m=[32m"none"[39m
                      [33mfocusable[39m=[32m"false"[39m
                      [33mheight[39m=[32m"16"[39m
                      [33mstroke[39m=[32m"currentColor"[39m
                      [33mstroke-linecap[39m=[32m"round"[39m
                      [33mstroke-linejoin[39m=[32m"round"[39m
                      [33mstroke-width[39m=[32m"1.8"[39m
                      [33mviewBox[39m=[32m"0 0 20 20"[39m
                      [33mwidth[39m=[32m"16"[39m
                    [36m>[39m
                      [36m<path[39m
                        [33md[39m=[32m"M10 3a7 7 0 1 0 0 14 7 7 0 0 0 0-14zm0 3v4l3 2"[39m
                      [36m/>[39m
                    [36m</svg>[39m
                    [0m [0m
                    [0mمخطط[0m
                  [36m</span>[39m
                [36m</h2>[39m
                [36m<p>[39m
                  [0mالإجراءات المسندة، والمسودات، والمراجعات، والاعتمادات، والتحديثات الناقصة، والمواعيد النهائية القادمة.[0m
                [36m</p>[39m
              [36m</section>[39m
            [36m</div>[39m
          [36m</div>[39m
        [36m</main>[39m
      [36m</div>[39m
    [36m</div>[39m
  [36m</div>[39m
[36m</body>[39m

Ignored nodes: comments, script, style
[36m<body>[39m
  [36m<div>[39m
    [36m<div[39m
      [33mclass[39m=[32m"app"[39m
    [36m>[39m
      [36m<a[39m
        [33mclass[39m=[32m"skip-link"[39m
        [33mhref[39m=[32m"#main"[39m
      [36m>[39m
        [0mانتقل إلى المحتوى الرئيسي[0m
      [36m</a>[39m
      [36m<header[39m
        [33mclass[39m=[32m"app-header"[39m
      [36m>[39m
        [36m<button[39m
          [33maria-controls[39m=[32m"_r_3_"[39m
          [33maria-expanded[39m=[32m"false"[39m
          [33mclass[39m=[32m"button button--ghost-inverse nav-toggle"[39m
          [33mtype[39m=[32m"button"[39m
        [36m>[39m
          [36m<svg[39m
            [33maria-hidden[39m=[32m"true"[39m
            [33mclass[39m=[32m"icon"[39m
            [33mfill[39m=[32m"none"[39m
            [33mfocusable[39m=[32m"false"[39m
            [33mheight[39m=[32m"16"[39m
            [33mstroke[39m=[32m"currentColor"[39m
            [33mstroke-linecap[39m=[32m"round"[39m
            [33mstroke-linejoin[39m=[32m"round"[39m
            [33mstroke-width[39m=[32m"1.8"[39m
            [33mviewBox[39m=[32m"0 0 20 20"[39m
            [33mwidth[39m=[32m"16"[39m
          [36m>[39m
            [36m<path[39m
              [33md[39m=[32m"M3 5h14M3 10h14M3 15h14"[39m
            [36m/>[39m
          [36m</svg>[39m
          [36m<span[39m
            [33mclass[39m=[32m"visually-hidden"[39m
          [36m>[39m
            [0mإظهار التنقل أو إخفاؤه[0m
          [36m</span>[39m
        [36m</button>[39m
        [36m<a[39m
          [33mclass[39m=[32m"wordmark"[39m
          [33mdata-discover[39m=[32m"true"[39m
          [33mdata-testid[39m=[32m"wordmark"[39m
          [33mhref[39m=[32m"/"[39m
        [36m>[39m
          [36m<span[39m
            [33mclass[39m=[32m"wordmark__name"[39m
          [36m>[39m
            [0mمنصة موبايلي للتحوّل[0m
          [36m</span>[39m
          [36m<span[39m
            [33mclass[39m=[32m"badge badge--provisional"[39m
            [33mdata-testid[39m=[32m"provisional-badge"[39m
            [33mtitle[39m=[32m"شعار نصي مؤقت: لم يُقدَّم شعار رسمي. الألوان رموز تصميم مؤقتة وليست ألوان علامة موبايلي المعتمدة."[39m
          [36m>[39m
            [0mمؤقت[0m
          [36m</span>[39m
          [36m<span[39m
            [33mclass[39m=[32m"visually-hidden"[39m
          [36m>[39m
            [0mشعار نصي مؤقت: لم يُقدَّم شعار رسمي. الألوان رموز تصميم مؤقتة وليست ألوان علامة موبايلي المعتمدة.[0m
          [36m</span>[39m
        [36m</a>[39m
        [36m<div[39m
          [33mclass[39m=[32m"app-header__spacer"[39m
        [36m/>[39m
        [36m<span[39m
          [33mclass[39m=[32m"language-switch"[39m
        [36m>[39m
          [36m<button[39m
            [33maria-label[39m=[32m"تغيير اللغة إلى English"[39m
            [33mclass[39m=[32m"button button--ghost-inverse button--small"[39m
            [33mlang[39m=[32m"en"[39m
            [33mtype[39m=[32m"button"[39m
          [36m>[39m
            [0mEnglish[0m
          [36m</button>[39m
          [36m<span[39m
            [33mclass[39m=[32m"language-switch__notice"[39m
            [33mrole[39m=[32m"status"[39m
          [36m>[39m
            [0mتغيّرت اللغة في هذا المتصفح، لكن تعذّر حفظها في ملفك الشخصي.[0m
          [36m</span>[39m
        [36m</span>[39m
        [36m<div[39m
          [33mclass[39m=[32m"user-box"[39m
        [36m>[39m
          [36m<span[39m
            [33mclass[39m=[32m"user-box__name"[39m
          [36m>[39m
            [0mSynthetic Test User[0m
          [36m</span>[39m
          [36m<span[39m
            [33mclass[39m=[32m"user-box__org"[39m
          [36m>[39m
            [0mجهة اصطناعية[0m
          [36m</span>[39m
        [36m</div>[39m
        [36m<button[39m
          [33mclass[39m=[32m"button button--ghost-inverse button--small"[39m
          [33mtype[39m=[32m"button"[39m
        [36m>[39m
          [36m<svg[39m
            [33maria-hidden[39m=[32m"true"[39m
            [33mclass[39m=[32m"icon"[39m
            [33mfill[39m=[32m"none"[39m
            [33mfocusable[39m=[32m"false"[39m
            [33mheight[39m=[32m"16"[39m
            [33mstroke[39m=[32m"currentColor"[39m
            [33mstroke-linecap[39m=[32m"round"[39m
            [33mstroke-linejoin[39m=[32m"round"[39m
            [33mstroke-width[39m=[32m"1.8"[39m
            [33mviewBox[39m=[32m"0 0 20 20"[39m
            [33mwidth[39m=[32m"16"[39m
          [36m>[39m
            [36m<path[39m
              [33md[39m=[32m"M8 4H4v12h4M12 6l4 4-4 4M16 10H8"[39m
            [36m/>[39m
          [36m</svg>[39m
          [0m [0m
          [0mتسجيل الخروج[0m
        [36m</button>[39m
      [36m</header>[39m
      [36m<div[39m
        [33mclass[39m=[32m"app-body"[39m
      [36m>[39m
        [36m<nav[39m
          [33maria-label[39m=[32m"التنقل الرئيسي"[39m
          [33mclass[39m=[32m"app-nav"[39m
          [33mid[39m=[32m"_r_3_"[39m
        [36m>[39m
          [36m<ul[39m
            [33mclass[39m=[32m"app-nav__list"[39m
          [36m>[39m
            [36m<li>[39m
              [36m<a[39m
                [33maria-current[39m=[32m"page"[39m
                [33mclass[39m=[32m"app-nav__link active"[39m
                [33mdata-area[39m=[32m"myWork"[39m
                [33mdata-discover[39m=[32m"true"[39m
                [33mhref[39m=[32m"/my-work"[39m
              [36m>[39m
                [36m<span>[39m
                  [0mعملي[0m
                [36m</span>[39m
              [36m</a>[39m
            [36m</li>[39m
            [36m<li>[39m
              [36m<a[39m
                [33mclass[39m=[32m"app-nav__link"[39m
                [33mdata-area[39m=[32m"executive"[39m
                [33mdata-discover[39m=[32m"true"[39m
                [33mhref[39m=[32m"/executive-overview"[39m
              [36m>[39m
                [36m<span>[39m
                  [0mالنظرة التنفيذية[0m
                [36m</span>[39m
                [36m<span[39m
                  [33mclass[39m=[32m"app-nav__tag"[39m
                [36m>[39m
                  [0mمخطط[0m
                [36m</span>[39m
              [36m</a>[39m
            [36m</li>[39m
            [36m<li>[39m
              [36m<a[39m
                [33mclass[39m=[32m"app-nav__link"[39m
                [33mdata-area[39m=[32m"transformations"[39m
                [33mdata-discover[39m=[32m"true"[39m
                [33mhref[39m=[32m"/transformations"[39m
              [36m>[39m
                [36m<span>[39m
                  [0mالتحوّلات[0m
                [36m</span>[39m
              [36m</a>[39m
            [36m</li>[39m
            [36m<li>[39m
              [36m<a[39m
                [33mclass[39m=[32m"app-nav__link"[39m
                [33mdata-area[39m=[32m"playbook"[39m
                [33mdata-discover[39m=[32m"true"[39m
                [33mhref[39m=[32m"/playbook"[39m
              [36m>[39m
                [36m<span>[39m
                  [0mالدليل والإجراءات[0m
                [36m</span>[39m
                [36m<span[39m
                  [33mclass[39m=[32m"app-nav__tag"[39m
                [36m>[39m
                  [0mمخطط[0m
                [36m</span>[39m
              [36m</a>[39m
            [36m</li>[39m
            [36m<li>[39m
              [36m<a[39m
                [33mclass[39m=[32m"app-nav__link"[39m
                [33mdata-area[39m=[32m"strategy"[39m
                [33mdata-discover[39m=[32m"true"[39m
                [33mhref[39m=[32m"/strategy-kpis"[39m
              [36m>[39m
                [36m<span>[39m
                  [0mالاستراتيجية ومؤشرات الأداء[0m
                [36m</span>[39m
              [36m</a>[39m
            [36m</li>[39m
            [36m<li>[39m
              [36m<a[39m
                [33mclass[39m=[32m"app-nav__link"[39m
                [33mdata-area[39m=[32m"tom"[39m
                [33mdata-discover[39m=[32m"true"[39m
                [33mhref[39m=[32m"/target-operating-model"[39m
              [36m>[39m
                [36m<span>[39m
                  [0mنموذج التشغيل المستهدف[0m
                [36m</span>[39m
              [36m</a>[39m
            [36m</li>[39m
            [36m<li>[39m
              [36m<a[39m
                [33mclass[39m=[32m"app-nav__link"[39m
                [33mdata-area[39m=[32m"initiatives"[39m
                [33mdata-discover[39m=[32m"true"[39m
                [33mhref[39m=[32m"/initiatives-roadmaps"[39m
              [36m>[39m
                [36m<span>[39m
                  [0mالمبادرات وخرائط الطريق[0m
                [36m</span>[39m
                [36m<span[39m
                  [33mclass[39m=[32m"app-nav__tag"[39m
                [36m>[39m
                  [0mمخطط[0m
                [36m</span>[39m
              [36m</a>[39m
            [36m</li>[39m
            [36m<li>[39m
              [36m<a[39m
                [33mclass[39m=[32m"app-nav__link"[39m
                [33mdata-area[39m=[32m"governance"[39m
                [33mdata-discover[39m=[32m"true"[39m
                [33mhref[39m=[32m"/governance"[39m
              [36m>[39m
                [36m<span>[39m
                  [0mالحوكمة[0m
                [36m</span>[39m
              [36m</a>[39m
            [36m</li>[39m
            [36m<li>[39m
              [36m<a[39m
                [33mclass[39m=[32m"app-nav__link"[39m
                [33mdata-area[39m=[32m"risks"[39m
                [33mdata-discover[39m=[32m"true"[39m
                [33mhref[39m=[32m"/risks-actions"[39m
              [36m>[39m
                [36m<span>[39m
                  [0mالمخاطر والإجراءات[0m
                [36m</span>[39m
                [36m<span[39m
                  [33mclass[39m=[32m"app-nav__tag"[39m
                [36m>[39m
                  [0mمخطط[0m
                [36m</span>[39m
              [36m</a>[39m
            [36m</li>[39m
            [36m<li>[39m
              [36m<a[39m
                [33mclass[39m=[32m"app-nav__link"[39m
                [33mdata-area[39m=[32m"benefits"[39m
                [33mdata-discover[39m=[32m"true"[39m
                [33mhref[39m=[32m"/benefits-finance"[39m
              [36m>[39m
                [36m<span>[39m
                  [0mالمنافع والمالية[0m
                [36m</span>[39m
                [36m<span[39m
                  [33mclass[39m=[32m"app-nav__tag"[39m
                [36m>[39m
                  [0mمخطط[0m
                [36m</span>[39m
              [36m</a>[39m
            [36m</li>[39m
            [36m<li>[39m
              [36m<a[39m
                [33mclass[39m=[32m"app-nav__link"[39m
                [33mdata-area[39m=[32m"change"[39m
                [33mdata-discover[39m=[32m"true"[39m
                [33mhref[39m=[32m"/change-adoption"[39m
              [36m>[39m
                [36m<span>[39m
                  [0mالتغيير والتبنّي[0m
                [36m</span>[39m
                [36m<span[39m
                  [33mclass[39m=[32m"app-nav__tag"[39m
                [36m>[39m
                  [0mمخطط[0m
                [36m</span>[39m
              [36m</a>[39m
            [36m</li>[39m
            [36m<li>[39m
              [36m<a[39m
                [33mclass[39m=[32m"app-nav__link"[39m
                [33mdata-area[39m=[32m"evidence"[39m
                [33mdata-discover[39m=[32m"true"[39m
                [33mhref[39m=[32m"/evidence-reports"[39m
              [36m>[39m
                [36m<span>[39m
                  [0mالأدلة والتقارير[0m
                [36m</span>[39m
              [36m</a>[39m
            [36m</li>[39m
            [36m<li>[39m
              [36m<a[39m
                [33mclass[39m=[32m"app-nav__link"[39m
                [33mdata-area[39m=[32m"bau"[39m
                [33mdata-discover[39m=[32m"true"[39m
                [33mhref[39m=[32m"/bau-improvement"[39m
              [36m>[39m
                [36m<span>[39m
                  [0mالعمليات الاعتيادية والتحسين[0m
                [36m</span>[39m
                [36m<span[39m
                  [33mclass[39m=[32m"app-nav__tag"[39m
                [36m>[39m
                  [0mمخطط[0m
                [36m</span>[39m
              [36m</a>[39m
            [36m</li>[39m
            [36m<li>[39m
              [36m<a[39m
                [33mclass[39m=[32m"app-nav__link"[39m
                [33mdata-area[39m=[32m"admin"[39m
                [33mdata-discover[39m=[32m"true"[39m
                [33mhref[39m=[32m"/admin"[39m
              [36m>[39m
                [36m<span>[39m
                  [0mالإدارة[0m
                [36m</span>[39m
              [36m</a>[39m
            [36m</li>[39m
          [36m</ul>[39m
          [36m<p[39m
            [33mclass[39m=[32m"app-nav__footer"[39m
          [36m>[39m
            [36m<a[39m
              [33mclass[39m=[32m"app-nav__link app-nav__link--small"[39m
              [33mdata-discover[39m=[32m"true"[39m
              [33mhref[39m=[32m"/about"[39m
            [36m>[39m
              [0mحول هذا المنتج[0m
            [36m</a>[39m
          [36m</p>[39m
        [36m</nav>[39m
        [36m<main[39m
          [33mclass[39m=[32m"app-main"[39m
          [33mid[39m=[32m"main"[39m
          [33mtabindex[39m=[32m"-1"[39m
        [36m>[39m
          [36m<div[39m
            [33mclass[39m=[32m"page"[39m
          [36m>[39m
            [36m<div[39m
              [33mclass[39m=[32m"page-header"[39m
            [36m>[39m
              [36m<div[39m
                [33mclass[39m=[32m"page-header__row"[39m
              [36m>[39m
                [36m<div>[39m
                  [36m<h1[39m
                    [33mclass[39m=[32m"page-header__title"[39m
                  [36m>[39m
                    [0mمرحبًا، Synthetic Test User[0m
                  [36m</h1>[39m
                  [36m<p[39m
                    [33mclass[39m=[32m"page-header__subtitle"[39m
                  [36m>[39m
                    [0mإجراءاتك ومسوداتك ومراجعاتك ومواعيدك النهائية في مكان واحد.[0m
                  [36m</p>[39m
                [36m</div>[39m
              [36m</div>[39m
            [36m</div>[39m
            [36m<div[39m
              [33mclass[39m=[32m"grid grid--2"[39m
            [36m>[39m
              [36m<section[39m
                [33maria-labelledby[39m=[32m"mw-next"[39m
                [33mclass[39m=[32m"card"[39m
              [36m>[39m
                [36m<h2[39m
                  [33mclass[39m=[32m"card__title"[39m
                  [33mid[39m=[32m"mw-next"[39m
                [36m>[39m
                  [0mابدأ من هنا[0m
                [36m</h2>[39m
                [36m<p[39m
                  [33mclass[39m=[32m"muted"[39m
                [36m>[39m
                  [0mليس لديك وصول إلى سجلات الأعمال بعد. يُسند مسؤول الصلاحيات الأدوار ضمن نطاق محدد، ولا تمنح المسميات الوظيفية أي صلاحية.[0m
                [36m</p>[39m
              [36m</section>[39m
              [36m<section[39m
                [33maria-labelledby[39m=[32m"mw-planned"[39m
                [33mclass[39m=[32m"card"[39m
              [36m>[39m
                [36m<h2[39m
                  [33mclass[39m=[32m"card__title"[39m
                  [33mid[39m=[32m"mw-planned"[39m
                [36m>[39m
                  [36m<span[39m
                    [33mclass[39m=[32m"lifecycle-chip lifecycle-chip--draft"[39m
                  [36m>[39m
                    [36m<svg[39m
                      [33maria-hidden[39m=[32m"true"[39m
                      [33mclass[39m=[32m"icon"[39m
                      [33mfill[39m=[32m"none"[39m
                      [33mfocusable[39m=[32m"false"[39m
                      [33mheight[39m=[32m"16"[39m
                      [33mstroke[39m=[32m"currentColor"[39m
                      [33mstroke-linecap[39m=[32m"round"[39m
                      [33mstroke-linejoin[39m=[32m"round"[39m
                      [33mstroke-width[39m=[32m"1.8"[39m
                      [33mviewBox[39m=[32m"0 0 20 20"[39m
                      [33mwidth[39m=[32m"16"[39m
                    [36m>[39m
                      [36m<path[39m
                        [33md[39m=[32m"M10 3a7 7 0 1 0 0 14 7 7 0 0 0 0-14zm0 3v4l3 2"[39m
                      [36m/>[39m
                    [36m</svg>[39m
                    [0m [0m
                    [0mمخطط[0m
                  [36m</span>[39m
                [36m</h2>[39m
                [36m<p>[39m
                  [0mالإجراءات المسندة، والمسودات، والمراجعات، والاعتمادات، والتحديثات الناقصة، والمواعيد النهائية القادمة.[0m
                [36m</p>[39m
              [36m</section>[39m
            [36m</div>[39m
          [36m</div>[39m
        [36m</main>[39m
      [36m</div>[39m
    [36m</div>[39m
  [36m</div>[39m
[36m</body>[39m
 ❯ waitForWrapper ../../node_modules/.pnpm/@testing-library+dom@10.4.1/node_modules/@testing-library/dom/dist/wait-for.js:163:27
 ❯ ../../node_modules/.pnpm/@testing-library+dom@10.4.1/node_modules/@testing-library/dom/dist/query-helpers.js:86:33
 ❯ src/components/LanguageSwitch.test.tsx:67:33
     65|     await switchTo(to, from);
     66| 
     67|     const notice = await screen.findByTestId("language-not-saved");
       |                                 ^
     68|     // The text is exactly the chosen language's notice, never the pre…
     69|     expect(notice.textContent).toBe(TEXT[to].common.language.notSaved);

⎯⎯⎯⎯⎯⎯⎯⎯⎯⎯⎯⎯⎯⎯⎯⎯⎯⎯⎯⎯⎯⎯⎯⎯[4/7]⎯

 FAIL  |unit-web| src/components/LanguageSwitch.test.tsx > the live region and the persisted preference > switching back clears the notice; the region stays in the DOM, empty
TestingLibraryElementError: Unable to find an element by: [data-testid="language-not-saved"]

Ignored nodes: comments, script, style
[36m<body>[39m
  [36m<div>[39m
    [36m<div[39m
      [33mclass[39m=[32m"app"[39m
    [36m>[39m
      [36m<a[39m
        [33mclass[39m=[32m"skip-link"[39m
        [33mhref[39m=[32m"#main"[39m
      [36m>[39m
        [0mSkip to main content[0m
      [36m</a>[39m
      [36m<header[39m
        [33mclass[39m=[32m"app-header"[39m
      [36m>[39m
        [36m<button[39m
          [33maria-controls[39m=[32m"_r_4_"[39m
          [33maria-expanded[39m=[32m"false"[39m
          [33mclass[39m=[32m"button button--ghost-inverse nav-toggle"[39m
          [33mtype[39m=[32m"button"[39m
        [36m>[39m
          [36m<svg[39m
            [33maria-hidden[39m=[32m"true"[39m
            [33mclass[39m=[32m"icon"[39m
            [33mfill[39m=[32m"none"[39m
            [33mfocusable[39m=[32m"false"[39m
            [33mheight[39m=[32m"16"[39m
            [33mstroke[39m=[32m"currentColor"[39m
            [33mstroke-linecap[39m=[32m"round"[39m
            [33mstroke-linejoin[39m=[32m"round"[39m
            [33mstroke-width[39m=[32m"1.8"[39m
            [33mviewBox[39m=[32m"0 0 20 20"[39m
            [33mwidth[39m=[32m"16"[39m
          [36m>[39m
            [36m<path[39m
              [33md[39m=[32m"M3 5h14M3 10h14M3 15h14"[39m
            [36m/>[39m
          [36m</svg>[39m
          [36m<span[39m
            [33mclass[39m=[32m"visually-hidden"[39m
          [36m>[39m
            [0mShow or hide navigation[0m
          [36m</span>[39m
        [36m</button>[39m
        [36m<a[39m
          [33mclass[39m=[32m"wordmark"[39m
          [33mdata-discover[39m=[32m"true"[39m
          [33mdata-testid[39m=[32m"wordmark"[39m
          [33mhref[39m=[32m"/"[39m
        [36m>[39m
          [36m<span[39m
            [33mclass[39m=[32m"wordmark__name"[39m
          [36m>[39m
            [0mMobily Transformation Hub[0m
          [36m</span>[39m
          [36m<span[39m
            [33mclass[39m=[32m"badge badge--provisional"[39m
            [33mdata-testid[39m=[32m"provisional-badge"[39m
            [33mtitle[39m=[32m"Provisional wordmark: no official logo has been supplied. Colours are provisional design tokens, not verified Mobily brand values."[39m
          [36m>[39m
            [0mProvisional[0m
          [36m</span>[39m
          [36m<span[39m
            [33mclass[39m=[32m"visually-hidden"[39m
          [36m>[39m
            [0mProvisional wordmark: no official logo has been supplied. Colours are provisional design tokens, not verified Mobily brand values.[0m
          [36m</span>[39m
        [36m</a>[39m
        [36m<div[39m
          [33mclass[39m=[32m"app-header__spacer"[39m
        [36m/>[39m
        [36m<span[39m
          [33mclass[39m=[32m"language-switch"[39m
        [36m>[39m
          [36m<button[39m
            [33maria-label[39m=[32m"Switch language to العربية"[39m
            [33mclass[39m=[32m"button button--ghost-inverse button--small"[39m
            [33mlang[39m=[32m"ar"[39m
            [33mtype[39m=[32m"button"[39m
          [36m>[39m
            [0mالعربية[0m
          [36m</button>[39m
          [36m<span[39m
            [33mclass[39m=[32m"language-switch__notice"[39m
            [33mrole[39m=[32m"status"[39m
          [36m>[39m
            [0mLanguage changed in this browser, but it could not be saved to your profile.[0m
          [36m</span>[39m
        [36m</span>[39m
        [36m<div[39m
          [33mclass[39m=[32m"user-box"[39m
        [36m>[39m
          [36m<span[39m
            [33mclass[39m=[32m"user-box__name"[39m
          [36m>[39m
            [0mSynthetic Test User[0m
          [36m</span>[39m
          [36m<span[39m
            [33mclass[39m=[32m"user-box__org"[39m
          [36m>[39m
            [0mSynthetic Organization[0m
          [36m</span>[39m
        [36m</div>[39m
        [36m<button[39m
          [33mclass[39m=[32m"button button--ghost-inverse button--small"[39m
          [33mtype[39m=[32m"button"[39m
        [36m>[39m
          [36m<svg[39m
            [33maria-hidden[39m=[32m"true"[39m
            [33mclass[39m=[32m"icon"[39m
            [33mfill[39m=[32m"none"[39m
            [33mfocusable[39m=[32m"false"[39m
            [33mheight[39m=[32m"16"[39m
            [33mstroke[39m=[32m"currentColor"[39m
            [33mstroke-linecap[39m=[32m"round"[39m
            [33mstroke-linejoin[39m=[32m"round"[39m
            [33mstroke-width[39m=[32m"1.8"[39m
            [33mviewBox[39m=[32m"0 0 20 20"[39m
            [33mwidth[39m=[32m"16"[39m
          [36m>[39m
            [36m<path[39m
              [33md[39m=[32m"M8 4H4v12h4M12 6l4 4-4 4M16 10H8"[39m
            [36m/>[39m
          [36m</svg>[39m
          [0m [0m
          [0mSign out[0m
        [36m</button>[39m
      [36m</header>[39m
      [36m<div[39m
        [33mclass[39m=[32m"app-body"[39m
      [36m>[39m
        [36m<nav[39m
          [33maria-label[39m=[32m"Primary navigation"[39m
          [33mclass[39m=[32m"app-nav"[39m
          [33mid[39m=[32m"_r_4_"[39m
        [36m>[39m
          [36m<ul[39m
            [33mclass[39m=[32m"app-nav__list"[39m
          [36m>[39m
            [36m<li>[39m
              [36m<a[39m
                [33maria-current[39m=[32m"page"[39m
                [33mclass[39m=[32m"app-nav__link active"[39m
                [33mdata-area[39m=[32m"myWork"[39m
                [33mdata-discover[39m=[32m"true"[39m
                [33mhref[39m=[32m"/my-work"[39m
              [36m>[39m
                [36m<span>[39m
                  [0mMy Work[0m
                [36m</span>[39m
              [36m</a>[39m
            [36m</li>[39m
            [36m<li>[39m
              [36m<a[39m
                [33mclass[39m=[32m"app-nav__link"[39m
                [33mdata-area[39m=[32m"executive"[39m
                [33mdata-discover[39m=[32m"true"[39m
                [33mhref[39m=[32m"/executive-overview"[39m
              [36m>[39m
                [36m<span>[39m
                  [0mExecutive Overview[0m
                [36m</span>[39m
                [36m<span[39m
                  [33mclass[39m=[32m"app-nav__tag"[39m
                [36m>[39m
                  [0mPlanned[0m
                [36m</span>[39m
              [36m</a>[39m
            [36m</li>[39m
            [36m<li>[39m
              [36m<a[39m
                [33mclass[39m=[32m"app-nav__link"[39m
                [33mdata-area[39m=[32m"transformations"[39m
                [33mdata-discover[39m=[32m"true"[39m
                [33mhref[39m=[32m"/transformations"[39m
              [36m>[39m
                [36m<span>[39m
                  [0mTransformations[0m
                [36m</span>[39m
              [36m</a>[39m
            [36m</li>[39m
            [36m<li>[39m
              [36m<a[39m
                [33mclass[39m=[32m"app-nav__link"[39m
                [33mdata-area[39m=[32m"playbook"[39m
                [33mdata-discover[39m=[32m"true"[39m
                [33mhref[39m=[32m"/playbook"[39m
              [36m>[39m
                [36m<span>[39m
                  [0mPlaybook and Procedures[0m
                [36m</span>[39m
                [36m<span[39m
                  [33mclass[39m=[32m"app-nav__tag"[39m
                [36m>[39m
                  [0mPlanned[0m
                [36m</span>[39m
              [36m</a>[39m
            [36m</li>[39m
            [36m<li>[39m
              [36m<a[39m
                [33mclass[39m=[32m"app-nav__link"[39m
                [33mdata-area[39m=[32m"strategy"[39m
                [33mdata-discover[39m=[32m"true"[39m
                [33mhref[39m=[32m"/strategy-kpis"[39m
              [36m>[39m
                [36m<span>[39m
                  [0mStrategy and KPIs[0m
                [36m</span>[39m
              [36m</a>[39m
            [36m</li>[39m
            [36m<li>[39m
              [36m<a[39m
                [33mclass[39m=[32m"app-nav__link"[39m
                [33mdata-area[39m=[32m"tom"[39m
                [33mdata-discover[39m=[32m"true"[39m
                [33mhref[39m=[32m"/target-operating-model"[39m
              [36m>[39m
                [36m<span>[39m
                  [0mTarget Operating Model[0m
                [36m</span>[39m
              [36m</a>[39m
            [36m</li>[39m
            [36m<li>[39m
              [36m<a[39m
                [33mclass[39m=[32m"app-nav__link"[39m
                [33mdata-area[39m=[32m"initiatives"[39m
                [33mdata-discover[39m=[32m"true"[39m
                [33mhref[39m=[32m"/initiatives-roadmaps"[39m
              [36m>[39m
                [36m<span>[39m
                  [0mInitiatives and Roadmaps[0m
                [36m</span>[39m
                [36m<span[39m
                  [33mclass[39m=[32m"app-nav__tag"[39m
                [36m>[39m
                  [0mPlanned[0m
                [36m</span>[39m
              [36m</a>[39m
            [36m</li>[39m
            [36m<li>[39m
              [36m<a[39m
                [33mclass[39m=[32m"app-nav__link"[39m
                [33mdata-area[39m=[32m"governance"[39m
                [33mdata-discover[39m=[32m"true"[39m
                [33mhref[39m=[32m"/governance"[39m
              [36m>[39m
                [36m<span>[39m
                  [0mGovernance[0m
                [36m</span>[39m
              [36m</a>[39m
            [36m</li>[39m
            [36m<li>[39m
              [36m<a[39m
                [33mclass[39m=[32m"app-nav__link"[39m
                [33mdata-area[39m=[32m"risks"[39m
                [33mdata-discover[39m=[32m"true"[39m
                [33mhref[39m=[32m"/risks-actions"[39m
              [36m>[39m
                [36m<span>[39m
                  [0mRisks and Actions[0m
                [36m</span>[39m
                [36m<span[39m
                  [33mclass[39m=[32m"app-nav__tag"[39m
                [36m>[39m
                  [0mPlanned[0m
                [36m</span>[39m
              [36m</a>[39m
            [36m</li>[39m
            [36m<li>[39m
              [36m<a[39m
                [33mclass[39m=[32m"app-nav__link"[39m
                [33mdata-area[39m=[32m"benefits"[39m
                [33mdata-discover[39m=[32m"true"[39m
                [33mhref[39m=[32m"/benefits-finance"[39m
              [36m>[39m
                [36m<span>[39m
                  [0mBenefits and Finance[0m
                [36m</span>[39m
                [36m<span[39m
                  [33mclass[39m=[32m"app-nav__tag"[39m
                [36m>[39m
                  [0mPlanned[0m
                [36m</span>[39m
              [36m</a>[39m
            [36m</li>[39m
            [36m<li>[39m
              [36m<a[39m
                [33mclass[39m=[32m"app-nav__link"[39m
                [33mdata-area[39m=[32m"change"[39m
                [33mdata-discover[39m=[32m"true"[39m
                [33mhref[39m=[32m"/change-adoption"[39m
              [36m>[39m
                [36m<span>[39m
                  [0mChange and Adoption[0m
                [36m</span>[39m
                [36m<span[39m
                  [33mclass[39m=[32m"app-nav__tag"[39m
                [36m>[39m
                  [0mPlanned[0m
                [36m</span>[39m
              [36m</a>[39m
            [36m</li>[39m
            [36m<li>[39m
              [36m<a[39m
                [33mclass[39m=[32m"app-nav__link"[39m
                [33mdata-area[39m=[32m"evidence"[39m
                [33mdata-discover[39m=[32m"true"[39m
                [33mhref[39m=[32m"/evidence-reports"[39m
              [36m>[39m
                [36m<span>[39m
                  [0mEvidence and Reports[0m
                [36m</span>[39m
              [36m</a>[39m
            [36m</li>[39m
            [36m<li>[39m
              [36m<a[39m
                [33mclass[39m=[32m"app-nav__link"[39m
                [33mdata-area[39m=[32m"bau"[39m
                [33mdata-discover[39m=[32m"true"[39m
                [33mhref[39m=[32m"/bau-improvement"[39m
              [36m>[39m
                [36m<span>[39m
                  [0mBAU and Improvement[0m
                [36m</span>[39m
                [36m<span[39m
                  [33mclass[39m=[32m"app-nav__tag"[39m
                [36m>[39m
                  [0mPlanned[0m
                [36m</span>[39m
              [36m</a>[39m
            [36m</li>[39m
            [36m<li>[39m
              [36m<a[39m
                [33mclass[39m=[32m"app-nav__link"[39m
                [33mdata-area[39m=[32m"admin"[39m
                [33mdata-discover[39m=[32m"true"[39m
                [33mhref[39m=[32m"/admin"[39m
              [36m>[39m
                [36m<span>[39m
                  [0mAdministration[0m
                [36m</span>[39m
              [36m</a>[39m
            [36m</li>[39m
          [36m</ul>[39m
          [36m<p[39m
            [33mclass[39m=[32m"app-nav__footer"[39m
          [36m>[39m
            [36m<a[39m
              [33mclass[39m=[32m"app-nav__link app-nav__link--small"[39m
              [33mdata-discover[39m=[32m"true"[39m
              [33mhref[39m=[32m"/about"[39m
            [36m>[39m
              [0mAbout this product[0m
            [36m</a>[39m
          [36m</p>[39m
        [36m</nav>[39m
        [36m<main[39m
          [33mclass[39m=[32m"app-main"[39m
          [33mid[39m=[32m"main"[39m
          [33mtabindex[39m=[32m"-1"[39m
        [36m>[39m
          [36m<div[39m
            [33mclass[39m=[32m"page"[39m
          [36m>[39m
            [36m<div[39m
              [33mclass[39m=[32m"page-header"[39m
            [36m>[39m
              [36m<div[39m
                [33mclass[39m=[32m"page-header__row"[39m
              [36m>[39m
                [36m<div>[39m
                  [36m<h1[39m
                    [33mclass[39m=[32m"page-header__title"[39m
                  [36m>[39m
                    [0mWelcome, Synthetic Test User[0m
                  [36m</h1>[39m
                  [36m<p[39m
                    [33mclass[39m=[32m"page-header__subtitle"[39m
                  [36m>[39m
                    [0mYour actions, drafts, reviews and deadlines in one place.[0m
                  [36m</p>[39m
                [36m</div>[39m
              [36m</div>[39m
            [36m</div>[39m
            [36m<div[39m
              [33mclass[39m=[32m"grid grid--2"[39m
            [36m>[39m
              [36m<section[39m
                [33maria-labelledby[39m=[32m"mw-next"[39m
                [33mclass[39m=[32m"card"[39m
              [36m>[39m
                [36m<h2[39m
                  [33mclass[39m=[32m"card__title"[39m
                  [33mid[39m=[32m"mw-next"[39m
                [36m>[39m
                  [0mStart here[0m
                [36m</h2>[39m
                [36m<p[39m
                  [33mclass[39m=[32m"muted"[39m
                [36m>[39m
                  [0mYou have no business-record access yet. An access administrator assigns roles at a scope; job titles never grant access.[0m
                [36m</p>[39m
              [36m</section>[39m
              [36m<section[39m
                [33maria-labelledby[39m=[32m"mw-planned"[39m
                [33mclass[39m=[32m"card"[39m
              [36m>[39m
                [36m<h2[39m
                  [33mclass[39m=[32m"card__title"[39m
                  [33mid[39m=[32m"mw-planned"[39m
                [36m>[39m
                  [36m<span[39m
                    [33mclass[39m=[32m"lifecycle-chip lifecycle-chip--draft"[39m
                  [36m>[39m
                    [36m<svg[39m
                      [33maria-hidden[39m=[32m"true"[39m
                      [33mclass[39m=[32m"icon"[39m
                      [33mfill[39m=[32m"none"[39m
                      [33mfocusable[39m=[32m"false"[39m
                      [33mheight[39m=[32m"16"[39m
                      [33mstroke[39m=[32m"currentColor"[39m
                      [33mstroke-linecap[39m=[32m"round"[39m
                      [33mstroke-linejoin[39m=[32m"round"[39m
                      [33mstroke-width[39m=[32m"1.8"[39m
                      [33mviewBox[39m=[32m"0 0 20 20"[39m
                      [33mwidth[39m=[32m"16"[39m
                    [36m>[39m
                      [36m<path[39m
                        [33md[39m=[32m"M10 3a7 7 0 1 0 0 14 7 7 0 0 0 0-14zm0 3v4l3 2"[39m
                      [36m/>[39m
                    [36m</svg>[39m
                    [0m [0m
                    [0mPlanned[0m
                  [36m</span>[39m
                [36m</h2>[39m
                [36m<p>[39m
                  [0mAssigned actions, drafts, reviews, approvals, missing updates and upcoming deadlines.[0m
                [36m</p>[39m
              [36m</section>[39m
            [36m</div>[39m
          [36m</div>[39m
        [36m</main>[39m
      [36m</div>[39m
    [36m</div>[39m
  [36m</div>[39m
[36m</body>[39m

Ignored nodes: comments, script, style
[36m<body>[39m
  [36m<div>[39m
    [36m<div[39m
      [33mclass[39m=[32m"app"[39m
    [36m>[39m
      [36m<a[39m
        [33mclass[39m=[32m"skip-link"[39m
        [33mhref[39m=[32m"#main"[39m
      [36m>[39m
        [0mSkip to main content[0m
      [36m</a>[39m
      [36m<header[39m
        [33mclass[39m=[32m"app-header"[39m
      [36m>[39m
        [36m<button[39m
          [33maria-controls[39m=[32m"_r_4_"[39m
          [33maria-expanded[39m=[32m"false"[39m
          [33mclass[39m=[32m"button button--ghost-inverse nav-toggle"[39m
          [33mtype[39m=[32m"button"[39m
        [36m>[39m
          [36m<svg[39m
            [33maria-hidden[39m=[32m"true"[39m
            [33mclass[39m=[32m"icon"[39m
            [33mfill[39m=[32m"none"[39m
            [33mfocusable[39m=[32m"false"[39m
            [33mheight[39m=[32m"16"[39m
            [33mstroke[39m=[32m"currentColor"[39m
            [33mstroke-linecap[39m=[32m"round"[39m
            [33mstroke-linejoin[39m=[32m"round"[39m
            [33mstroke-width[39m=[32m"1.8"[39m
            [33mviewBox[39m=[32m"0 0 20 20"[39m
            [33mwidth[39m=[32m"16"[39m
          [36m>[39m
            [36m<path[39m
              [33md[39m=[32m"M3 5h14M3 10h14M3 15h14"[39m
            [36m/>[39m
          [36m</svg>[39m
          [36m<span[39m
            [33mclass[39m=[32m"visually-hidden"[39m
          [36m>[39m
            [0mShow or hide navigation[0m
          [36m</span>[39m
        [36m</button>[39m
        [36m<a[39m
          [33mclass[39m=[32m"wordmark"[39m
          [33mdata-discover[39m=[32m"true"[39m
          [33mdata-testid[39m=[32m"wordmark"[39m
          [33mhref[39m=[32m"/"[39m
        [36m>[39m
          [36m<span[39m
            [33mclass[39m=[32m"wordmark__name"[39m
          [36m>[39m
            [0mMobily Transformation Hub[0m
          [36m</span>[39m
          [36m<span[39m
            [33mclass[39m=[32m"badge badge--provisional"[39m
            [33mdata-testid[39m=[32m"provisional-badge"[39m
            [33mtitle[39m=[32m"Provisional wordmark: no official logo has been supplied. Colours are provisional design tokens, not verified Mobily brand values."[39m
          [36m>[39m
            [0mProvisional[0m
          [36m</span>[39m
          [36m<span[39m
            [33mclass[39m=[32m"visually-hidden"[39m
          [36m>[39m
            [0mProvisional wordmark: no official logo has been supplied. Colours are provisional design tokens, not verified Mobily brand values.[0m
          [36m</span>[39m
        [36m</a>[39m
        [36m<div[39m
          [33mclass[39m=[32m"app-header__spacer"[39m
        [36m/>[39m
        [36m<span[39m
          [33mclass[39m=[32m"language-switch"[39m
        [36m>[39m
          [36m<button[39m
            [33maria-label[39m=[32m"Switch language to العربية"[39m
            [33mclass[39m=[32m"button button--ghost-inverse button--small"[39m
            [33mlang[39m=[32m"ar"[39m
            [33mtype[39m=[32m"button"[39m
          [36m>[39m
            [0mالعربية[0m
          [36m</button>[39m
          [36m<span[39m
            [33mclass[39m=[32m"language-switch__notice"[39m
            [33mrole[39m=[32m"status"[39m
          [36m>[39m
            [0mLanguage changed in this browser, but it could not be saved to your profile.[0m
          [36m</span>[39m
        [36m</span>[39m
        [36m<div[39m
          [33mclass[39m=[32m"user-box"[39m
        [36m>[39m
          [36m<span[39m
            [33mclass[39m=[32m"user-box__name"[39m
          [36m>[39m
            [0mSynthetic Test User[0m
          [36m</span>[39m
          [36m<span[39m
            [33mclass[39m=[32m"user-box__org"[39m
          [36m>[39m
            [0mSynthetic Organization[0m
          [36m</span>[39m
        [36m</div>[39m
        [36m<button[39m
          [33mclass[39m=[32m"button button--ghost-inverse button--small"[39m
          [33mtype[39m=[32m"button"[39m
        [36m>[39m
          [36m<svg[39m
            [33maria-hidden[39m=[32m"true"[39m
            [33mclass[39m=[32m"icon"[39m
            [33mfill[39m=[32m"none"[39m
            [33mfocusable[39m=[32m"false"[39m
            [33mheight[39m=[32m"16"[39m
            [33mstroke[39m=[32m"currentColor"[39m
            [33mstroke-linecap[39m=[32m"round"[39m
            [33mstroke-linejoin[39m=[32m"round"[39m
            [33mstroke-width[39m=[32m"1.8"[39m
            [33mviewBox[39m=[32m"0 0 20 20"[39m
            [33mwidth[39m=[32m"16"[39m
          [36m>[39m
            [36m<path[39m
              [33md[39m=[32m"M8 4H4v12h4M12 6l4 4-4 4M16 10H8"[39m
            [36m/>[39m
          [36m</svg>[39m
          [0m [0m
          [0mSign out[0m
        [36m</button>[39m
      [36m</header>[39m
      [36m<div[39m
        [33mclass[39m=[32m"app-body"[39m
      [36m>[39m
        [36m<nav[39m
          [33maria-label[39m=[32m"Primary navigation"[39m
          [33mclass[39m=[32m"app-nav"[39m
          [33mid[39m=[32m"_r_4_"[39m
        [36m>[39m
          [36m<ul[39m
            [33mclass[39m=[32m"app-nav__list"[39m
          [36m>[39m
            [36m<li>[39m
              [36m<a[39m
                [33maria-current[39m=[32m"page"[39m
                [33mclass[39m=[32m"app-nav__link active"[39m
                [33mdata-area[39m=[32m"myWork"[39m
                [33mdata-discover[39m=[32m"true"[39m
                [33mhref[39m=[32m"/my-work"[39m
              [36m>[39m
                [36m<span>[39m
                  [0mMy Work[0m
                [36m</span>[39m
              [36m</a>[39m
            [36m</li>[39m
            [36m<li>[39m
              [36m<a[39m
                [33mclass[39m=[32m"app-nav__link"[39m
                [33mdata-area[39m=[32m"executive"[39m
                [33mdata-discover[39m=[32m"true"[39m
                [33mhref[39m=[32m"/executive-overview"[39m
              [36m>[39m
                [36m<span>[39m
                  [0mExecutive Overview[0m
                [36m</span>[39m
                [36m<span[39m
                  [33mclass[39m=[32m"app-nav__tag"[39m
                [36m>[39m
                  [0mPlanned[0m
                [36m</span>[39m
              [36m</a>[39m
            [36m</li>[39m
            [36m<li>[39m
              [36m<a[39m
                [33mclass[39m=[32m"app-nav__link"[39m
                [33mdata-area[39m=[32m"transformations"[39m
                [33mdata-discover[39m=[32m"true"[39m
                [33mhref[39m=[32m"/transformations"[39m
              [36m>[39m
                [36m<span>[39m
                  [0mTransformations[0m
                [36m</span>[39m
              [36m</a>[39m
            [36m</li>[39m
            [36m<li>[39m
              [36m<a[39m
                [33mclass[39m=[32m"app-nav__link"[39m
                [33mdata-area[39m=[32m"playbook"[39m
                [33mdata-discover[39m=[32m"true"[39m
                [33mhref[39m=[32m"/playbook"[39m
              [36m>[39m
                [36m<span>[39m
                  [0mPlaybook and Procedures[0m
                [36m</span>[39m
                [36m<span[39m
                  [33mclass[39m=[32m"app-nav__tag"[39m
                [36m>[39m
                  [0mPlanned[0m
                [36m</span>[39m
              [36m</a>[39m
            [36m</li>[39m
            [36m<li>[39m
              [36m<a[39m
                [33mclass[39m=[32m"app-nav__link"[39m
                [33mdata-area[39m=[32m"strategy"[39m
                [33mdata-discover[39m=[32m"true"[39m
                [33mhref[39m=[32m"/strategy-kpis"[39m
              [36m>[39m
                [36m<span>[39m
                  [0mStrategy and KPIs[0m
                [36m</span>[39m
              [36m</a>[39m
            [36m</li>[39m
            [36m<li>[39m
              [36m<a[39m
                [33mclass[39m=[32m"app-nav__link"[39m
                [33mdata-area[39m=[32m"tom"[39m
                [33mdata-discover[39m=[32m"true"[39m
                [33mhref[39m=[32m"/target-operating-model"[39m
              [36m>[39m
                [36m<span>[39m
                  [0mTarget Operating Model[0m
                [36m</span>[39m
              [36m</a>[39m
            [36m</li>[39m
            [36m<li>[39m
              [36m<a[39m
                [33mclass[39m=[32m"app-nav__link"[39m
                [33mdata-area[39m=[32m"initiatives"[39m
                [33mdata-discover[39m=[32m"true"[39m
                [33mhref[39m=[32m"/initiatives-roadmaps"[39m
              [36m>[39m
                [36m<span>[39m
                  [0mInitiatives and Roadmaps[0m
                [36m</span>[39m
                [36m<span[39m
                  [33mclass[39m=[32m"app-nav__tag"[39m
                [36m>[39m
                  [0mPlanned[0m
                [36m</span>[39m
              [36m</a>[39m
            [36m</li>[39m
            [36m<li>[39m
              [36m<a[39m
                [33mclass[39m=[32m"app-nav__link"[39m
                [33mdata-area[39m=[32m"governance"[39m
                [33mdata-discover[39m=[32m"true"[39m
                [33mhref[39m=[32m"/governance"[39m
              [36m>[39m
                [36m<span>[39m
                  [0mGovernance[0m
                [36m</span>[39m
              [36m</a>[39m
            [36m</li>[39m
            [36m<li>[39m
              [36m<a[39m
                [33mclass[39m=[32m"app-nav__link"[39m
                [33mdata-area[39m=[32m"risks"[39m
                [33mdata-discover[39m=[32m"true"[39m
                [33mhref[39m=[32m"/risks-actions"[39m
              [36m>[39m
                [36m<span>[39m
                  [0mRisks and Actions[0m
                [36m</span>[39m
                [36m<span[39m
                  [33mclass[39m=[32m"app-nav__tag"[39m
                [36m>[39m
                  [0mPlanned[0m
                [36m</span>[39m
              [36m</a>[39m
            [36m</li>[39m
            [36m<li>[39m
              [36m<a[39m
                [33mclass[39m=[32m"app-nav__link"[39m
                [33mdata-area[39m=[32m"benefits"[39m
                [33mdata-discover[39m=[32m"true"[39m
                [33mhref[39m=[32m"/benefits-finance"[39m
              [36m>[39m
                [36m<span>[39m
                  [0mBenefits and Finance[0m
                [36m</span>[39m
                [36m<span[39m
                  [33mclass[39m=[32m"app-nav__tag"[39m
                [36m>[39m
                  [0mPlanned[0m
                [36m</span>[39m
              [36m</a>[39m
            [36m</li>[39m
            [36m<li>[39m
              [36m<a[39m
                [33mclass[39m=[32m"app-nav__link"[39m
                [33mdata-area[39m=[32m"change"[39m
                [33mdata-discover[39m=[32m"true"[39m
                [33mhref[39m=[32m"/change-adoption"[39m
              [36m>[39m
                [36m<span>[39m
                  [0mChange and Adoption[0m
                [36m</span>[39m
                [36m<span[39m
                  [33mclass[39m=[32m"app-nav__tag"[39m
                [36m>[39m
                  [0mPlanned[0m
                [36m</span>[39m
              [36m</a>[39m
            [36m</li>[39m
            [36m<li>[39m
              [36m<a[39m
                [33mclass[39m=[32m"app-nav__link"[39m
                [33mdata-area[39m=[32m"evidence"[39m
                [33mdata-discover[39m=[32m"true"[39m
                [33mhref[39m=[32m"/evidence-reports"[39m
              [36m>[39m
                [36m<span>[39m
                  [0mEvidence and Reports[0m
                [36m</span>[39m
              [36m</a>[39m
            [36m</li>[39m
            [36m<li>[39m
              [36m<a[39m
                [33mclass[39m=[32m"app-nav__link"[39m
                [33mdata-area[39m=[32m"bau"[39m
                [33mdata-discover[39m=[32m"true"[39m
                [33mhref[39m=[32m"/bau-improvement"[39m
              [36m>[39m
                [36m<span>[39m
                  [0mBAU and Improvement[0m
                [36m</span>[39m
                [36m<span[39m
                  [33mclass[39m=[32m"app-nav__tag"[39m
                [36m>[39m
                  [0mPlanned[0m
                [36m</span>[39m
              [36m</a>[39m
            [36m</li>[39m
            [36m<li>[39m
              [36m<a[39m
                [33mclass[39m=[32m"app-nav__link"[39m
                [33mdata-area[39m=[32m"admin"[39m
                [33mdata-discover[39m=[32m"true"[39m
                [33mhref[39m=[32m"/admin"[39m
              [36m>[39m
                [36m<span>[39m
                  [0mAdministration[0m
                [36m</span>[39m
              [36m</a>[39m
            [36m</li>[39m
          [36m</ul>[39m
          [36m<p[39m
            [33mclass[39m=[32m"app-nav__footer"[39m
          [36m>[39m
            [36m<a[39m
              [33mclass[39m=[32m"app-nav__link app-nav__link--small"[39m
              [33mdata-discover[39m=[32m"true"[39m
              [33mhref[39m=[32m"/about"[39m
            [36m>[39m
              [0mAbout this product[0m
            [36m</a>[39m
          [36m</p>[39m
        [36m</nav>[39m
        [36m<main[39m
          [33mclass[39m=[32m"app-main"[39m
          [33mid[39m=[32m"main"[39m
          [33mtabindex[39m=[32m"-1"[39m
        [36m>[39m
          [36m<div[39m
            [33mclass[39m=[32m"page"[39m
          [36m>[39m
            [36m<div[39m
              [33mclass[39m=[32m"page-header"[39m
            [36m>[39m
              [36m<div[39m
                [33mclass[39m=[32m"page-header__row"[39m
              [36m>[39m
                [36m<div>[39m
                  [36m<h1[39m
                    [33mclass[39m=[32m"page-header__title"[39m
                  [36m>[39m
                    [0mWelcome, Synthetic Test User[0m
                  [36m</h1>[39m
                  [36m<p[39m
                    [33mclass[39m=[32m"page-header__subtitle"[39m
                  [36m>[39m
                    [0mYour actions, drafts, reviews and deadlines in one place.[0m
                  [36m</p>[39m
                [36m</div>[39m
              [36m</div>[39m
            [36m</div>[39m
            [36m<div[39m
              [33mclass[39m=[32m"grid grid--2"[39m
            [36m>[39m
              [36m<section[39m
                [33maria-labelledby[39m=[32m"mw-next"[39m
                [33mclass[39m=[32m"card"[39m
              [36m>[39m
                [36m<h2[39m
                  [33mclass[39m=[32m"card__title"[39m
                  [33mid[39m=[32m"mw-next"[39m
                [36m>[39m
                  [0mStart here[0m
                [36m</h2>[39m
                [36m<p[39m
                  [33mclass[39m=[32m"muted"[39m
                [36m>[39m
                  [0mYou have no business-record access yet. An access administrator assigns roles at a scope; job titles never grant access.[0m
                [36m</p>[39m
              [36m</section>[39m
              [36m<section[39m
                [33maria-labelledby[39m=[32m"mw-planned"[39m
                [33mclass[39m=[32m"card"[39m
              [36m>[39m
                [36m<h2[39m
                  [33mclass[39m=[32m"card__title"[39m
                  [33mid[39m=[32m"mw-planned"[39m
                [36m>[39m
                  [36m<span[39m
                    [33mclass[39m=[32m"lifecycle-chip lifecycle-chip--draft"[39m
                  [36m>[39m
                    [36m<svg[39m
                      [33maria-hidden[39m=[32m"true"[39m
                      [33mclass[39m=[32m"icon"[39m
                      [33mfill[39m=[32m"none"[39m
                      [33mfocusable[39m=[32m"false"[39m
                      [33mheight[39m=[32m"16"[39m
                      [33mstroke[39m=[32m"currentColor"[39m
                      [33mstroke-linecap[39m=[32m"round"[39m
                      [33mstroke-linejoin[39m=[32m"round"[39m
                      [33mstroke-width[39m=[32m"1.8"[39m
                      [33mviewBox[39m=[32m"0 0 20 20"[39m
                      [33mwidth[39m=[32m"16"[39m
                    [36m>[39m
                      [36m<path[39m
                        [33md[39m=[32m"M10 3a7 7 0 1 0 0 14 7 7 0 0 0 0-14zm0 3v4l3 2"[39m
                      [36m/>[39m
                    [36m</svg>[39m
                    [0m [0m
                    [0mPlanned[0m
                  [36m</span>[39m
                [36m</h2>[39m
                [36m<p>[39m
                  [0mAssigned actions, drafts, reviews, approvals, missing updates and upcoming deadlines.[0m
                [36m</p>[39m
              [36m</section>[39m
            [36m</div>[39m
          [36m</div>[39m
        [36m</main>[39m
      [36m</div>[39m
    [36m</div>[39m
  [36m</div>[39m
[36m</body>[39m
 ❯ waitForWrapper ../../node_modules/.pnpm/@testing-library+dom@10.4.1/node_modules/@testing-library/dom/dist/wait-for.js:163:27
 ❯ ../../node_modules/.pnpm/@testing-library+dom@10.4.1/node_modules/@testing-library/dom/dist/query-helpers.js:86:33
 ❯ src/components/LanguageSwitch.test.tsx:104:18
    102|     setup("en", problem(403, "csrf"));
    103|     await switchTo("ar", "en");
    104|     await screen.findByTestId("language-not-saved");
       |                  ^
    105|     await switchTo("en", "ar");
    106|     await waitFor(() => expect(document.documentElement.dir).toBe("ltr…

⎯⎯⎯⎯⎯⎯⎯⎯⎯⎯⎯⎯⎯⎯⎯⎯⎯⎯⎯⎯⎯⎯⎯⎯[5/7]⎯

 FAIL  |unit-web| src/components/LanguageSwitch.test.tsx > the live region and the persisted preference > a successful save never flips back to the previous language while the PUT is in flight
AssertionError: expected [ 'ar', 'en', 'ar' ] to deeply equal [ 'ar' ]

[32m- Expected[39m
[31m+ Received[39m

[2m  [[22m
[2m    "ar",[22m
[31m+   "en",[39m
[31m+   "ar",[39m
[2m  ][22m

 ❯ src/components/LanguageSwitch.test.tsx:127:21
    125|     await waitFor(() => expect(queryClient.getQueryData<Me>(keys.me)?.…
    126|     await act(() => sleep(100));
    127|     expect(changes).toEqual(["ar"]);
       |                     ^
    128|     expect(document.documentElement.dir).toBe("rtl");
    129|     expect(screen.queryByTestId("language-not-saved")).toBeNull();

⎯⎯⎯⎯⎯⎯⎯⎯⎯⎯⎯⎯⎯⎯⎯⎯⎯⎯⎯⎯⎯⎯⎯⎯[6/7]⎯

 FAIL  |unit-web| src/components/LanguageSwitch.test.tsx > the live region and the persisted preference > if the persisted preference changes later and is re-applied, the notice says so in that language
TestingLibraryElementError: Unable to find an element by: [data-testid="language-not-saved"]

Ignored nodes: comments, script, style
[36m<body>[39m
  [36m<div>[39m
    [36m<div[39m
      [33mclass[39m=[32m"app"[39m
    [36m>[39m
      [36m<a[39m
        [33mclass[39m=[32m"skip-link"[39m
        [33mhref[39m=[32m"#main"[39m
      [36m>[39m
        [0mSkip to main content[0m
      [36m</a>[39m
      [36m<header[39m
        [33mclass[39m=[32m"app-header"[39m
      [36m>[39m
        [36m<button[39m
          [33maria-controls[39m=[32m"_r_6_"[39m
          [33maria-expanded[39m=[32m"false"[39m
          [33mclass[39m=[32m"button button--ghost-inverse nav-toggle"[39m
          [33mtype[39m=[32m"button"[39m
        [36m>[39m
          [36m<svg[39m
            [33maria-hidden[39m=[32m"true"[39m
            [33mclass[39m=[32m"icon"[39m
            [33mfill[39m=[32m"none"[39m
            [33mfocusable[39m=[32m"false"[39m
            [33mheight[39m=[32m"16"[39m
            [33mstroke[39m=[32m"currentColor"[39m
            [33mstroke-linecap[39m=[32m"round"[39m
            [33mstroke-linejoin[39m=[32m"round"[39m
            [33mstroke-width[39m=[32m"1.8"[39m
            [33mviewBox[39m=[32m"0 0 20 20"[39m
            [33mwidth[39m=[32m"16"[39m
          [36m>[39m
            [36m<path[39m
              [33md[39m=[32m"M3 5h14M3 10h14M3 15h14"[39m
            [36m/>[39m
          [36m</svg>[39m
          [36m<span[39m
            [33mclass[39m=[32m"visually-hidden"[39m
          [36m>[39m
            [0mShow or hide navigation[0m
          [36m</span>[39m
        [36m</button>[39m
        [36m<a[39m
          [33mclass[39m=[32m"wordmark"[39m
          [33mdata-discover[39m=[32m"true"[39m
          [33mdata-testid[39m=[32m"wordmark"[39m
          [33mhref[39m=[32m"/"[39m
        [36m>[39m
          [36m<span[39m
            [33mclass[39m=[32m"wordmark__name"[39m
          [36m>[39m
            [0mMobily Transformation Hub[0m
          [36m</span>[39m
          [36m<span[39m
            [33mclass[39m=[32m"badge badge--provisional"[39m
            [33mdata-testid[39m=[32m"provisional-badge"[39m
            [33mtitle[39m=[32m"Provisional wordmark: no official logo has been supplied. Colours are provisional design tokens, not verified Mobily brand values."[39m
          [36m>[39m
            [0mProvisional[0m
          [36m</span>[39m
          [36m<span[39m
            [33mclass[39m=[32m"visually-hidden"[39m
          [36m>[39m
            [0mProvisional wordmark: no official logo has been supplied. Colours are provisional design tokens, not verified Mobily brand values.[0m
          [36m</span>[39m
        [36m</a>[39m
        [36m<div[39m
          [33mclass[39m=[32m"app-header__spacer"[39m
        [36m/>[39m
        [36m<span[39m
          [33mclass[39m=[32m"language-switch"[39m
        [36m>[39m
          [36m<button[39m
            [33maria-label[39m=[32m"Switch language to العربية"[39m
            [33mclass[39m=[32m"button button--ghost-inverse button--small"[39m
            [33mlang[39m=[32m"ar"[39m
            [33mtype[39m=[32m"button"[39m
          [36m>[39m
            [0mالعربية[0m
          [36m</button>[39m
          [36m<span[39m
            [33mclass[39m=[32m"language-switch__notice"[39m
            [33mrole[39m=[32m"status"[39m
          [36m>[39m
            [0mLanguage changed in this browser, but it could not be saved to your profile.[0m
          [36m</span>[39m
        [36m</span>[39m
        [36m<div[39m
          [33mclass[39m=[32m"user-box"[39m
        [36m>[39m
          [36m<span[39m
            [33mclass[39m=[32m"user-box__name"[39m
          [36m>[39m
            [0mSynthetic Test User[0m
          [36m</span>[39m
          [36m<span[39m
            [33mclass[39m=[32m"user-box__org"[39m
          [36m>[39m
            [0mSynthetic Organization[0m
          [36m</span>[39m
        [36m</div>[39m
        [36m<button[39m
          [33mclass[39m=[32m"button button--ghost-inverse button--small"[39m
          [33mtype[39m=[32m"button"[39m
        [36m>[39m
          [36m<svg[39m
            [33maria-hidden[39m=[32m"true"[39m
            [33mclass[39m=[32m"icon"[39m
            [33mfill[39m=[32m"none"[39m
            [33mfocusable[39m=[32m"false"[39m
            [33mheight[39m=[32m"16"[39m
            [33mstroke[39m=[32m"currentColor"[39m
            [33mstroke-linecap[39m=[32m"round"[39m
            [33mstroke-linejoin[39m=[32m"round"[39m
            [33mstroke-width[39m=[32m"1.8"[39m
            [33mviewBox[39m=[32m"0 0 20 20"[39m
            [33mwidth[39m=[32m"16"[39m
          [36m>[39m
            [36m<path[39m
              [33md[39m=[32m"M8 4H4v12h4M12 6l4 4-4 4M16 10H8"[39m
            [36m/>[39m
          [36m</svg>[39m
          [0m [0m
          [0mSign out[0m
        [36m</button>[39m
      [36m</header>[39m
      [36m<div[39m
        [33mclass[39m=[32m"app-body"[39m
      [36m>[39m
        [36m<nav[39m
          [33maria-label[39m=[32m"Primary navigation"[39m
          [33mclass[39m=[32m"app-nav"[39m
          [33mid[39m=[32m"_r_6_"[39m
        [36m>[39m
          [36m<ul[39m
            [33mclass[39m=[32m"app-nav__list"[39m
          [36m>[39m
            [36m<li>[39m
              [36m<a[39m
                [33maria-current[39m=[32m"page"[39m
                [33mclass[39m=[32m"app-nav__link active"[39m
                [33mdata-area[39m=[32m"myWork"[39m
                [33mdata-discover[39m=[32m"true"[39m
                [33mhref[39m=[32m"/my-work"[39m
              [36m>[39m
                [36m<span>[39m
                  [0mMy Work[0m
                [36m</span>[39m
              [36m</a>[39m
            [36m</li>[39m
            [36m<li>[39m
              [36m<a[39m
                [33mclass[39m=[32m"app-nav__link"[39m
                [33mdata-area[39m=[32m"executive"[39m
                [33mdata-discover[39m=[32m"true"[39m
                [33mhref[39m=[32m"/executive-overview"[39m
              [36m>[39m
                [36m<span>[39m
                  [0mExecutive Overview[0m
                [36m</span>[39m
                [36m<span[39m
                  [33mclass[39m=[32m"app-nav__tag"[39m
                [36m>[39m
                  [0mPlanned[0m
                [36m</span>[39m
              [36m</a>[39m
            [36m</li>[39m
            [36m<li>[39m
              [36m<a[39m
                [33mclass[39m=[32m"app-nav__link"[39m
                [33mdata-area[39m=[32m"transformations"[39m
                [33mdata-discover[39m=[32m"true"[39m
                [33mhref[39m=[32m"/transformations"[39m
              [36m>[39m
                [36m<span>[39m
                  [0mTransformations[0m
                [36m</span>[39m
              [36m</a>[39m
            [36m</li>[39m
            [36m<li>[39m
              [36m<a[39m
                [33mclass[39m=[32m"app-nav__link"[39m
                [33mdata-area[39m=[32m"playbook"[39m
                [33mdata-discover[39m=[32m"true"[39m
                [33mhref[39m=[32m"/playbook"[39m
              [36m>[39m
                [36m<span>[39m
                  [0mPlaybook and Procedures[0m
                [36m</span>[39m
                [36m<span[39m
                  [33mclass[39m=[32m"app-nav__tag"[39m
                [36m>[39m
                  [0mPlanned[0m
                [36m</span>[39m
              [36m</a>[39m
            [36m</li>[39m
            [36m<li>[39m
              [36m<a[39m
                [33mclass[39m=[32m"app-nav__link"[39m
                [33mdata-area[39m=[32m"strategy"[39m
                [33mdata-discover[39m=[32m"true"[39m
                [33mhref[39m=[32m"/strategy-kpis"[39m
              [36m>[39m
                [36m<span>[39m
                  [0mStrategy and KPIs[0m
                [36m</span>[39m
              [36m</a>[39m
            [36m</li>[39m
            [36m<li>[39m
              [36m<a[39m
                [33mclass[39m=[32m"app-nav__link"[39m
                [33mdata-area[39m=[32m"tom"[39m
                [33mdata-discover[39m=[32m"true"[39m
                [33mhref[39m=[32m"/target-operating-model"[39m
              [36m>[39m
                [36m<span>[39m
                  [0mTarget Operating Model[0m
                [36m</span>[39m
              [36m</a>[39m
            [36m</li>[39m
            [36m<li>[39m
              [36m<a[39m
                [33mclass[39m=[32m"app-nav__link"[39m
                [33mdata-area[39m=[32m"initiatives"[39m
                [33mdata-discover[39m=[32m"true"[39m
                [33mhref[39m=[32m"/initiatives-roadmaps"[39m
              [36m>[39m
                [36m<span>[39m
                  [0mInitiatives and Roadmaps[0m
                [36m</span>[39m
                [36m<span[39m
                  [33mclass[39m=[32m"app-nav__tag"[39m
                [36m>[39m
                  [0mPlanned[0m
                [36m</span>[39m
              [36m</a>[39m
            [36m</li>[39m
            [36m<li>[39m
              [36m<a[39m
                [33mclass[39m=[32m"app-nav__link"[39m
                [33mdata-area[39m=[32m"governance"[39m
                [33mdata-discover[39m=[32m"true"[39m
                [33mhref[39m=[32m"/governance"[39m
              [36m>[39m
                [36m<span>[39m
                  [0mGovernance[0m
                [36m</span>[39m
              [36m</a>[39m
            [36m</li>[39m
            [36m<li>[39m
              [36m<a[39m
                [33mclass[39m=[32m"app-nav__link"[39m
                [33mdata-area[39m=[32m"risks"[39m
                [33mdata-discover[39m=[32m"true"[39m
                [33mhref[39m=[32m"/risks-actions"[39m
              [36m>[39m
                [36m<span>[39m
                  [0mRisks and Actions[0m
                [36m</span>[39m
                [36m<span[39m
                  [33mclass[39m=[32m"app-nav__tag"[39m
                [36m>[39m
                  [0mPlanned[0m
                [36m</span>[39m
              [36m</a>[39m
            [36m</li>[39m
            [36m<li>[39m
              [36m<a[39m
                [33mclass[39m=[32m"app-nav__link"[39m
                [33mdata-area[39m=[32m"benefits"[39m
                [33mdata-discover[39m=[32m"true"[39m
                [33mhref[39m=[32m"/benefits-finance"[39m
              [36m>[39m
                [36m<span>[39m
                  [0mBenefits and Finance[0m
                [36m</span>[39m
                [36m<span[39m
                  [33mclass[39m=[32m"app-nav__tag"[39m
                [36m>[39m
                  [0mPlanned[0m
                [36m</span>[39m
              [36m</a>[39m
            [36m</li>[39m
            [36m<li>[39m
              [36m<a[39m
                [33mclass[39m=[32m"app-nav__link"[39m
                [33mdata-area[39m=[32m"change"[39m
                [33mdata-discover[39m=[32m"true"[39m
                [33mhref[39m=[32m"/change-adoption"[39m
              [36m>[39m
                [36m<span>[39m
                  [0mChange and Adoption[0m
                [36m</span>[39m
                [36m<span[39m
                  [33mclass[39m=[32m"app-nav__tag"[39m
                [36m>[39m
                  [0mPlanned[0m
                [36m</span>[39m
              [36m</a>[39m
            [36m</li>[39m
            [36m<li>[39m
              [36m<a[39m
                [33mclass[39m=[32m"app-nav__link"[39m
                [33mdata-area[39m=[32m"evidence"[39m
                [33mdata-discover[39m=[32m"true"[39m
                [33mhref[39m=[32m"/evidence-reports"[39m
              [36m>[39m
                [36m<span>[39m
                  [0mEvidence and Reports[0m
                [36m</span>[39m
              [36m</a>[39m
            [36m</li>[39m
            [36m<li>[39m
              [36m<a[39m
                [33mclass[39m=[32m"app-nav__link"[39m
                [33mdata-area[39m=[32m"bau"[39m
                [33mdata-discover[39m=[32m"true"[39m
                [33mhref[39m=[32m"/bau-improvement"[39m
              [36m>[39m
                [36m<span>[39m
                  [0mBAU and Improvement[0m
                [36m</span>[39m
                [36m<span[39m
                  [33mclass[39m=[32m"app-nav__tag"[39m
                [36m>[39m
                  [0mPlanned[0m
                [36m</span>[39m
              [36m</a>[39m
            [36m</li>[39m
            [36m<li>[39m
              [36m<a[39m
                [33mclass[39m=[32m"app-nav__link"[39m
                [33mdata-area[39m=[32m"admin"[39m
                [33mdata-discover[39m=[32m"true"[39m
                [33mhref[39m=[32m"/admin"[39m
              [36m>[39m
                [36m<span>[39m
                  [0mAdministration[0m
                [36m</span>[39m
              [36m</a>[39m
            [36m</li>[39m
          [36m</ul>[39m
          [36m<p[39m
            [33mclass[39m=[32m"app-nav__footer"[39m
          [36m>[39m
            [36m<a[39m
              [33mclass[39m=[32m"app-nav__link app-nav__link--small"[39m
              [33mdata-discover[39m=[32m"true"[39m
              [33mhref[39m=[32m"/about"[39m
            [36m>[39m
              [0mAbout this product[0m
            [36m</a>[39m
          [36m</p>[39m
        [36m</nav>[39m
        [36m<main[39m
          [33mclass[39m=[32m"app-main"[39m
          [33mid[39m=[32m"main"[39m
          [33mtabindex[39m=[32m"-1"[39m
        [36m>[39m
          [36m<div[39m
            [33mclass[39m=[32m"page"[39m
          [36m>[39m
            [36m<div[39m
              [33mclass[39m=[32m"page-header"[39m
            [36m>[39m
              [36m<div[39m
                [33mclass[39m=[32m"page-header__row"[39m
              [36m>[39m
                [36m<div>[39m
                  [36m<h1[39m
                    [33mclass[39m=[32m"page-header__title"[39m
                  [36m>[39m
                    [0mWelcome, Synthetic Test User[0m
                  [36m</h1>[39m
                  [36m<p[39m
                    [33mclass[39m=[32m"page-header__subtitle"[39m
                  [36m>[39m
                    [0mYour actions, drafts, reviews and deadlines in one place.[0m
                  [36m</p>[39m
                [36m</div>[39m
              [36m</div>[39m
            [36m</div>[39m
            [36m<div[39m
              [33mclass[39m=[32m"grid grid--2"[39m
            [36m>[39m
              [36m<section[39m
                [33maria-labelledby[39m=[32m"mw-next"[39m
                [33mclass[39m=[32m"card"[39m
              [36m>[39m
                [36m<h2[39m
                  [33mclass[39m=[32m"card__title"[39m
                  [33mid[39m=[32m"mw-next"[39m
                [36m>[39m
                  [0mStart here[0m
                [36m</h2>[39m
                [36m<p[39m
                  [33mclass[39m=[32m"muted"[39m
                [36m>[39m
                  [0mYou have no business-record access yet. An access administrator assigns roles at a scope; job titles never grant access.[0m
                [36m</p>[39m
              [36m</section>[39m
              [36m<section[39m
                [33maria-labelledby[39m=[32m"mw-planned"[39m
                [33mclass[39m=[32m"card"[39m
              [36m>[39m
                [36m<h2[39m
                  [33mclass[39m=[32m"card__title"[39m
                  [33mid[39m=[32m"mw-planned"[39m
                [36m>[39m
                  [36m<span[39m
                    [33mclass[39m=[32m"lifecycle-chip lifecycle-chip--draft"[39m
                  [36m>[39m
                    [36m<svg[39m
                      [33maria-hidden[39m=[32m"true"[39m
                      [33mclass[39m=[32m"icon"[39m
                      [33mfill[39m=[32m"none"[39m
                      [33mfocusable[39m=[32m"false"[39m
                      [33mheight[39m=[32m"16"[39m
                      [33mstroke[39m=[32m"currentColor"[39m
                      [33mstroke-linecap[39m=[32m"round"[39m
                      [33mstroke-linejoin[39m=[32m"round"[39m
                      [33mstroke-width[39m=[32m"1.8"[39m
                      [33mviewBox[39m=[32m"0 0 20 20"[39m
                      [33mwidth[39m=[32m"16"[39m
                    [36m>[39m
                      [36m<path[39m
                        [33md[39m=[32m"M10 3a7 7 0 1 0 0 14 7 7 0 0 0 0-14zm0 3v4l3 2"[39m
                      [36m/>[39m
                    [36m</svg>[39m
                    [0m [0m
                    [0mPlanned[0m
                  [36m</span>[39m
                [36m</h2>[39m
                [36m<p>[39m
                  [0mAssigned actions, drafts, reviews, approvals, missing updates and upcoming deadlines.[0m
                [36m</p>[39m
              [36m</section>[39m
            [36m</div>[39m
          [36m</div>[39m
        [36m</main>[39m
      [36m</div>[39m
    [36m</div>[39m
  [36m</div>[39m
[36m</body>[39m

Ignored nodes: comments, script, style
[36m<body>[39m
  [36m<div>[39m
    [36m<div[39m
      [33mclass[39m=[32m"app"[39m
    [36m>[39m
      [36m<a[39m
        [33mclass[39m=[32m"skip-link"[39m
        [33mhref[39m=[32m"#main"[39m
      [36m>[39m
        [0mSkip to main content[0m
      [36m</a>[39m
      [36m<header[39m
        [33mclass[39m=[32m"app-header"[39m
      [36m>[39m
        [36m<button[39m
          [33maria-controls[39m=[32m"_r_6_"[39m
          [33maria-expanded[39m=[32m"false"[39m
          [33mclass[39m=[32m"button button--ghost-inverse nav-toggle"[39m
          [33mtype[39m=[32m"button"[39m
        [36m>[39m
          [36m<svg[39m
            [33maria-hidden[39m=[32m"true"[39m
            [33mclass[39m=[32m"icon"[39m
            [33mfill[39m=[32m"none"[39m
            [33mfocusable[39m=[32m"false"[39m
            [33mheight[39m=[32m"16"[39m
            [33mstroke[39m=[32m"currentColor"[39m
            [33mstroke-linecap[39m=[32m"round"[39m
            [33mstroke-linejoin[39m=[32m"round"[39m
            [33mstroke-width[39m=[32m"1.8"[39m
            [33mviewBox[39m=[32m"0 0 20 20"[39m
            [33mwidth[39m=[32m"16"[39m
          [36m>[39m
            [36m<path[39m
              [33md[39m=[32m"M3 5h14M3 10h14M3 15h14"[39m
            [36m/>[39m
          [36m</svg>[39m
          [36m<span[39m
            [33mclass[39m=[32m"visually-hidden"[39m
          [36m>[39m
            [0mShow or hide navigation[0m
          [36m</span>[39m
        [36m</button>[39m
        [36m<a[39m
          [33mclass[39m=[32m"wordmark"[39m
          [33mdata-discover[39m=[32m"true"[39m
          [33mdata-testid[39m=[32m"wordmark"[39m
          [33mhref[39m=[32m"/"[39m
        [36m>[39m
          [36m<span[39m
            [33mclass[39m=[32m"wordmark__name"[39m
          [36m>[39m
            [0mMobily Transformation Hub[0m
          [36m</span>[39m
          [36m<span[39m
            [33mclass[39m=[32m"badge badge--provisional"[39m
            [33mdata-testid[39m=[32m"provisional-badge"[39m
            [33mtitle[39m=[32m"Provisional wordmark: no official logo has been supplied. Colours are provisional design tokens, not verified Mobily brand values."[39m
          [36m>[39m
            [0mProvisional[0m
          [36m</span>[39m
          [36m<span[39m
            [33mclass[39m=[32m"visually-hidden"[39m
          [36m>[39m
            [0mProvisional wordmark: no official logo has been supplied. Colours are provisional design tokens, not verified Mobily brand values.[0m
          [36m</span>[39m
        [36m</a>[39m
        [36m<div[39m
          [33mclass[39m=[32m"app-header__spacer"[39m
        [36m/>[39m
        [36m<span[39m
          [33mclass[39m=[32m"language-switch"[39m
        [36m>[39m
          [36m<button[39m
            [33maria-label[39m=[32m"Switch language to العربية"[39m
            [33mclass[39m=[32m"button button--ghost-inverse button--small"[39m
            [33mlang[39m=[32m"ar"[39m
            [33mtype[39m=[32m"button"[39m
          [36m>[39m
            [0mالعربية[0m
          [36m</button>[39m
          [36m<span[39m
            [33mclass[39m=[32m"language-switch__notice"[39m
            [33mrole[39m=[32m"status"[39m
          [36m>[39m
            [0mLanguage changed in this browser, but it could not be saved to your profile.[0m
          [36m</span>[39m
        [36m</span>[39m
        [36m<div[39m
          [33mclass[39m=[32m"user-box"[39m
        [36m>[39m
          [36m<span[39m
            [33mclass[39m=[32m"user-box__name"[39m
          [36m>[39m
            [0mSynthetic Test User[0m
          [36m</span>[39m
          [36m<span[39m
            [33mclass[39m=[32m"user-box__org"[39m
          [36m>[39m
            [0mSynthetic Organization[0m
          [36m</span>[39m
        [36m</div>[39m
        [36m<button[39m
          [33mclass[39m=[32m"button button--ghost-inverse button--small"[39m
          [33mtype[39m=[32m"button"[39m
        [36m>[39m
          [36m<svg[39m
            [33maria-hidden[39m=[32m"true"[39m
            [33mclass[39m=[32m"icon"[39m
            [33mfill[39m=[32m"none"[39m
            [33mfocusable[39m=[32m"false"[39m
            [33mheight[39m=[32m"16"[39m
            [33mstroke[39m=[32m"currentColor"[39m
            [33mstroke-linecap[39m=[32m"round"[39m
            [33mstroke-linejoin[39m=[32m"round"[39m
            [33mstroke-width[39m=[32m"1.8"[39m
            [33mviewBox[39m=[32m"0 0 20 20"[39m
            [33mwidth[39m=[32m"16"[39m
          [36m>[39m
            [36m<path[39m
              [33md[39m=[32m"M8 4H4v12h4M12 6l4 4-4 4M16 10H8"[39m
            [36m/>[39m
          [36m</svg>[39m
          [0m [0m
          [0mSign out[0m
        [36m</button>[39m
      [36m</header>[39m
      [36m<div[39m
        [33mclass[39m=[32m"app-body"[39m
      [36m>[39m
        [36m<nav[39m
          [33maria-label[39m=[32m"Primary navigation"[39m
          [33mclass[39m=[32m"app-nav"[39m
          [33mid[39m=[32m"_r_6_"[39m
        [36m>[39m
          [36m<ul[39m
            [33mclass[39m=[32m"app-nav__list"[39m
          [36m>[39m
            [36m<li>[39m
              [36m<a[39m
                [33maria-current[39m=[32m"page"[39m
                [33mclass[39m=[32m"app-nav__link active"[39m
                [33mdata-area[39m=[32m"myWork"[39m
                [33mdata-discover[39m=[32m"true"[39m
                [33mhref[39m=[32m"/my-work"[39m
              [36m>[39m
                [36m<span>[39m
                  [0mMy Work[0m
                [36m</span>[39m
              [36m</a>[39m
            [36m</li>[39m
            [36m<li>[39m
              [36m<a[39m
                [33mclass[39m=[32m"app-nav__link"[39m
                [33mdata-area[39m=[32m"executive"[39m
                [33mdata-discover[39m=[32m"true"[39m
                [33mhref[39m=[32m"/executive-overview"[39m
              [36m>[39m
                [36m<span>[39m
                  [0mExecutive Overview[0m
                [36m</span>[39m
                [36m<span[39m
                  [33mclass[39m=[32m"app-nav__tag"[39m
                [36m>[39m
                  [0mPlanned[0m
                [36m</span>[39m
              [36m</a>[39m
            [36m</li>[39m
            [36m<li>[39m
              [36m<a[39m
                [33mclass[39m=[32m"app-nav__link"[39m
                [33mdata-area[39m=[32m"transformations"[39m
                [33mdata-discover[39m=[32m"true"[39m
                [33mhref[39m=[32m"/transformations"[39m
              [36m>[39m
                [36m<span>[39m
                  [0mTransformations[0m
                [36m</span>[39m
              [36m</a>[39m
            [36m</li>[39m
            [36m<li>[39m
              [36m<a[39m
                [33mclass[39m=[32m"app-nav__link"[39m
                [33mdata-area[39m=[32m"playbook"[39m
                [33mdata-discover[39m=[32m"true"[39m
                [33mhref[39m=[32m"/playbook"[39m
              [36m>[39m
                [36m<span>[39m
                  [0mPlaybook and Procedures[0m
                [36m</span>[39m
                [36m<span[39m
                  [33mclass[39m=[32m"app-nav__tag"[39m
                [36m>[39m
                  [0mPlanned[0m
                [36m</span>[39m
              [36m</a>[39m
            [36m</li>[39m
            [36m<li>[39m
              [36m<a[39m
                [33mclass[39m=[32m"app-nav__link"[39m
                [33mdata-area[39m=[32m"strategy"[39m
                [33mdata-discover[39m=[32m"true"[39m
                [33mhref[39m=[32m"/strategy-kpis"[39m
              [36m>[39m
                [36m<span>[39m
                  [0mStrategy and KPIs[0m
                [36m</span>[39m
              [36m</a>[39m
            [36m</li>[39m
            [36m<li>[39m
              [36m<a[39m
                [33mclass[39m=[32m"app-nav__link"[39m
                [33mdata-area[39m=[32m"tom"[39m
                [33mdata-discover[39m=[32m"true"[39m
                [33mhref[39m=[32m"/target-operating-model"[39m
              [36m>[39m
                [36m<span>[39m
                  [0mTarget Operating Model[0m
                [36m</span>[39m
              [36m</a>[39m
            [36m</li>[39m
            [36m<li>[39m
              [36m<a[39m
                [33mclass[39m=[32m"app-nav__link"[39m
                [33mdata-area[39m=[32m"initiatives"[39m
                [33mdata-discover[39m=[32m"true"[39m
                [33mhref[39m=[32m"/initiatives-roadmaps"[39m
              [36m>[39m
                [36m<span>[39m
                  [0mInitiatives and Roadmaps[0m
                [36m</span>[39m
                [36m<span[39m
                  [33mclass[39m=[32m"app-nav__tag"[39m
                [36m>[39m
                  [0mPlanned[0m
                [36m</span>[39m
              [36m</a>[39m
            [36m</li>[39m
            [36m<li>[39m
              [36m<a[39m
                [33mclass[39m=[32m"app-nav__link"[39m
                [33mdata-area[39m=[32m"governance"[39m
                [33mdata-discover[39m=[32m"true"[39m
                [33mhref[39m=[32m"/governance"[39m
              [36m>[39m
                [36m<span>[39m
                  [0mGovernance[0m
                [36m</span>[39m
              [36m</a>[39m
            [36m</li>[39m
            [36m<li>[39m
              [36m<a[39m
                [33mclass[39m=[32m"app-nav__link"[39m
                [33mdata-area[39m=[32m"risks"[39m
                [33mdata-discover[39m=[32m"true"[39m
                [33mhref[39m=[32m"/risks-actions"[39m
              [36m>[39m
                [36m<span>[39m
                  [0mRisks and Actions[0m
                [36m</span>[39m
                [36m<span[39m
                  [33mclass[39m=[32m"app-nav__tag"[39m
                [36m>[39m
                  [0mPlanned[0m
                [36m</span>[39m
              [36m</a>[39m
            [36m</li>[39m
            [36m<li>[39m
              [36m<a[39m
                [33mclass[39m=[32m"app-nav__link"[39m
                [33mdata-area[39m=[32m"benefits"[39m
                [33mdata-discover[39m=[32m"true"[39m
                [33mhref[39m=[32m"/benefits-finance"[39m
              [36m>[39m
                [36m<span>[39m
                  [0mBenefits and Finance[0m
                [36m</span>[39m
                [36m<span[39m
                  [33mclass[39m=[32m"app-nav__tag"[39m
                [36m>[39m
                  [0mPlanned[0m
                [36m</span>[39m
              [36m</a>[39m
            [36m</li>[39m
            [36m<li>[39m
              [36m<a[39m
                [33mclass[39m=[32m"app-nav__link"[39m
                [33mdata-area[39m=[32m"change"[39m
                [33mdata-discover[39m=[32m"true"[39m
                [33mhref[39m=[32m"/change-adoption"[39m
              [36m>[39m
                [36m<span>[39m
                  [0mChange and Adoption[0m
                [36m</span>[39m
                [36m<span[39m
                  [33mclass[39m=[32m"app-nav__tag"[39m
                [36m>[39m
                  [0mPlanned[0m
                [36m</span>[39m
              [36m</a>[39m
            [36m</li>[39m
            [36m<li>[39m
              [36m<a[39m
                [33mclass[39m=[32m"app-nav__link"[39m
                [33mdata-area[39m=[32m"evidence"[39m
                [33mdata-discover[39m=[32m"true"[39m
                [33mhref[39m=[32m"/evidence-reports"[39m
              [36m>[39m
                [36m<span>[39m
                  [0mEvidence and Reports[0m
                [36m</span>[39m
              [36m</a>[39m
            [36m</li>[39m
            [36m<li>[39m
              [36m<a[39m
                [33mclass[39m=[32m"app-nav__link"[39m
                [33mdata-area[39m=[32m"bau"[39m
                [33mdata-discover[39m=[32m"true"[39m
                [33mhref[39m=[32m"/bau-improvement"[39m
              [36m>[39m
                [36m<span>[39m
                  [0mBAU and Improvement[0m
                [36m</span>[39m
                [36m<span[39m
                  [33mclass[39m=[32m"app-nav__tag"[39m
                [36m>[39m
                  [0mPlanned[0m
                [36m</span>[39m
              [36m</a>[39m
            [36m</li>[39m
            [36m<li>[39m
              [36m<a[39m
                [33mclass[39m=[32m"app-nav__link"[39m
                [33mdata-area[39m=[32m"admin"[39m
                [33mdata-discover[39m=[32m"true"[39m
                [33mhref[39m=[32m"/admin"[39m
              [36m>[39m
                [36m<span>[39m
                  [0mAdministration[0m
                [36m</span>[39m
              [36m</a>[39m
            [36m</li>[39m
          [36m</ul>[39m
          [36m<p[39m
            [33mclass[39m=[32m"app-nav__footer"[39m
          [36m>[39m
            [36m<a[39m
              [33mclass[39m=[32m"app-nav__link app-nav__link--small"[39m
              [33mdata-discover[39m=[32m"true"[39m
              [33mhref[39m=[32m"/about"[39m
            [36m>[39m
              [0mAbout this product[0m
            [36m</a>[39m
          [36m</p>[39m
        [36m</nav>[39m
        [36m<main[39m
          [33mclass[39m=[32m"app-main"[39m
          [33mid[39m=[32m"main"[39m
          [33mtabindex[39m=[32m"-1"[39m
        [36m>[39m
          [36m<div[39m
            [33mclass[39m=[32m"page"[39m
          [36m>[39m
            [36m<div[39m
              [33mclass[39m=[32m"page-header"[39m
            [36m>[39m
              [36m<div[39m
                [33mclass[39m=[32m"page-header__row"[39m
              [36m>[39m
                [36m<div>[39m
                  [36m<h1[39m
                    [33mclass[39m=[32m"page-header__title"[39m
                  [36m>[39m
                    [0mWelcome, Synthetic Test User[0m
                  [36m</h1>[39m
                  [36m<p[39m
                    [33mclass[39m=[32m"page-header__subtitle"[39m
                  [36m>[39m
                    [0mYour actions, drafts, reviews and deadlines in one place.[0m
                  [36m</p>[39m
                [36m</div>[39m
              [36m</div>[39m
            [36m</div>[39m
            [36m<div[39m
              [33mclass[39m=[32m"grid grid--2"[39m
            [36m>[39m
              [36m<section[39m
                [33maria-labelledby[39m=[32m"mw-next"[39m
                [33mclass[39m=[32m"card"[39m
              [36m>[39m
                [36m<h2[39m
                  [33mclass[39m=[32m"card__title"[39m
                  [33mid[39m=[32m"mw-next"[39m
                [36m>[39m
                  [0mStart here[0m
                [36m</h2>[39m
                [36m<p[39m
                  [33mclass[39m=[32m"muted"[39m
                [36m>[39m
                  [0mYou have no business-record access yet. An access administrator assigns roles at a scope; job titles never grant access.[0m
                [36m</p>[39m
              [36m</section>[39m
              [36m<section[39m
                [33maria-labelledby[39m=[32m"mw-planned"[39m
                [33mclass[39m=[32m"card"[39m
              [36m>[39m
                [36m<h2[39m
                  [33mclass[39m=[32m"card__title"[39m
                  [33mid[39m=[32m"mw-planned"[39m
                [36m>[39m
                  [36m<span[39m
                    [33mclass[39m=[32m"lifecycle-chip lifecycle-chip--draft"[39m
                  [36m>[39m
                    [36m<svg[39m
                      [33maria-hidden[39m=[32m"true"[39m
                      [33mclass[39m=[32m"icon"[39m
                      [33mfill[39m=[32m"none"[39m
                      [33mfocusable[39m=[32m"false"[39m
                      [33mheight[39m=[32m"16"[39m
                      [33mstroke[39m=[32m"currentColor"[39m
                      [33mstroke-linecap[39m=[32m"round"[39m
                      [33mstroke-linejoin[39m=[32m"round"[39m
                      [33mstroke-width[39m=[32m"1.8"[39m
                      [33mviewBox[39m=[32m"0 0 20 20"[39m
                      [33mwidth[39m=[32m"16"[39m
                    [36m>[39m
                      [36m<path[39m
                        [33md[39m=[32m"M10 3a7 7 0 1 0 0 14 7 7 0 0 0 0-14zm0 3v4l3 2"[39m
                      [36m/>[39m
                    [36m</svg>[39m
                    [0m [0m
                    [0mPlanned[0m
                  [36m</span>[39m
                [36m</h2>[39m
                [36m<p>[39m
                  [0mAssigned actions, drafts, reviews, approvals, missing updates and upcoming deadlines.[0m
                [36m</p>[39m
              [36m</section>[39m
            [36m</div>[39m
          [36m</div>[39m
        [36m</main>[39m
      [36m</div>[39m
    [36m</div>[39m
  [36m</div>[39m
[36m</body>[39m
 ❯ waitForWrapper ../../node_modules/.pnpm/@testing-library+dom@10.4.1/node_modules/@testing-library/dom/dist/wait-for.js:163:27
 ❯ ../../node_modules/.pnpm/@testing-library+dom@10.4.1/node_modules/@testing-library/dom/dist/query-helpers.js:86:33
 ❯ src/components/LanguageSwitch.test.tsx:135:26
    133|     const { queryClient, me } = setup("en", problem(403, "csrf"));
    134|     await switchTo("ar", "en");
    135|     expect((await screen.findByTestId("language-not-saved")).textConte…
       |                          ^
    136|     // Another tab saved Arabic and then English; this tab's /me refet…
    137|     await act(async () => {

⎯⎯⎯⎯⎯⎯⎯⎯⎯⎯⎯⎯⎯⎯⎯⎯⎯⎯⎯⎯⎯⎯⎯⎯[7/7]⎯


 Test Files  1 failed (1)
      Tests  7 failed | 1 passed (8)
   Start at  08:37:51
   Duration  33.08s (transform 992ms, setup 119ms, collect 1.45s, tests 30.80s, environment 401ms, prepare 107ms)

# exit status: 1
