port-policy: PostgreSQL listening on port 26040 (attempt 1)
qa disposable cluster: PostgreSQL 16.13 (Ubuntu 16.13-0ubuntu0.24.04.1) on x86_64-pc-linux-gnu, compiled by gcc (Ubuntu 13.3.0-6ubuntu2~24.04.1) 13.3.0, 64-bit; server_encoding UTF8, lc_collate C, lc_ctype C

> mobily-transformation-hub@0.1.0 test:integration /home/user/wt/dg4-kbe-r4
> vitest run --project integration


 RUN  v3.2.4 /home/user/wt/dg4-kbe-r4

[integration] PostgreSQL 16.13 (Ubuntu 16.13-0ubuntu0.24.04.1); database mth_test_mv2ezm2b_9be8285d (server_encoding UTF8); applied 60 migrations to a fresh database
 ✓ |integration| tests/qa/integration/a08-gate-controls.test.ts (31 tests) 19655ms
   ✓ A08 missing evidence blocks submission (REQ-PB-015, REQ-S20-008, REQ-S04-012) > REQ-S04-012: with exactly one missing mandatory item the 422 lists exactly that item  952ms
   ✓ A08 missing evidence blocks submission (REQ-PB-015, REQ-S20-008, REQ-S04-012) > REQ-S04-012: with a valid (accepted, unexpired) exception the submission succeeds and its snapshot records the exception  588ms
   ✓ A08 unauthorized and stale approval are rejected (REQ-PB-015, REQ-S20-008, REQ-S04-009/010, REQ-S10-014) > REQ-S04-010: Under Review -> Changes Requested -> (resubmit) Submitted -> Deferred -> Submitted -> Rejected -> Submitted -> Approved, each with an audit event  984ms
   ✓ A08 unauthorized and stale approval are rejected (REQ-PB-015, REQ-S20-008, REQ-S04-009/010, REQ-S10-014) > REQ-PB-015, REQ-S10-014: approving a stale (superseded) submission number is 409; the stored decision carries the submission it decided  586ms
   ✓ A08 unauthorized and stale approval are rejected (REQ-PB-015, REQ-S20-008, REQ-S04-009/010, REQ-S10-014) > the submitter who also holds the approver role cannot decide their own submission (403)  600ms
   ✓ A08 snapshot and task independence (REQ-S04-002) > completing every Diagnose phase task leaves G1 Draft with no submission  1087ms
   ✓ A08 snapshot and task independence (REQ-S04-002) > editing a record after submission does not change the snapshot shown to approvers  1168ms
   ✓ A08 waiver expiry (REQ-S04-013) > after expiry the covered evidence item is reported missing again and blocks submission  1503ms
   ✓ A08 G5 Scale and G6 Sustain on a transformation taken there natively (REQ-PB-020, REQ-S04-007, REQ-S03-004, REQ-PB-021, REQ-S04-008) > REQ-PB-020, REQ-S04-007: G5 with an open High-impact risk and no disposition is refused, listing 'Risk closure'  528ms
   ✓ A08 G5 Scale and G6 Sustain on a transformation taken there natively (REQ-PB-020, REQ-S04-007, REQ-S03-004, REQ-PB-021, REQ-S04-008) > REQ-S04-007: an approved disposition resolves the risk and G5 can be submitted  374ms
   ✓ A08 G5 Scale and G6 Sustain on a transformation taken there natively (REQ-PB-020, REQ-S04-007, REQ-S03-004, REQ-PB-021, REQ-S04-008) > REQ-PB-021, REQ-S04-008: G6 without an accepted BAU handover is refused, listing 'Ownership transfer'  557ms
   ✓ A08 G5 Scale and G6 Sustain on a transformation taken there natively (REQ-PB-020, REQ-S04-007, REQ-S03-004, REQ-PB-021, REQ-S04-008) > REQ-S04-008: a product G6 approval (API and its worker consumer) changes nothing under docs/delivery/  3519ms
 ✓ |integration| packages/db/test/integration/catalogue.test.ts (20 tests) 183ms
 ✓ |integration| tests/qa/integration/a09-decision-escalation.test.ts (17 tests) 6709ms
   ✓ A09 working-day SLAs on a configured business calendar (REQ-PB-066, REQ-S10-006) > REQ-PB-066: a Business scope change approval gets a due date 5 working days after it is raised on the default calendar (weekend and configured holiday skipped)  621ms
   ✓ A09 approval timers escalate but never approve (REQ-S10-019) > after the due date plus retries the approval is escalated exactly once and remains undecided  391ms
   ✓ A09 a blocker red for N cycles gets exactly one executive ask (REQ-PB-082) > N = 2: two consecutive red cycles produce exactly one open T16 ask with decision, owner and deadline; re-running creates none  645ms
   ✓ A09 committee workflow: quorum, immutable minutes, actions in My Work (REQ-S10-011) > no decision below quorum; published minutes are immutable; actions appear in the owners' My Work  1421ms
   ✓ A09 time semantics and default currency (REQ-S15-008) > REQ-S15-008: a KPI actual for period 2026-10 keeps observation period 2026-10, the Asia/Riyadh business date of its entry and a UTC event timestamp  647ms
   ✓ A09 time semantics and default currency (REQ-S15-008) > REQ-S15-008: changing the organization's default currency affects only new records (an existing transformation keeps SAR)  336ms
 ✓ |integration| apps/api/test/integration/kpi/benefit-formulas.test.ts (16 tests) 7614ms
   ✓ T09 register (REQ-PB-056) > the six T09 columns persist; BF-nn codes; the formula is the current version's expression  676ms
   ✓ T09 register (REQ-PB-056) > confidence outside H/M/L -> 400 (create and PATCH), nothing written; the DB CHECK refuses it too  529ms
   ✓ T09 register (REQ-PB-056) > an undefined variable -> 422 'Undefined variable: {name}'; an invalid expression writes nothing  469ms
   ✓ calculations and lineage > records inputs with kind/unit/currency/period/source, assumptions and period; Unknown never 0; append-only  396ms
   ✓ Finance validation of the benefit logic (REQ-PB-055) > FIN validates or rejects with a note; the author gets 403; final once recorded; If-Match 428/409  670ms
   ✓ every mutation: AUD 403, If-Match, audit, archive > the read-only auditor gets 403 (audited) on every T09 mutation, whatever the body  448ms
   ✓ every mutation: AUD 403, If-Match, audit, archive > If-Match: 428 without, 409 stale on PATCH, archive and new version; archive guards; audit events  982ms
   ✓ every mutation: AUD 403, If-Match, audit, archive > authorization is re-checked at commit time (update): a grant revoked after authentication -> 403, nothing written  382ms
   ✓ every mutation: AUD 403, If-Match, audit, archive > authorization is re-checked at commit time (new version): a grant revoked after authentication -> 403, nothing written  503ms
   ✓ every mutation: AUD 403, If-Match, audit, archive > authorization is re-checked at commit time (calculation): a grant revoked after authentication -> 403, nothing written  376ms
   ✓ every mutation: AUD 403, If-Match, audit, archive > authorization is re-checked at commit time (validation): a grant revoked after authentication -> 403, nothing written  458ms
   ✓ loadKpiP3GateFacts: the kpi half of the G4 GateFactsProvider > cases with sections and baseline state (incl. Stale); each financial benefit line's current version state  442ms
 ✓ |integration| apps/api/test/integration/portfolio/prioritization.test.ts (17 tests) 10350ms
   ✓ scores (REQ-PB-047, REQ-PB-048, REQ-S09-001) > score 6 -> 400; 0, 2.5 and '4' -> 400; a weightedScore property -> 400 (read-only); nothing written  684ms
   ✓ scores (REQ-PB-047, REQ-PB-048, REQ-S09-001) > 5,4,3,2,1 under v1 -> stored 3.3000, shown 3.30, 0-100 view 57.5 with its label; appended with its cause; audited  441ms
   ✓ scores (REQ-PB-047, REQ-PB-048, REQ-S09-001) > a missing score -> 'incomplete' with weightedScore null (never a number, never 0)  336ms
   ✓ scores (REQ-PB-047, REQ-PB-048, REQ-S09-001) > PATCH: If-Match 428/409; clearing (null) makes it incomplete again; duplicate POST 409; AUD 403 on POST and PATCH  571ms
   ✓ weight sets (REQ-PB-049) > v2 with risk_compliance 10 and strategic fit 15 is accepted as version 2; the proposer cannot approve; the Sponsor does; AUD 403; If-Match 428/409; audited  360ms
   ✓ weight sets (REQ-PB-049) > the v2 set is used for rescoring; v1 results keep v1; a set is immutable (DB guard)  543ms
   ✓ weight sets (REQ-PB-049) > withdraw: proposed -> withdrawn with a reason (If-Match 428/409, AUD 403, audited); an active set cannot be withdrawn  390ms
   ✓ rankings and history (REQ-S09-005, REQ-S09-003) > snapshot: deterministic tie-break, incomplete unranked, submitted -> ranked with audit; v2 activation -> history shows 'weight version 2' as the cause of the rank change  1054ms
   ✓ rankings and history (REQ-S09-005, REQ-S09-003) > score cause lists the criteria; relative cause when another initiative moved  499ms
   ✓ overrides (REQ-S09-005) > an override without a reason is rejected (missing/empty -> 400 at /reason; blank/invisible -> 422); the proposer cannot approve; approved applies with 'override: <reason>'; revoke; AUD 403; If-Match  551ms
   ✓ overrides (REQ-S09-005) > the DB refuses an approval by the proposer even without the API (ranking_override_approver_not_proposer)  359ms
   ✓ every BE-D mutation re-authorises inside its transaction (BE18A) > weight sets, scores, rankings and overrides: 403 at commit and nothing changes  1777ms
   ✓ every BE-D mutation re-authorises inside its transaction (BE18A) > control: the same pause WITHOUT a revocation commits (so the 403 above comes from the commit-time check)  301ms
   ✓ comparison view (REQ-S09-004) > axes, filters (status, completeness, funding, flag) and injected sequencing/capacity flags  435ms
   ✓ comparison view (REQ-S09-004) > more than 500 initiatives -> 422 prioritization.portfolio_too_large  1609ms
 ✓ |integration| apps/api/test/integration/portfolio/roadmap.test.ts (12 tests) 6019ms
   ✓ roadmap waves (T07, REQ-PB-050) > a new transformation shows the four B0079 waves verbatim, bilingual, source-seeded  483ms
   ✓ roadmap waves (T07, REQ-PB-050) > editable columns only: dates, owner, notes with If-Match (428/409), audited; source text 400 and DB-immutable; AUD 403; seeded not archivable  504ms
   ✓ roadmap waves (T07, REQ-PB-050) > teams add non-source waves (201, version 1, audited); overlapping horizons and dates are accepted; duplicate code 409; AUD 403  539ms
   ✓ roadmap waves (T07, REQ-PB-050) > commit-time authorisation on wave create and update (403 after the lock wait, audited, nothing written)  462ms
   ✓ deliverables: submit and acceptance (ADR-0023 §2) > create (version 1, audited, AUD 403), list with the 3-7 count warning, read, edit with If-Match, archive  489ms
   ✓ deliverables: submit and acceptance (ADR-0023 §2) > submit (initiative.edit, If-Match, audited) then acceptance by the executive owner; never the submitter; not-owner 403; AUD 403  523ms
   ✓ deliverables: submit and acceptance (ADR-0023 §2) > a delegate of the executive owner accepts on their behalf (audited as such); never for the submitter  328ms
   ✓ deliverables: submit and acceptance (ADR-0023 §2) > commit-time authorisation on deliverable create, update, submit and acceptance  444ms
   ✓ milestones: approved vs forecast (ADR-0023 §2-§3, REQ-S09-006) > create (initiative.edit or roadmap.edit; no approved date), approve-date (roadmap.approve, reason), re-approval audited, variance computed  634ms
   ✓ milestones: approved vs forecast (ADR-0023 §2-§3, REQ-S09-006) > moving the forecast: If-Match 428, stale 409 with currentVersion, AUD 403, achieved needs an actual date, audited  556ms
   ✓ milestones: approved vs forecast (ADR-0023 §2-§3, REQ-S09-006) > commit-time authorisation on milestone create, update and approve-date  420ms
   ✓ GET /transformations/{id}/roadmap: one read model (REQ-S09-006) > waves, initiatives, milestones, deliverables and initiative dependencies with versions and flags; a moved milestone shows at once  471ms
 ✓ |integration| apps/api/test/integration/contract/contract.test.ts (45 tests) 61355ms
   ✓ every operation, validated against the contract and the zod mirrors > organizations and business units  398ms
   ✓ every operation, validated against the contract and the zod mirrors > transformations and audit  325ms
   ✓ every operation, validated against the contract and the zod mirrors > kpi module operations (P2; kpi-exercises.ts, owned by kpi-benefits-engineer)  970ms
   ✓ every operation, validated against the contract and the zod mirrors > P2 backend operations (p2-exercises.ts): every routed operation exercised with a success  4688ms
   ✓ every operation, validated against the contract and the zod mirrors > P3 BE-A operations (p3-exercises-be-a.ts): readiness, outcome hierarchy, gate dispensations  565ms
   ✓ every operation, validated against the contract and the zod mirrors > P3 BE-B operations (p3-exercises-be-b.ts)  1983ms
   ✓ every operation, validated against the contract and the zod mirrors > P3 BE-C operations (p3-exercises-be-c.ts)  978ms
   ✓ every operation, validated against the contract and the zod mirrors > P3 BE-D operations (p3-exercises-be-d.ts)  2319ms
   ✓ every operation, validated against the contract and the zod mirrors > P3 BE-E operations (p3-exercises-be-e.ts)  1221ms
   ✓ every operation, validated against the contract and the zod mirrors > P3 KBE-B operations (p3-exercises-kbe-b.ts)  602ms
   ✓ every operation, validated against the contract and the zod mirrors > P3 KBE-C operations (p3-exercises-kbe-c.ts)  614ms
   ✓ every operation, validated against the contract and the zod mirrors > P4 BE-A operations (p4-exercises-be-a.ts)  430ms
   ✓ every operation, validated against the contract and the zod mirrors > P4 BE-B operations (p4-exercises-be-b.ts)  1120ms
   ✓ every operation, validated against the contract and the zod mirrors > P4 BE-C operations (p4-exercises-be-c.ts)  1020ms
   ✓ every operation, validated against the contract and the zod mirrors > P4 BE-D operations (p4-exercises-be-d.ts)  1329ms
   ✓ every operation, validated against the contract and the zod mirrors > P4 BE-E operations (p4-exercises-be-e.ts)  559ms
   ✓ every operation, validated against the contract and the zod mirrors > P4 BE-F operations (p4-exercises-be-f.ts)  2384ms
   ✓ every operation, validated against the contract and the zod mirrors > P4 BE-G operations (p4-exercises-be-g.ts)  787ms
   ✓ every operation, validated against the contract and the zod mirrors > P4 BE-H operations (p4-exercises-be-h.ts)  1738ms
   ✓ every operation, validated against the contract and the zod mirrors > P4 BE-I operations (p4-exercises-be-i.ts)  1919ms
   ✓ every operation, validated against the contract and the zod mirrors > P4 BE-J operations (p4-exercises-be-j.ts)  979ms
   ✓ every operation, validated against the contract and the zod mirrors > P4 BE-K operations (p4-exercises-be-k.ts)  2054ms
   ✓ every operation, validated against the contract and the zod mirrors > P4 BE-L operations (p4-exercises-be-l.ts)  1536ms
   ✓ every operation, validated against the contract and the zod mirrors > P4 BE-M operations (p4-exercises-be-m.ts)  1590ms
   ✓ every operation, validated against the contract and the zod mirrors > P4 KBE-B operations (p4-exercises-kbe-b.ts)  757ms
   ✓ every operation, validated against the contract and the zod mirrors > P4 KBE-C operations (p4-exercises-kbe-c.ts)  1427ms
   ✓ every operation, validated against the contract and the zod mirrors > P4 KBE-D operations (p4-exercises-kbe-d.ts)  934ms
   ✓ every operation, validated against the contract and the zod mirrors > P4 KBE-D2 operations (p4-exercises-kbe-d2.ts)  894ms
   ✓ every operation, validated against the contract and the zod mirrors > P4 KBE-E operations (p4-exercises-kbe-e.ts)  1308ms
   ✓ every operation, validated against the contract and the zod mirrors > P4 KBE-F operations (p4-exercises-kbe-f.ts)  394ms
   ✓ every operation, validated against the contract and the zod mirrors > P4 KBE-G operations (p4-exercises-kbe-g.ts)  753ms
   ✓ every operation, validated against the contract and the zod mirrors > every GET operation with a path parameter: a malformed id is a declared 400 at /params/<name>; nothing written  2275ms
   ✓ every operation, validated against the contract and the zod mirrors > every operation but the OIDC callback: U+0000 in the query is a declared 400 invalid_character  4349ms
   ✓ every operation, validated against the contract and the zod mirrors > every operation: an undeclared request media type is a declared 400 validation.content_type; nothing written  11466ms
   ✓ every operation, validated against the contract and the zod mirrors > every operation: the rate limiter's 429 is a declared RateLimited problem (live, limits of 1 per minute)  3737ms
 ✓ |integration| apps/api/test/integration/workflows/change-requests.test.ts (10 tests) 3826ms
   ✓ change requests: create, read, edit, withdraw (S-4) > draft CR-nn with ETag 1; AUD 403; outside and ADM-only 404; exact 400/409/422 refusals; one audit event per mutation  355ms
   ✓ REQ-PB-065 routing, SoD and the frozen impact assessment > a business_scope request is routed to the person mapped to SP; the requester cannot decide; SP's approval applies it  408ms
   ✓ REQ-S09-010: schedule rebaseline through change control > with no policy the DG3 re-approval is unchanged; beyond a configured threshold it is 422, within it 200; budget likewise  595ms
   ✓ REQ-S07-015: a KPI target change (preview, refusal, approval, the old version readable) > the preview lists the bound benefit and the approved G2 decision; a direct second activation is 422; after BO's approval v2 is active and v1 readable  641ms
   ✓ REQ-S04-014: a new version of an approved G4 benefit formula creates one change request > one automatic benefit_logic request routed to Finance; the DG3 response unchanged; G4 decision and snapshot byte-identical  336ms
stdout | apps/api/test/integration/connection-hygiene.test.ts > an over-limit upload (413 evidence.too_large) closes its connection and never stalls app.close() > 30 MiB chunked, written without backpressure like the audit repro: 413, Connection: close, server closes, 0 connections, app.close() prompt
SWEEP {"path":"upload 30 MiB chunked over the limit","status":413,"code":"evidence.too_large","connection":"close","serverCloseMs":0,"connectionsZeroMs":512}

stdout | apps/api/test/integration/connection-hygiene.test.ts > an over-limit upload (413 evidence.too_large) closes its connection and never stalls app.close() > 30 MiB chunked, written without backpressure like the audit repro: 413, Connection: close, server closes, 0 connections, app.close() prompt
SWEEP-CLOSE {"label":"after upload 30 MiB chunked over the limit","ms":0,"completed":true}

stdout | apps/api/test/integration/connection-hygiene.test.ts > an over-limit upload (413 evidence.too_large) closes its connection and never stalls app.close() > 30 MiB content-length, written without backpressure like the audit repro: 413, Connection: close, server closes, 0 connections, app.close() prompt
SWEEP {"path":"upload 30 MiB content-length over the limit","status":413,"code":"evidence.too_large","connection":"close","serverCloseMs":0,"connectionsZeroMs":503}

stdout | apps/api/test/integration/connection-hygiene.test.ts > an over-limit upload (413 evidence.too_large) closes its connection and never stalls app.close() > 30 MiB content-length, written without backpressure like the audit repro: 413, Connection: close, server closes, 0 connections, app.close() prompt
SWEEP-CLOSE {"label":"after upload 30 MiB content-length over the limit","ms":0,"completed":true}

stdout | apps/api/test/integration/connection-hygiene.test.ts > a response sent before the body is read closes the connection and never drains the (unbounded) body > upload route 401/403/404/409/428/400/422, JSON bodyLimit (CL and chunked), media type, unmatched 404, bad URL; then app.close() is prompt
SWEEP {"path":"upload 401 no session","status":401,"code":"unauthenticated","connection":"close","serverCloseMs":0,"connectionsZeroMs":0}

stdout | apps/api/test/integration/connection-hygiene.test.ts > a response sent before the body is read closes the connection and never drains the (unbounded) body > upload route 401/403/404/409/428/400/422, JSON bodyLimit (CL and chunked), media type, unmatched 404, bad URL; then app.close() is prompt
SWEEP {"path":"upload 403 no CSRF token","status":403,"code":"csrf","connection":"close","serverCloseMs":0,"connectionsZeroMs":0}

stdout | apps/api/test/integration/connection-hygiene.test.ts > a response sent before the body is read closes the connection and never drains the (unbounded) body > upload route 401/403/404/409/428/400/422, JSON bodyLimit (CL and chunked), media type, unmatched 404, bad URL; then app.close() is prompt
SWEEP {"path":"upload 404 unknown evidence","status":404,"code":"not_found","connection":"close","serverCloseMs":0,"connectionsZeroMs":0}

stdout | apps/api/test/integration/connection-hygiene.test.ts > a response sent before the body is read closes the connection and never drains the (unbounded) body > upload route 401/403/404/409/428/400/422, JSON bodyLimit (CL and chunked), media type, unmatched 404, bad URL; then app.close() is prompt
SWEEP {"path":"upload 409 stale If-Match","status":409,"code":"version_conflict","connection":"close","serverCloseMs":0,"connectionsZeroMs":0}

stdout | apps/api/test/integration/connection-hygiene.test.ts > a response sent before the body is read closes the connection and never drains the (unbounded) body > upload route 401/403/404/409/428/400/422, JSON bodyLimit (CL and chunked), media type, unmatched 404, bad URL; then app.close() is prompt
SWEEP {"path":"upload 428 no If-Match","status":428,"code":"precondition_required","connection":"close","serverCloseMs":0,"connectionsZeroMs":0}

stdout | apps/api/test/integration/connection-hygiene.test.ts > a response sent before the body is read closes the connection and never drains the (unbounded) body > upload route 401/403/404/409/428/400/422, JSON bodyLimit (CL and chunked), media type, unmatched 404, bad URL; then app.close() is prompt
SWEEP {"path":"upload 400 bad X-File-Name","status":400,"code":"validation.file_name","connection":"close","serverCloseMs":1,"connectionsZeroMs":0}

stdout | apps/api/test/integration/connection-hygiene.test.ts > a response sent before the body is read closes the connection and never drains the (unbounded) body > upload route 401/403/404/409/428/400/422, JSON bodyLimit (CL and chunked), media type, unmatched 404, bad URL; then app.close() is prompt
SWEEP {"path":"upload 422 not a file","status":422,"code":"validation.evidence.not_a_file","connection":"close","serverCloseMs":0,"connectionsZeroMs":0}

stdout | apps/api/test/integration/connection-hygiene.test.ts > a response sent before the body is read closes the connection and never drains the (unbounded) body > upload route 401/403/404/409/428/400/422, JSON bodyLimit (CL and chunked), media type, unmatched 404, bad URL; then app.close() is prompt
SWEEP {"path":"upload 400 undeclared media type (text/plain)","status":400,"code":"validation.content_type","connection":"close","serverCloseMs":0,"connectionsZeroMs":0}

stdout | apps/api/test/integration/connection-hygiene.test.ts > a response sent before the body is read closes the connection and never drains the (unbounded) body > upload route 401/403/404/409/428/400/422, JSON bodyLimit (CL and chunked), media type, unmatched 404, bad URL; then app.close() is prompt
SWEEP {"path":"upload 401 Content-Length 30 MiB","status":401,"code":"unauthenticated","connection":"close","serverCloseMs":0,"connectionsZeroMs":0}

stdout | apps/api/test/integration/connection-hygiene.test.ts > a response sent before the body is read closes the connection and never drains the (unbounded) body > upload route 401/403/404/409/428/400/422, JSON bodyLimit (CL and chunked), media type, unmatched 404, bad URL; then app.close() is prompt
SWEEP {"path":"upload 428 Content-Length 30 MiB","status":428,"code":"precondition_required","connection":"close","serverCloseMs":0,"connectionsZeroMs":0}

stdout | apps/api/test/integration/connection-hygiene.test.ts > a response sent before the body is read closes the connection and never drains the (unbounded) body > upload route 401/403/404/409/428/400/422, JSON bodyLimit (CL and chunked), media type, unmatched 404, bad URL; then app.close() is prompt
SWEEP {"path":"JSON over bodyLimit, chunked","status":400,"code":"validation.body_too_large","connection":"close","serverCloseMs":0,"connectionsZeroMs":0}

stdout | apps/api/test/integration/connection-hygiene.test.ts > a response sent before the body is read closes the connection and never drains the (unbounded) body > upload route 401/403/404/409/428/400/422, JSON bodyLimit (CL and chunked), media type, unmatched 404, bad URL; then app.close() is prompt
SWEEP {"path":"JSON over bodyLimit, Content-Length","status":400,"code":"validation.body_too_large","connection":"close","serverCloseMs":0,"connectionsZeroMs":0}

stdout | apps/api/test/integration/connection-hygiene.test.ts > a response sent before the body is read closes the connection and never drains the (unbounded) body > upload route 401/403/404/409/428/400/422, JSON bodyLimit (CL and chunked), media type, unmatched 404, bad URL; then app.close() is prompt
SWEEP {"path":"unmatched route 404, chunked","status":404,"code":"not_found","connection":"close","serverCloseMs":0,"connectionsZeroMs":0}

stdout | apps/api/test/integration/connection-hygiene.test.ts > a response sent before the body is read closes the connection and never drains the (unbounded) body > upload route 401/403/404/409/428/400/422, JSON bodyLimit (CL and chunked), media type, unmatched 404, bad URL; then app.close() is prompt
SWEEP {"path":"unmatched route 404, Content-Length 30 MiB","status":404,"code":"not_found","connection":"close","serverCloseMs":0,"connectionsZeroMs":0}

stdout | apps/api/test/integration/connection-hygiene.test.ts > a response sent before the body is read closes the connection and never drains the (unbounded) body > upload route 401/403/404/409/428/400/422, JSON bodyLimit (CL and chunked), media type, unmatched 404, bad URL; then app.close() is prompt
SWEEP {"path":"router-level 400 bad URL (FST_ERR_BAD_URL), chunked","status":400,"code":"validation.format","connection":"close","serverCloseMs":0,"connectionsZeroMs":0}

stdout | apps/api/test/integration/connection-hygiene.test.ts > a response sent before the body is read closes the connection and never drains the (unbounded) body > upload route 401/403/404/409/428/400/422, JSON bodyLimit (CL and chunked), media type, unmatched 404, bad URL; then app.close() is prompt
SWEEP-CLOSE {"label":"after the refusals sweep","ms":0,"completed":true}

stdout | apps/api/test/integration/connection-hygiene.test.ts > a response sent before the body is read closes the connection and never drains the (unbounded) body > app.close() while a refused client (403, no CSRF token) KEEPS SENDING its body completes promptly
SWEEP-CLOSE {"label":"while a refused (403) client keeps sending its body","ms":0,"completed":true}

stdout | apps/api/test/integration/connection-hygiene.test.ts > a client that aborts mid-upload leaves no partial object and no leaked socket > content-length: 2 MiB of a 10 MiB upload, then the client destroys the socket
SWEEP {"path":"client abort mid-upload content-length","connectionsZeroMs":26,"partialFilesGoneMs":25}

stdout | apps/api/test/integration/connection-hygiene.test.ts > a client that aborts mid-upload leaves no partial object and no leaked socket > chunked: 2 MiB of a 10 MiB upload, then the client destroys the socket
SWEEP {"path":"client abort mid-upload chunked","connectionsZeroMs":24,"partialFilesGoneMs":1}

stdout | apps/api/test/integration/connection-hygiene.test.ts > shutdown is bounded > app.close() with a STALLED upload in flight completes within the grace period (default 5 s); the stalled socket is closed by the server
SWEEP-CLOSE {"label":"stalled upload in flight (default grace 5 s)","ms":5009,"completed":true}

stdout | apps/api/test/integration/connection-hygiene.test.ts > shutdown is bounded > an in-flight upload that finishes within the grace period completes normally (200, stored byte-exact, Connection: close), then app.close() returns
SWEEP-CLOSE {"label":"in-flight upload finishing during shutdown","ms":534,"completed":true}

stdout | apps/api/test/integration/connection-hygiene.test.ts > shutdown is bounded > a body that stalls outside shutdown is cut by Node's requestTimeout (408, connection closed), nothing stored, no error log
SWEEP {"path":"stalled body, requestTimeout 1.5 s","status":["HTTP/1.1 408"],"closedMs":1744}

stdout | apps/api/test/integration/connection-hygiene.test.ts > shutdown is bounded > SIGTERM: the API process (src/main.ts) exits 0 within the grace period with a stalled upload in flight
SWEEP-CLOSE {"label":"SIGTERM with a stalled upload (main.ts)","ms":5090,"exitCode":0}

stdout | apps/api/test/integration/connection-hygiene.test.ts > unmatched-route 404s are rate limited (audit round 10 observation P3) > a flood on unmatched routes gets 429 rate_limited after the limit (same key and limit as the routes); the SPA fallback still serves index.html
SWEEP {"path":"unmatched-route flood, limit 4/min","statuses":[404,404,404,429]}

 ✓ |integration| apps/api/test/integration/connection-hygiene.test.ts (13 tests) 22372ms
   ✓ an over-limit upload (413 evidence.too_large) closes its connection and never stalls app.close() > 30 MiB chunked, written without backpressure like the audit repro: 413, Connection: close, server closes, 0 connections, app.close() prompt  914ms
   ✓ an over-limit upload (413 evidence.too_large) closes its connection and never stalls app.close() > 30 MiB content-length, written without backpressure like the audit repro: 413, Connection: close, server closes, 0 connections, app.close() prompt  1186ms
   ✓ a response sent before the body is read closes the connection and never drains the (unbounded) body > upload route 401/403/404/409/428/400/422, JSON bodyLimit (CL and chunked), media type, unmatched 404, bad URL; then app.close() is prompt  720ms
   ✓ a response sent before the body is read closes the connection and never drains the (unbounded) body > app.close() while a refused client (403, no CSRF token) KEEPS SENDING its body completes promptly  397ms
   ✓ a client that aborts mid-upload leaves no partial object and no leaked socket > content-length: 2 MiB of a 10 MiB upload, then the client destroys the socket  426ms
   ✓ a client that aborts mid-upload leaves no partial object and no leaked socket > chunked: 2 MiB of a 10 MiB upload, then the client destroys the socket  370ms
   ✓ normal traffic is unchanged > a valid 3 MiB upload over a real socket is stored byte-exact with its sha256, and the keep-alive connection serves the next request  918ms
   ✓ shutdown is bounded > app.close() with a STALLED upload in flight completes within the grace period (default 5 s); the stalled socket is closed by the server  5460ms
   ✓ shutdown is bounded > an in-flight upload that finishes within the grace period completes normally (200, stored byte-exact, Connection: close), then app.close() returns  939ms
   ✓ shutdown is bounded > a body that stalls outside shutdown is cut by Node's requestTimeout (408, connection closed), nothing stored, no error log  1869ms
   ✓ shutdown is bounded > SIGTERM: the API process (src/main.ts) exits 0 within the grace period with a stalled upload in flight  8003ms
 ✓ |integration| apps/api/test/integration/adoption/indicators.test.ts (14 tests) 2388ms
 ✓ |integration| apps/api/test/integration/registers.test.ts (23 tests) 5661ms
   ✓ starter structure (ADR-0016 §4; REQ-S12-004, REQ-PB-003) > both End-to-End and Modular creates get the pin, six T01 rows, ten canvas boxes and six gates, each audited  516ms
   ✓ North Star (REQ-PB-033) > one sentence, no line break; refining supersedes (never overwrites); If-Match rules  719ms
   ✓ T01 / T03 template rules and record-level rules > an archived transformation is read-only for its registers (422)  316ms
 ✓ |integration| apps/api/test/integration/workflows/phases.test.ts (14 tests) 6222ms
   ✓ guided phase steps (REQ-S04-001) > each of the six phases shows steps, required evidence, owners (Unknown when unassigned) and a review queue  555ms
   ✓ guided phase steps (REQ-S04-001) > listPhaseSteps pages in procedure order with phase and status filters  389ms
   ✓ guided phase steps (REQ-S04-001) > an unmet completion rule cannot be put in review or accepted (422); SQL cannot bypass the rule  325ms
   ✓ guided phase steps (REQ-S04-001) > other completion rules are evaluated server-side (RAID register empty -> 422; no open corrective case -> met)  377ms
   ✓ guided phase steps (REQ-S04-001) > the owner cannot accept their own step (403); a non-owner cannot progress it (403); an owner is required (422)  368ms
   ✓ guided phase steps (REQ-S04-001) > the review queue: one task per reviewer-role holder (never the owner); accept closes them and enables the next owned step once  445ms
   ✓ guided phase steps (REQ-S04-001) > return with a note, then back to review; a return without a note is 400; invalid transitions are 422  460ms
   ✓ steps never move a gate (REQ-S04-002: completing every phase task leaves the gate Draft) > completing all five Diagnose steps leaves G1 draft, with no submission and an unchanged gate instance  949ms
   ✓ authorization, If-Match and audit on every write (S-4) > AUD (read-only) gets 403 on every write and nothing is written; an outsider gets 404  442ms
   ✓ authorization, If-Match and audit on every write (S-4) > If-Match: 428 when missing, 409 when stale; If-Match "0" on an existing row is 409; creates are version 1  541ms
   ✓ authorization, If-Match and audit on every write (S-4) > an evidence item of another transformation cannot be linked (422)  471ms
 ✓ |integration| apps/api/test/integration/media-types.test.ts (21 tests) 3111ms
   ✓ the media-type check and the parser lookup agree for every spelling (F-DG2-351) > every OWS/whitespace spelling of octet-stream reaches the octet parser: stored byte-exact (sha256), downloadable  1287ms
 ✓ |integration| apps/api/test/integration/kpi/business-cases.test.ts (17 tests) 8017ms
   ✓ transformation case: the ten B0085 sections (REQ-PB-053) > all ten sections persist and read back; missingSections clears once lines and owners exist  1031ms
   ✓ initiative cases and the roll-up (REQ-PB-054, REQ-S05-005) > an initiative case links to the one transformation case and fills the lighter set  381ms
   ✓ initiative cases and the roll-up (REQ-PB-054, REQ-S05-005) > the total equals the distinct lines once; editing an initiative line changes the roll-up without duplication  430ms
   ✓ initiative cases and the roll-up (REQ-PB-054, REQ-S05-005) > Unknown is never 0; per currency; revenue vs margin and non-financial kept apart  440ms
   ✓ lines: exactly one class (REQ-PB-053, REQ-S05-005) > two classes -> 400 at /class; class/kind and class/value-basis mismatch -> 422; value rules  471ms
   ✓ lines: exactly one class (REQ-PB-053, REQ-S05-005) > one benefit formula backs at most one active line in the transformation (409)  438ms
   ✓ Finance validation of the baseline (REQ-PB-055 part) > FIN validates; the author is refused 403; the hash is stored; a baseline change shows Stale  728ms
   ✓ every mutation: AUD 403, If-Match 428/409, audit, WL record-level > the read-only auditor gets 403 (audited) on all seven mutations, whatever the body  508ms
   ✓ every mutation: AUD 403, If-Match 428/409, audit, WL record-level > If-Match: 428 without, 409 stale, on update/archive of cases and lines; each success audited  467ms
   ✓ every mutation: AUD 403, If-Match 428/409, audit, WL record-level > WL edits only the initiative cases of initiatives they lead (record-level, 403 otherwise)  396ms
   ✓ every mutation: AUD 403, If-Match 428/409, audit, WL record-level > authorization is re-checked at commit time (update case): a grant revoked after authentication -> 403, nothing written  368ms
   ✓ every mutation: AUD 403, If-Match 428/409, audit, WL record-level > authorization is re-checked at commit time (archive case): a grant revoked after authentication -> 403, nothing written  438ms
   ✓ every mutation: AUD 403, If-Match 428/409, audit, WL record-level > authorization is re-checked at commit time (validate baseline): a grant revoked after authentication -> 403, nothing written  363ms
   ✓ every mutation: AUD 403, If-Match 428/409, audit, WL record-level > authorization is re-checked at commit time (create line): a grant revoked after authentication -> 403, nothing written  328ms
   ✓ every mutation: AUD 403, If-Match 428/409, audit, WL record-level > authorization is re-checked at commit time (update line): a grant revoked after authentication -> 403, nothing written  334ms
   ✓ every mutation: AUD 403, If-Match 428/409, audit, WL record-level > authorization is re-checked at commit time (archive line): a grant revoked after authentication -> 403, nothing written  458ms
 ✓ |integration| apps/api/test/integration/dependencies/t08.test.ts (19 tests) 8823ms
   ✓ T08 columns, From external, types > the seven T08 columns round-trip; version 1, ETag and Location; audited; listed and read  599ms
   ✓ T08 columns, From external, types > From `external` with a label is accepted (no edge); a label-less external From is 400  390ms
   ✓ T08 columns, From external, types > an unknown or retired type is 422 dependency.unknown_type; nothing written  566ms
   ✓ T08 columns, From external, types > a self-dependency is 422; an initiative of another transformation is 422; From initiative needs its id (400)  670ms
   ✓ dependency types (REQ-PB-052) > the five system types are listed; a system type DELETE is 422 and changes nothing  391ms
   ✓ dependency types (REQ-PB-052) > add, relabel, retire a custom type: configure only (AUD and TL 403), If-Match 428/409, audited, duplicate 409  626ms
   ✓ cycles (REQ-S09-008, REQ-PB-051) > A→B→C→A is 422 naming the cycle exactly (ADR-0023 §5); nothing written  571ms
   ✓ cycles (REQ-S09-008, REQ-PB-051) > A→B→A is reported the same way ('INI-01 → INI-02 → INI-01'); an archived edge no longer counts  604ms
   ✓ cycles (REQ-S09-008, REQ-PB-051) > PATCH re-runs the check when an endpoint changes (422, nothing written); other edits pass  487ms
   ✓ cycles (REQ-S09-008, REQ-PB-051) > two API requests A→B and B→A at once: exactly one commits, the other is 422 dependency.cycle  483ms
   ✓ cycles (REQ-S09-008, REQ-PB-051) > two DATABASE connections inserting A→B and B→A concurrently: exactly one commits (dependency_acyclic)  331ms
   ✓ authorisation, concurrency and audit of every T08 mutation > AUD 403 on create, update, archive (audited as authorization.denied); 428/409 on update and archive  456ms
   ✓ authorisation, concurrency and audit of every T08 mutation > commit-time authorisation: a grant revoked while the create waits for the graph lock is 403; nothing written  513ms
   ✓ authorisation, concurrency and audit of every T08 mutation > commit-time authorisation on update and archive: the row lock wait, then 403 on reloaded grants  456ms
   ✓ schedule flags on T08 (ADR-0023 §5) > a predecessor finishing after the needed-by date is flagged; moving its milestone earlier clears it  484ms
   ✓ schedule flags on T08 (ADR-0023 §5) > missing dates are schedule.unknown, never an empty (no conflict) list  472ms
   ✓ the DG2 paths stay stable (ADR-0023 §4) > a custom type is shown as 'other' on the DG2 path; a DG2 PATCH of the kinds is 422 dependency.managed_by_t08  536ms
 ✓ |integration| apps/api/test/integration/oidc.test.ts (33 tests) 3281ms
 ✓ |integration| tests/qa/integration/a10-benefit-integrity.test.ts (16 tests) 6914ms
   ✓ A10: a shared benefit rolls up once (REQ-PB-058) > REQ-PB-058: a benefit with two owners is rejected  391ms
   ✓ A10: a shared benefit rolls up once (REQ-PB-058) > REQ-PB-058: a 10 million SAR benefit shared by two initiatives appears once (10 million SAR) in the totals  354ms
   ✓ A10: a shared benefit rolls up once (REQ-PB-058) > REQ-PB-058: two initiative records of one shared benefit in a shared-benefit group count once  391ms
   ✓ A10: unvalidated or forecast value never appears as validated actual > REQ-PB-075, REQ-S08-016: a submitted value stays pending; approval raises the validated total by exactly the approved amount  415ms
   ✓ A10: unvalidated or forecast value never appears as validated actual > REQ-S08-001: a forecast amount never appears in the validated total; a rejected measurement is kept and shown rejected  722ms
   ✓ A10: unvalidated or forecast value never appears as validated actual > REQ-S08-018: upside scenario values never appear in the realized (measured) or validated totals  711ms
   ✓ A10: unvalidated or forecast value never appears as validated actual > REQ-S08-014: two benefits with the same driver and period raise a warning and stay out of validated totals until Finance resolves  1062ms
   ✓ A10: unvalidated or forecast value never appears as validated actual > REQ-S08-015, REQ-PB-013: a validation lacking a measurement period is rejected; non-Finance 403; the audit records the validator  623ms
   ✓ A10: unvalidated or forecast value never appears as validated actual > REQ-S08-017: an in-place edit of a validated value is 409; a reversal nets the total and both records stay visible  438ms
   ✓ A10: unvalidated or forecast value never appears as validated actual > REQ-S12-014: submitting benefit evidence creates exactly one Finance queue item; replaying the event creates none  337ms
 ✓ |integration| apps/api/test/integration/kpi/kpi-resources.test.ts (23 tests) 2753ms
 ✓ |integration| tests/qa/integration/a05-calculation-correctness.test.ts (17 tests) 5746ms
   ✓ A05: higher/lower/band measures and RAG from the trajectory (REQ-S07-002, REQ-S07-007) > REQ-S07-007: actual below the red threshold of the approved trajectory is Red; a new threshold version recomputes RAG  345ms
   ✓ A05: aggregation, formulas and currency/decimal precision > REQ-S07-010: two business-unit ratios 1/10 and 9/10 roll up to 0.50 (weighted), not the mean of percentages  714ms
   ✓ A05: aggregation, formulas and currency/decimal precision > REQ-S16-025: 0.1 + 0.2 SAR sums to exactly 0.30; 100000 x 0.02 x 50 SAR equals exactly 100000.00  907ms
   ✓ A05: aggregation, formulas and currency/decimal precision > REQ-S08-006: a benefit value drills to the formula version and input actual versions; a formula change keeps the old reference  652ms
   ✓ A05: decimal SAR budgets, working-day slip, critical path and business dates > REQ-S09-009: the fixture network's critical path is the expected chain; with a missing duration no path is claimed  447ms
 ✓ |integration| apps/api/test/integration/portfolio/transitions.test.ts (21 tests) 16354ms
   ✓ submit (draft -> submitted) > REQ-PB-007/REQ-PB-022: before G1 -> 422 invalid-transition with the exact G1 text; errors[] lists every failing precondition; nothing written  1042ms
   ✓ submit (draft -> submitted) > REQ-PB-006: without an outcome/KPI link -> 'Outcome before activity' validation error at /outcomeContributions; accepted once a link exists  966ms
   ✓ submit (draft -> submitted) > Modular: an accepted inherited approval of G1 with verified evidence satisfies submit (never a gate decision)  746ms
   ✓ withdraw and cancel > withdraw: submitted or ranked -> draft with a reason; draft -> 422 not_withdrawable; no reason -> 400  1087ms
   ✓ withdraw and cancel > cancel: any non-terminal status -> cancelled with reason and stamps; launched or cancelled -> 422 not_cancellable  1541ms
   ✓ selection (REQ-S09-003): a recorded business approval; ranking never selects; selection never funds > ranking never selects; select writes a portfolio_selection row and shows 'Selected - unfunded'  718ms
   ✓ selection (REQ-S09-003): a recorded business approval; ranking never selects; selection never funds > deselect: selected or funded -> ranked with a rationale; ranked or launched -> 422 not_deselectable  1324ms
   ✓ selection (REQ-S09-003): a recorded business approval; ranking never selects; selection never funds > ADR-0021 §6 (T-DG3-ARCH-03): select/deselect on someone's behalf -> 422 selection.on_behalf_not_supported, even under an active delegation; nothing written  1173ms
   ✓ launch (funded -> launched) > REQ-PB-004 (acceptance): End-to-End launch -> 422 'North Star, outcomes and target state not yet approved'; after G2 and G3 approval the same call succeeds  834ms
   ✓ launch (funded -> launched) > direction is checked BEFORE funding: a selected-unfunded End-to-End initiative gets the sequencing reason, errors[] lists both  493ms
   ✓ launch (funded -> launched) > 'Selected - unfunded' cannot launch (also after a rejected/deferred or revoked funding decision); other statuses are not launchable  881ms
   ✓ launch (funded -> launched) > a draft launched before G1 reports G1 first (precondition 1)  388ms
   ✓ launch (funded -> launched) > End-to-End: an accepted waiver of G3 (G2 approved) satisfies the direction rule for launch; the gate stays unapproved  492ms
   ✓ launch (funded -> launched) > Modular: a funded initiative launches without G2/G3 (not held to the End-to-End rule); WL (no initiative.launch) gets 403  510ms
   ✓ every transition: If-Match 428/409 and AUD 403 (audited denial, nothing written) > submit: 428 without If-Match, 409 stale, 403 for AUD, 404 for an unknown id  926ms
   ✓ every transition: If-Match 428/409 and AUD 403 (audited denial, nothing written) > withdraw: 428 without If-Match, 409 stale, 403 for AUD, 404 for an unknown id  711ms
   ✓ every transition: If-Match 428/409 and AUD 403 (audited denial, nothing written) > select: 428 without If-Match, 409 stale, 403 for AUD, 404 for an unknown id  406ms
   ✓ every transition: If-Match 428/409 and AUD 403 (audited denial, nothing written) > deselect: 428 without If-Match, 409 stale, 403 for AUD, 404 for an unknown id  387ms
   ✓ every transition: If-Match 428/409 and AUD 403 (audited denial, nothing written) > launch: 428 without If-Match, 409 stale, 403 for AUD, 404 for an unknown id  475ms
   ✓ every transition: If-Match 428/409 and AUD 403 (audited denial, nothing written) > cancel: 428 without If-Match, 409 stale, 403 for AUD, 404 for an unknown id  541ms
   ✓ latestFundingState() (ADR-0023 §7): the latest funding decision decides, fail closed > none -> unfunded; approved -> funded; deferred after approved -> unfunded; revoked -> revoked  495ms
 ✓ |integration| apps/api/test/integration/raid/corrective-cases.test.ts (15 tests) 2729ms
   ✓ createCorrectiveCase: a Value Review finding (ADR-0031 §5.5; REQ-PB-085 create:BO,TL,FIN) > AUD 403; ADM-only and outsiders 404 on every operation; nothing written  480ms
 ✓ |integration| apps/api/test/integration/workflows/gate-exceptions.test.ts (14 tests) 15320ms
   ✓ submission with missing mandatory evidence (REQ-S04-012) > the gate page lists the missing items; one missing item -> 422 listing exactly it (DG2 form); nothing written  1338ms
   ✓ submission with missing mandatory evidence (REQ-S04-012) > with accepted unexpired exceptions -> 201; the snapshot and the frozen criterion rows record each exception  1289ms
   ✓ submission with missing mandatory evidence (REQ-S04-012) > a pending, rejected or other-criterion exception does not cover (422 as in DG2)  953ms
   ✓ the waiver record (REQ-S04-013) > a waiver without expiry or compensating action -> 400; past expiry and a non-mandatory key -> 422; nothing written  629ms
   ✓ the waiver record (REQ-S04-013) > the requester cannot decide (403); a non-approver cannot (403); ADM-only 403; AUD 403 on every write  754ms
   ✓ the waiver record (REQ-S04-013) > one hop of delegation: a delegate holding gate_exception.decide decides for the approver (recorded on behalf)  1189ms
   ✓ expiry (REQ-S04-013; clock injected) > after expires_on the exception no longer covers: the live view and the submission report the criterion missing again  1133ms
   ✓ expiry (REQ-S04-013; clock injected) > approving a submission whose recorded exception has expired -> 422 gate.exception_expired; changes requested is allowed  1144ms
   ✓ expiry (REQ-S04-013; clock injected) > approving a submission whose recorded exception was revoked -> 422 gate.exception_revoked (exact text); nothing written; reject allowed  1605ms
   ✓ expiry (REQ-S04-013; clock injected) > revoked AND expired reports the revoke; an unrevoked, unexpired exception still lets the approver approve  2169ms
   ✓ expiry (REQ-S04-013; clock injected) > the injected clock also moves the create check: an expiry before the injected business date -> 422  537ms
   ✓ revoke, withdraw and concurrency (ADR-0035 §4, §11) > revoke needs a reason (400) and an accepted exception (422); after revoke the criterion is missing again  1020ms
   ✓ revoke, withdraw and concurrency (ADR-0035 §4, §11) > withdraw: the requester only, pending only, If-Match 428/409; decision If-Match 428/409  771ms
   ✓ revoke, withdraw and concurrency (ADR-0035 §4, §11) > the approver gets one gate_exception_to_decide item on request; it is done once decided; list filters  564ms
 ✓ |integration| apps/api/test/integration/workflows/g5-g6.test.ts (13 tests) 9299ms
   ✓ G5 Scale (REQ-PB-020, REQ-PB-015) > an open High-impact risk without an approved disposition: 422 whose detail and errors list 'Risk closure'; nothing written  966ms
   ✓ G5 Scale (REQ-PB-020, REQ-PB-015) > an approved disposition completes Risk closure (a pending one does not; a medium risk never counts)  1369ms
   ✓ G5 Scale (REQ-PB-020, REQ-PB-015) > G5 configured to BO: an SP decision is 403 gate.not_approver, a BO decision with the scale scope is 201  846ms
   ✓ G5 Scale (REQ-PB-020, REQ-PB-015) > the scale-scope rules (ADR-0035 §5): required with a G5 approval, refused elsewhere, items inside the organization  1414ms
   ✓ G5 decision rights (D-094; ADR-0035 §8) > AUD 403 on the G5 submission and decision; an ADM-only caller 403 on the decision (D-094); nothing written  557ms
   ✓ G1-G4 refusals keep the DG2 key form (ADR-0035 §2: the label form is G5/G6 only) > a G4 submission with gaps names the criterion keys in its detail, as in DG3  629ms
   ✓ G6 Sustain (REQ-PB-021, REQ-S04-008, REQ-S04-002) > without an accepted BAU handover: 422 listing 'Ownership transfer'; nothing written  756ms
   ✓ G6 Sustain (REQ-PB-021, REQ-S04-008, REQ-S04-002) > with every fact: 201 with a frozen g6 snapshot; an edit afterwards leaves it unchanged; the SP approval changes no phase, closes nothing and writes no DG delivery record  1613ms
   ✓ G6 Sustain (REQ-PB-021, REQ-S04-008, REQ-S04-002) > G6 allows SP only: a BO cannot be configured as its approver (DG2 422 gate.approver_role_not_allowed)  604ms
 ✓ |integration| apps/api/test/integration/sustainment/controls.test.ts (15 tests) 3288ms
   ✓ control checks: a failed check emits one control_check.failed (REQ-S11-008) > an ownerless control's check goes to the BAU owner; its failure event carries ownerUserId null  386ms
   ✓ sustainment reviews: the assignee completes (ADR-0034 §6, §9) > only the assignee completes; final afterwards; work item closed; AUD 403, ADM 404, If-Match 428/409  371ms
   ✓ sustainment reviews: the assignee completes (ADR-0034 §6, §9) > parity (D-102 (2)): the worker's review twin writes the same rows as the API's scheduleAreaReview  331ms
 ✓ |integration| apps/api/test/integration/portfolio/structure.test.ts (18 tests) 3336ms
   ✓ workstreams (ADR-0038 §9) > an initiative in two workstreams → 422 workstream.initiative_already_assigned; removal keeps the row; re-add  357ms
   ✓ workstreams (ADR-0038 §9) > an initiative of another transformation or unknown → 422 validation.reference; a foreign workstream 404  358ms
 ✓ |integration| apps/api/test/integration/sustainment/handovers.test.ts (11 tests) 3184ms
   ✓ only the receiving owner accepts or returns (REQ-S11-005) > return needs a reason (400 bau_handover.return_reason_required); returned -> edited -> resubmitted  553ms
   ✓ acceptance transfers routine ownership and creates the first review exactly once (REQ-PB-083) > area -> BAU; KPIs, controls and benefits transferred; one review and one My Work item for the BAU owner  538ms
   ✓ preparation rules, gates and concurrency > one handover in progress per cycle (409); only an establishing or reopened area (422); AUD 403; ADM 404  369ms
 ✓ |integration| apps/api/test/integration/governance/executive-decisions.test.ts (17 tests) 2759ms
   ✓ updateExecutiveDecision and the SLA due date (ADR-0032 §6) > edits an open ask (If-Match 428/409); options replaced (withdrawn, never deleted); re-owning creates the new owner's item  306ms
 ✓ |integration| apps/api/test/integration/approvals/approvals.test.ts (17 tests) 4339ms
   ✓ routing (REQ-S10-008; ADR-0026 §2, §8) > a mapped person without a business-approver role is refused (422 routing.assignee_not_approver)  486ms
   ✓ request (ADR-0026 §4, §5) > SLA types: next SteerCo is Unknown (never guessed); urgent needs a reason and a configured route; release plan without a milestone is Unknown  517ms
   ✓ decide (REQ-S10-014, REQ-S10-016, REQ-S10-017, REQ-S10-018) > commit-time authorization: a decide right revoked (or a session ended) while the request waits is refused  692ms
 ✓ |integration| apps/api/test/integration/blank-text.test.ts (29 tests) 12666ms
   ✓ blank free text is rejected (400 + pointer), nothing is written and nothing is audited > charter create with a blank field writes no charter  433ms
   ✓ valid text still succeeds (stored as entered) and null still clears > charter: text with surrounding spaces is kept verbatim; null clears; each change is audited once  473ms
   ✓ defense in depth: blank text already in the database is never 'present' (G1 readiness, pre-checks, thesis) > blank In scope, Case for change, thesis part and T01 texts read as missing  1368ms
   ✓ invisible-only free text is blank (F-DG2-160) > Out of scope "‏" is 400 validation.blank at /outOfScope; nothing written, no audit  475ms
   ✓ invisible-only free text is blank (F-DG2-160) > Out of scope "" is 400 validation.blank at /outOfScope; nothing written, no audit  486ms
   ✓ invisible-only free text is blank (F-DG2-160) > Out of scope "⁠⁠⁠" is 400 validation.blank at /outOfScope; nothing written, no audit  601ms
   ✓ invisible-only free text is blank (F-DG2-160) > Out of scope "؜" is 400 validation.blank at /outOfScope; nothing written, no audit  500ms
   ✓ invisible-only free text is blank (F-DG2-160) > Out of scope "️͏" is 400 validation.blank at /outOfScope; nothing written, no audit  469ms
   ✓ invisible-only free text is blank (F-DG2-160) > Out of scope "᠋᠏" is 400 validation.blank at /outOfScope; nothing written, no audit  495ms
   ✓ invisible-only free text is blank (F-DG2-160) > Out of scope "\u0001" is 400 validation.blank at /outOfScope; nothing written, no audit  618ms
   ✓ invisible-only free text is blank (F-DG2-160) > Out of scope "󠄀 ឴឵" is 400 validation.blank at /outOfScope; nothing written, no audit  628ms
   ✓ invisible-only free text is blank (F-DG2-160) > Out of scope "𖿤" is 400 validation.blank at /outOfScope; nothing written, no audit  641ms
   ✓ invisible-only free text is blank (F-DG2-160) > Out of scope "𝅙" is 400 validation.blank at /outOfScope; nothing written, no audit  422ms
   ✓ invisible-only free text is blank (F-DG2-160) > Out of scope "𝅙𝅙" is 400 validation.blank at /outOfScope; nothing written, no audit  605ms
   ✓ invisible-only free text is blank (F-DG2-160) > Out of scope " 𖿤\t𝅙 " is 400 validation.blank at /outOfScope; nothing written, no audit  507ms
   ✓ invisible-only free text is blank (F-DG2-160) > visible text that contains U+16FE4 or U+1D159 is accepted verbatim and counts as documented (F-DG2-230)  840ms
   ✓ invisible-only free text is blank (F-DG2-160) > an Arabic Out of scope with RLM marks is accepted verbatim, the pre-check reads pass and G1 does not list it  441ms
   ✓ invisible-only reasons are blank on every reason endpoint (F-DG2-160, T-DG2-BE7) > P1 transformation archive (reasonRequest): invisible reason is 400 at /reason; a valid reason archives  790ms
 ✓ |integration| apps/api/test/integration/sustainment/transition-decisions.test.ts (10 tests) 4926ms
   ✓ create (ADR-0034 §3, §12) > 422 monitoring_after_end, benefit_validated and validation.reference (exact texts); nothing written  756ms
   ✓ update and withdraw (ADR-0034 §3) > edits a draft (If-Match 428/409, audited); withdraws; a withdrawn decision is final; the benefit is free again  564ms
   ✓ decision through the canonical approval (ADR-0034 §3; ADR-0026 §4) > submit routes to SP; the decision is frozen; the requester cannot decide; SP approves  601ms
   ✓ decision through the canonical approval (ADR-0034 §3; ADR-0026 §4) > changes requested: an editable draft again; resubmitted through the approval; then approved  452ms
   ✓ decision through the canonical approval (ADR-0034 §3; ADR-0026 §4) > reject: rejected and final; withdrawing a decision in approval withdraws its approval (nothing left undecidable)  316ms
   ✓ REQ-S11-007: forecast stays forecast; monitoring tasks for the residual owner (ADR-0034 §3, §6) > parity (D-102 (2)): the worker's runMonitoringScan writes the same rows as the API's scheduleMonitoringReviews  471ms
stdout | apps/api/test/integration/request-io.test.ts > F-DG2-411: a stalled upload holds no pooled connection and no row lock > reviewer's R8: N stalled uploads (N = pool size) leave /me and /readyz answering promptly; nothing is stored
BE17 R8: {"poolSize":5,"stalledUploads":5,"sessions":{"sessions":5,"visible":5,"idleInTx":0,"nonIdle":0},"me":{"status":200,"ms":9},"ready":{"status":200,"ms":5},"patch":{"status":200,"ms":55},"leftovers":[],"rows":0,"closeMs":0,"errors":[]}

stdout | apps/api/test/integration/request-io.test.ts > F-DG2-411: a stalled upload holds no pooled connection and no row lock > an upload whose If-Match goes stale during the body: 409 version_conflict, no content row, no object
BE17 stale-if-match: {"patchDuringBody":{"status":200,"ms":34},"patch":{"status":200,"ms":34},"upload":{"status":409,"type":"urn:mth:problem:version-conflict","title":"Version conflict","detail":"The record was changed by someone else. Review the current version and re-apply your change.","code":"version_conflict","requestId":"01a125f7-77f4-7312-ae97-7b94a717e243","currentVersion":2},"rows":0,"files":[],"version":2,"closeMs":0}

stdout | apps/api/test/integration/request-io.test.ts > F-DG2-411: a stalled upload holds no pooled connection and no row lock > valid uploads stay byte-exact with their sha256 (stored, recorded and downloaded), no temporary object left
BE17 valid-uploads: {"out":[{"size":1,"status":200,"rows":1,"sha":true,"files":["/var/tmp/mth-run.kifGDu/claude-0/mth-evidence-it-RVqerQ/01a125f7-6cb7-737d-8a98-ad9ba8a8eecd/01a125f7-6d4e-76fa-ae68-772f5f1d70bf/01a125f7-79ec-7289-90e9-c447c074e045/01a125f7-7a13-7409-ad4e-3f3261c3d96b"]},{"size":65536,"status":200,"rows":1,"sha":true,"files":["/var/tmp/mth-run.kifGDu/claude-0/mth-evidence-it-RVqerQ/01a125f7-6cb7-737d-8a98-ad9ba8a8eecd/01a125f7-6d4e-76fa-ae68-772f5f1d70bf/01a125f7-7aa7-73ae-a15a-ede21b5d55f5/01a125f7-7abe-75aa-9dad-70e8de603af7"]},{"size":3145728,"status":200,"rows":1,"sha":true,"files":["/var/tmp/mth-run.kifGDu/claude-0/mth-evidence-it-RVqerQ/01a125f7-6cb7-737d-8a98-ad9ba8a8eecd/01a125f7-6d4e-76fa-ae68-772f5f1d70bf/01a125f7-7b07-71c8-9a2b-2270212d04db/01a125f7-7b1c-7338-b416-672dea6ee8a7"]}],"closeMs":1}

stdout | apps/api/test/integration/request-io.test.ts > F-DG2-411: a stalled upload holds no pooled connection and no row lock > sweep: downloads to slow readers (N+1 paused readers, pool size N) hold no pooled connection
BE17 slow-readers: {"poolSize":2,"readers":3,"bytesReceivedWhilePaused":[65536,65536,65536],"fileBytes":25165824,"me":{"status":200,"ms":6},"ready":{"status":200,"ms":2},"sessions":{"sessions":2,"visible":2,"idleInTx":0,"nonIdle":0},"closeMs":1}

stdout | apps/api/test/integration/request-io.test.ts > F-DG2-411: a stalled upload holds no pooled connection and no row lock > defence in depth: an exhausted pool answers 503 after the bounded checkout wait (and /readyz 503), never a hang
BE17 pool-exhausted: {"me":{"status":503,"ms":412},"meCode":"unavailable","ready":{"status":503,"ms":403},"meAfter":{"status":200,"ms":22},"closeMs":1}

stdout | apps/api/test/integration/request-io.test.ts > F-DG2-412: an aborted or stalled body is never a 500 and never an error-level log > R6a stalled JSON body, requestTimeout 408: answered (if at all) below 500, logged below error level, nothing stored
BE17 R6a: {"status":408,"classified":0,"completed":[],"errors":[],"rows":0,"files":[],"closeMs":0}

stdout | apps/api/test/integration/request-io.test.ts > F-DG2-412: an aborted or stalled body is never a 500 and never an error-level log > R6d JSON body aborted by the client: answered (if at all) below 500, logged below error level, nothing stored
BE17 R6d: {"status":null,"classified":24,"completed":[],"errors":[],"rows":0,"files":[],"closeMs":0}

stdout | apps/api/test/integration/request-io.test.ts > F-DG2-412: an aborted or stalled body is never a 500 and never an error-level log > R6c stalled upload body, requestTimeout 408: answered (if at all) below 500, logged below error level, nothing stored
BE17 R6c: {"status":408,"classified":0,"completed":[],"errors":[],"rows":0,"files":[],"closeMs":0}

stdout | apps/api/test/integration/request-io.test.ts > F-DG2-412: an aborted or stalled body is never a 500 and never an error-level log > R6e upload body aborted by the client: answered (if at all) below 500, logged below error level, nothing stored
BE17 R6e: {"status":null,"classified":25,"completed":[],"errors":[],"rows":0,"files":[],"closeMs":1}

stdout | apps/api/test/integration/request-io.test.ts > F-DG2-412: an aborted or stalled body is never a 500 and never an error-level log > no over-match: a database-side ECONNRESET while the request body is still arriving is a 500 with an error log
BE17 db-econnreset: {"status":500,"resets":4,"errors":[{"msg":"unhandled error","code":"ECONNRESET","message":"read ECONNRESET"}]}

 ✓ |integration| apps/api/test/integration/request-io.test.ts (10 tests) 13187ms
   ✓ F-DG2-411: a stalled upload holds no pooled connection and no row lock > reviewer's R8: N stalled uploads (N = pool size) leave /me and /readyz answering promptly; nothing is stored  2012ms
   ✓ F-DG2-411: a stalled upload holds no pooled connection and no row lock > an upload whose If-Match goes stale during the body: 409 version_conflict, no content row, no object  532ms
   ✓ F-DG2-411: a stalled upload holds no pooled connection and no row lock > valid uploads stay byte-exact with their sha256 (stored, recorded and downloaded), no temporary object left  610ms
   ✓ F-DG2-411: a stalled upload holds no pooled connection and no row lock > sweep: downloads to slow readers (N+1 paused readers, pool size N) hold no pooled connection  1443ms
   ✓ F-DG2-411: a stalled upload holds no pooled connection and no row lock > defence in depth: an exhausted pool answers 503 after the bounded checkout wait (and /readyz 503), never a hang  1528ms
   ✓ F-DG2-412: an aborted or stalled body is never a 500 and never an error-level log > R6a stalled JSON body, requestTimeout 408: answered (if at all) below 500, logged below error level, nothing stored  2028ms
   ✓ F-DG2-412: an aborted or stalled body is never a 500 and never an error-level log > R6d JSON body aborted by the client: answered (if at all) below 500, logged below error level, nothing stored  754ms
   ✓ F-DG2-412: an aborted or stalled body is never a 500 and never an error-level log > R6c stalled upload body, requestTimeout 408: answered (if at all) below 500, logged below error level, nothing stored  2026ms
   ✓ F-DG2-412: an aborted or stalled body is never a 500 and never an error-level log > R6e upload body aborted by the client: answered (if at all) below 500, logged below error level, nothing stored  837ms
   ✓ F-DG2-412: an aborted or stalled body is never a 500 and never an error-level log > no over-match: a database-side ECONNRESET while the request body is still arriving is a 500 with an error log  565ms
 ✓ |integration| apps/api/test/integration/gates/g4.test.ts (5 tests) 7758ms
   ✓ G4 submission refused with the missing items named (ADR-0021 §7) > 422 gate_criteria_incomplete names 'Owners', 'Finance validation', the initiative without a gap link, the missing funding and capacity commitment; nothing written  1452ms
   ✓ G4 submission refused with the missing items named (ADR-0021 §7) > an empty portfolio is 'Initiative cards' (g4.portfolio_empty); a capacity over-allocation and Unknown are conflicts  1410ms
   ✓ G4 treats an Unknown schedule as a missing item (D-079; ADR-0021 §7, §11 item 3) > 'Schedule unknown: DEP-nn' refuses the submission; a mitigation or the missing date clears it  1313ms
   ✓ G4 end to end with distinct synthetic TL, FIN, SP and capacity-owner users > TL submits; FIN validates and funds; the capacity owner commits; 403/403/409 hold; SP approves -> phase transform  2141ms
   ✓ G4 end to end with distinct synthetic TL, FIN, SP and capacity-owner users > the submitter cannot decide G4, even holding the approver role (403 gate.submitter_cannot_decide)  1179ms
 ✓ |integration| apps/api/test/integration/adoption/assessment-records.test.ts (10 tests) 2478ms
   ✓ authorisation (ADR-0033 §9) > AUD 403 on writes; ADM-only and outsiders 404; another transformation 404; commit-time 403  320ms
 ✓ |integration| apps/worker/test/integration/adoption-below-trajectory.test.ts (14 tests) 2799ms
   ✓ the outbox relay fans kpi.deviation_evaluated out (D-102) > one event reaches both consumers exactly once; a relay retry and a replayed send duplicate nothing  427ms
 ✓ |integration| apps/api/test/integration/adoption/assessment-forms.test.ts (10 tests) 2798ms
   ✓ authorisation (ADR-0033 §9) > AUD, TL and FIN 403 on writes; ADM-only and outsiders 404; another transformation 404; commit-time 403  753ms
   ✓ authorisation (ADR-0033 §9) > commit-time 403 on create, edit, retire, invite and cancel; nothing written  617ms
 ✓ |integration| apps/api/test/integration/adoption/interventions.test.ts (8 tests) 2231ms
 ✓ |integration| apps/api/test/integration/tasks/work-items.test.ts (15 tests) 1428ms
 ✓ |integration| apps/api/test/integration/reporting/modular.test.ts (14 tests) 9787ms
   ✓ REQ-PB-005 / REQ-S03-005: Modular entry at Design with an inherited G2 approval > G2 is labelled inherited (never approved); baseline and outcome link are missing until supplied  1099ms
   ✓ REQ-PB-005 / REQ-S03-005: Modular entry at Design with an inherited G2 approval > a pending inherited approval is inherited_pending_verification and an inherited_approval_unverified warning  559ms
   ✓ REQ-PB-005 / REQ-S03-005: Modular entry at Design with an inherited G2 approval > a gate approved by the platform is the only `approved` label  538ms
   ✓ REQ-PB-005 / REQ-S03-005: Modular entry at Design with an inherited G2 approval > scope: another organization's TO gets 404; a malformed id is 400  699ms
   ✓ REQ-S03-005: labelled inherited records > inherited evidence and baseline are listed with provenance and the inherited label, beside the prior approval  619ms
   ✓ REQ-S03-005: labelled inherited records > End-to-End → 422 inherited_record.not_modular; prior_approval → 422 use_dispensation; nothing written  1196ms
   ✓ REQ-S03-005: labelled inherited records > validation: 400 for a missing id or blank text; 422 for a record outside the transformation; 409 duplicate  1204ms
   ✓ S-4: authorization, If-Match and audit on every write > AUD and BO get 403 on create and withdraw; nothing written  431ms
   ✓ S-4: authorization, If-Match and audit on every write > T-DG4-BE-R3 (JK.10 item 3): another organization's TO gets 404 on create and withdraw, as on reads; nothing written  514ms
   ✓ S-4: authorization, If-Match and audit on every write > withdraw: 428 without If-Match, 409 stale, 404 unknown id, 422 when already withdrawn  581ms
   ✓ S-4: authorization, If-Match and audit on every write > one audit event per mutation, in the write's transaction  549ms
   ✓ S-4: authorization, If-Match and audit on every write > T-DG4-BE-R3 getInheritedRecord: 200 + ETag active or withdrawn; 404 for a prior_approval id, unknown id, outsider  839ms
   ✓ S-4: authorization, If-Match and audit on every write > commit-time: a grant revoked while the create waited is 403; nothing written  779ms
 ✓ |integration| apps/api/test/integration/benefits/measurements.test.ts (12 tests) 4235ms
   ✓ create, read, list (ADR-0030 §2) > BO records a draft: 201, Location, ETag, basis, one audit event; list newest first; AUD reads  441ms
   ✓ create, read, list (ADR-0030 §2) > the §11 refusals: step, value shape, unmonetised, period taken, period range, unknown evidence  395ms
   ✓ create, read, list (ADR-0030 §2) > AUD, ADM-only and outsider callers: 403 / 403 / 404 on create; FIN (no benefit.measure) 403  402ms
   ✓ submission (REQ-S08-016, REQ-S12-014 API half) > submit needs the period and evidence; If-Match 428/409; one audit event and one outbox event; pending only  335ms
   ✓ submission (REQ-S08-016, REQ-S12-014 API half) > REQ-S08-017: an in-place edit of a validated value is 409 validated_immutable; nothing written  303ms
   ✓ submission (REQ-S08-016, REQ-S12-014 API half) > commit-time: a BO grant revoked while the submission waited is 403; still a draft  301ms
   ✓ the formula engine and lineage (REQ-S08-004, REQ-S08-006, REQ-S08-008) > Δ attach × customers × ARPU = 0.02 × 100000 × 50 = 100000.0000; getBenefitMeasurement returns the lineage  346ms
   ✓ the formula engine and lineage (REQ-S08-004, REQ-S08-006, REQ-S08-008) > REQ-S08-006: after a formula change, an older measurement keeps its formula version reference  604ms
 ✓ |integration| apps/api/test/integration/transformations.test.ts (30 tests) 8887ms
   ✓ create > persists a draft End-to-End record in Diagnose with organization defaults (Asia/Riyadh, SAR) and a generated code  1024ms
   ✓ create > writes exactly one audit event and one outbox event, in the same transaction  451ms
   ✓ create > rolls back record, audit and outbox together when a rule fails (duplicate code -> 409)  513ms
   ✓ Idempotency-Key on create > replays the original 201 for the same key and body, creating one record, one audit event and one outbox event  445ms
   ✓ Idempotency-Key on create > rejects the same key with a different body (422) and a malformed key (400)  434ms
   ✓ closure is not a status edit (F-DG1-001: closure needs the G6 business approval, absent in P1) > refuses active -> closed with 422 invalid-transition; the record keeps its state, version and audit trail  485ms
   ✓ closure is not a status edit (F-DG1-001: closure needs the G6 business approval, absent in P1) > refuses on_hold -> closed with 422 invalid-transition; the record keeps its state, version and audit trail  651ms
   ✓ closure is not a status edit (F-DG1-001: closure needs the G6 business approval, absent in P1) > refuses a close from draft as well (no path to closed exists in P1)  380ms
   ✓ archive > needs a reason, If-Match and transformation.archive; archived records are read-only and hidden by default  778ms
   ✓ list: filters, sorting and cursor pagination > pages through a stable order without duplicates or gaps  2191ms
   ✓ audit trail endpoint > lists events newest first with actor names, paginated; needs audit.read (TO yes, others 403/404)  409ms
 ✓ |integration| apps/worker/test/integration/raid-corrective.test.ts (10 tests) 4641ms
   ✓ raid.corrective_control and raid.corrective_adoption through the production worker (REQ-S12-016) > a failed control check opens one owned case with a 5-working-day follow-up and one work item; replay and restart create none  977ms
 ✓ |integration| apps/api/test/integration/dg2-repairs.test.ts (13 tests) 6164ms
   ✓ F-DG2-142 evidence-link removal needs edit rights on the record (REQ-S10-001) > repro: a WL cannot remove the TL's link on a T01 row they may not edit (403 + denial audit); the TL can  722ms
   ✓ charter thesis (F-DG2-203) and current North Star (F-DG2-204) > REQ-PB-033: after a refinement the charter shows the CURRENT North Star, flags the stale link, and a save re-links it  378ms
   ✓ charter thesis (F-DG2-203) and current North Star (F-DG2-204) > REQ-PB-030: an empty thesis part is flagged on the charter and keeps G2 g2.outcome_tree incomplete  349ms
   ✓ F-DG2-205 sequential product gates (REQ-S04-005, B0009, B0023) > End-to-End: G2 and G3 cannot be submitted before their predecessor is approved (422 gate.out_of_sequence), nothing written  821ms
   ✓ F-DG2-205 sequential product gates (REQ-S04-005, B0009, B0023) > repro: a pending G3 cannot be APPROVED while G2 is unapproved (422), the phase does not jump, nothing is written  546ms
   ✓ F-DG2-205 sequential product gates (REQ-S04-005, B0009, B0023) > an approval advances exactly one step from the gate's own phase; it never skips (define -> mobilize refused)  398ms
   ✓ F-DG2-205 sequential product gates (REQ-S04-005, B0009, B0023) > Modular entry stays valid: entering at design, G3 is not blocked by the earlier gates (only by its own criteria)  1065ms
 ✓ |integration| apps/api/test/integration/adoption/stakeholder-groups.test.ts (11 tests) 2404ms
   ✓ authorization (ADR-0033 §9; S-4) > AUD is 403 on every write; ADM-only and outsiders 404 on every read and write; nothing is written  425ms
 ✓ |integration| apps/api/test/integration/calendar/calendar.test.ts (13 tests) 2753ms
   ✓ REQ-S15-008: time semantics and per-row currency > changing the organization's default currency affects only new records  1135ms
 ✓ |integration| apps/api/test/integration/governance/raci-matrices.test.ts (12 tests) 7172ms
   ✓ REQ-S10-007: independent copies; edits are authorized, versioned and audited > changing one transformation's RACI changes neither the template nor another transformation  830ms
   ✓ REQ-S10-007: independent copies; edits are authorized, versioned and audited > commit-time authorization: a raci.edit right revoked while the request waits is refused, nothing written  796ms
   ✓ governance matrix approval (REQ-S10-007 'versioned, approved changes'; REQ-PB-067 'approve: SP') > submit freezes the version and routes it to the Sponsor; the Sponsor approves it; a later edit returns it to draft  891ms
   ✓ governance matrix approval (REQ-S10-007 'versioned, approved changes'; REQ-PB-067 'approve: SP') > T11: TL submits (decision_right.configure); a rejection returns the matrix to draft and unfreezes the rows  824ms
   ✓ governance matrix approval (REQ-S10-007 'versioned, approved changes'; REQ-PB-067 'approve: SP') > an unmapped Sponsor blocks the submit with a visible routing error; nothing is written  736ms
   ✓ REQ-PB-008: Transform readiness (operating model before execution) > not ready when the charter decision rights or T11 are empty; ready once they are completed; DG3 readiness unchanged  1107ms
 ✓ |integration| apps/api/test/integration/reporting/finance-drilldown-k1.test.ts (12 tests) 5243ms
   ✓ K1 item 4: every Finance class line equals the decimal sum of its drill-down's records > for each of the 42 class lines the drill-down (metric value.<state>, valueClass <class>) sums to the line, over every page  752ms
   ✓ REQ-S13-001: a user scoped to X sees no Y record or figure in the value-class drill-downs > every value-state metric, with and without each value class, holds X only  1496ms
 ✓ |integration| apps/api/test/integration/kpi-p4/versions.test.ts (10 tests) 2222ms
 ✓ |integration| apps/api/test/integration/workflows/modular-waiver.test.ts (13 tests) 18219ms
   ✓ ADR-0021 W1: the one changed condition of createGateDispensation > a Modular G3 waiver with no initiative: 201 pending, version 1, audited gate_dispensation.create  877ms
   ✓ ADR-0021 W1: the one changed condition of createGateDispensation > every other Modular waiver keeps the DG3 refusal: G1, G2, and G3 with an initiative (recorded for A/B)  544ms
   ✓ ADR-0021 W2: who decides a Modular-links waiver > G3's approver (SP) accepts it (200); the recorder (403) and a non-approver (403 gate.not_approver) cannot  686ms
   ✓ ADR-0038 B1 at G3 submission > criteria met, links missing, an accepted waiver in force → 201 with modularLinks in the snapshot; report unchanged  1193ms
   ✓ ADR-0038 B1 at G3 submission > only the outcome link missing: missing lists it alone  1192ms
   ✓ ADR-0038 B1 at G3 submission > links supplied: no modularLinks member even with a waiver in force (the snapshot is the DG3 one)  1113ms
   ✓ ADR-0038 B1 at G3 submission > which waiver: the latest expiry, ties broken by the greatest id  1984ms
   ✓ ADR-0038 B1 at G3 submission > pending, rejected, revoked or expired (injected exception clock) waivers → 422 gate.modular_links_missing; nothing written  5093ms
   ✓ ADR-0038 B1 at G3 approval > the waiver in force: approval 201, G3 approved; the decision is the SP's  1037ms
   ✓ ADR-0038 B1 at G3 approval > revoked after submission → 422 gate.modular_waiver_revoked with the revoke date; a later waiver does not rescue it; reject stays allowed  951ms
   ✓ ADR-0038 B1 at G3 approval > expired by approval time (injected clock) → 422 gate.modular_waiver_expired with the expiry date; nothing written  1205ms
   ✓ ADR-0038 B1 at G3 approval > revoked and expired: the revoke is reported  1072ms
   ✓ ADR-0038 B1 at G3 approval > a Modular G3 submitted with its links (no modularLinks) is decided exactly as before  1102ms
 ✓ |integration| apps/worker/test/integration/kpi-recalculate.test.ts (5 tests) 5261ms
   ✓ kpi.recalculate through the relay and the production worker (REQ-S07-013, REQ-S12-006) > writes one run; a redelivery and a restarted worker write no second run  952ms
   ✓ kpi.recalculate: a failure on the last attempt is recorded as a failed run (ADR-0027 §8 step 4; T-DG4-KBE-R1) > through the production worker: the attempt that pg-boss retries records nothing, the final attempt records the failed run and the job dead-letters  1460ms
 ✓ |integration| apps/api/test/integration/sustainment/status-model.test.ts (9 tests) 2675ms
   ✓ labels (ADR-0034 §2; REQ-PB-009, REQ-S11-006) > REQ-PB-009: delivery Complete without a validated benefit is 'Delivered — value validation pending'  877ms
   ✓ labels (ADR-0034 §2; REQ-PB-009, REQ-S11-006) > REQ-S11-006: all initiatives complete with value pending is 'Delivery complete - value validation pending'  403ms
 ✓ |integration| apps/api/test/integration/governance/meetings.test.ts (12 tests) 3338ms
   ✓ createMeeting and getMeeting (REQ-S16-019 Meeting) > without a business calendar the cut-off is Unknown (calendar_not_configured), never guessed  603ms
   ✓ createMeeting and getMeeting (REQ-S16-019 Meeting) > negative: SP and AUD 403, ADM-only and another organization 404; validation 400; archived forum 422  381ms
 ✓ |integration| apps/api/test/integration/groups/groups.test.ts (9 tests) 2880ms
   ✓ REQ-S16-011: the identity and access entity group through the API, with authorization enforced > creates and reads Organization, BusinessUnit, User, Group, ScopedAssignment and Delegation; reads Role and Permission  387ms
 ✓ |integration| tests/qa/integration/a04-kpi-propagation.test.ts (8 tests) 13950ms
   ✓ A04: submit, accept, propagate once; the benefit stays pending > REQ-S07-013, REQ-S12-006: the worker makes exactly one calculation run and one pending benefit value with one queue item  2980ms
   ✓ A04: submit, accept, propagate once; the benefit stays pending > REQ-S07-012: with review configured, a submitted actual is not used until accepted; after acceptance one run  1212ms
   ✓ A04: dashboards are scoped and filtered on the server > REQ-S13-001: a user scoped to transformation X sees nothing of Y on any of the six dashboards  775ms
   ✓ A04: dashboards are scoped and filtered on the server > REQ-S13-002: a Q1 filter changes every tile to Q1 values  3724ms
 ✓ |integration| apps/api/test/integration/governance/agenda.test.ts (11 tests) 4241ms
   ✓ publishAgendaItem: the seven elements (REQ-PB-068, REQ-S10-012) > REQ-PB-061: a complete brief publishes into T16 (brief cleared), and the Outcome recorded in the meeting appears in T16  760ms
   ✓ updateAgendaItem, withdrawAgendaItem and the chair rule > a draft is edited (If-Match 428/409, audited); a published item is 422 not_draft; a withdrawn item is final  340ms
 ✓ |integration| apps/api/test/integration/gates.test.ts (12 tests) 9450ms
   ✓ starter structure and live readiness > a new transformation has six gate instances (G1-G6), draft, approver SP; G5-G6 are enabled (0059) but out of sequence  1135ms
   ✓ starter structure and live readiness > G1 submission without an initial charter is refused (422 gate_criteria_incomplete) and writes nothing  686ms
   ✓ starter structure and live readiness > REQ-S13-012: evidence that is only a filename (or an inaccessible link) leaves g1.diagnostic incomplete  1109ms
   ✓ submission and decision (business approval by a person) > stale If-Match on submit is 409; a valid submit freezes submission 1 with its criteria and charter version  353ms
   ✓ submission and decision (business approval by a person) > the submitter cannot decide, even when they hold the approver role (403 gate.submitter_cannot_decide)  1226ms
   ✓ submission and decision (business approval by a person) > configuring the approver: allowed roles only, refused while a submission is pending, needs gate.configure  740ms
   ✓ G2 Direction readiness (REQ-PB-036 failing outcomes, REQ-PB-037 guardrails) > lists every outcome whose good outcome test is not passing (ids + criteria); zero guardrails blocks submission  1558ms
   ✓ decision outcome text is cut on a code-point boundary (F-DG2-260) > a rationale with an emoji at the 8000 boundary: the decision is recorded and outcome_text has no U+FFFD  995ms
 ✓ |integration| apps/api/test/integration/governance/decision-rights.test.ts (11 tests) 4864ms
   ✓ REQ-PB-065: the four T11 rows, seeded verbatim (B0099) > POST /transformations copies the four rows verbatim, both matrix headers and the six T12 deliverables (36 cells)  640ms
   ✓ REQ-PB-065: the four T11 rows, seeded verbatim (B0099) > an unmapped Approve party is a visible routing error (422 routing.role_unmapped), never a fallback  890ms
   ✓ T11 edits (ADR-0026 §5; S-4) > TL adds and edits a row; AUD, BO and outsiders are refused; If-Match 428/409; audited; the template never changes  365ms
   ✓ T11 edits (ADR-0026 §5; S-4) > commit-time authorization: a configure right revoked while the request waits is refused, nothing written  892ms
 ✓ |integration| apps/api/test/integration/governance/meeting-series.test.ts (11 tests) 3778ms
   ✓ REQ-PB-060 A01: a series generates meetings on the configured recurrence > a weekly Workstream Review series creates one meeting per week to the horizon in the same call  378ms
   ✓ REQ-PB-060 A01: a series generates meetings on the configured recurrence > REQ-S10-005 A06: weekly -> fortnightly regenerates FUTURE meetings only > cancels future empty meetings, keeps today's, past and content meetings, and generates the fortnightly dates  344ms
   ✓ working days come from the business calendar (ADR-0025 §1) > without a business calendar a daily series generates nothing (calendar_not_configured); a 'keep' weekly series generates with an Unknown cut-off  509ms
   ✓ createMeetingSeries authorization and validation > negative: AUD, TL 403; ADM-only, another organization 404; a forum of another transformation is 400  462ms
 ✓ |integration| apps/api/test/integration/invalid-utf8.test.ts (14 tests) 6159ms
   ✓ a JSON body with invalid UTF-8 is 400 validation.json, the same with Content-Length and chunked > charter create: 400 for every invalid sequence and framing; no charter, no audit row, no U+FFFD stored  1613ms
   ✓ a JSON body with invalid UTF-8 is 400 validation.json, the same with Content-Length and chunked > charter update (PATCH, If-Match): version, value and audit trail unchanged  560ms
   ✓ over a real socket (the framing the reviewer probed), unauthenticated and authenticated > 400 validation.json for both framings, with and without a session; nothing stored  479ms
   ✓ valid UTF-8 round-trips verbatim; one BOM is accepted and stripped > Arabic and emoji text, with Content-Length and chunked: stored and audited byte for byte  1075ms
   ✓ valid UTF-8 round-trips verbatim; one BOM is accepted and stripped > a leading BOM (EF BB BF) is stripped: the charter is created with the exact text  1245ms
 ✓ |integration| apps/api/test/integration/portfolio/capacity.test.ts (7 tests) 6261ms
   ✓ the conflict rule (ADR-0023 §6) > over-allocated with the decimal shortfall; Unknown without a capacity row; a cancelled initiative's demand does not count  853ms
   ✓ the conflict rule (ADR-0023 §6) > the prioritization view carries the capacity flags (DEFAULT_FLAG_SOURCES wired), on the item and its initiative  901ms
   ✓ validation, authorization, If-Match and audit of every capacity mutation > roles: create/update with 400, 403 (AUD, no capacity.edit), 409 duplicate code, 428/409 If-Match, audit  732ms
   ✓ validation, authorization, If-Match and audit of every capacity mutation > capacity: FTE is a decimal string (numbers, 3 decimals, negatives -> 400), month is YYYY-MM-01, one active row per role and month  1277ms
   ✓ validation, authorization, If-Match and audit of every capacity mutation > demand: planned -> committed -> released; 422s for the wrong state; commit needs capacity.commit (TL 403, TO 200); audit  731ms
   ✓ validation, authorization, If-Match and audit of every capacity mutation > a cancelled initiative's demand is read-only: create, update, commit and release -> 422 initiative.read_only  695ms
   ✓ validation, authorization, If-Match and audit of every capacity mutation > BE18A: every capacity mutation re-authorises at commit - a grant revoked while the request waits is 403, nothing written  956ms
 ✓ |integration| apps/api/test/integration/raid/register.test.ts (15 tests) 1905ms
 ✓ |integration| apps/worker/test/integration/gates.test.ts (8 tests) 9180ms
   ✓ gate.submitted -> approver tasks (REQ-S12-009) > one task per required approver referencing the snapshot; redelivery none; supersession cancels; the decider's task is done  1834ms
   ✓ gate.submitted -> approver tasks (REQ-S12-009) > no approver on the transformation: one routing.role_unmapped notice to the submitter, never a silent skip  707ms
   ✓ gate.decided -> enable the next phase and the approved scope (REQ-S12-010) > G2 approval creates the four Design steps and their tasks once; a redelivery creates none  1243ms
   ✓ gate.decided -> enable the next phase and the approved scope (REQ-S12-010) > a G5 approval creates tasks only for its approved scope item and condition (a second initiative gets none)  1073ms
   ✓ parity and wiring (D-102) > the worker's approver resolution equals the API's canDecide for the same people  1930ms
   ✓ gate.exception_expiry_scan (REQ-S04-013) > notifies the requester and the approver exactly once after expiry; a second scan none; status and gate unchanged  2211ms
 ✓ |integration| apps/api/test/integration/portfolio/dispensations.test.ts (7 tests) 6000ms
   ✓ waivers (End-to-End launch sequencing) > create: 201 pending, version 1, audited; reason/expiry required, G1 never waived, no past expiry, AUD 403  856ms
   ✓ waivers (End-to-End launch sequencing) > decide: 428/409, AUD 403, not the recorder (403), only the gate's approver (403); accepted unblocks launch  1110ms
   ✓ waivers (End-to-End launch sequencing) > separation of duties: the recorder can never accept their own dispensation (403), even holding gate.decide  649ms
   ✓ waivers (End-to-End launch sequencing) > revoke: only accepted ones, by the approver with a reason; If-Match; AUD 403; the blocker returns  663ms
   ✓ inherited approvals (Modular entry) > need body, date and evidence; count only when the evidence is VERIFIED and another person accepted them  709ms
   ✓ the gate list and gate view inheritedApproval annotation (ADR-0021 §5; F-DG3-120) > pending_verification → accepted (counts) → revoked; G1 stays draft and no gate decision is ever written  1221ms
   ✓ the gate list and gate view inheritedApproval annotation (ADR-0021 §5; F-DG3-120) > an End-to-End transformation's gates carry inheritedApproval null (the DG2 shape otherwise unchanged)  647ms
 ✓ |integration| apps/api/test/integration/invalid-character.test.ts (20 tests) 6524ms
   ✓ U+0000 in a JSON body string is 400 validation.invalid_character; nothing is written or audited > charter create (outOfScope, freeText): no charter is created  545ms
   ✓ U+0000 in a JSON body string is 400 validation.invalid_character; nothing is written or audited > charter update (inScope): version, value and audit trail unchanged  595ms
   ✓ U+0000 in a JSON body string is 400 validation.invalid_character; nothing is written or audited > a NUL in an object key is reported at that key's pointer  511ms
   ✓ text without NUL is unaffected > visible text with other control-like marks (U+0001 inside, RLM) is accepted verbatim  514ms
   ✓ a lone UTF-16 surrogate in a JSON body string is 400 validation.invalid_character (F-DG2-260) > charter create (outOfScope, text column): no charter is created, nothing is stored as U+FFFD  509ms
   ✓ a lone UTF-16 surrogate in a JSON body string is 400 validation.invalid_character (F-DG2-260) > charter update (inScope): version, value and audit trail unchanged  702ms
   ✓ a lone UTF-16 surrogate in a JSON body string is 400 validation.invalid_character (F-DG2-260) > journey step name (reaches jsonb directly): 400 at /steps/0/name, not validation.format at ''  646ms
   ✓ a lone UTF-16 surrogate in a JSON body string is 400 validation.invalid_character (F-DG2-260) > a lone surrogate in an object key is reported at that key's pointer  614ms
   ✓ a lone UTF-16 surrogate in a JSON body string is 400 validation.invalid_character (F-DG2-260) > emoji (valid surrogate pairs) and Arabic are accepted and stored verbatim, in text and in jsonb  844ms
stdout | apps/api/test/integration/commit-time-auth.test.ts > F-DG2-440: an upload is authorised again at commit time (session re-resolved, grants reloaded) > Q1 the uploader's only grant is revoked while the body streams: 403 forbidden, audited as authorization.denied, nothing committed or stored
BE18 Q1 {"during":["01a125fb-799f-73f5-879b-ca686c5110a3.part"],"revoked":1,"response":{"status":403,"code":"forbidden"},"after":{"rows":[],"version":1,"current":null,"files":[],"uploads":0},"denials":[{"record_type":"transformation","record_id":"01a125fb-7497-74f1-a535-85a87b86e1af","reason":"POST /api/v1/transformations/:transformationId/evidence/:evidenceId/content requires transformation.read"}]}

stdout | apps/api/test/integration/commit-time-auth.test.ts > F-DG2-440: an upload is authorised again at commit time (session re-resolved, grants reloaded) > Q1b the uploading session is logged out while the body streams: 401 unauthenticated, nothing committed or stored
BE18 Q1b {"logout":200,"me":401,"response":{"status":401,"code":"unauthenticated"},"after":{"rows":[],"version":1,"current":null,"files":[],"uploads":0}}

stdout | apps/api/test/integration/commit-time-auth.test.ts > F-DG2-440: an upload is authorised again at commit time (session re-resolved, grants reloaded) > the uploading session reaches its idle expiry while the body streams: 401 unauthenticated, nothing committed or stored
BE18 idle-expiry {"expired":1,"response":{"status":401,"code":"unauthenticated"},"after":{"rows":[],"version":1,"current":null,"files":[],"uploads":0}}

stdout | apps/api/test/integration/commit-time-auth.test.ts > F-DG2-440: an upload is authorised again at commit time (session re-resolved, grants reloaded) > the uploading session reaches its absolute expiry while the body streams: 401 unauthenticated, nothing committed or stored
BE18 absolute-expiry {"expired":1,"response":{"status":401,"code":"unauthenticated"},"after":{"rows":[],"version":1,"current":null,"files":[],"uploads":0}}

stdout | apps/api/test/integration/commit-time-auth.test.ts > F-DG2-441: no transaction is open while the API waits on the IdP > Q7 never-answering IdP, pool max 3: three concurrent logins hold no connection or transaction; a signed-in user's /me stays prompt; the logins end in 302 idp_unavailable
BE18 Q7 {"pgActivityAt1s":[{"state":"idle","n":3}],"me":200,"meMs":7,"logins":[{"status":302,"location":"/login?error=idp_unavailable","ms":4003},{"status":302,"location":"/login?error=idp_unavailable","ms":4003},{"status":302,"location":"/login?error=idp_unavailable","ms":4003}]}

 ✓ |integration| apps/api/test/integration/commit-time-auth.test.ts (8 tests) 10072ms
   ✓ F-DG2-440: an upload is authorised again at commit time (session re-resolved, grants reloaded) > Q1 the uploader's only grant is revoked while the body streams: 403 forbidden, audited as authorization.denied, nothing committed or stored  752ms
   ✓ F-DG2-440: an upload is authorised again at commit time (session re-resolved, grants reloaded) > Q1b the uploading session is logged out while the body streams: 401 unauthenticated, nothing committed or stored  649ms
   ✓ F-DG2-440: an upload is authorised again at commit time (session re-resolved, grants reloaded) > the uploading session reaches its idle expiry while the body streams: 401 unauthenticated, nothing committed or stored  696ms
   ✓ F-DG2-440: an upload is authorised again at commit time (session re-resolved, grants reloaded) > the uploading session reaches its absolute expiry while the body streams: 401 unauthenticated, nothing committed or stored  672ms
   ✓ F-DG2-440: an upload is authorised again at commit time (session re-resolved, grants reloaded) > the uploader's user account is disabled while the body streams: 401, nothing committed  702ms
   ✓ F-DG2-440: an upload is authorised again at commit time (session re-resolved, grants reloaded) > positive control: an upload whose session and grant stay valid commits (200), byte-exact, audited once  514ms
   ✓ F-DG2-440: an upload is authorised again at commit time (session re-resolved, grants reloaded) > a grant revoked and granted again (a new assignment) while the body streams: the commit sees the CURRENT grants and succeeds  547ms
   ✓ F-DG2-441: no transaction is open while the API waits on the IdP > Q7 never-answering IdP, pool max 3: three concurrent logins hold no connection or transaction; a signed-in user's /me stays prompt; the logins end in 302 idp_unavailable  4196ms
 ✓ |integration| apps/api/test/integration/benefits/finance-validation.test.ts (9 tests) 2955ms
   ✓ REQ-PB-013: only Finance decides, and the audit names the validator > BO, AUD and ADM-only get 403; FIN approves; two audit events by FIN; the task is done; validated +amount  566ms
   ✓ the queue read > queued first, oldest first; status filter; AUD reads; outsider 404; cursor pages  350ms
 ✓ |integration| apps/api/test/integration/benefits/overlaps.test.ts (11 tests) 2392ms
   ✓ user-raised warnings, list and read (REQ-S08-014) > TL raises a warning between two benefits; a second one for the pair is 409; same benefit 422; others 403  305ms
 ✓ |integration| apps/api/test/integration/delegations/delegations.test.ts (13 tests) 7438ms
   ✓ delegated approvals (REQ-S10-010; ADR-0026 §3 rules 6-9) > after expiry B loses the capability (at once, before any sweep); the sweep then marks it expired, once  2833ms
   ✓ delegated approvals (REQ-S10-010; ADR-0026 §3 rules 6-9) > capability is the delegator's: a delegator who lost approval.decide gives the delegate nothing  853ms
   ✓ delegated approvals (REQ-S10-010; ADR-0026 §3 rules 6-9) > never to the requester of an approval pending with the delegator (422 delegation.delegate_is_requester)  751ms
   ✓ delegated approvals (REQ-S10-010; ADR-0026 §3 rules 6-9) > the requester cannot approve through a delegation either (SoD: on behalf of the requester is 403)  718ms
 ✓ |integration| apps/api/test/integration/benefits/register.test.ts (17 tests) 2129ms
 ✓ |integration| apps/api/test/integration/kpi-p4/actuals.test.ts (11 tests) 2710ms
   ✓ review route (REQ-S07-012) > a rejection needs a reason and gives the submitter a correction task; a new value answers it  489ms
 ✓ |integration| apps/api/test/integration/governance/forums.test.ts (12 tests) 2387ms
 ✓ |integration| apps/worker/test/integration/sustainment-scans.test.ts (5 tests) 2633ms
   ✓ sustainment.review_scan after closure (REQ-S11-004, REQ-S03-002, REQ-PB-083) > the closed transformation's BAU area gets its next review on time, once; its linked KPI accepts an actual  836ms
   ✓ sustainment.review_scan after closure (REQ-S11-004, REQ-S03-002, REQ-PB-083) > after a worker outage one run catches up every missed due date, once each; a rerun creates nothing  461ms
   ✓ sustainment.control_check_scan (REQ-S11-008) > end to end: a failed check emits one control_check.failed and slice E opens ONE recovery case (owner, follow-up)  539ms
 ✓ |integration| apps/api/test/integration/portfolio/budget.test.ts (13 tests) 1440ms
 ✓ |integration| apps/api/test/integration/raid/actions.test.ts (9 tests) 1685ms
 ✓ |integration| apps/api/test/integration/portfolio/links.test.ts (12 tests) 3825ms
   ✓ gap links (REQ-PB-040, REQ-PB-046) > accepts 1..n links to a TOM gap and a diagnosed finding, each audited; no_gap_link clears and returns  315ms
   ✓ gap links (REQ-PB-040, REQ-PB-046) > G3 completeness is identical with and without initiatives and gap links (TOM is not the portfolio)  871ms
   ✓ decision links (T05 'Required decisions', one decision model) > links a canonical decision of the transformation; foreign 422, duplicate 409; removable  714ms
   ✓ authorization on every link mutation > AUD gets 403 on the three creates and the three removes (audited denial, nothing written); a 404 for no access  314ms
 ✓ |integration| apps/api/test/integration/access-scope.test.ts (18 tests) 3795ms
   ✓ cross-scope WRITE is denied (404 when unreadable, 403 when readable but not permitted) > TL at BU a1 may create in a1 but not in the sibling a2 (BU unreadable -> 404) nor in org B  461ms
   ✓ a business-unit-scoped creator can work on what it created, and nothing more (F-DG1-106) > TL @ BU a1: create -> read -> list -> update -> audit -> archive all succeed (explicit, audited assignment)  526ms
   ✓ a business-unit-scoped creator can work on what it created, and nothing more (F-DG1-106) > still denies the BU-scoped creator every OTHER transformation, cross-BU and cross-organization  520ms
   ✓ a business-unit-scoped creator can work on what it created, and nothing more (F-DG1-106) > adds no assignment when the creator can already read the record (TO inherits downward)  556ms
   ✓ a business-unit-scoped creator can work on what it created, and nothing more (F-DG1-106) > never carries over a role that holds an approval permission (no approver is manufactured by a create)  547ms
   ✓ a business-unit-scoped creator can work on what it created, and nothing more (F-DG1-106) > revoking the source BU grant also revokes the derived assignment (same transaction, audited)  586ms
 ✓ |integration| apps/api/test/integration/raid/dependency-entries.test.ts (9 tests) 1522ms
 ✓ |integration| apps/api/test/integration/admin.test.ts (11 tests) 940ms
 ✓ |integration| apps/api/test/integration/approvals/adm-not-approver.test.ts (4 tests) 2871ms
   ✓ REQ-S10-003: an ADM-only user is never a business approver > decideApproval: 403, also as a member of the assignee group; nothing written  1142ms
   ✓ REQ-S10-003: an ADM-only user is never a business approver > unchanged: a reader without the approval right, AUD, a non-member, a user with no grant, and a mixed-grant user  305ms
 ✓ |integration| apps/api/test/integration/reporting/allocation.test.ts (8 tests) 1597ms
   ✓ REQ-S03-006: the 100 % rule > two concurrent writes into one target cannot both commit above 100 %  341ms
 ✓ |integration| apps/api/test/integration/sustainment/closure.test.ts (9 tests) 3092ms
   ✓ closeInitiative (ADR-0034 §7; REQ-PB-009) > a validated benefit needs a BAU owner; then closed (basis validated_value, snapshot), audited; 409 again  589ms
   ✓ closeInitiative (ADR-0034 §7; REQ-PB-009) > S-4: a TL revoked after the identity hook gets 403 at commit time (initiative and transformation); nothing written  337ms
   ✓ closeTransformation (ADR-0034 §7; REQ-S03-003; D-089 Q4) > in order: not open, G6 not approved, value pending, BAU pending; then closed (status closed, never archived)  850ms
 ✓ |integration| apps/api/test/integration/benefits/scenarios.test.ts (7 tests) 1476ms
 ✓ |integration| apps/api/test/integration/reporting/finance-adoption.test.ts (9 tests) 4676ms
   ✓ REQ-S13-001: a user scoped to X sees no Y record or figure on the Finance and adoption dashboards > no tile, total or drill-down holds a Y record or figure  316ms
 ✓ |integration| apps/api/test/integration/kpi-p4/trajectories.test.ts (8 tests) 1246ms
 ✓ |integration| apps/api/test/integration/portfolio/funding.test.ts (8 tests) 7711ms
   ✓ recording a funding decision (business approval) > approved: decision (executive, DEC-nn) + funding_decision + selected -> funded in one transaction, each audited  1532ms
   ✓ recording a funding decision (business approval) > rejected / deferred leave 'Selected - unfunded'; revoked returns funded -> selected; revoking unfunded or launched -> 422  1081ms
   ✓ recording a funding decision (business approval) > an initiative that is not selected -> 422 funding.not_selected with the exact text; nothing written  639ms
   ✓ delegation is refused (ADR-0021 §6) > onBehalfOfUserId -> 422 funding.on_behalf_not_supported at /onBehalfOfUserId, before the business preconditions; nothing written  820ms
   ✓ the deselect rule: deselecting voids funding > funded -> deselected -> re-selected is 'Selected - unfunded' and cannot launch; a new approved decision funds it  992ms
   ✓ validation, authorization and idempotency > 400 for malformed bodies; 422 for amounts numeric(20,4) cannot hold; unknown business case 422  889ms
   ✓ validation, authorization and idempotency > FIN and SP may record; TL, WL, TO and AUD get 403 (audited as authorization.denied); BE18A at commit  858ms
   ✓ validation, authorization and idempotency > Idempotency-Key: the same key and body replays the first response and writes once  773ms
 ✓ |integration| apps/api/test/integration/bu-hierarchy-guard.test.ts (7 tests) 1998ms
stdout | apps/api/test/integration/shutdown-cleanup.test.ts > F-DG2-460: SIGTERM with an upload in flight leaves no temporary and no final object > R12-07: 2 MiB of a declared 10 MiB upload, then the client stalls; SIGTERM -> exit 0 within grace + backstop; the store is empty
BE18A R12-07 {"during":["01a125fd-2c91-76f6-9f05-1ae6e0af33ca/01a125fd-2ce6-70c9-a212-3dad2e3875c6/01a125fd-34d8-76aa-8334-a7d8138b7b4a/01a125fd-351c-74b7-89c1-b7901e05cd8f.part (2097152 B)"],"exitCode":0,"signal":null,"ms":5043,"after":[],"rows":0,"serverClosed":true,"response":""}

stdout | apps/api/test/integration/shutdown-cleanup.test.ts > F-DG2-460: SIGTERM with an upload in flight leaves no temporary and no final object > an upload that is ACTIVELY streaming through the whole grace period: SIGTERM -> exit 0 within grace + backstop; the store is empty
BE18A streaming {"sentAtSignal":786432,"sentTotal":7077888,"exitCode":0,"ms":5054,"after":[],"rows":0,"serverClosed":true}

stdout | apps/api/test/integration/shutdown-cleanup.test.ts > F-DG2-460 defence in depth: the start-up sweep of stale temporaries > removes a .part last written over an hour ago, logs it at info (no content), and keeps a fresh .part and every final object
BE18A sweep {"after":["01a125fd-6ee5-76e8-92bf-8f2ea559a4d2/01a125fd-6ee5-76e8-92bf-9236a3c84616/01a125fd-6ee5-76e8-92bf-95cf32e1b183/01a125fd-6ee6-71d7-8ee7-b6f355c1cc75.part (46 B)","01a125fd-6ee5-76e8-92bf-8f2ea559a4d2/01a125fd-6ee5-76e8-92bf-9236a3c84616/01a125fd-6ee5-76e8-92bf-95cf32e1b183/01a125fd-6ee6-71d7-8ee7-bb3c8a14530f (46 B)","01a125fd-6ee5-76e8-92bf-8f2ea559a4d2/01a125fd-6ee5-76e8-92bf-9236a3c84616/01a125fd-6ee5-76e8-92bf-95cf32e1b183/01a125fd-6ee6-71d7-8ee7-be2ed3f0c2f7 (46 B)","01a125fd-6ee5-76e8-92bf-8f2ea559a4d2/01a125fd-6ee5-76e8-92bf-9236a3c84616/01a125fd-6ee5-76e8-92bf-95cf32e1b183/notes.part (46 B)","01a125fd-6ee6-71d7-8ee7-c38f88118ed2/01a125fd-6ee6-71d7-8ee7-c76554891211.part (46 B)"],"removals":[{"level":30,"time":1791638730505,"pid":821,"hostname":"vm","key":"01a125fd-6ee5-76e8-92bf-8f2ea559a4d2/01a125fd-6ee5-76e8-92bf-9236a3c84616/01a125fd-6ee5-76e8-92bf-95cf32e1b183/01a125fd-6ee5-76e8-92bf-99d117f0628d.part","sizeBytes":46,"ageMs":7202082,"msg":"evidence store: stale temporary object removed"}],"summary":{"level":30,"time":1791638730506,"pid":821,"hostname":"vm","removed":1,"keptFresh":1,"olderThanMs":3600000,"msg":"evidence store: start-up sweep of stale temporary objects finished"}}

 ✓ |integration| apps/api/test/integration/shutdown-cleanup.test.ts (4 tests) 19186ms
   ✓ F-DG2-460: SIGTERM with an upload in flight leaves no temporary and no final object > R12-07: 2 MiB of a declared 10 MiB upload, then the client stalls; SIGTERM -> exit 0 within grace + backstop; the store is empty  6645ms
   ✓ F-DG2-460: SIGTERM with an upload in flight leaves no temporary and no final object > an upload that is ACTIVELY streaming through the whole grace period: SIGTERM -> exit 0 within grace + backstop; the store is empty  7454ms
   ✓ F-DG2-460: SIGTERM with an upload in flight leaves no temporary and no final object > positive control: an upload that completes before SIGTERM is kept (one final object, its content row), then shutdown is prompt  2276ms
   ✓ F-DG2-460 defence in depth: the start-up sweep of stale temporaries > removes a .part last written over an hour ago, logs it at info (no content), and keeps a fresh .part and every final object  2131ms
 ✓ |integration| apps/api/test/integration/governance/attendance-quorum.test.ts (6 tests) 2937ms
   ✓ REQ-S10-011: decisions cannot be recorded below quorum > quorum 2, one present: 422 meeting.quorum_not_met with both numbers, nothing written; two present: decided  414ms
   ✓ REQ-S10-011: decisions cannot be recorded below quorum > a present non-participant does not count; quorum not configured never blocks and is shown as such  356ms
   ✓ recordMeetingAttendance and updateMeetingAttendance > one row per person (409), representative rule (400), unknown person (400), If-Match, audit, frozen  359ms
 ✓ |integration| apps/api/test/integration/reporting/traceability.test.ts (9 tests) 1824ms
   ✓ S-4: every mutation > a link of another transformation is 404 by id  332ms
 ✓ |integration| apps/api/test/integration/workflows/gate-reviews.test.ts (6 tests) 8651ms
   ✓ the criteria review table (REQ-S04-009) > each criterion row returns all nine fields; unreviewed rows show the six review fields as 'not reviewed' (null)  1662ms
   ✓ the criteria review table (REQ-S04-009) > the latest review is shown; the review list is oldest first; a criterion outside the submission is 404  1357ms
   ✓ Under Review and the enforced transitions (REQ-S04-010) > the first review moves Submitted -> Under Review (one audit event); the approver decides from Under Review  1528ms
   ✓ Under Review and the enforced transitions (REQ-S04-010) > a direct Draft -> Approved is refused (409, nothing written); all seven statuses exist  661ms
   ✓ Under Review and the enforced transitions (REQ-S04-010) > refusals: submitter 403, condition 422, foreign risk 422, AUD 403, If-Match 428; nothing written  2042ms
   ✓ Under Review and the enforced transitions (REQ-S04-010) > the submitter holding a reviewer role is refused with 403 gate.reviewer_is_submitter (SoD)  1265ms
 ✓ |integration| apps/api/test/integration/kpi/kpi-dg2-repairs.test.ts (11 tests) 1861ms
 ✓ |integration| apps/api/test/integration/benefits/lifecycle.test.ts (10 tests) 1939ms
   ✓ advanceBenefitLifecycle (REQ-PB-074) > Correct needs a recovery plan; Sustain requires a BAU owner and a control cadence  319ms
   ✓ enablers (REQ-S08-002) > remove: a reason, If-Match, final; AUD and ADM-only get 403; one audit event per change  303ms
 ✓ |integration| apps/api/test/integration/sustainment/performance-areas.test.ts (7 tests) 1915ms
   ✓ areas outlive their transformation (REQ-S03-002, areas half) > after the transformation is closed, its area takes edits, links and a BAU handover with its review  576ms
 ✓ |integration| apps/api/test/integration/governance/minutes.test.ts (5 tests) 2576ms
   ✓ REQ-S10-011: published minutes are immutable > draft -> approved -> published; then 422 meeting_minutes.published and the meeting's records are frozen  407ms
   ✓ REQ-PB-061: a Value Review meeting needs a benefit evidence or forecast output > 422 meeting_minutes.required_output_missing without one (nothing written); published with a forecast output  322ms
   ✓ the minutes state machine, the chair rule and the chair's work item > approved minutes are not edited in place; the chair returns them to draft; the work item follows  340ms
   ✓ the minutes state machine, the chair rule and the chair's work item > authorization: AUD 403 on writes; ADM-only and another organization 404; commit-time 403  349ms
 ✓ |integration| apps/api/test/integration/portfolio/initiatives.test.ts (12 tests) 3226ms
   ✓ validation (nothing written on a refusal) > 422 for a named person outside the organization and for a wave of another transformation  725ms
   ✓ authorization on every initiative mutation > BE18A: the write gate is re-checked at commit - a grant revoked while the request waits is 403, nothing written  920ms
 ✓ |integration| apps/worker/test/integration/kpi-period-open-restart.test.ts (1 test) 9487ms
   ✓ kill the worker partway through kpi.reporting_period_open and restart it (T-DG4-KBE-R1 item 4) > the restart opens the remaining period once and creates no duplicate period or task  7894ms
 ✓ |integration| apps/api/test/integration/approvals/reminders.test.ts (7 tests) 3646ms
   ✓ approval_outcome: one requester reminder per approve or reject (ADR-0026 §4) > defer and request changes create no approval_outcome reminder; the later decision of round 2 creates one  385ms
   ✓ approval_overdue: the escalation timer's reminders (ADR-0026 §6 step 3) > a deferral to a new date gives one further reminder per person for that date (dedupe by due date)  326ms
   ✓ approval_overdue: the escalation timer's reminders (ADR-0026 §6 step 3) > a group assignee: the group's current approvers get the reminder, a non-approver member does not  1024ms
 ✓ |integration| apps/worker/test/integration/meeting-series.test.ts (5 tests) 3824ms
   ✓ governance.meeting_series_generate (REQ-PB-060 A01) > through the production worker: a sent job generates the meetings once  1786ms
 ✓ |integration| apps/api/test/integration/governance/meeting-action-follow.test.ts (10 tests) 2419ms
 ✓ |integration| apps/api/test/integration/access-derived-race.test.ts (4 tests) 2913ms
 ✓ |integration| apps/worker/test/integration/blocker-escalation.test.ts (4 tests) 3238ms
   ✓ REQ-PB-082: a blocker red for N consecutive cycles gets exactly one open executive ask > N = 2: one ask at the second red cycle, with decision, owner and deadline; the consumer and the scan never duplicate it  389ms
   ✓ REQ-PB-082: a blocker red for N consecutive cycles gets exactly one open executive ask > an amber cycle, or a cycle without an observation, in between ends the run  760ms
   ✓ REQ-PB-082: a blocker red for N consecutive cycles gets exactly one open executive ask > a decided ask lets a new red run create a new one; a disabled rule creates nothing  600ms
   ✓ REQ-PB-082: a blocker red for N consecutive cycles gets exactly one open executive ask > an owner party that maps to no executive gives an unassigned ask and a notice to the lead; the scan skips a blocker whose latest cycle is not red  399ms
 ✓ |integration| apps/api/test/integration/workflows/modular-precondition.test.ts (5 tests) 8065ms
   ✓ D-106 (e): Modular G3 submission needs the baseline and outcome links, or a waiver > 422 gate.modular_links_missing listing both items; nothing written; 201 once both are supplied  1499ms
   ✓ D-106 (e): Modular G3 submission needs the baseline and outcome links, or a waiver > an accepted, unexpired G3 waiver lets it through; an expired or a pending one does not  3107ms
   ✓ D-106 (e): Modular G3 submission needs the baseline and outcome links, or a waiver > the DG2 order is kept: G3 criteria not met → gate_criteria_incomplete first, exactly as before  689ms
   ✓ D-106 (e): Modular G3 submission needs the baseline and outcome links, or a waiver > only G3 carries the precondition: a Modular G4 out of sequence keeps the DG2 refusal  597ms
   ✓ End-to-End G1-G4: unaffected by the Modular precondition (byte comparison in the handback) > the full chain with no baseline and no outcome link: every refusal and success as in DG2/DG3  2020ms
 ✓ |integration| apps/api/test/integration/kpi-p4/create-service.test.ts (3 tests) 336ms
 ✓ |integration| tests/qa/integration/a04-a05-a10-partials.test.ts (4 tests) 4308ms
   ✓ QA-A partial: REQ-S07-007 'with all tasks complete' > REQ-S07-007: with every Diagnose phase task and every action complete, an actual below the red threshold is Red  1988ms
   ✓ QA-A partial: REQ-S13-003 'the validated benefit total drills to its benefit records' > REQ-S13-003: the Value area's validated headline drills to exactly the validated benefit records, whose decimal sum equals the headline  1274ms
   ✓ QA-A partial: REQ-S08-015 exact refusal codes > REQ-S08-015: a Finance decision without the measurement-period item is 422 finance_validation.content_incomplete; with the item not accepted it is 422 finance_validation.items_not_accepted; nothing is validated  438ms
   ✓ QA-A partial: REQ-PB-075 'T14 persists all 10 columns' > REQ-PB-075: the T14 register row carries ID, Benefit, Type, Baseline, Target, Value (SAR), Realized, Owner, Evidence and Status  487ms
 ✓ |integration| apps/api/test/integration/governance/blocker-status.test.ts (6 tests) 1862ms
 ✓ |integration| apps/api/test/integration/sustainment/lessons.test.ts (7 tests) 1771ms
   ✓ lesson lifecycle (ADR-0034 §8, §12) > after the transformation is closed, its lessons are still edited, published and found  554ms
 ✓ |integration| apps/api/test/integration/identity.test.ts (13 tests) 589ms
 ✓ |integration| apps/api/test/integration/adoption/training.test.ts (5 tests) 1110ms
 ✓ |integration| apps/api/test/integration/sustainment/improvement.test.ts (8 tests) 1391ms
   ✓ create (ADR-0034 §8) > BO and TO create with CI-nn and version 1, audited; a handover-sourced item names its handover  376ms
 ✓ |integration| apps/api/test/integration/framework-errors.test.ts (11 tests) 1048ms
 ✓ |integration| apps/api/test/integration/reporting/dashboards.test.ts (8 tests) 3005ms
   ✓ REQ-PB-062: the six T10 areas from persisted data, with drill-down > each headline's drilldownHref answers 200 with the same metric and its contributing records  366ms
   ✓ the workstream dashboard (REQ-S13-001 workstream; ADR-0037 §2) > covers its initiatives; Decisions and People & adoption are not_applicable; archived is 422; foreign 404  718ms
 ✓ |integration| apps/api/test/integration/portfolio/schedule-network.test.ts (10 tests) 1359ms
 ✓ |integration| apps/worker/test/integration/decision-sla-escalation.test.ts (5 tests) 1956ms
 ✓ |integration| apps/api/test/integration/kpi-p4/version-approval.test.ts (6 tests) 3555ms
   ✓ requestKpiVersionApproval (business approval of a KPI version) > requests through the approval service at the draft version; approving does not activate; activation does  906ms
   ✓ requestKpiVersionApproval (business approval of a KPI version) > an approval of earlier content does not count: edited after approval, activation is 422  523ms
   ✓ requestKpiVersionApproval (business approval of a KPI version) > the requester cannot decide their own request (SoD 403 approval.sod_requester); BO alone cannot request  344ms
   ✓ requestKpiVersionApproval (business approval of a KPI version) > after changes are requested the draft can be edited and the approval resubmitted at the new version  817ms
 ✓ |integration| apps/worker/test/integration/benefits-queue.test.ts (2 tests) 5687ms
   ✓ benefits.finance_queue through the relay and the production worker (REQ-S12-014) > one queue item; a redelivery and a restarted worker write no second item  1485ms
   ✓ benefits.recalculate_pending (REQ-S07-014, REQ-S12-006) > an accepted KPI actual gives one pending value per benefit and run; replay none; a newer value supersedes  977ms
 ✓ |integration| apps/api/test/integration/portfolio/execution.test.ts (10 tests) 2327ms
   ✓ the other execution fields, from their canonical records > onCriticalPath is true or false only once every duration is known (a new transformation, one network)  478ms
 ✓ |integration| apps/api/test/integration/reporting/my-work.test.ts (9 tests) 2939ms
   ✓ REQ-S03-008: My Work shows the caller's own items > pages one section with a section-bound cursor  334ms
 ✓ |integration| apps/api/test/integration/workflows/change-requests-in-tx.test.ts (6 tests) 4530ms
   ✓ (a) round-2 resubmission through submitChangeRequest (ADR-0026 amendment A4) > one open approval, round 2, bound to the request's new version; the Sponsor's decision succeeds; round-1 version is 409  503ms
   ✓ (a) round-2 resubmission through submitChangeRequest (ADR-0026 amendment A4) > a resubmission by a lead who is not the approval's requester is 403 approval.not_requester; nothing is written  326ms
   ✓ (b) withdrawChangeRequest on a request in approval (ADR-0036 amendment A2) > changes requested: both withdrawn; a lead who is not the requester gets 403 approval.not_requester first, nothing written  300ms
   ✓ (c) POST /approvals/{id}/resubmit refuses change_request approvals > 422 approval.resubmit_through_record with the exact text; the approval and the request are unchanged  548ms
   ✓ (d) commit-time authorization (S-4) > the requester revoked between the request and its commit: resubmit and withdraw are 403; nothing is written  416ms
 ✓ |integration| apps/api/test/integration/portfolio/g1-agreements.test.ts (7 tests) 11372ms
   ✓ G1 approval needs the three B0032 leadership agreements (ADR-0021 §8) > approve without agreements -> 422 gate.g1_agreements_required with the three pointers; nothing written  1132ms
   ✓ G1 approval needs the three B0032 leadership agreements (ADR-0021 §8) > partial or false confirmations -> 422 naming only the missing ones; nothing written  901ms
   ✓ G1 approval needs the three B0032 leadership agreements (ADR-0021 §8) > with all three -> 201, three agreement rows confirmed by the decider, agreements in the response and audit diff  1201ms
   ✓ G1 approval needs the three B0032 leadership agreements (ADR-0021 §8) > agreements on G2, or with a non-approve G1 outcome -> 422 gate.agreements_not_applicable; nothing written  2357ms
   ✓ G1 approval needs the three B0032 leadership agreements (ADR-0021 §8) > 403 not-approver, 403 submitter and 409 superseded keep their precedence over the agreement rule  2373ms
   ✓ migration 0025: the deferred guard refuses an approved G1 decision without three agreements at COMMIT > no agreement rows -> the COMMIT fails with gate_decision_g1_agreements and nothing persists  1093ms
   ✓ migration 0025: the deferred guard refuses an approved G1 decision without three agreements at COMMIT > two of three -> refused at COMMIT; all three -> commits  2128ms
 ✓ |integration| apps/api/test/integration/kpi-p4/formulas.test.ts (8 tests) 2118ms
 ✓ |integration| apps/api/test/integration/benefits/totals.test.ts (6 tests) 3150ms
   ✓ counted once (REQ-PB-058) and the initiative view > a 10 M SAR benefit allocated 60 % / 40 % to two initiatives is 10000000.0000 once; the view shows 60 %  490ms
   ✓ classes, states, n/a (REQ-S08-009, REQ-S08-016, REQ-PB-076) > cash saving and avoided cost are separate lines; pending is not validated; CX is counted, never 0  928ms
   ✓ gross, implementation cost and net (REQ-S08-011) > a 1 M SAR initiative cost reduces net by exactly 1 M; a cost without an amount makes cost and net Unknown  381ms
   ✓ open overlaps (REQ-S08-014) and the portfolio > a validated value of a benefit with an open overlap is on pendingOverlap, not in validated  651ms
 ✓ |integration| apps/api/test/integration/kpi-p4/pipeline.test.ts (6 tests) 3991ms
   ✓ the accept pipeline (REQ-S07-013, REQ-S12-006) > one accept -> one audit event, one run (also after a redelivery), one values_recalculated; RAG from the trajectory  804ms
   ✓ the accept pipeline (REQ-S07-013, REQ-S12-006) > review route: no run and Unknown until a reviewer accepts; then one run and the value  642ms
   ✓ roll-up across scopes (REQ-S07-006, REQ-S07-010) > two business-unit ratios 1/10 and 9/10 roll up to 0.50 at the transformation scope  373ms
   ✓ roll-up across scopes (REQ-S07-006, REQ-S07-010) > a scope missing in the current period makes the roll-up Unknown (no zero), with a scope_missing finding  725ms
   ✓ roll-up across scopes (REQ-S07-006, REQ-S07-010) > a KPI with no actual for the current period renders Unknown, never 0 or green  370ms
   ✓ outbox events of the pipeline > writes kpi.actual_accepted with its idempotency key and the slot payload  313ms
 ✓ |integration| apps/api/test/integration/benefits/valuation-methods.test.ts (6 tests) 2280ms
   ✓ controlled monetisation (REQ-S08-010) > a SAR value on a CX benefit is rejected without an approved method, and accepted once Finance approves  683ms
   ✓ separation of duties and authorization (ADR-0029 §8, §9) > decision: BO, TL, AUD, ADM-only 403; proposal: AUD, ADM-only, FIN 403; If-Match 428/409; 400; 404  448ms
 ✓ |integration| apps/api/test/integration/adoption/champion-constraints.test.ts (6 tests) 1381ms
 ✓ |integration| apps/api/test/integration/governance/matrix-resubmit.test.ts (5 tests) 8654ms
   ✓ (a) round 2 through submitGovernanceMatrix (ADR-0026 amendment A4) > one open approval, round 2, on the new header version; rows frozen again; stale round-1 decision 409; approve succeeds  2084ms
   ✓ (a) round 2 through submitGovernanceMatrix (ADR-0026 amendment A4) > another lead (not the approval's requester) submitting round 2 gets 403 approval.not_requester; nothing is written  1780ms
   ✓ (b) withdrawing a matrix's approval returns the header to draft in the same transaction > round 1 pending and round 2 pending: approval withdrawn, header draft, both audited by one transaction  1655ms
   ✓ (c) POST /approvals/{id}/resubmit refuses governance_matrix_change approvals > 422 approval.resubmit_through_record with the exact text; the approval and the header are unchanged  1352ms
   ✓ (d) commit-time authorization (S-4) > the requester revoked between the request and its commit: round-2 submit is 403; nothing is written  1524ms
 ✓ |integration| apps/api/test/integration/workflows/impact.test.ts (3 tests) 4306ms
   ✓ TOM change after G3: preview, T11 routing, a returned request with one assessment per submitted version > lists the gap, the preserved G3 decision and T10 Portfolio; changes requested -> edit -> submit -> resubmit -> approve  967ms
   ✓ charter scope change after G1: a new charter version; the earlier one stays readable > SP approves; charter version + 1 with its charter_version snapshot; reads are scoped  1323ms
 ✓ |integration| apps/api/test/integration/sustainment/transition-decisions-in-tx.test.ts (6 tests) 3989ms
   ✓ (a) round 2 through submitTransitionDecision (ADR-0026 amendment A4) > one open approval, round 2, on the draft's current version; stale round-1 decision 409; the Sponsor approves  1062ms
   ✓ (b) withdrawing a decision in approval withdraws its approval (ADR-0026 amendment A3, A4) > pending and changes requested: approval and decision withdrawn, audited by one transaction; nothing undecidable  527ms
   ✓ (c) POST /approvals/{id}/resubmit refuses benefit_transition_decision approvals > 422 approval.resubmit_through_record with the exact text; the approval and the decision are unchanged  726ms
   ✓ (d) commit-time authorization (S-4) > the requester revoked between the request and its commit: resubmit and withdraw are 403; nothing is written  701ms
 ✓ |integration| apps/api/test/integration/governance/escalation-rules.test.ts (6 tests) 3516ms
   ✓ escalation rules (ADR-0032 §8.1) > TO stores a blocker rule (201, version 1, audited); a second of the kind is 409; TL updates it with If-Match  626ms
   ✓ escalation rules (ADR-0032 §8.1) > commit-time (S-4): a TO whose grant is revoked while the request waits gets 403 on create and update; nothing changes  424ms
 ✓ |integration| apps/api/test/integration/platform.test.ts (12 tests) 3697ms
   ✓ health and readiness > reports 503 not_ready/pending when the build ships a migration the database lacks, and fail on checksum drift  419ms
   ✓ readiness requires a UTF8 database (ADR-0003 'Database encoding', T-DG2-BE9) > reports 503 database: fail on a SQL_ASCII database, and database: ok on a UTF8 one created the same way  1258ms
   ✓ rate limiting (ADR-0007 T-3) > limits general API traffic per session, never the health endpoints  428ms
 ✓ |integration| tests/qa/integration/a12-cross-scope.test.ts (14 tests) 1822ms
   ✓ A12 cross-scope write is denied and writes nothing; in-scope write succeeds > create is denied outside the caller's scope (no row), allowed inside it  733ms
 ❯ |integration| apps/api/test/integration/kpi-p4/formula-recalc.test.ts (1 test | 1 failed) 1340ms
   × a formula KPI recalculated from accepted input actuals (T-DG4-KBE-R1 item 4) > is Unknown until every input is accepted, then a + b of the accepted values, re-evaluated on each acceptance 815ms
     → expected [ …(2) ] to deeply equal [ …(2) ]
 ✓ |integration| apps/api/test/integration/reporting/bu-scope.test.ts (4 tests) 2450ms
   ✓ REQ-S03-001: two transformations in different business units are listed separately > the slice J/K reads: the other business unit's transformation is 404 everywhere and never appears  1113ms
 ✓ |integration| tests/qa/integration/a13-job-idempotency.test.ts (5 tests) 5657ms
   ✓ A13 running worker: a duplicate delivery is a no-op > consumes the event once; an extra job with the same message completes as 'duplicate'  2662ms
 ✓ |integration| apps/api/test/integration/raid/corrective-rules.test.ts (5 tests) 1303ms
 ✓ |integration| apps/worker/test/integration/outbox.test.ts (10 tests) 7113ms
   ✓ worker runtime: end to end, restarts and the dead-letter queue > relays and handles a created transformation, and survives a restart without losing the job  3778ms
   ✓ worker runtime: end to end, restarts and the dead-letter queue > moves a job that keeps failing to ops.failed after the bounded retries  1180ms
 ✓ |integration| apps/api/test/integration/evidence.test.ts (6 tests) 2896ms
   ✓ links > links only to a record of the same transformation (422 otherwise); duplicate active link 409; remove keeps the row  1090ms
 ✓ |integration| apps/api/test/integration/organizations.test.ts (10 tests) 1071ms
 ✓ |integration| apps/api/test/integration/reporting/workspace-header.test.ts (7 tests) 5633ms
 ✓ |integration| apps/api/test/integration/approvals/escalation.test.ts (4 tests) 5365ms
   ✓ approval.escalation_scan (REQ-S10-019) > after the due date plus retries, the approval is escalated exactly once and remains undecided  464ms
   ✓ approval.escalation_scan (REQ-S10-019) > an unmapped next party is recorded as party_unmapped; a deferral to a new date allows one more escalation  1825ms
   ✓ approval.escalation_scan (REQ-S10-019) > an approval with an Unknown due date is never selected  1127ms
 ✓ |integration| apps/api/test/integration/sustainment/reopen.test.ts (3 tests) 3220ms
   ✓ reopening preserves the original handover acceptance and closure date (REQ-S11-009) > after the transformation closed, reopen -> cycle 2 linked to the prior handover and closure; nothing overwritten  1274ms
   ✓ reopen refusals and gates > only an area in BAU can be reopened (422 invalid-transition); a reason is required (400)  410ms
   ✓ reopen refusals and gates > a reopened area cannot be reopened again; AUD and TO 403, ADM 404; If-Match 428/409  1084ms
 ✓ |integration| apps/api/test/integration/aud-write-deny.test.ts (128 tests) 5883ms
 ✓ |integration| apps/api/test/integration/benefits/values.test.ts (5 tests) 2807ms
   ✓ REQ-S08-001: seven states kept apart > planned, forecast, measured, submitted, validated, rejected each with its own total; forecast never validated  1296ms
 ✓ |integration| apps/api/test/integration/kpi-p4/thresholds.test.ts (5 tests) 1344ms
   ✓ REQ-S07-007: threshold versions > changing the threshold version gives a new RAG for the same actual and approved trajectory (KBE-A evaluator)  306ms
 ✓ |integration| apps/api/test/integration/kpi-p4/cumulative-lineage.test.ts (5 tests) 1711ms
   ✓ a cumulative roll-up names the actual versions of each scope's whole window (ADR-0027 amendment C5) > C5 missing-scope rule: a scope with earlier values but no current actual is missing; Unknown; no entry; no finding  677ms
 ✓ |integration| apps/api/test/integration/raid/entity-group.test.ts (7 tests) 3048ms
 ✓ |integration| apps/api/test/integration/kpi-p4/status.test.ts (5 tests) 4284ms
   ✓ the KPI panel (REQ-S07-008) > returns the seven elements, the explanation naming the threshold version, and i18n keys  554ms
   ✓ the KPI panel (REQ-S07-008) > Stale data shows Stale with its reason, never green; a band outside its bounds is adverse  636ms
   ✓ override display (REQ-S07-009) > an override in force changes displayedRag only; after expiry the calculated RAG displays again  1943ms
 ✓ |integration| apps/api/test/integration/portfolio/hierarchy.test.ts (3 tests) 2316ms
 ✓ |integration| tests/qa/integration/a14-concurrency.test.ts (5 tests) 3654ms
   ✓ A14 transformation PATCH > create returns version 1 with a strong ETag  644ms
   ✓ A14 transformation PATCH > fresh If-Match succeeds and bumps version; stale If-Match is 409 with currentVersion; missing is 428  1024ms
   ✓ A14 transformation PATCH > two writers racing on the same version: exactly one 200, the rest 409, version bumped once  802ms
   ✓ A14 transformation archive > stale If-Match is 409, missing is 428, fresh archives and bumps version  897ms
 ✓ |integration| apps/api/test/integration/portfolio/readiness.test.ts (6 tests) 6021ms
   ✓ POST /transformations uses p3_instantiate_transformation (T-DG3-BE-A) > a new transformation gets the four B0079 waves and the T06 weight set v1 at the source defaults, audited  957ms
   ✓ GET /transformations/{id}/readiness (REQ-PB-007) > a fresh transformation: every B0012 area missing, both blockers with the exact §3 texts, gates G1-G4 draft  860ms
   ✓ GET /transformations/{id}/readiness (REQ-PB-007) > T01 content covers areas (content half of g1.diagnostic; technology needs technology AND data)  1101ms
   ✓ GET /transformations/{id}/readiness (REQ-PB-007) > G1 approved clears the submit blocker; G2+G3 approved clear the launch blocker (End-to-End)  1065ms
   ✓ GET /transformations/{id}/readiness (REQ-PB-007) > read access only: the auditor reads it; a user outside the transformation gets 404; a malformed id 400  968ms
   ✓ GET /transformations/{id}/outcome-hierarchy (REQ-PB-032) > returns North Star -> outcomes -> KPIs -> targets -> contributions as one tree (read only)  884ms
 ✓ |integration| apps/api/test/integration/adoption/entity-group.test.ts (4 tests) 1281ms
   ✓ REQ-S16-020 A11: create and read each entity through the API with authorization enforced > Assessment record (Training/AssessmentRecord): primary key, owner (respondent) and status; AUD 403; 404  314ms
 ✓ |integration| apps/api/test/integration/reporting/filters.test.ts (3 tests) 4015ms
 ✓ |integration| apps/api/test/integration/benefits/allocations.test.ts (6 tests) 1726ms
 ✓ |integration| apps/api/test/integration/reporting/drilldown.test.ts (4 tests) 3540ms
 ✓ |integration| apps/api/test/integration/kpi-p4/data-quality.test.ts (5 tests) 1681ms
   ✓ findings: resolve or dismiss > resolve: If-Match, one audit event with the note, final afterwards  388ms
 ✓ |integration| apps/api/test/integration/reporting/rag-policy.test.ts (5 tests) 3009ms
   ✓ the dashboard RAG policy (ADR-0037 §3, §10) > AUD is 403 (reads only), a transformation-scoped TL 404 (no organization read), nothing written; 428; 409  427ms
   ✓ the dashboard RAG policy (ADR-0037 §3, §10) > a configured threshold changes the area's RAG and policySource; one audit event per change  614ms
 ✓ |integration| apps/api/test/integration/governance/meeting-actions.test.ts (3 tests) 2936ms
   ✓ createMeetingAction (REQ-S10-011: actions appear in owners' My Work) > the action, its link and the owner's My Work item are created in one transaction, audited  414ms
   ✓ createMeetingAction (REQ-S10-011: actions appear in owners' My Work) > listMeetingActions shows each action's current status and overdue flag (monitor closure)  322ms
   ✓ createMeetingAction (REQ-S10-011: actions appear in owners' My Work) > validation, AUD 403, ADM-only and another organization 404, frozen, commit-time 403  302ms
 ✓ |integration| apps/api/test/integration/kpi-p4/formula-lineage.test.ts (2 tests) 1873ms
   ✓ formula lineage nests through a formula source (ADR-0027 amendment C1) > N = s * 2 over S = a + b names a's and b's accepted actual versions one level down  731ms
   ✓ roll-up lineage lists its entries (ADR-0027 amendment C1) > two business-unit values roll up with one entry per scope, ordered by scopeId  457ms
 ✓ |integration| apps/api/test/integration/benefits/corrections.test.ts (2 tests) 1745ms
   ✓ REQ-S08-017: corrections are linked rows; the original stays visible > amend 240000.5 -> 239500 (delta -500.5); reverse -> 0.0000; three validated rows; nothing more after  715ms
   ✓ REQ-S08-017: corrections are linked rows; the original stays visible > only an approved validation is corrected; FIN only; If-Match 428/409; a reason is required  520ms
 ✓ |integration| apps/worker/test/integration/restart.test.ts (1 test) 8993ms
   ✓ kill the worker mid-job and restart it (REQ-S16-005, A13) > completes the job exactly once, with one task and one reminder  7041ms
 ✓ |integration| apps/api/test/integration/kpi-p4/transformation-periods.test.ts (5 tests) 1227ms
 ✓ |integration| apps/api/test/integration/reporting/impact.test.ts (3 tests) 1192ms
 ✓ |integration| apps/api/test/integration/governance/meeting-outputs.test.ts (3 tests) 2385ms
   ✓ createMeetingOutput and listMeetingOutputs (REQ-PB-061) > links a canonical record of the forum's outputs; refuses another layer's kind, a wrong type and a foreign record  340ms
 ✓ |integration| apps/api/test/integration/benefits/groups.test.ts (4 tests) 1719ms
   ✓ shared-benefit groups (REQ-PB-058) > no member is counted until one is named; then exactly the named member is counted  352ms
   ✓ shared-benefit groups (REQ-PB-058) > the counted benefit must be a member; the counted member cannot leave while counted  318ms
 ✓ |integration| apps/api/test/integration/kpi-p4/periods.test.ts (4 tests) 570ms
 ✓ |integration| apps/api/test/integration/sustainment/transition-decisions-server-wiring.test.ts (3 tests) 2670ms
   ✓ D-107: submitTransitionDecision through the real server's wiring > a BO submits a draft decision: 200 submitted, and one pending benefit_transition_decision approval  401ms
   ✓ D-107: submitTransitionDecision through the real server's wiring > round 2 resubmits through the decision's submit, and a withdrawal withdraws the open approval  1496ms
 ✓ |integration| apps/api/test/integration/workflows/risk-dispositions.test.ts (3 tests) 4028ms
   ✓ risk dispositions (REQ-PB-020) > creates the row, its audit event and one pending risk_disposition approval routed to SP  1548ms
   ✓ risk dispositions (REQ-PB-020) > only an open risk: a closed risk or an issue is 422 risk_disposition.not_open_risk; AUD 403; nothing written  1159ms
   ✓ risk dispositions (REQ-PB-020) > G5 configured to BO: routed to the T11 Go-live / scale party BO; unmapped BO -> 422 routing.role_unmapped, nothing written  1171ms
 ✓ |integration| apps/api/test/integration/kpi-p4/entity-group.test.ts (1 test) 1662ms
   ✓ REQ-S16-014: the KPI entity group through the API > creates and reads each entity with authorization enforced (AUD 403 on writes, 200 on reads)  1245ms
 ✓ |integration| apps/api/test/integration/kpi-p4/overrides.test.ts (4 tests) 4127ms
   ✓ RAG overrides (REQ-S07-009) > refuses a missing reason, evidence or expiry and an invalid expiry with their own 422, nothing written  405ms
   ✓ RAG overrides (REQ-S07-009) > creates one override in force (preserving the calculated RAG), refuses a second, revokes it  677ms
   ✓ RAG overrides (REQ-S07-009) > is no longer in force after its expiry, with no job (the read compares the expiry with the current time)  1910ms
 ✓ |integration| apps/api/test/integration/reporting/scope.test.ts (3 tests) 6148ms
   ✓ REQ-S13-001: a user scoped to X sees no Y record or figure > every drill-down metric and every headline href holds X only  607ms
 ✓ |integration| apps/api/test/integration/benefits/plan-value-read.test.ts (3 tests) 1371ms
   ✓ getBenefitPlanValue (ADR-0030 amendment P1) > transformation.read: AUD reads; outside the scope, another transformation's id, a benefit id or a random id are 404; a malformed id is 400  318ms
 ✓ |integration| apps/api/test/integration/jobs/job-schedules.test.ts (3 tests) 1124ms
   ✓ job schedules (REQ-S16-005) > PATCH: If-Match, ADR refusals, one audit event and one job_schedule.updated outbox event  439ms
 ✓ |integration| packages/db/test/integration/protection.test.ts (17 tests) 265ms
 ✓ |integration| packages/db/test/integration/pool-bounds.test.ts (7 tests) 2886ms
   ✓ bounded checkout (connectionTimeoutMillis) > a checkout from an exhausted pool fails after the timeout (never hangs) and is recognised  313ms
   ✓ bounded checkout (connectionTimeoutMillis) > through Kysely the same error reaches the caller  309ms
   ✓ bounded idle-in-transaction time (idle_in_transaction_session_timeout) > PostgreSQL ends a transaction left idle past the limit, releasing its row lock; the pool recovers  1222ms
   ✓ bounded idle-in-transaction time (idle_in_transaction_session_timeout) > a transaction that keeps running statements is not affected  1023ms
 ✓ |integration| apps/api/test/integration/kpi/kpi-aud-write-deny.test.ts (18 tests) 1861ms
 ✓ |integration| apps/api/test/integration/benefits/entity-group.test.ts (1 test) 2353ms
   ✓ REQ-S16-017: the benefits entity group through the API > creates and reads each of the seven entities; AUD is refused every mutation and reads every record  1922ms
 ✓ |integration| packages/db/test/integration/encoding.test.ts (8 tests) 7911ms
   ✓ a SQL_ASCII database is refused before anything is created > mth-db migrate: exit 1, the message on stderr, nothing applied, no schema_migration table  1182ms
   ✓ a SQL_ASCII database is refused before anything is created > mth-db status: exit 1 with the same message, nothing written  851ms
   ✓ a SQL_ASCII database is refused before anything is created > mth-db seed-dev: exit 1 with the same message, nothing written  594ms
   ✓ a SQL_ASCII database is refused before anything is created > mth-db bootstrap: exit 1 with the same message (checked before the arguments are used)  750ms
   ✓ a SQL_ASCII database is refused before anything is created > control: the same CLI migrates a UTF8 scratch database created the same way  4236ms
 ✓ |integration| apps/api/test/integration/workflows/gate-events.test.ts (2 tests) 4705ms
   ✓ gate.submitted / gate.decided (ADR-0035 §7) > submission, supersession and decision each write exactly one event in their transaction; refusals write none  2602ms
   ✓ gate.submitted / gate.decided (ADR-0035 §7) > a G5 approval's event names its scope item and condition ids and the next phase realize  1894ms
 ✓ |integration| packages/db/test/integration/bootstrap.test.ts (5 tests) 9525ms
   ✓ mth-db bootstrap > creates the first organization and a technical/access admin with no business permission, fully audited  2019ms
   ✓ mth-db bootstrap > refuses to run twice  3307ms
   ✓ mth-db bootstrap > validates its input and refuses the dev-login issuer  2018ms
   ✓ mth-db seed-dev (synthetic, development only) > seeds synthetic users bound to urn:mth:dev-local once, idempotently  1841ms
 ✓ |integration| apps/api/test/integration/workflows/scale.test.ts (2 tests) 3020ms
   ✓ scale transitions (REQ-S03-004, REQ-S04-007) > before G5: 422 invalid-transition naming G5; the scope reads approved = false; nothing written  1418ms
   ✓ scale transitions (REQ-S03-004, REQ-S04-007) > after the G5 approval: inside the scope 201 with its audit event; outside 422; a repeat 409; AUD/ADM 403  1318ms
 ✓ |integration| apps/worker/test/integration/schedules.test.ts (2 tests) 2122ms
 ✓ |integration| apps/api/test/integration/governance/entity-group.test.ts (1 test) 3209ms
   ✓ REQ-S16-019: the slice D entity group through the API > Forum, Meeting, AgendaItem, Attendance, Minutes and MeetingActionLink: created and read, AUD 403, outside 404  1581ms
 ✓ |integration| apps/api/test/integration/reporting/one-source-of-truth.test.ts (2 tests) 2572ms
   ✓ REQ-PB-010: one canonical initiative > one rename shows in the roadmap, the traceability view and the benefits register; one initiative row  848ms
 ✓ |integration| apps/api/test/integration/portfolio/closed-initiatives.test.ts (1 test) 2280ms
   ✓ a cancelled initiative's scores, deliverables and milestones are read-only (422 initiative.read_only) > every write is refused after cancellation and nothing is written; the same writes succeed while open  2046ms
 ✓ |integration| apps/api/test/integration/reporting/orphans.test.ts (3 tests) 1731ms
 ✓ |integration| apps/api/test/integration/adoption/metric-link-read.test.ts (2 tests) 936ms
 ✓ |integration| packages/db/test/integration/migrate.test.ts (7 tests) 3227ms
   ✓ mth-db migrate on a fresh database > applies every shipped migration, then reports up to date  2260ms
 ✓ |integration| apps/worker/test/integration/maintenance.test.ts (2 tests) 3620ms
 ✓ |integration| apps/api/test/integration/kpi-p4/fixture-dates.test.ts (3 tests) 1841ms
   ✓ insertFinding ad-hoc period dates (T-DG4-KBE-R1 item 2) > is deterministic: a fresh organization's periods are 2031-01-02, -03, -04 in call order  516ms
   ✓ insertFinding ad-hoc period dates (T-DG4-KBE-R1 item 2) > is unique per call, also for 12 concurrent calls in one organization  826ms
   ✓ insertFinding ad-hoc period dates (T-DG4-KBE-R1 item 2) > steps over an ad-hoc period the organization already has  327ms
 ✓ |integration| apps/worker/test/integration/worker-attempt.test.ts (1 test) 4106ms
   ✓ worker.ts passes the job's attempt to its handler (T-DG4-BE-R2) > first attempt {retryCount 0, retryLimit 1} fails and is retried; the retry sees {1, 1}, the final attempt  628ms
 ✓ |integration| packages/db/test/integration/scratch-drop.test.ts (3 tests) 20640ms
   ✓ dropScratchDatabase never terminates a live client (F-DG1-009) > a drop right after pool.end() raises no 57P01 on the closing pool (40 rounds, 8 clients each)  20012ms
   ✓ dropScratchDatabase never terminates a live client (F-DG1-009) > a client that is still connected is NOT terminated: the drop refuses, names it, and succeeds once it ends  625ms
 ✓ |integration| apps/api/test/integration/contract/benefit-register-mirror.test.ts (1 test) 1931ms
 ✓ |integration| apps/api/test/integration/adoption/entity-group-metric-link.test.ts (1 test) 1225ms
 ✓ |integration| apps/api/test/integration/portfolio/unpaged-lists.test.ts (1 test) 2506ms
   ✓ unpaged P3 lists refuse limit; paged lists accept it (ADR-0021 §11 item 6) > 400 on limit for every unpaged list; 200 with {items} and no nextCursor without it  2253ms

⎯⎯⎯⎯⎯⎯⎯ Failed Tests 1 ⎯⎯⎯⎯⎯⎯⎯

 FAIL  |integration| apps/api/test/integration/kpi-p4/formula-recalc.test.ts > a formula KPI recalculated from accepted input actuals (T-DG4-KBE-R1 item 4) > is Unknown until every input is accepted, then a + b of the accepted values, re-evaluated on each acceptance
AssertionError: expected [ …(2) ] to deeply equal [ …(2) ]

[32m- Expected[39m
[31m+ Received[39m

[33m@@ -6,10 +6,17 @@[39m
[2m        "kpiActualId": "01a12601-17ed-74b9-8ffe-39b35d04d2e0",[22m
[2m        "valueNo": 1,[22m
[2m        "window": [[22m
[2m          "01a12601-1598-75e2-9aab-e1ce1caefad1",[22m
[2m        ],[22m
[31m+       "windowValues": [[39m
[31m+         {[39m
[31m+           "kpiActualId": "01a12601-17ed-74b9-8ffe-39b35d04d2e0",[39m
[31m+           "reportingPeriodId": "01a12601-1598-75e2-9aab-e1ce1caefad1",[39m
[31m+           "valueNo": 1,[39m
[31m+         },[39m
[31m+       ],[39m
[2m      },[22m
[2m    ],[22m
[2m    [[22m
[2m      "period",[22m
[2m      "entered",[22m

 ❯ apps/api/test/integration/kpi-p4/formula-recalc.test.ts:160:73
    160|       .orderBy("value_basis")
    161|       .execute();
    162|     expect(bRows.map((r) => [r.value_basis, r.value_source, r.inputs])…
       |                         ^
    163|       [
    164|         "cumulative",

⎯⎯⎯⎯⎯⎯⎯⎯⎯⎯⎯⎯⎯⎯⎯⎯⎯⎯⎯⎯⎯⎯⎯⎯[1/1]⎯


 Test Files  1 failed | 191 passed (192)
      Tests  1 failed | 1848 passed (1849)
   Start at  13:12:50
   Duration  1358.81s (transform 11.86s, setup 0ms, collect 443.06s, tests 907.03s, environment 0ms, prepare 98ms)

 ELIFECYCLE  Command failed with exit code 1.
EXIT=1
