LANG=
LANGUAGE=

> mobily-transformation-hub@0.1.0 test /home/user/wt/dg4-kbe-r4
> vitest run --project unit-node --project unit-web && vitest run --project unit-formula-nocodegen


 RUN  v3.2.4 /home/user/wt/dg4-kbe-r4

 ✓ |unit-web| src/pages/traceability/traceability.test.tsx (32 tests) 25131ms
   ✓ Traceability (en) > graph: clickable nodes, orphan flags, allocation totals, unseen links counted; orphan report  1512ms
   ✓ Traceability (en) > impact of a KPI definition: affected benefit (value affected), dashboards and areas, hidden count  442ms
   ✓ Traceability (en) > allocation set: 100 % total, 0 % unallocated; a 110 % share is refused with the translated message  3058ms
   ✓ Traceability (en) > creates a trace link with its statement and a decimal share  3105ms
   ✓ Traceability (en) > read-only users get no write control  426ms
   ✓ Traceability (ar) > graph: clickable nodes, orphan flags, allocation totals, unseen links counted; orphan report  785ms
   ✓ Traceability (ar) > impact of a KPI definition: affected benefit (value affected), dashboards and areas, hidden count  907ms
   ✓ Traceability (ar) > allocation set: 100 % total, 0 % unallocated; a 110 % share is refused with the translated message  902ms
   ✓ Traceability (ar) > creates a trace link with its statement and a decimal share  405ms
   ✓ Modular entry (en) > missing links with the waiver in force; G2 Inherited, never Approved; inherited records labelled  418ms
   ✓ Modular entry (en) > records an inherited evidence item and withdraws one with If-Match  567ms
   ✓ Modular entry (ar) > missing links with the waiver in force; G2 Inherited, never Approved; inherited records labelled  311ms
   ✓ Modular entry (ar) > records an inherited evidence item and withdraws one with If-Match  1019ms
   ✓ Portfolios and workstreams (en) > workstreams list WS-nn codes; assigning an initiative twice shows the translated refusal  2595ms
   ✓ Portfolios and workstreams (en) > portfolios list is read-only without portfolio.manage  606ms
   ✓ Portfolios and workstreams (ar) > workstreams list WS-nn codes; assigning an initiative twice shows the translated refusal  1647ms
   ✓ Portfolios and workstreams (ar) > portfolio: placing a transformation already in a portfolio shows the translated refusal  327ms
   ✓ RAG policy and transformation chip (en) > is read-only without dashboard.configure  832ms
   ✓ RAG policy and transformation chip (en) > the transformation chip is repeatable, offers readable transformations and sends each id  1251ms
   ✓ RAG policy and transformation chip (ar) > first save of the default policy sends If-Match "0"; a stale save says nothing was saved  533ms
   ✓ RAG policy and transformation chip (ar) > an invalid ratio is caught before sending; a threshold-order refusal is translated  660ms
   ✓ RAG policy and transformation chip (ar) > is read-only without dashboard.configure  577ms
   ✓ RAG policy and transformation chip (ar) > the transformation chip is repeatable, offers readable transformations and sends each id  1139ms
 ✓ |unit-web| src/pages/gates/g5-g6.test.tsx (25 tests) 29195ms
   ✓ G5 view (en) > lists the G5 missing item translated with the risk code, and the exceptions with expiry and coverage  928ms
   ✓ G5 view (en) > requests an exception with all five REQ-S04-013 fields; a missing expiry is refused before sending  1908ms
   ✓ G5 view (en) > a refused G5 submission lists 'Risk closure' by its translated label, never the English detail  3634ms
   ✓ G5 view (en) > a G5 approval needs the scale scope: nothing is sent without one; the scope goes with the decision  2630ms
   ✓ G5 view (en) > a frozen submission shows its exception lines and the nine-field review table, Under review  1660ms
   ✓ G5 view (ar) > lists the G5 missing item translated with the risk code, and the exceptions with expiry and coverage  457ms
   ✓ G5 view (ar) > requests an exception with all five REQ-S04-013 fields; a missing expiry is refused before sending  693ms
   ✓ G5 view (ar) > a refused G5 submission lists 'Risk closure' by its translated label, never the English detail  1390ms
   ✓ G5 view (ar) > a G5 approval needs the scale scope: nothing is sent without one; the scope goes with the decision  1083ms
   ✓ G5 view (ar) > a frozen submission shows its exception lines and the nine-field review table, Under review  1268ms
   ✓ Modular G3 waiver on the gate page (en) > the submission shows the missing-links items and the waiver used; a revoked waiver's refusal is translated  870ms
   ✓ Modular G3 waiver on the gate page (en) > a G3 submission refused for missing links lists each item translated  598ms
   ✓ Modular G3 waiver on the gate page (ar) > the submission shows the missing-links items and the waiver used; a revoked waiver's refusal is translated  2160ms
   ✓ Modular G3 waiver on the gate page (ar) > a G3 submission refused for missing links lists each item translated  472ms
   ✓ G5 scale transitions and risk dispositions (en) > scaling before G5 is approved shows the translated invalid-transition that names G5  1904ms
   ✓ G5 scale transitions and risk dispositions (en) > an open High-impact risk without a disposition is flagged; proposing one sends the four fields  684ms
   ✓ G5 scale transitions and risk dispositions (en) > a pending disposition is shown as pending, not as closed; an approved one completes the row  771ms
   ✓ G5 scale transitions and risk dispositions (en) > scaling outside the approved G5 scope shows the translated scale.outside_approved_scope refusal  1734ms
   ✓ G5 scale transitions and risk dispositions (ar) > scaling before G5 is approved shows the translated invalid-transition that names G5  928ms
   ✓ G5 scale transitions and risk dispositions (ar) > an open High-impact risk without a disposition is flagged; proposing one sends the four fields  892ms
   ✓ G5 scale transitions and risk dispositions (ar) > a pending disposition is shown as pending, not as closed; an approved one completes the row  968ms
   ✓ G5 scale transitions and risk dispositions (ar) > scaling outside the approved G5 scope shows the translated scale.outside_approved_scope refusal  1496ms
 ✓ |unit-web| src/pages/transformations/transformations.test.tsx (21 tests) 18841ms
   ✓ after create (F-DG1-004) > shows the created record when the server lets the creator read it  2364ms
   ✓ after create (F-DG1-004) > explains, in English, that the draft was created but cannot be opened (server 404), instead of 'Not found'  1229ms
   ✓ after create (F-DG1-004) > treats a 403 for the just-created record the same way  319ms
   ✓ truly out-of-scope records keep the correct localized message > router state for a different id does not turn a 404 into the created message  334ms
   ✓ audit trail changes (F-DG1-005) > English: field and value labels, not raw keys or enum codes  869ms
   ✓ audit trail changes (F-DG1-005) > Arabic: the same changes with Arabic labels in the RTL layout  951ms
   ✓ derived creator assignment on the audit trail (F-DG1-008) > English: localized action, fields, role, user and scope; nothing raw or marked untranslated  664ms
   ✓ derived creator assignment on the audit trail (F-DG1-008) > Arabic (RTL): the same event with Arabic labels and the glossary role name  548ms
   ✓ derived creator assignment on the audit trail (F-DG1-008) > an action the catalogue does not know stays readable and is explicitly marked (en and ar)  1486ms
   ✓ effective permissions refresh after create (F-DG1-210) > English: Edit, Archive and the audit trail appear after create, without a reload  1635ms
   ✓ effective permissions refresh after create (F-DG1-210) > Arabic (RTL): the same controls and the audit trail appear after create, without a reload  3231ms
   ✓ effective permissions refresh after create (F-DG1-210) > does not over-grant: if the refreshed server answer adds nothing, Archive and the audit trail stay hidden  2900ms
   ✓ effective permissions refresh after create (F-DG1-210) > a failed /me refresh never blocks the navigation; the UI stays fail-safe (no controls offered)  1045ms
 ✓ |unit-web| src/auth/session-bound.test.tsx (34 tests) 30514ms
   ✓ F-DG2-530/580 no effect of A's action after a further await once the tab is B's (en) > Y1: a create whose post-create GET /me returns B: B is not navigated and never sees A's code or name  2781ms
   ✓ F-DG2-530/580 no effect of A's action after a further await once the tab is B's (en) > Y1c: the same create under one identity still lands on the created record  800ms
   ✓ F-DG2-530/580 no effect of A's action after a further await once the tab is B's (en) > Y1c (not visible to the creator): the creator still gets 'created, but you cannot open it' with the 201's code  692ms
   ✓ F-DG2-530/580 no effect of A's action after a further await once the tab is B's (en) > router state left in history (Back/Forward) never shows A's created record to B  742ms
   ✓ F-DG2-530/580 no effect of A's action after a further await once the tab is B's (en) > an edit whose identity changes between its awaits: B is not navigated to A's record and keeps nothing of A's  966ms
   ✓ F-DG2-530/580 no effect of A's action after a further await once the tab is B's (en) > an organization create whose identity changes between its awaits: B is not navigated to A's new organization  777ms
   ✓ F-DG2-530/580 no effect of A's action after a further await once the tab is B's (en) > a user create whose identity changes between its awaits: B is not navigated to A's new user  1597ms
   ✓ F-DG2-530/580 no effect of A's action after a further await once the tab is B's (en) > sanity: the organization and user creates under one identity still navigate to the new record  1543ms
   ✓ F-DG2-530/580 no effect of A's action after a further await once the tab is B's (en) > sanity: an edit under one identity (a same-identity /me between its awaits) still updates the cache and navigates  529ms
   ✓ F-DG2-570 the header and the data of ONE identity on in-app navigation (en) > N1: B signed in elsewhere, no focus event: opening A's record asks GET /me first; B's header above B's answer  887ms
   ✓ F-DG2-570 the header and the data of ONE identity on in-app navigation (en) > N2: opening the list: B's header with B's list and B's permissions, never A's header or A's empty-state  930ms
   ✓ F-DG2-570 the header and the data of ONE identity on in-app navigation (en) > N0 (the reviewer's Y5): B signed in a moment ago, no time passes, no focus event: the next page is B's under B's header  443ms
   ✓ F-DG2-570 the header and the data of ONE identity on in-app navigation (en) > bounded: one GET /me per navigation, shared by the page's burst; other GETs only after the window; same identity kept  950ms
   ✓ F-DG2-530/580 no effect of A's action after a further await once the tab is B's (ar) > Y1: a create whose post-create GET /me returns B: B is not navigated and never sees A's code or name  861ms
   ✓ F-DG2-530/580 no effect of A's action after a further await once the tab is B's (ar) > Y1c: the same create under one identity still lands on the created record  706ms
   ✓ F-DG2-530/580 no effect of A's action after a further await once the tab is B's (ar) > Y1c (not visible to the creator): the creator still gets 'created, but you cannot open it' with the 201's code  994ms
   ✓ F-DG2-530/580 no effect of A's action after a further await once the tab is B's (ar) > router state left in history (Back/Forward) never shows A's created record to B  574ms
   ✓ F-DG2-530/580 no effect of A's action after a further await once the tab is B's (ar) > an edit whose identity changes between its awaits: B is not navigated to A's record and keeps nothing of A's  1337ms
   ✓ F-DG2-530/580 no effect of A's action after a further await once the tab is B's (ar) > an organization create whose identity changes between its awaits: B is not navigated to A's new organization  1037ms
   ✓ F-DG2-530/580 no effect of A's action after a further await once the tab is B's (ar) > a user create whose identity changes between its awaits: B is not navigated to A's new user  1594ms
   ✓ F-DG2-530/580 no effect of A's action after a further await once the tab is B's (ar) > sanity: the organization and user creates under one identity still navigate to the new record  921ms
   ✓ F-DG2-530/580 no effect of A's action after a further await once the tab is B's (ar) > sanity: an edit under one identity (a same-identity /me between its awaits) still updates the cache and navigates  317ms
   ✓ F-DG2-570 the header and the data of ONE identity on in-app navigation (ar) > N1: B signed in elsewhere, no focus event: opening A's record asks GET /me first; B's header above B's answer  723ms
   ✓ F-DG2-570 the header and the data of ONE identity on in-app navigation (ar) > N2: opening the list: B's header with B's list and B's permissions, never A's header or A's empty-state  769ms
   ✓ F-DG2-570 the header and the data of ONE identity on in-app navigation (ar) > N0 (the reviewer's Y5): B signed in a moment ago, no time passes, no focus event: the next page is B's under B's header  446ms
   ✓ F-DG2-570 the header and the data of ONE identity on in-app navigation (ar) > bounded: one GET /me per navigation, shared by the page's burst; other GETs only after the window; same identity kept  728ms
   ✓ F-DG2-570 the header and the data of ONE identity on in-app navigation (ar) > writes neither wait for nor trigger the recheck: the save goes out at once with the user's own CSRF token  445ms
   ✓ the convention: no raw navigate or cache write in app code (T-DG2-FE15) > the ESLint rule refuses a raw navigate, a raw cache write and a useNavigate import in a page  5213ms
 ✓ |unit-web| src/lib/auditChanges.test.ts (125 tests) 308ms
 ✓ |unit-web| src/pages/p2.test.tsx (56 tests) 70391ms
   ✓ Diagnose > shows the six T01 dimensions with Unknown for missing values, and value pools that are never 0  3050ms
   ✓ Diagnose > shows the totals as Unknown when no pool is quantified  2943ms
   ✓ Diagnose > renders the six workstreams with their key questions  2714ms
   ✓ Diagnose > edits a T01 row with only the changed fields and If-Match  2637ms
   ✓ Diagnose > a 409 on save writes nothing, compares, and re-applies on the current version  1728ms
   ✓ Diagnose > a 400 validation.blank shows a localized message on its field ('en')  2736ms
   ✓ Diagnose > a 400 validation.blank shows a localized message on its field ('ar')  2497ms
   ✓ Diagnose > an invisible-only value is blocked client-side with validation.blank ('en')  3476ms
   ✓ Diagnose > an invisible-only value is blocked client-side with validation.blank ('ar')  2777ms
   ✓ Diagnose > a whitespace-only T01 value is an inline blank error and sends nothing ('en')  2555ms
   ✓ Diagnose > a whitespace-only T01 value is an inline blank error and sends nothing ('ar')  2284ms
   ✓ Diagnose > T01: an emptied field is sent as an explicit null; visible text is sent verbatim  1796ms
   ✓ Diagnose > Arabic: RTL with Arabic labels and the unquantified label  708ms
   ✓ Define > shows the good outcome test per outcome with pass / fail / unknown and localized reasons  805ms
   ✓ Define > requires a target date on a T02 row before sending anything  812ms
   ✓ Define > sets the North Star with one sentence and no If-Match the first time  1779ms
   ✓ Define: KPI activation (F-DG2-201) > offers Activate on a draft KPI, states the unmet precondition on 422, then activates with If-Match  1048ms
   ✓ Define: KPI activation (F-DG2-201) > Arabic: the Activate action and the 422 reason are in Arabic  1483ms
   ✓ Define: KPI activation (F-DG2-201) > an active KPI shows Active and offers no Activate  1156ms
   ✓ Charter > shows the 14 fields, the thesis, the five scope checks with pre-checks and the top-outcomes warning  336ms
   ✓ Charter > scope pre-check: an empty Out of scope reads as failing (EN and AR)  1094ms
   ✓ Charter > thesis: an empty part is Incomplete and no sentence is composed (F-DG2-203)  860ms
   ✓ Charter > thesis: a part the API flags incomplete is never shown as answered  621ms
   ✓ Charter > thesis: the four parts compose the B0037 sentence (EN and AR)  914ms
   ✓ Charter > North Star (field 5): the current statement; a superseded link is flagged Stale (F-DG2-204)  790ms
   ✓ Charter > North Star (field 5): a superseded statement is never shown as the current one  644ms
   ✓ Charter > compares a version with the previous one  728ms
   ✓ Charter > create: a whitespace Case for change is an inline blank error and creates nothing ('en')  896ms
   ✓ Charter > create: a whitespace Case for change is an inline blank error and creates nothing ('ar')  1133ms
   ✓ Charter > edit: a whitespace Out of scope is an inline blank error, sends nothing and keeps the value (en)  1003ms
   ✓ Charter > edit: a whitespace Out of scope is an inline blank error, sends nothing and keeps the value (ar)  1079ms
   ✓ Charter > edit: emptying a filled field sends null; visible text is verbatim (en)  1481ms
   ✓ Charter > edit: emptying a filled field sends null; visible text is verbatim (ar)  1219ms
   ✓ Charter > edit: a change summary alone is not a change (never a content-free version)  895ms
   ✓ Design > shows the ten canvas boxes and the per-dimension view  1930ms
   ✓ Design > converts an unresolved workshop item into a design decision with If-Match  3033ms
   ✓ Decisions (T04) > reads the log with kind=design and shows D-codes, options A/B/C and Open status  693ms
   ✓ Decisions (T04) > creates a design decision with inline options and an idempotency key  1001ms
   ✓ Gates (business approval) > lists G1-G6 as business approvals with live readiness, and never mentions the engineering gates  882ms
   ✓ Gates (business approval) > shows unverified evidence as unverified, the failing outcome at G2, and submits with If-Match  848ms
   ✓ Gates (business approval) > lists outcomes failing the good outcome test at G2  413ms
   ✓ Gates (business approval) > the approver's decision: rationale required; 403 and 409 problems in words  2066ms
   ✓ Gates (business approval) > gate list titles: the verbatim B0023 name once, never the code twice (EN and AR)  792ms
   ✓ Gates (business approval) > gate detail heading: the verbatim B0023 name once (EN and AR)  1305ms
   ✓ Evidence > uploads a revision as octet-stream with a percent-encoded file name and If-Match  1303ms
   ✓ Evidence > never offers review to the creator; a filename reference can only be rejected  732ms
   ✓ read-only auditor (AUD) > diagnose: no write control and a read-only note  447ms
   ✓ read-only auditor (AUD) > define: no write control and a read-only note  405ms
   ✓ read-only auditor (AUD) > design: no write control and a read-only note  608ms
   ✓ read-only auditor (AUD) > team: no write control and a read-only note  324ms
 ✓ |unit-web| src/auth/session-generation.test.tsx (26 tests) 19326ms
   ✓ F-DG2-530 a write in flight across an identity change (en) > X3: A's PATCH answered after B's /me is not written into B's cache, not shown, and does not navigate B  1691ms
   ✓ F-DG2-530 a write in flight across an identity change (en) > X3b: the same after a session END here and B's sign-in: A's late answer never lands  1108ms
   ✓ F-DG2-530 a write in flight across an identity change (en) > an archive in flight across an identity change: A's archived record never lands in B's cache  930ms
   ✓ F-DG2-530 a write in flight across an identity change (en) > an organization save in flight across an identity change: A's change is never stored under B  961ms
   ✓ F-DG2-530 a write in flight across an identity change (en) > a user save in flight across an identity change: A's change is never stored under B  773ms
   ✓ F-DG2-530 a write in flight across an identity change (en) > a same-person new session: the in-flight save is dropped silently, the draft is kept and usable  1004ms
   ✓ F-DG2-530 a write in flight across an identity change (en) > a language save retried after a 409 is never written for the identity that replaced A  607ms
   ✓ F-DG2-530 a write in flight across an identity change (en) > sanity: a write in flight that finishes under the SAME identity still updates the cache and navigates  563ms
   ✓ F-DG2-530 X6: refocus and reconnect revalidate GET /me first (en) > after B signs in elsewhere, a refocus within /me's staleTime shows B's header with B's data, never A's  684ms
   ✓ F-DG2-530 X6: refocus and reconnect revalidate GET /me first (en) > the same identity: a refocus refetches /me once, then the stale page queries; nothing when all is fresh  786ms
   ✓ F-DG2-530 X6: refocus and reconnect revalidate GET /me first (en) > a refocus whose /me finds the session ended navigates once to sign-in and refetches no page data  342ms
   ✓ F-DG2-530 a write in flight across an identity change (ar) > X3: A's PATCH answered after B's /me is not written into B's cache, not shown, and does not navigate B  781ms
   ✓ F-DG2-530 a write in flight across an identity change (ar) > X3b: the same after a session END here and B's sign-in: A's late answer never lands  972ms
   ✓ F-DG2-530 a write in flight across an identity change (ar) > an archive in flight across an identity change: A's archived record never lands in B's cache  1090ms
   ✓ F-DG2-530 a write in flight across an identity change (ar) > an organization save in flight across an identity change: A's change is never stored under B  984ms
   ✓ F-DG2-530 a write in flight across an identity change (ar) > a user save in flight across an identity change: A's change is never stored under B  1657ms
   ✓ F-DG2-530 a write in flight across an identity change (ar) > a same-person new session: the in-flight save is dropped silently, the draft is kept and usable  1067ms
   ✓ F-DG2-530 a write in flight across an identity change (ar) > a language save retried after a 409 is never written for the identity that replaced A  768ms
   ✓ F-DG2-530 a write in flight across an identity change (ar) > sanity: a write in flight that finishes under the SAME identity still updates the cache and navigates  661ms
   ✓ F-DG2-530 X6: refocus and reconnect revalidate GET /me first (ar) > after B signs in elsewhere, a refocus within /me's staleTime shows B's header with B's data, never A's  869ms
   ✓ F-DG2-530 X6: refocus and reconnect revalidate GET /me first (ar) > the same identity: a refocus refetches /me once, then the stale page queries; nothing when all is fresh  548ms
   ✓ F-DG2-530 X6: refocus and reconnect revalidate GET /me first (ar) > a refocus whose /me finds the session ended navigates once to sign-in and refetches no page data  369ms
 ✓ |unit-web| src/pages/benefits/benefits.test.tsx (29 tests) 22156ms
   ✓ benefits screens (en) > T14 register: ten columns; Value (SAR) n/a and Unknown never 0; Realized kept apart with pending labelled  2923ms
   ✓ benefits screens (en) > totals: per class and state, pending overlap apart, cost and net Unknown (never 0), non-financial counted apart  403ms
   ✓ benefits screens (en) > lifecycle: six steps with question and output, missing outputs listed, only the allowed next step offered  388ms
   ✓ benefits screens (en) > allocations: percent and unallocated share; the replace sends fractions with If-Match  1530ms
   ✓ benefits screens (en) > allocations above 100 %: the preview warns and the server's 422 is translated in the one form alert  932ms
   ✓ benefits screens (en) > values: seven states apart; measurements before Measure are explained (a delivered enabler is not realized value)  759ms
   ✓ benefits screens (en) > measurements: a validated value offers no edit; the 409 validated_immutable is translated  1071ms
   ✓ benefits screens (en) > Finance decision: six items, the decision body with If-Match; labelled Finance validation, never DG0-DG7  850ms
   ✓ benefits screens (en) > Finance decision: a missing item is left to the server, whose 422 names the six items; the submitter is never offered a decision  632ms
   ✓ benefits screens (en) > Finance decision: the content_incomplete 422 and a Business Owner's 403 are translated  1609ms
   ✓ benefits screens (en) > read-only (auditor): Finance item without decide, register without create  1382ms
   ✓ benefits screens (en) > measurement lineage: inputs with KPI value versions, a provisional basis labelled  505ms
   ✓ benefits screens (ar) > T14 register: ten columns; Value (SAR) n/a and Unknown never 0; Realized kept apart with pending labelled  1842ms
   ✓ benefits screens (ar) > totals: per class and state, pending overlap apart, cost and net Unknown (never 0), non-financial counted apart  842ms
   ✓ benefits screens (ar) > allocations: percent and unallocated share; the replace sends fractions with If-Match  687ms
   ✓ benefits screens (ar) > allocations above 100 %: the preview warns and the server's 422 is translated in the one form alert  1176ms
   ✓ benefits screens (ar) > measurements: a validated value offers no edit; the 409 validated_immutable is translated  337ms
   ✓ benefits screens (ar) > Finance decision: six items, the decision body with If-Match; labelled Finance validation, never DG0-DG7  401ms
   ✓ benefits screens (ar) > Finance decision: the content_incomplete 422 and a Business Owner's 403 are translated  792ms
   ✓ benefits screens (ar) > read-only (auditor): Finance item without decide, register without create  1275ms
   ✓ benefits screens (ar) > scenarios: every value is labelled with its scenario kind  309ms
   ✓ benefits screens (ar) > measurement lineage: inputs with KPI value versions, a provisional basis labelled  573ms
 ✓ |unit-web| src/pages/portfolio/portfolio.test.tsx (32 tests) 33599ms
   ✓ Portfolio (en) > lists code, name, wave, owners and three separate columns: proposed rank, selection and funding  2103ms
   ✓ Portfolio (en) > the proposed rank is Unknown (never 0) when the prioritization view is unavailable  534ms
   ✓ Portfolio (en) > filters by status and wave on the server  1135ms
   ✓ Portfolio (en) > creates a draft at any time: POST /initiatives with the transformation and an Idempotency-Key  1512ms
   ✓ Portfolio (en) > the read-only auditor sees the list with no enabled write control  416ms
   ✓ Portfolio (en) > outcome hierarchy: five levels, an Unknown target is Unknown (never 0)  837ms
   ✓ Portfolio (ar) > lists code, name, wave, owners and three separate columns: proposed rank, selection and funding  1461ms
   ✓ Portfolio (ar) > the proposed rank is Unknown (never 0) when the prioritization view is unavailable  742ms
   ✓ Portfolio (ar) > filters by status and wave on the server  1393ms
   ✓ Portfolio (ar) > creates a draft at any time: POST /initiatives with the transformation and an Idempotency-Key  1876ms
   ✓ Portfolio (ar) > the read-only auditor sees the list with no enabled write control  1066ms
   ✓ Portfolio (ar) > outcome hierarchy: five levels, an Unknown target is Unknown (never 0)  427ms
   ✓ Initiative Card (en) > shows all 14 T05 fields in the source order and the 3-7 deliverables warning (a warning, not a block)  643ms
   ✓ Initiative Card (en) > submit refused: 'Case for change not yet approved (G1)…' is the dialog's one translated alert  1579ms
   ✓ Initiative Card (en) > submit refused: 'Outcome before activity…' (validation at /outcomeContributions) is translated  1064ms
   ✓ Initiative Card (en) > launch refused: 'North Star, outcomes and target state not yet approved', then 'Selected - unfunded…'  1426ms
   ✓ Initiative Card (en) > select is a labelled business approval: rationale required, If-Match, no 'on behalf of' control  846ms
   ✓ Initiative Card (en) > a 409 shows the conflict banner and reloads  451ms
   ✓ Initiative Card (en) > a gap link to another TOM record shows 'A project portfolio is not a Target Operating Model…'  961ms
   ✓ Initiative Card (en) > an outcome contribution needs an outcome; the KPI is optional and labelled so  1776ms
   ✓ Initiative Card (en) > the read-only auditor sees the card with no enabled write control  859ms
   ✓ Initiative Card (en) > a cancelled initiative is read-only even for the lead  781ms
   ✓ Initiative Card (ar) > shows all 14 T05 fields in the source order and the 3-7 deliverables warning (a warning, not a block)  867ms
   ✓ Initiative Card (ar) > submit refused: 'Case for change not yet approved (G1)…' is the dialog's one translated alert  932ms
   ✓ Initiative Card (ar) > submit refused: 'Outcome before activity…' (validation at /outcomeContributions) is translated  882ms
   ✓ Initiative Card (ar) > launch refused: 'North Star, outcomes and target state not yet approved', then 'Selected - unfunded…'  2054ms
   ✓ Initiative Card (ar) > select is a labelled business approval: rationale required, If-Match, no 'on behalf of' control  505ms
   ✓ Initiative Card (ar) > a 409 shows the conflict banner and reloads  776ms
   ✓ Initiative Card (ar) > a gap link to another TOM record shows 'A project portfolio is not a Target Operating Model…'  945ms
   ✓ Initiative Card (ar) > an outcome contribution needs an outcome; the KPI is optional and labelled so  1170ms
   ✓ Initiative Card (ar) > the read-only auditor sees the card with no enabled write control  953ms
   ✓ Initiative Card (ar) > a cancelled initiative is read-only even for the lead  612ms
 ✓ |unit-web| src/pages/change-requests/change-requests.test.tsx (15 tests) 8018ms
   ✓ change requests (en) > lists a draft as a saved draft and an automatic request by its origin; the policy reads 'no threshold'  740ms
   ✓ change requests (en) > the first policy save sends If-Match "0"; an out-of-range value shows the translated refusal  1492ms
   ✓ change requests (en) > raising a schedule rebaseline: the forecast is shown separately, the preview names the preserved G4 approval  1380ms
   ✓ change requests (en) > a KPI target change (REQ-S07-015): the draft version's diff is the change; the preview lists the benefit and the G2 approval  786ms
   ✓ change requests (en) > a returned request offers round 2; a non-requester is told so and the 403 is translated  423ms
   ✓ change requests (en) > a submitted request shows its frozen assessment with SHA-256 and the preserved original approval  322ms
   ✓ change requests (ar) > the first policy save sends If-Match "0"; an out-of-range value shows the translated refusal  736ms
   ✓ change requests (ar) > raising a schedule rebaseline: the forecast is shown separately, the preview names the preserved G4 approval  729ms
   ✓ change requests (ar) > a KPI target change (REQ-S07-015): the draft version's diff is the change; the preview lists the benefit and the G2 approval  651ms
 ✓ |unit-web| src/pages/team/team.test.tsx (10 tests) 18842ms
   ✓ Team (English LTR) > shows the six governance roles with B0018 accountability text verbatim and who holds each  1972ms
   ✓ Team (English LTR) > lists team members with the accountability on each assignment, sortable and filterable  1152ms
   ✓ Team (English LTR) > a Transformation Lead assigns a Workstream Lead: Idempotency-Key, reason, accountability preview  2249ms
   ✓ Team (English LTR) > shows a 403 from the server in words; nothing is assigned  1415ms
   ✓ Team: read-only auditor (AUD) > sees the roles, accountabilities and members, a read-only note, and no assign control  1855ms
   ✓ Team (Arabic RTL) > shows Arabic role names and the provisional Arabic accountability text  1088ms
   ✓ Team assign dialog: accountability preview follows the selected role (F-DG2-430) > en: WL on open, then KDS, TD, none and WL again, in StrictMode with no React warning  2170ms
   ✓ Team assign dialog: accountability preview follows the selected role (F-DG2-430) > ar: WL on open, then KDS, TD, none and WL again, in StrictMode with no React warning  1591ms
   ✓ Team: the success notice follows a language switch, 'en' → 'ar' > the notice is shown in the language now on screen, not the one it was created in  2972ms
   ✓ Team: the success notice follows a language switch, 'ar' → 'en' > the notice is shown in the language now on screen, not the one it was created in  2357ms
 ✓ |unit-web| src/pages/kpi/kpi.test.tsx (27 tests) 20568ms
   ✓ KPI screens (en) > RAG panel: the seven elements, the threshold version named, and the override beside the calculated RAG  1218ms
   ✓ KPI screens (en) > no actual for the current period: Unknown, grey and labelled, with its reason; never 0 and never green  841ms
   ✓ KPI screens (en) > the status overview shows Unknown KPIs grey and labelled (no zero in the list)  896ms
   ✓ KPI screens (en) > four-step update: submits once, then lists downstream views, 'review pending' and 'Finance review pending'  2366ms
   ✓ KPI screens (en) > a second entry for the same KPI and period is value version 2 of the same slot (If-Match)  1325ms
   ✓ KPI screens (en) > a 409 on submit is the form's one alert: nothing was saved, the latest data is loaded  1207ms
   ✓ KPI screens (en) > review queue: the reviewer accepts with If-Match; the submitter of a value is not offered a decision  585ms
   ✓ KPI screens (en) > an actual: a submitted value says it is not used until accepted; a draft is labelled not submitted  495ms
   ✓ KPI screens (en) > read-only viewer (auditor): no write action on the KPI page, labels say business approval  1178ms
   ✓ KPI screens (en) > data quality: an open finding is resolved with a note and If-Match  1469ms
   ✓ KPI screens (ar) > no actual for the current period: Unknown, grey and labelled, with its reason; never 0 and never green  737ms
   ✓ KPI screens (ar) > the status overview shows Unknown KPIs grey and labelled (no zero in the list)  356ms
   ✓ KPI screens (ar) > four-step update: submits once, then lists downstream views, 'review pending' and 'Finance review pending'  1468ms
   ✓ KPI screens (ar) > a second entry for the same KPI and period is value version 2 of the same slot (If-Match)  1465ms
   ✓ KPI screens (ar) > a 409 on submit is the form's one alert: nothing was saved, the latest data is loaded  1072ms
   ✓ KPI screens (ar) > no active version: the update explains it and links to the versions (no form)  332ms
   ✓ KPI screens (ar) > review queue: the reviewer accepts with If-Match; the submitter of a value is not offered a decision  688ms
   ✓ KPI screens (ar) > an actual: a submitted value says it is not used until accepted; a draft is labelled not submitted  433ms
   ✓ KPI screens (ar) > read-only viewer (auditor): no write action on the KPI page, labels say business approval  393ms
   ✓ KPI screens (ar) > data quality: an open finding is resolved with a note and If-Match  1415ms
 ✓ |unit-web| src/auth/session-identity.test.tsx (18 tests) 16453ms
   ✓ F-DG2-500 a session end on the sign-in page (en) > W5: Back to /login after A's session ends, B signs in with the development form: B never sees A's records  2847ms
   ✓ F-DG2-500 a session end on the sign-in page (en) > W5b (OIDC mode): B signs in in another tab and this tab's /me re-probe brings B: B never sees A's records  1116ms
   ✓ F-DG2-500 an identity change with no session end in this tab (en) > a refocus /me that returns another identity removes every session query before B renders, and drops A's drafts  831ms
   ✓ F-DG2-500 an identity change with no session end in this tab (en) > a new session of the same person (signed in again elsewhere) refetches the queries but keeps their own draft  378ms
   ✓ F-DG2-500 an identity change with no session end in this tab (en) > the same identity re-probed (window refocus) keeps the cache and the page state  408ms
   ✓ F-DG2-500 sign-out here and 403 (en) > signing out here clears everything; B signing in afterwards never sees A's records  2568ms
   ✓ F-DG2-500 sign-out here and 403 (en) > a 403 is never a session end: the phase, the identity and the cache are kept  507ms
   ✓ F-DG2-500 a session end on the sign-in page (ar) > W5: Back to /login after A's session ends, B signs in with the development form: B never sees A's records  1783ms
   ✓ F-DG2-500 a session end on the sign-in page (ar) > W5b (OIDC mode): B signs in in another tab and this tab's /me re-probe brings B: B never sees A's records  1491ms
   ✓ F-DG2-500 an identity change with no session end in this tab (ar) > a refocus /me that returns another identity removes every session query before B renders, and drops A's drafts  1163ms
   ✓ F-DG2-500 an identity change with no session end in this tab (ar) > a new session of the same person (signed in again elsewhere) refetches the queries but keeps their own draft  904ms
   ✓ F-DG2-500 an identity change with no session end in this tab (ar) > the same identity re-probed (window refocus) keeps the cache and the page state  877ms
   ✓ F-DG2-500 sign-out here and 403 (ar) > signing out here clears everything; B signing in afterwards never sees A's records  1243ms
 ✓ |unit-web| src/pages/p2-blank-forms.test.tsx (52 tests) 69221ms
   ✓ gate submission note (en) > a whitespace-only note is refused inline and nothing is sent  1188ms
   ✓ gate submission note (en) > a invisible-only note is refused inline and nothing is sent  385ms
   ✓ gate submission note (en) > visible text is sent verbatim; an empty note is omitted  1042ms
   ✓ gate submission note (ar) > a whitespace-only note is refused inline and nothing is sent  539ms
   ✓ gate submission note (ar) > a invisible-only note is refused inline and nothing is sent  1082ms
   ✓ gate submission note (ar) > visible text is sent verbatim; an empty note is omitted  1399ms
   ✓ gate decision rationale and comments (en) > a whitespace-only rationale is refused inline and nothing is sent  1655ms
   ✓ gate decision rationale and comments (en) > a invisible-only rationale is refused inline and nothing is sent  831ms
   ✓ gate decision rationale and comments (en) > a invisible (long enough for min 3)-only rationale is refused inline and nothing is sent  1309ms
   ✓ gate decision rationale and comments (en) > a whitespace-only comment is refused inline (focus on it) and nothing is sent  768ms
   ✓ gate decision rationale and comments (en) > a invisible-only comment is refused inline (focus on it) and nothing is sent  700ms
   ✓ gate decision rationale and comments (en) > visible text is sent verbatim; empty comments are omitted; an empty rationale stays 'too short'  1411ms
   ✓ gate decision rationale and comments (en) > a server 400 validation.blank on /rationale lands on the field  1629ms
   ✓ gate decision rationale and comments (ar) > a whitespace-only rationale is refused inline and nothing is sent  1831ms
   ✓ gate decision rationale and comments (ar) > a invisible-only rationale is refused inline and nothing is sent  754ms
   ✓ gate decision rationale and comments (ar) > a invisible (long enough for min 3)-only rationale is refused inline and nothing is sent  801ms
   ✓ gate decision rationale and comments (ar) > a whitespace-only comment is refused inline (focus on it) and nothing is sent  1175ms
   ✓ gate decision rationale and comments (ar) > a invisible-only comment is refused inline (focus on it) and nothing is sent  1139ms
   ✓ gate decision rationale and comments (ar) > visible text is sent verbatim; empty comments are omitted; an empty rationale stays 'too short'  935ms
   ✓ gate decision rationale and comments (ar) > a server 400 validation.blank on /rationale lands on the field  1013ms
   ✓ journey step editor (en) > a whitespace-only actor is refused inline (not turned into null) and nothing is sent  2283ms
   ✓ journey step editor (en) > a invisible-only actor is refused inline (not turned into null) and nothing is sent  3049ms
   ✓ journey step editor (en) > several blank fields: each gets the message and focus goes to the first (name)  2296ms
   ✓ journey step editor (en) > visible text is sent verbatim; emptied optional text is null; an empty name is required  1937ms
   ✓ journey step editor (ar) > a whitespace-only actor is refused inline (not turned into null) and nothing is sent  2515ms
   ✓ journey step editor (ar) > a invisible-only actor is refused inline (not turned into null) and nothing is sent  1181ms
   ✓ journey step editor (ar) > several blank fields: each gets the message and focus goes to the first (name)  1305ms
   ✓ journey step editor (ar) > visible text is sent verbatim; emptied optional text is null; an empty name is required  2970ms
   ✓ Finance validation note and archive reason (en) > note: a whitespace-only note is refused inline and nothing is sent  1363ms
   ✓ Finance validation note and archive reason (en) > note: a invisible-only note is refused inline and nothing is sent  1056ms
   ✓ Finance validation note and archive reason (en) > note: empty is 'required'; visible text is sent verbatim  1536ms
   ✓ Finance validation note and archive reason (en) > reason: a whitespace-only reason is refused inline and nothing is archived  2397ms
   ✓ Finance validation note and archive reason (en) > reason: a invisible-only reason is refused inline and nothing is archived  1310ms
   ✓ Finance validation note and archive reason (en) > reason: a server 400 validation.blank on /reason is the field message, not a generic error  1449ms
   ✓ Finance validation note and archive reason (en) > reason: a reason with U+0000 is refused inline with the localized message and nothing is archived  1116ms
   ✓ Finance validation note and archive reason (en) > reason: a server 400 validation.invalid_character on /reason is the localized field message  1336ms
   ✓ Finance validation note and archive reason (en) > reason: empty keeps 'too short'; visible text is sent verbatim  1571ms
   ✓ Finance validation note and archive reason (ar) > note: a whitespace-only note is refused inline and nothing is sent  1563ms
   ✓ Finance validation note and archive reason (ar) > note: a invisible-only note is refused inline and nothing is sent  868ms
   ✓ Finance validation note and archive reason (ar) > note: empty is 'required'; visible text is sent verbatim  961ms
   ✓ Finance validation note and archive reason (ar) > reason: a whitespace-only reason is refused inline and nothing is archived  829ms
   ✓ Finance validation note and archive reason (ar) > reason: a invisible-only reason is refused inline and nothing is archived  2928ms
   ✓ Finance validation note and archive reason (ar) > reason: a server 400 validation.blank on /reason is the field message, not a generic error  1416ms
   ✓ Finance validation note and archive reason (ar) > reason: a reason with U+0000 is refused inline with the localized message and nothing is archived  1796ms
   ✓ Finance validation note and archive reason (ar) > reason: a server 400 validation.invalid_character on /reason is the localized field message  1267ms
   ✓ Finance validation note and archive reason (ar) > reason: empty keeps 'too short'; visible text is sent verbatim  1656ms
   ✓ North Star statement (en) > a whitespace-only statement is refused inline and nothing is sent  750ms
   ✓ North Star statement (en) > a invisible-only statement is refused inline and nothing is sent  538ms
   ✓ North Star statement (ar) > a whitespace-only statement is refused inline and nothing is sent  888ms
   ✓ North Star statement (ar) > a invisible-only statement is refused inline and nothing is sent  682ms
   ✓ P1 transformation edit: server validation.blank on /name (en) > is the localized field message, not only a generic failure  401ms
   ✓ P1 transformation edit: server validation.blank on /name (ar) > is the localized field message, not only a generic failure  418ms
 ✓ |unit-web| src/pages/render-time-language.test.tsx (28 tests) 32481ms
   ✓ sign-in (dev form), 'en' → 'ar' > an invalid user name: the inline message follows the switch  811ms
   ✓ journey step editor, 'en' → 'ar' > a field error on a step follows the switch  2250ms
   ✓ journey step editor, 'en' → 'ar' > the form-level "Step N:" error follows the switch (prefix and message)  1311ms
   ✓ journey step editor, 'ar' → 'en' > a field error on a step follows the switch  2044ms
   ✓ journey step editor, 'ar' → 'en' > the form-level "Step N:" error follows the switch (prefix and message)  2321ms
   ✓ row-action note and reason dialog, 'en' → 'ar' > the Finance validation note's 'required' follows the switch  744ms
   ✓ row-action note and reason dialog, 'en' → 'ar' > the Finance validation choice's 'required' follows the switch  2050ms
   ✓ row-action note and reason dialog, 'en' → 'ar' > the archive reason's 'too short' follows the switch  2868ms
   ✓ row-action note and reason dialog, 'ar' → 'en' > the Finance validation note's 'required' follows the switch  2725ms
   ✓ row-action note and reason dialog, 'ar' → 'en' > the Finance validation choice's 'required' follows the switch  2424ms
   ✓ row-action note and reason dialog, 'ar' → 'en' > the archive reason's 'too short' follows the switch  1266ms
   ✓ gate dialogs, 'en' → 'ar' > the submission note's field error follows the switch  991ms
   ✓ gate dialogs, 'en' → 'ar' > the decision rationale's field error follows the switch  707ms
   ✓ gate dialogs, 'ar' → 'en' > the submission note's field error follows the switch  592ms
   ✓ gate dialogs, 'ar' → 'en' > the decision rationale's field error follows the switch  1163ms
   ✓ North Star statement, 'en' → 'ar' > the statement's field error follows the switch  1079ms
   ✓ North Star statement, 'ar' → 'en' > the statement's field error follows the switch  1309ms
   ✓ evidence dialogs, 'en' → 'ar' > upload without a file: 'required' follows the switch  1041ms
   ✓ evidence dialogs, 'en' → 'ar' > a link without a record type or record: both 'required' messages follow the switch  754ms
   ✓ evidence dialogs, 'ar' → 'en' > upload without a file: 'required' follows the switch  1266ms
   ✓ evidence dialogs, 'ar' → 'en' > a link without a record type or record: both 'required' messages follow the switch  1716ms
 ✓ |unit-web| src/pages/my-work/my-work.test.tsx (20 tests) 9517ms
   ✓ My Work (en) > renders tasks and reminders from messageKey + messageParams; Unknown due dates; system-managed tasks  1125ms
   ✓ My Work (en) > marks a task done and a reminder read with bodiless POSTs and If-Match  1136ms
   ✓ My Work (ar) > renders tasks and reminders from messageKey + messageParams; Unknown due dates; system-managed tasks  407ms
   ✓ My Work (ar) > marks a task done and a reminder read with bodiless POSTs and If-Match  927ms
   ✓ Calendar, jobs and groups (en) > calendar: read-only without calendar.configure; the calculator shows Unknown with its reason  313ms
   ✓ Calendar, jobs and groups (en) > calendar: a technical administrator adds a holiday; a range error is caught before sending  1499ms
   ✓ Calendar, jobs and groups (en) > jobs: no permission without job.read; job.configure edits a schedule with If-Match  884ms
   ✓ Calendar, jobs and groups (en) > groups: membership grants no permission (stated); group.manage creates a group  361ms
   ✓ Calendar, jobs and groups (ar) > calendar: read-only without calendar.configure; the calculator shows Unknown with its reason  420ms
   ✓ Calendar, jobs and groups (ar) > calendar: a technical administrator adds a holiday; a range error is caught before sending  789ms
   ✓ Calendar, jobs and groups (ar) > jobs: no permission without job.read; job.configure edits a schedule with If-Match  773ms
   ✓ Calendar, jobs and groups (ar) > groups: membership grants no permission (stated); group.manage creates a group  382ms
 ✓ |unit-web| src/pages/portfolio/fe-e.test.tsx (18 tests) 19415ms
   ✓ Funding decisions (en) > is a labelled business approval with no 'on behalf of' control; rationale required; POST with an Idempotency-Key  2573ms
   ✓ Funding decisions (en) > the BE-E 422s are the dialog's one translated alert; funding.amount_invalid is also inline at /amount  1822ms
   ✓ Funding decisions (en) > the history shows a missing amount as Unknown (never 0); a re-selected initiative explains the deselect rule  1030ms
   ✓ Funding decisions (en) > an exact decimal amount is shown with its currency; the auditor sees no record control  1000ms
   ✓ Funding decisions (ar) > is a labelled business approval with no 'on behalf of' control; rationale required; POST with an Idempotency-Key  1158ms
   ✓ Funding decisions (ar) > the BE-E 422s are the dialog's one translated alert; funding.amount_invalid is also inline at /amount  1119ms
   ✓ Funding decisions (ar) > the history shows a missing amount as Unknown (never 0); a re-selected initiative explains the deselect rule  728ms
   ✓ Funding decisions (ar) > an exact decimal amount is shown with its currency; the auditor sees no record control  403ms
   ✓ Deliverables and milestones on the card (en) > creates (Idempotency-Key), edits (If-Match) and archives (reason, If-Match) a deliverable  1002ms
   ✓ Deliverables and milestones on the card (en) > creates a milestone with its wave and forecast, and edits it with If-Match  813ms
   ✓ Deliverables and milestones on the card (en) > 422 initiative.read_only (a closure raced the edit) is translated as the dialog's one alert  1006ms
   ✓ Deliverables and milestones on the card (en) > a cancelled initiative shows deliverables, milestones and funding with no write control  671ms
   ✓ Deliverables and milestones on the card (en) > the card edit form translates initiative.planned_range specifically (RecordDialog namespaces)  1844ms
   ✓ Deliverables and milestones on the card (ar) > creates (Idempotency-Key), edits (If-Match) and archives (reason, If-Match) a deliverable  1223ms
   ✓ Deliverables and milestones on the card (ar) > creates a milestone with its wave and forecast, and edits it with If-Match  1511ms
   ✓ Deliverables and milestones on the card (ar) > 422 initiative.read_only (a closure raced the edit) is translated as the dialog's one alert  559ms
   ✓ Deliverables and milestones on the card (ar) > the card edit form translates initiative.planned_range specifically (RecordDialog namespaces)  746ms
 ✓ |unit-web| src/pages/benefit-formulas/benefit-formulas.test.tsx (18 tests) 18243ms
   ✓ T09 benefit formulas (en) > register: the six T09 columns with confidence H/M/L; examples marked illustrative with 100000 and 500000 SAR per year  2817ms
   ✓ T09 benefit formulas (en) > builder: an undefined variable shows translated, with its position, before saving; nothing is sent  1854ms
   ✓ T09 benefit formulas (en) > builder: monthly ARPU × annual customers is a period mismatch, translated, before saving  719ms
   ✓ T09 benefit formulas (en) > builder: a fraction is entered as percent and stored as a fraction; a version is saved with If-Match  1082ms
   ✓ T09 benefit formulas (en) > builder: a fraction difference shows percentage points (translated suffix), never %  879ms
   ✓ T09 benefit formulas (en) > builder: a 409 shows the standard conflict panel; nothing was saved  390ms
   ✓ T09 benefit formulas (en) > Finance validation of a version: a business approval by FIN; the author cannot; translated refusal  1938ms
   ✓ T09 benefit formulas (en) > Finance validation: the version's author sees the separation-of-duties note and no action  406ms
   ✓ T09 benefit formulas (ar) > register: the six T09 columns with confidence H/M/L; examples marked illustrative with 100000 and 500000 SAR per year  860ms
   ✓ T09 benefit formulas (ar) > builder: an undefined variable shows translated, with its position, before saving; nothing is sent  832ms
   ✓ T09 benefit formulas (ar) > builder: monthly ARPU × annual customers is a period mismatch, translated, before saving  427ms
   ✓ T09 benefit formulas (ar) > builder: a fraction is entered as percent and stored as a fraction; a version is saved with If-Match  1389ms
   ✓ T09 benefit formulas (ar) > builder: a fraction difference shows percentage points (translated suffix), never %  784ms
   ✓ T09 benefit formulas (ar) > builder: a 409 shows the standard conflict panel; nothing was saved  1608ms
   ✓ T09 benefit formulas (ar) > Finance validation of a version: a business approval by FIN; the author cannot; translated refusal  1177ms
   ✓ T09 benefit formulas (ar) > Finance validation: the version's author sees the separation-of-duties note and no action  556ms
 ✓ |unit-web| src/pages/meetings/governance.test.tsx (20 tests) 14808ms
   ✓ governance screens (en) > forums: the five layers with their verbatim source cadence; Arabic labelled provisional  519ms
   ✓ governance screens (en) > series editor: 'future meetings only' must be confirmed; the result lists the kept meetings  1858ms
   ✓ governance screens (en) > meeting: the brief lists missing elements; quorum not configured is never 'met'; no engineering gate named  695ms
   ✓ governance screens (en) > publishing an incomplete ask shows the server's 422 once, translated  911ms
   ✓ governance screens (en) > published minutes are read-only and the meeting shows the frozen note  819ms
   ✓ governance screens (en) > T16 log: nine columns; an earlier record shows Unknown for what it lacks; the overdue filter asks the server  702ms
   ✓ governance screens (en) > raising an ask without 'why now': the server's 400 lands on its field  639ms
   ✓ governance screens (en) > recording an Outcome is labelled a business decision and sends If-Match  1202ms
   ✓ governance screens (en) > escalations: a routing error is a visible row; a rule without a stored row is labelled Default  810ms
   ✓ governance screens (ar) > series editor: 'future meetings only' must be confirmed; the result lists the kept meetings  968ms
   ✓ governance screens (ar) > meeting: the brief lists missing elements; quorum not configured is never 'met'; no engineering gate named  618ms
   ✓ governance screens (ar) > publishing an incomplete ask shows the server's 422 once, translated  500ms
   ✓ governance screens (ar) > published minutes are read-only and the meeting shows the frozen note  694ms
   ✓ governance screens (ar) > T16 log: nine columns; an earlier record shows Unknown for what it lacks; the overdue filter asks the server  1142ms
   ✓ governance screens (ar) > raising an ask without 'why now': the server's 400 lands on its field  778ms
   ✓ governance screens (ar) > recording an Outcome is labelled a business decision and sends If-Match  1007ms
   ✓ governance screens (ar) > escalations: a routing error is a visible row; a rule without a stored row is labelled Default  580ms
 ✓ |unit-web| src/pages/business-cases/business-cases.test.tsx (18 tests) 21452ms
   ✓ business cases (en) > register: levels, Finance baseline states with text (Stale is never green) and drafts  2026ms
   ✓ business cases (en) > detail: all ten sections, totals with gross / cost / net apart, net Unknown (never 0), roll-up by reference  1840ms
   ✓ business cases (en) > totals: a partial total says how many Unknown lines it leaves out  1427ms
   ✓ business cases (en) > sections: saves only the changed section with If-Match; blank text is refused inline and nothing is sent  2346ms
   ✓ business cases (en) > sections: a 409 shows the standard conflict panel (nothing saved) with the current values  1786ms
   ✓ business cases (en) > lines: exactly one class from one select; the value basis follows the class; a 422 is translated  1241ms
   ✓ business cases (en) > Finance validation: a business approval for FIN who did not author the case; If-Match; translated 403  1243ms
   ✓ business cases (en) > Finance validation: the case author sees no validate action, only the separation-of-duties note  580ms
   ✓ business cases (ar) > register: levels, Finance baseline states with text (Stale is never green) and drafts  792ms
   ✓ business cases (ar) > detail: all ten sections, totals with gross / cost / net apart, net Unknown (never 0), roll-up by reference  1059ms
   ✓ business cases (ar) > totals: a partial total says how many Unknown lines it leaves out  755ms
   ✓ business cases (ar) > sections: saves only the changed section with If-Match; blank text is refused inline and nothing is sent  1812ms
   ✓ business cases (ar) > sections: a 409 shows the standard conflict panel (nothing saved) with the current values  1144ms
   ✓ business cases (ar) > lines: exactly one class from one select; the value basis follows the class; a 422 is translated  1135ms
   ✓ business cases (ar) > Finance validation: a business approval for FIN who did not author the case; If-Match; translated 403  1022ms
   ✓ business cases (ar) > Finance validation: the case author sees no validate action, only the separation-of-duties note  636ms
   ✓ business cases (ar) > read-only auditor: the ten sections as text, no enabled write control, the read-only note  322ms
 ✓ |unit-web| src/pages/raid/raid.test.tsx (18 tests) 22306ms
   ✓ RAID and actions screens (en) > T15 register: nine columns, Probability n/a outside Risk, per-type mitigation header, Dependency links to T08  2130ms
   ✓ RAID and actions screens (en) > Dependency form: 'To' initiative required, no probability; nothing is sent without it  761ms
   ✓ RAID and actions screens (en) > Dependency edit has no 'In progress'; a Risk edit offers it; a closed Dependency shows no closure fields  1025ms
   ✓ RAID and actions screens (en) > an Issue with a probability is refused by the server; the 422 is translated in one alert  719ms
   ✓ RAID and actions screens (en) > action register: source, follow-up date and overdue flag; edit sends If-Match  5328ms
   ✓ RAID and actions screens (en) > corrective case: source and benefit step, owner Unassigned, follow-up Unknown with reason, signals never green  1109ms
   ✓ RAID and actions screens (en) > rules: a rule without a stored row is labelled Default; saving it creates the row (POST, no If-Match)  626ms
   ✓ RAID and actions screens (en) > the read-only auditor sees the register without any write control  1480ms
   ✓ RAID and actions screens (ar) > Dependency form: 'To' initiative required, no probability; nothing is sent without it  1304ms
   ✓ RAID and actions screens (ar) > Dependency edit has no 'In progress'; a Risk edit offers it; a closed Dependency shows no closure fields  930ms
   ✓ RAID and actions screens (ar) > an Issue with a probability is refused by the server; the 422 is translated in one alert  624ms
   ✓ RAID and actions screens (ar) > action register: source, follow-up date and overdue flag; edit sends If-Match  4134ms
   ✓ RAID and actions screens (ar) > corrective case: source and benefit step, owner Unassigned, follow-up Unknown with reason, signals never green  757ms
   ✓ RAID and actions screens (ar) > the read-only auditor sees the register without any write control  823ms
 ✓ |unit-web| src/pages/dashboards/dashboards.test.tsx (21 tests) 10962ms
   ✓ Dashboards (en) > transformation dashboard: six areas, distinct value states, provisional Arabic, drill-down  2118ms
   ✓ Dashboards (en) > Executive Overview: organizationId and the period filter reach the server; window and as-of shown  672ms
   ✓ Dashboards (en) > Finance dashboard: per-class lines, gross and net, an Unknown net is never 0, non-financial is n/a  368ms
   ✓ Dashboards (en) > workspace header: every element Unknown where data is missing; one click opens the RAID register  357ms
   ✓ Dashboards (en) > workspace header: known elements show their values; a known 0 validated value is 'Known zero', not Unknown  383ms
   ✓ Dashboards (en) > workspace header unavailable: every element is Unknown, with a retry (never a guessed value)  389ms
   ✓ Dashboards (en) > My Work: sections with totals, the KPI update under Missing updates, a draft labelled not submitted, deadlines  1623ms
   ✓ Dashboards (en) > the dashboards hub lists the six dashboards and /dashboards/executive opens the Executive Overview  912ms
   ✓ Dashboards (ar) > transformation dashboard: six areas, distinct value states, provisional Arabic, drill-down  1272ms
   ✓ Dashboards (ar) > Executive Overview: organizationId and the period filter reach the server; window and as-of shown  357ms
   ✓ Dashboards (ar) > workspace header: every element Unknown where data is missing; one click opens the RAID register  547ms
   ✓ Dashboards (ar) > workspace header: known elements show their values; a known 0 validated value is 'Known zero', not Unknown  696ms
   ✓ Dashboards (ar) > My Work: sections with totals, the KPI update under Missing updates, a draft labelled not submitted, deadlines  331ms
   ✓ Dashboards (ar) > the dashboards hub lists the six dashboards and /dashboards/executive opens the Executive Overview  370ms
 ✓ |unit-web| src/pages/prioritization/prioritization.test.tsx (20 tests) 24983ms
   ✓ prioritization (en) > ranked table: an incomplete score is 'incomplete' (never a number), 3.30 complete; 0–100 shows 57.5 with its label  2624ms
   ✓ prioritization (en) > scorecard: 6 is refused inline and nothing is sent; 4 is POSTed as the integer; the weighted score is read-only 'incomplete'  3676ms
   ✓ prioritization (en) > weight sets: the live total refuses 95% and 105%; 100% is accepted and POSTed as decimal strings  1280ms
   ✓ prioritization (en) > weight sets: the proposer is never offered approval; another approver's approval is a business approval with If-Match; 403 SoD is translated  1614ms
   ✓ prioritization (en) > weight set approval: a 409 shows the conflict banner and reloads  1408ms
   ✓ prioritization (en) > ranking history: causes are translated from codes, including 'weight version 2', score change and the override reason  605ms
   ✓ prioritization (en) > overrides: a reason is required (missing and invisible-only are refused, nothing sent); with a reason it is POSTed  849ms
   ✓ prioritization (en) > the read-only auditor sees the data and no enabled write control  1100ms
   ✓ prioritization (en) > a portfolio above 500 eligible initiatives is the translated 422 state, not an empty table  669ms
   ✓ prioritization (en) > never mentions a delivery gate (DG0–DG7)  481ms
   ✓ prioritization (ar) > ranked table: an incomplete score is 'incomplete' (never a number), 3.30 complete; 0–100 shows 57.5 with its label  1196ms
   ✓ prioritization (ar) > scorecard: 6 is refused inline and nothing is sent; 4 is POSTed as the integer; the weighted score is read-only 'incomplete'  1857ms
   ✓ prioritization (ar) > weight sets: the live total refuses 95% and 105%; 100% is accepted and POSTed as decimal strings  592ms
   ✓ prioritization (ar) > weight sets: the proposer is never offered approval; another approver's approval is a business approval with If-Match; 403 SoD is translated  1336ms
   ✓ prioritization (ar) > weight set approval: a 409 shows the conflict banner and reloads  1341ms
   ✓ prioritization (ar) > ranking history: causes are translated from codes, including 'weight version 2', score change and the override reason  619ms
   ✓ prioritization (ar) > overrides: a reason is required (missing and invisible-only are refused, nothing sent); with a reason it is POSTed  1211ms
   ✓ prioritization (ar) > the read-only auditor sees the data and no enabled write control  891ms
   ✓ prioritization (ar) > a portfolio above 500 eligible initiatives is the translated 422 state, not an empty table  602ms
   ✓ prioritization (ar) > never mentions a delivery gate (DG0–DG7)  1031ms
 ✓ |unit-web| src/pages/gates/g4.test.tsx (16 tests) 12947ms
   ✓ G4 refusal item by item (en) > two initiatives without owners: two separate translated 'Owners' items, never the joined English message  1484ms
   ✓ G4 refusal item by item (en) > without a usable gate view: one translated line per refused criterion, never the English message  875ms
   ✓ G4 refusal item by item (ar) > two initiatives without owners: two separate translated 'Owners' items, never the joined English message  1126ms
   ✓ G4 refusal item by item (ar) > without a usable gate view: one translated line per refused criterion, never the English message  560ms
   ✓ G4 view (en) > a refused submission shows the 422 list with the initiative names, translated  1049ms
   ✓ G4 view (en) > the decision's 403 urn:mth:problem:forbidden is translated  914ms
   ✓ G4 view (en) > the decision's 403 urn:mth:problem:forbidden is translated  1132ms
   ✓ G4 view (en) > the decision's 409 urn:mth:problem:version-conflict is translated  641ms
   ✓ G4 view (ar) > lists the eight G4 criteria with their missing items: 'Owners', 'Finance validation' and the initiative  1195ms
   ✓ G4 view (ar) > a refused submission shows the 422 list with the initiative names, translated  1251ms
   ✓ G4 view (ar) > the decision's 403 urn:mth:problem:forbidden is translated  745ms
   ✓ G4 view (ar) > the decision's 403 urn:mth:problem:forbidden is translated  558ms
   ✓ G4 view (ar) > the decision's 409 urn:mth:problem:version-conflict is translated  1185ms
 ✓ |unit-web| src/pages/adoption/adoption.test.tsx (18 tests) 14273ms
   ✓ adoption screens (en) > T13: the seven columns, influence separate from impact, closed lists, provisional Arabic flag  1846ms
   ✓ adoption screens (en) > a server 400 stakeholder_group.stance_invalid lands on the stance field, translated  992ms
   ✓ adoption screens (en) > interventions: below-trajectory row shows Unassigned and Unknown due date with its reason  917ms
   ✓ adoption screens (en) > indicators: all seven by name; a measure without data is Unknown, never 0  548ms
   ✓ adoption screens (en) > training vs proficiency: 100 % completion beside proficiency Unknown (not adopted)  658ms
   ✓ adoption screens (en) > T04 decision page lists a champion's constraint through ?decisionId=  618ms
   ✓ adoption screens (en) > form: a proficiency observation is submitted with its stakeholder group; the API derives the result  931ms
   ✓ adoption screens (en) > AUD sees the plan read-only (no write control)  1069ms
   ✓ adoption screens (ar) > T13: the seven columns, influence separate from impact, closed lists, provisional Arabic flag  1790ms
   ✓ adoption screens (ar) > a server 400 stakeholder_group.stance_invalid lands on the stance field, translated  1177ms
   ✓ adoption screens (ar) > interventions: below-trajectory row shows Unassigned and Unknown due date with its reason  395ms
   ✓ adoption screens (ar) > indicators: all seven by name; a measure without data is Unknown, never 0  667ms
   ✓ adoption screens (ar) > training vs proficiency: 100 % completion beside proficiency Unknown (not adopted)  389ms
   ✓ adoption screens (ar) > T04 decision page lists a champion's constraint through ?decisionId=  398ms
   ✓ adoption screens (ar) > form: a proficiency observation is submitted with its stakeholder group; the API derives the result  728ms
   ✓ adoption screens (ar) > AUD sees the plan read-only (no write control)  1070ms
 ✓ |unit-web| src/app/app.test.tsx (17 tests) 7556ms
   ✓ bilingual shell > switches to English LTR and persists the preference with If-Match  993ms
   ✓ bilingual shell > shows all fourteen areas to an administrator  1081ms
   ✓ bilingual shell > hides Administration from a Workstream Lead, and the admin route shows no-permission  719ms
   ✓ bilingual shell > a partial area (Governance) leads into the Gates tab of each transformation; its portfolio view stays planned  1459ms
   ✓ transformations > lists transformations with a sortable code column and removable filter chips  566ms
   ✓ transformations > detail shows the workspace header with Unknown for data from later stages  1009ms
   ✓ transformations > edit: a 409 writes nothing, shows compare, and re-applies on the current version  562ms
 ✓ |unit-web| src/auth/session-end.test.tsx (12 tests) 13219ms
   ✓ session end while the app is open (en) > a 401 on navigation lands once on sign-in with the message; signing in again returns to the page  3234ms
   ✓ session end while the app is open (en) > a 401 on a dialog mutation (the commit-time upload refusal) closes the dialog and lands once on sign-in  1951ms
   ✓ session end while the app is open (en) > a sign-out elsewhere noticed by the next /me probe lands once on sign-in, never on the stale shell  729ms
   ✓ session end while the app is open (en) > a 403 (forbidden) is never treated as a session end  833ms
   ✓ session end while the app is open (ar) > a 401 on navigation lands once on sign-in with the message; signing in again returns to the page  1084ms
   ✓ session end while the app is open (ar) > a 401 on a dialog mutation (the commit-time upload refusal) closes the dialog and lands once on sign-in  961ms
   ✓ session end while the app is open (ar) > a sign-out elsewhere noticed by the next /me probe lands once on sign-in, never on the stale shell  808ms
   ✓ session end while the app is open (ar) > a 403 (forbidden) is never treated as a session end  806ms
   ✓ session end under <StrictMode> (as in production) > still lands exactly once on sign-in  1611ms
   ✓ sign-in page and the cached identity > decides 'already signed in' only from a fresh /me, never from a stale cache  395ms
   ✓ sign-in page and the cached identity > signing out here shows 'signed out', not 'session ended', and no /me loop  762ms
 ✓ |unit-web| src/pages/capacity/fe-e.test.tsx (13 tests) 7002ms
   ✓ capacity editing (en) > creates a role; a taken code (409) is the form's translated alert; then the role is created  976ms
   ✓ capacity editing (en) > edits a role's labels and archives it, each with If-Match  697ms
   ✓ capacity editing (en) > creates a capacity row with a decimal FTE string; a duplicate (409) is translated  708ms
   ✓ capacity editing (en) > creates a demand; after the save the plan is re-read and the conflict with its shortfall appears; Unknown stays Unknown  996ms
   ✓ capacity editing (en) > edits a planned demand with If-Match; 422 resource_demand.not_planned is translated  345ms
   ✓ capacity editing (ar) > edits a role's labels and archives it, each with If-Match  467ms
   ✓ capacity editing (ar) > creates a capacity row with a decimal FTE string; a duplicate (409) is translated  526ms
   ✓ capacity editing (ar) > creates a demand; after the save the plan is re-read and the conflict with its shortfall appears; Unknown stays Unknown  1038ms
   ✓ capacity editing (ar) > edits a planned demand with If-Match; 422 resource_demand.not_planned is translated  466ms
   ✓ capacity editing (ar) > the read-only auditor sees roles and capacity rows with no editing control  346ms
 ✓ |unit-web| src/pages/benefits/plan-values.test.tsx (15 tests) 14029ms
   ✓ plan-value editing (en) > Edit reads getBenefitPlanValue, pre-fills the form and PATCHes the changed member with the read's If-Match  1312ms
   ✓ plan-value editing (en) > an unchanged form sends nothing and says so; Cancel closes  1501ms
   ✓ plan-value editing (en) > a 409 (changed by someone else after the read) is a conflict: the record is re-read, If-Match never moves under the typed values  1104ms
   ✓ plan-value editing (en) > a failed read (500) shows its state in the section and no form; Cancel removes it  3378ms
   ✓ plan-value editing (en) > a failed read (404) shows its state in the section and no form; Cancel removes it  335ms
   ✓ plan-value editing (ar) > Edit reads getBenefitPlanValue, pre-fills the form and PATCHes the changed member with the read's If-Match  404ms
   ✓ plan-value editing (ar) > an unchanged form sends nothing and says so; Cancel closes  674ms
   ✓ plan-value editing (ar) > a 409 (changed by someone else after the read) is a conflict: the record is re-read, If-Match never moves under the typed values  1161ms
   ✓ plan-value editing (ar) > a failed read (500) shows its state in the section and no form; Cancel removes it  3297ms
   ✓ plan-value editing (ar) > a failed read (404) shows its state in the section and no form; Cancel removes it  340ms
 ✓ |unit-web| src/pages/approvals/approvals.test.tsx (16 tests) 6714ms
   ✓ Approvals (en) > lists my approvals; an Unknown due date shows Unknown with its reason, never a date  530ms
   ✓ Approvals (en) > offers exactly four outcomes; defer needs a date; the decision sends subjectVersion with If-Match  556ms
   ✓ Approvals (en) > a blank rationale is refused before sending  353ms
   ✓ Approvals (en) > a stale 409 says the record changed, records nothing and links to the history  377ms
   ✓ Approvals (en) > offers 'on behalf of' only for an active delegation to me  575ms
   ✓ Approvals (ar) > offers exactly four outcomes; defer needs a date; the decision sends subjectVersion with If-Match  371ms
   ✓ Approvals (ar) > a blank rationale is refused before sending  566ms
   ✓ Approvals (ar) > a stale 409 says the record changed, records nothing and links to the history  370ms
   ✓ Approvals (ar) > offers 'on behalf of' only for an active delegation to me  382ms
   ✓ Delegations (en) > records a delegation with Asia/Riyadh wall-clock times sent as UTC; a loop 422 is translated  381ms
   ✓ Delegations (en) > revokes with a reason and If-Match; a read-only user sees no action  706ms
   ✓ Delegations (ar) > records a delegation with Asia/Riyadh wall-clock times sent as UTC; a loop 422 is translated  411ms
   ✓ Delegations (ar) > revokes with a reason and If-Match; a read-only user sees no action  486ms
 ✓ |unit-web| src/pages/bau/sustain.test.tsx (14 tests) 6314ms
   ✓ BAU and improvement screens (en) > handover checklist marks data access missing; submit 422 names it in the shown language  889ms
   ✓ BAU and improvement screens (en) > only the receiving owner is offered accept, labelled a business approval  770ms
   ✓ BAU and improvement screens (en) > after reopening, the area shows the original handover acceptance and closure date  488ms
   ✓ BAU and improvement screens (en) > a failed check links to its recovery action; an unknown review signal is Unknown, never on track  537ms
   ✓ BAU and improvement screens (en) > CI backlog stays visible and editable after the transformation is closed  488ms
   ✓ BAU and improvement screens (ar) > handover checklist marks data access missing; submit 422 names it in the shown language  620ms
   ✓ BAU and improvement screens (ar) > only the receiving owner is offered accept, labelled a business approval  803ms
   ✓ BAU and improvement screens (ar) > after reopening, the area shows the original handover acceptance and closure date  318ms
   ✓ BAU and improvement screens (ar) > a failed check links to its recovery action; an unknown review signal is Unknown, never on track  560ms
   ✓ BAU and improvement screens (ar) > CI backlog stays visible and editable after the transformation is closed  358ms
 ✓ |unit-web| src/pages/actions/BudgetPanel.test.tsx (18 tests) 15468ms
   ✓ budget panel (en) > lines in their own currency with Unknown for an empty amount; totals per currency, Unknown with reason  1944ms
   ✓ budget panel (en) > no active line: the budget is Unknown 'No budget lines' (no_budget_lines), never a total of 0  384ms
   ✓ budget panel (en) > create: decimal strings, empty amounts omitted (Unknown), an invalid amount is refused inline with the §11 text  926ms
   ✓ budget panel (en) > a refusal is translated: 409 budget_line.duplicate on create keeps the dialog with the §11 text  1374ms
   ✓ budget panel (en) > edit sends only the changed member with If-Match of the version seen; a stale version is a 409 (nothing saved, lines re-read)  1601ms
   ✓ budget panel (en) > archive sends the reason with If-Match; 422 budget_line.archived is translated in the dialog  1221ms
   ✓ budget panel (en) > the auditor (no budget.edit) sees the panel read-only: no add, edit or archive control  847ms
   ✓ budget panel (ar) > lines in their own currency with Unknown for an empty amount; totals per currency, Unknown with reason  947ms
   ✓ budget panel (ar) > no active line: the budget is Unknown 'No budget lines' (no_budget_lines), never a total of 0  502ms
   ✓ budget panel (ar) > create: decimal strings, empty amounts omitted (Unknown), an invalid amount is refused inline with the §11 text  1345ms
   ✓ budget panel (ar) > a refusal is translated: 409 budget_line.duplicate on create keeps the dialog with the §11 text  1198ms
   ✓ budget panel (ar) > edit sends only the changed member with If-Match of the version seen; a stale version is a 409 (nothing saved, lines re-read)  1152ms
   ✓ budget panel (ar) > archive sends the reason with If-Match; 422 budget_line.archived is translated in the dialog  1001ms
   ✓ budget panel (ar) > the auditor (no budget.edit) sees the panel read-only: no add, edit or archive control  998ms
 ✓ |unit-web| src/pages/closure/closure.test.tsx (11 tests) 7687ms
   ✓ closure page (en) > shows the four statuses side by side and the value-pending labels; never 'successful'  1183ms
   ✓ closure page (en) > closing a value-pending initiative shows the translated 422 closure.value_validation_pending  792ms
   ✓ closure page (en) > closing the transformation without G6 shows the translated refusal  820ms
   ✓ closure page (en) > a returned decision offers 'Submit again (round 2)'; a non-requester's withdrawal is refused, translated  701ms
   ✓ closure page (en) > creates a transition decision with the residual owner and monitoring (a draft until submitted)  973ms
   ✓ closure page (ar) > shows the four statuses side by side and the value-pending labels; never 'successful'  466ms
   ✓ closure page (ar) > closing a value-pending initiative shows the translated 422 closure.value_validation_pending  375ms
   ✓ closure page (ar) > closing the transformation without G6 shows the translated refusal  550ms
   ✓ closure page (ar) > a returned decision offers 'Submit again (round 2)'; a non-requester's withdrawal is refused, translated  978ms
   ✓ closure page (ar) > creates a transition decision with the residual owner and monitoring (a draft until submitted)  833ms
 ✓ |unit-web| src/pages/dispensations/dispensations.test.tsx (12 tests) 12273ms
   ✓ Dispensations (en) > lists waivers and inherited approvals; unverified evidence is shown as unverified; recorder cannot decide  1227ms
   ✓ Dispensations (en) > a waiver needs a reason and an expiry: refused inline, nothing sent; then sent with its scope  1680ms
   ✓ Dispensations (en) > an inherited approval (Modular) needs the approving body, the date and evidence; 422s are translated  1089ms
   ✓ Dispensations (en) > deciding is a labelled business approval; the delegated-decision 422 and the recorder 403 are translated  1776ms
   ✓ Dispensations (en) > revoking an accepted dispensation needs a reason and is a business approval  552ms
   ✓ Dispensations (en) > the read-only auditor sees the register with no enabled write control  482ms
   ✓ Dispensations (ar) > lists waivers and inherited approvals; unverified evidence is shown as unverified; recorder cannot decide  749ms
   ✓ Dispensations (ar) > a waiver needs a reason and an expiry: refused inline, nothing sent; then sent with its scope  1226ms
   ✓ Dispensations (ar) > an inherited approval (Modular) needs the approving body, the date and evidence; 422s are translated  894ms
   ✓ Dispensations (ar) > deciding is a labelled business approval; the delegated-decision 422 and the recorder 403 are translated  867ms
   ✓ Dispensations (ar) > revoking an accepted dispensation needs a reason and is a business approval  685ms
   ✓ Dispensations (ar) > the read-only auditor sees the register with no enabled write control  1039ms
 ✓ |unit-web| src/lib/lib.test.ts (24 tests) 269ms
 ✓ |unit-web| src/pages/gates/g1-agreements.test.tsx (10 tests) 13504ms
   ✓ G1 agreements step (en) > approving G1 needs the three labelled confirmations; then sends agreements with all three true  3082ms
   ✓ G1 agreements step (en) > a non-approve outcome on G1 sends no agreements (even after ticking them)  568ms
   ✓ G1 agreements step (en) > approving another gate (G2) shows no confirmations and sends no agreements  1929ms
   ✓ G1 agreements step (en) > the server's 422 gate.g1_agreements_required is the one form-level alert, with the missing confirmations  1338ms
   ✓ G1 agreements step (en) > the server's 422 gate.agreements_not_applicable is translated as the one form-level alert  1658ms
   ✓ G1 agreements step (ar) > approving G1 needs the three labelled confirmations; then sends agreements with all three true  1297ms
   ✓ G1 agreements step (ar) > a non-approve outcome on G1 sends no agreements (even after ticking them)  1244ms
   ✓ G1 agreements step (ar) > approving another gate (G2) shows no confirmations and sends no agreements  450ms
   ✓ G1 agreements step (ar) > the server's 422 gate.g1_agreements_required is the one form-level alert, with the missing confirmations  788ms
   ✓ G1 agreements step (ar) > the server's 422 gate.agreements_not_applicable is translated as the one form-level alert  1143ms
 ✓ |unit-web| src/pages/raci/governance.test.tsx (15 tests) 14519ms
   ✓ Governance (en) > RACI: edits a row with the cell selects and saves it as one PATCH with If-Match  3119ms
   ✓ Governance (en) > RACI: an auditor sees the matrix read-only (no cell editor, no save)  1008ms
   ✓ Governance (en) > role mapping: an unmapped governance role shows the visible routing error  1039ms
   ✓ Governance (en) > decision rights: seeded rows; the due-date preview shows Unknown with its reason  1273ms
   ✓ Governance (en) > decision rights: submits the matrix for business approval with If-Match  941ms
   ✓ Governance (en) > decision rights: a field with an unknown party code is refused before sending  640ms
   ✓ Governance (ar) > RACI: edits a row with the cell selects and saves it as one PATCH with If-Match  1070ms
   ✓ Governance (ar) > RACI: an auditor sees the matrix read-only (no cell editor, no save)  309ms
   ✓ Governance (ar) > role mapping: an unmapped governance role shows the visible routing error  745ms
   ✓ Governance (ar) > decision rights: seeded rows; the due-date preview shows Unknown with its reason  991ms
   ✓ Governance (ar) > decision rights: submits the matrix for business approval with If-Match  1106ms
   ✓ Governance (ar) > decision rights: a field with an unknown party code is refused before sending  1052ms
   ✓ Governance (ar) > Transform readiness lists what is missing and links to the fix  899ms
 ✓ |unit-web| src/pages/my-work/message-keys.test.ts (83 tests) 214ms
 ✓ |unit-web| src/pages/actions/ScheduleNetworkPanel.test.tsx (11 tests) 13311ms
   ✓ schedule network panel (en) > computed (ADR-0031 §8 fixture): P = 18, path INI-01 → INI-02 → INI-04, INI-03 float 6 not critical  1911ms
   ✓ schedule network panel (en) > not computable (missing duration): the reason and INI-03 listed; no critical styling or label at all  1338ms
   ✓ schedule network panel (en) > record a duration: POST without If-Match; 409 initiative_schedule.exists is translated and the next save is a PATCH  1954ms
   ✓ schedule network panel (en) > change a duration: a stale version is a 409 (nothing saved), the current value is re-read and shown, the next save sends the current version  1323ms
   ✓ schedule network panel (en) > the auditor (no roadmap.edit) sees the network read-only: no duration control  996ms
   ✓ schedule network panel (ar) > computed (ADR-0031 §8 fixture): P = 18, path INI-01 → INI-02 → INI-04, INI-03 float 6 not critical  820ms
   ✓ schedule network panel (ar) > not computable (missing duration): the reason and INI-03 listed; no critical styling or label at all  701ms
   ✓ schedule network panel (ar) > record a duration: POST without If-Match; 409 initiative_schedule.exists is translated and the next save is a PATCH  1308ms
   ✓ schedule network panel (ar) > change a duration: a stale version is a 409 (nothing saved), the current value is re-read and shown, the next save sends the current version  1869ms
   ✓ schedule network panel (ar) > the auditor (no roadmap.edit) sees the network read-only: no duration control  1055ms
 ✓ |unit-web| src/pages/roadmap/roadmap.test.tsx (14 tests) 16261ms
   ✓ roadmap (en) > shows the four source waves verbatim (English source also shown in Arabic) with overlapping horizons  1730ms
   ✓ roadmap (en) > moving a milestone PATCHes the forecast with If-Match and the timeline, table and board all show the new date from one refetch  1532ms
   ✓ roadmap (en) > a 409 on moving a milestone shows the conflict notice and reloads the roadmap  1821ms
   ✓ roadmap (en) > re-approving a date requires a reason; then it is POSTed with If-Match  2067ms
   ✓ roadmap (en) > deliverable acceptance sends the AcceptanceDecision with If-Match (no 'on behalf of' control)  718ms
   ✓ roadmap (en) > an Unknown schedule flag is shown as Unknown; missing dates are Unknown, never blank  646ms
   ✓ roadmap (en) > the read-only auditor sees no write control  359ms
   ✓ roadmap (ar) > shows the four source waves verbatim (English source also shown in Arabic) with overlapping horizons  554ms
   ✓ roadmap (ar) > moving a milestone PATCHes the forecast with If-Match and the timeline, table and board all show the new date from one refetch  1504ms
   ✓ roadmap (ar) > a 409 on moving a milestone shows the conflict notice and reloads the roadmap  1355ms
   ✓ roadmap (ar) > re-approving a date requires a reason; then it is POSTed with If-Match  1404ms
   ✓ roadmap (ar) > deliverable acceptance sends the AcceptanceDecision with If-Match (no 'on behalf of' control)  1521ms
   ✓ roadmap (ar) > an Unknown schedule flag is shown as Unknown; missing dates are Unknown, never blank  405ms
   ✓ roadmap (ar) > the read-only auditor sees no write control  642ms
 ✓ |unit-web| src/app/p3-seams.test.tsx (10 tests) 10249ms
   ✓ P3 routes > workspace tabs (en) > the workspace tabs include the P3 tabs, labelled from their own namespaces  1306ms
   ✓ P3 routes > workspace tabs (ar) > the workspace tabs include the P3 tabs, labelled from their own namespaces  1991ms
   ✓ P3 navigation areas > en /initiatives-roadmaps leads into the Initiatives and Roadmaps tab of each transformation  1919ms
   ✓ P3 navigation areas > ar /initiatives-roadmaps leads into the المبادرات وخرائط الطريق tab of each transformation  1452ms
   ✓ P3 navigation areas > en /benefits-finance leads into the Benefits and Finance tab of each transformation  1593ms
   ✓ P3 navigation areas > ar /benefits-finance leads into the المنافع والمالية tab of each transformation  1919ms
 ✓ |unit-web| src/pages/dependencies/dependencies.test.tsx (12 tests) 8920ms
   ✓ dependencies (en) > shows the seven T08 columns, an External source, the type label and the needed-by conflict flag  1175ms
   ✓ dependencies (en) > a cycle is refused and shown as the translated message with the path INI-01 → INI-02 → INI-03 → INI-01  2177ms
   ✓ dependencies (en) > an External source is sent as {kind: external, label}  1306ms
   ✓ dependencies (en) > dependency types: system types are undeletable; an administrator may retire a custom type  415ms
   ✓ dependencies (en) > a system type's 422 dependency_type.system_undeletable is translated  338ms
   ✓ dependencies (ar) > a cycle is refused and shown as the translated message with the path INI-01 → INI-02 → INI-03 → INI-01  611ms
   ✓ dependencies (ar) > an External source is sent as {kind: external, label}  847ms
   ✓ dependencies (ar) > dependency types: system types are undeletable; an administrator may retire a custom type  849ms
   ✓ dependencies (ar) > a system type's 422 dependency_type.system_undeletable is translated  607ms
 ✓ |unit-web| src/pages/transformations/modeGuidance.test.tsx (5 tests) 3690ms
   ✓ New transformation: mode guidance (English LTR) > shows When to use and How for the selected mode and switches with the mode  2385ms
   ✓ New transformation: mode guidance (English LTR) > Modular requires an entry phase before anything is sent  591ms
   ✓ New transformation: mode guidance (English LTR) > a server validation error on the entry phase is shown on that field  453ms
 ✓ |unit-web| src/components/LanguageSwitch.test.tsx (10 tests) 9814ms
   ✓ a refused language save, 'en' → other ('403 csrf') > keeps ar on screen and says, in ar, that it was not saved  2453ms
   ✓ a refused language save, 'ar' → other ('403 csrf') > keeps en on screen and says, in en, that it was not saved  1490ms
   ✓ a refused language save, 'en' → other ('403 forbidden') > keeps ar on screen and says, in ar, that it was not saved  865ms
   ✓ a refused language save, 'ar' → other ('503') > keeps en on screen and says, in en, that it was not saved  1018ms
   ✓ the live region and the persisted preference > switching back clears the notice; the region stays in the DOM, empty  556ms
   ✓ the live region and the persisted preference > a successful save never flips back to the previous language while the PUT is in flight  634ms
   ✓ the live region and the persisted preference > if the persisted preference changes later and is re-applied, the notice says so in that language  1358ms
   ✓ the live region and the persisted preference > en: the notice is a warning banner below the header, not inside it  452ms
   ✓ the live region and the persisted preference > ar: the notice is a warning banner below the header, not inside it  668ms
   ✓ the live region and the persisted preference > the signed-out sign-in page has no live region (and so no competing status)  304ms
 ✓ |unit-web| src/pages/phases/phases.test.tsx (6 tests) 5482ms
   ✓ phase workspace (en) > lists the six phases in order, the objective, Unknown owners and the review queue; never moves a gate  791ms
   ✓ phase workspace (en) > a step with no record is read with ETag "0" and its first save sends If-Match "0"  2222ms
   ✓ phase workspace (en) > requesting review with an unmet completion rule shows the translated 422  718ms
   ✓ phase workspace (ar) > lists the six phases in order, the objective, Unknown owners and the review queue; never moves a gate  372ms
   ✓ phase workspace (ar) > a step with no record is read with ETag "0" and its first save sends If-Match "0"  916ms
   ✓ phase workspace (ar) > requesting review with an unmet completion rule shows the translated 422  400ms
 ✓ |unit-web| src/pages/gates/inherited-approval.test.tsx (16 tests) 7012ms
   ✓ inherited-approval annotation (en) > Gates list: G1 pending_verification (counts false) is a badge next to 'Not submitted'  1141ms
   ✓ inherited-approval annotation (en) > Gates list: G1 accepted (counts true) is a badge next to 'Not submitted'  450ms
   ✓ inherited-approval annotation (en) > Gates list: G1 accepted (counts false) is a badge next to 'Not submitted'  395ms
   ✓ inherited-approval annotation (en) > Gates list: G1 rejected (counts false) is a badge next to 'Not submitted'  861ms
   ✓ inherited-approval annotation (en) > Gates list: G1 revoked (counts false) is a badge next to 'Not submitted'  394ms
   ✓ inherited-approval annotation (en) > Gates list: no inherited approval, no badge  367ms
   ✓ inherited-approval annotation (en) > gate view: an accepted inherited approval is a labelled row beside the 'Not submitted' status  846ms
   ✓ inherited-approval annotation (en) > gate view: without an inherited approval there is no row  348ms
   ✓ inherited-approval annotation (ar) > gate view: an accepted inherited approval is a labelled row beside the 'Not submitted' status  788ms
 ✓ |unit-web| src/i18n/glossary.test.ts (8 tests) 17ms
 ✓ |unit-web| src/i18n/i18n.test.ts (11 tests) 245ms
 ✓ |unit-web| src/pages/kpi/kpi-periods.test.tsx (6 tests) 10265ms
   ✓ KPI update periods (en) > a Lead or KPI owner chooses an open period that is not the current one, from the transformation's list  2259ms
   ✓ KPI update periods (en) > a transformation-scoped KPI owner (no organization.read) gets the same choice  894ms
   ✓ KPI update periods (en) > no open period of the KPI's frequency: the form says so; a failed list is an error, never an empty choice  3238ms
   ✓ KPI update periods (ar) > a Lead or KPI owner chooses an open period that is not the current one, from the transformation's list  358ms
   ✓ KPI update periods (ar) > no open period of the KPI's frequency: the form says so; a failed list is an error, never an empty choice  3327ms
 ✓ |unit-web| src/pages/roadmap/fe-e.test.tsx (8 tests) 14358ms
   ✓ wave editing (en) > edits planned dates (overlap accepted) with If-Match; the source text is read-only and never sent  2258ms
   ✓ wave editing (en) > 422 roadmap_wave.planned_range is inline at the planned end and translated  1609ms
   ✓ wave editing (en) > adds a non-source wave with its bilingual texts (POST, Idempotency-Key)  2846ms
   ✓ wave editing (ar) > edits planned dates (overlap accepted) with If-Match; the source text is read-only and never sent  982ms
   ✓ wave editing (ar) > 422 roadmap_wave.planned_range is inline at the planned end and translated  1344ms
   ✓ wave editing (ar) > adds a non-source wave with its bilingual texts (POST, Idempotency-Key)  4399ms
   ✓ wave editing (ar) > the read-only auditor gets no wave control  657ms
 ✓ |unit-web| src/pages/dispensations/modular-waiver.test.tsx (7 tests) 9975ms
   ✓ Modular G3 waiver (en) > labels a Modular G3 waiver as the waiver of the missing links; End-to-End keeps the DG3 label  1390ms
   ✓ Modular G3 waiver (en) > offers the waiver with the Modular hint and sends a G3 waiver without an initiative  2349ms
   ✓ Modular G3 waiver (en) > any other Modular waiver shows the DG3 refusal, translated  1510ms
   ✓ Modular G3 waiver (ar) > labels a Modular G3 waiver as the waiver of the missing links; End-to-End keeps the DG3 label  1530ms
   ✓ Modular G3 waiver (ar) > offers the waiver with the Modular hint and sends a G3 waiver without an initiative  1719ms
   ✓ Modular G3 waiver (ar) > any other Modular waiver shows the DG3 refusal, translated  1446ms
 ✓ |unit-web| src/pages/actions/ExecutionPanel.test.tsx (12 tests) 20446ms
   ✓ execution panel (en) > milestone slip in working days (+5, −5, 0) beside calendar days; a missing date is Unknown with its reason  2255ms
   ✓ execution panel (en) > deliverable acceptance, demand without capacity (Unknown), dependency without impact (Unknown), decisions  1645ms
   ✓ execution panel (en) > critical-path membership: a label when computed; null is Unknown with no critical styling  1676ms
   ✓ execution panel (en) > the initiative page holds the slot: budget lines, execution and schedule network, in its on-this-page navigation  1077ms
   ✓ execution panel (en) > an answer outside the contract is the panel's error state; the rest of the initiative page still renders  3498ms
   ✓ execution panel (ar) > milestone slip in working days (+5, −5, 0) beside calendar days; a missing date is Unknown with its reason  1335ms
   ✓ execution panel (ar) > deliverable acceptance, demand without capacity (Unknown), dependency without impact (Unknown), decisions  2126ms
   ✓ execution panel (ar) > critical-path membership: a label when computed; null is Unknown with no critical styling  2066ms
   ✓ execution panel (ar) > the initiative page holds the slot: budget lines, execution and schedule network, in its on-this-page navigation  1489ms
   ✓ execution panel (ar) > an answer outside the contract is the panel's error state; the rest of the initiative page still renders  3267ms
 ✓ |unit-web| src/components/States.test.tsx (15 tests) 693ms
   ✓ explicit states in en > loading is a polite live region with a text label  368ms
 ✓ |unit-web| src/components/RecordForm.alerts.test.tsx (16 tests) 4999ms
   ✓ record form: one alert per distinct form error (en) > dialog > a 400 whose only field error has pointer "" says its message once, in one live region  660ms
   ✓ record form: one alert per distinct form error (en) > dialog > a field-pointer error stays on its field; the generic banner is said once  443ms
   ✓ record form: one alert per distinct form error (en) > inline-sections > a field-pointer error stays on its field; the generic banner is said once  690ms
   ✓ record form: one alert per distinct form error (ar) > dialog > the same pointer-"" code twice is still said once  346ms
   ✓ record form: one alert per distinct form error (ar) > dialog > two distinct form-level messages: each is said exactly once, one live region each  407ms
   ✓ record form: one alert per distinct form error (ar) > dialog > a field-pointer error stays on its field; the generic banner is said once  593ms
 ✓ |unit-web| src/pages/readiness/readiness.test.tsx (4 tests) 2923ms
   ✓ Readiness (en) > lists the missing diagnostic areas by name, the gates and the translated sequencing blockers  1074ms
   ✓ Readiness (en) > an accepted, verified inherited approval counts, and the gate itself still is not approved  728ms
   ✓ Readiness (ar) > lists the missing diagnostic areas by name, the gates and the translated sequencing blockers  335ms
   ✓ Readiness (ar) > an accepted, verified inherited approval counts, and the gate itself still is not approved  780ms
 ✓ |unit-web| src/i18n/problems-slices-hijk.test.ts (8 tests) 440ms
 ✓ |unit-web| src/test/react-warning-guard.test.tsx (4 tests) 178ms
 ✓ |unit-web| src/styles/styles.test.ts (6 tests) 16ms
 ✓ |unit-web| src/pages/capacity/capacity.test.tsx (6 tests) 4036ms
   ✓ capacity (en) > the role × month grid shows decimal FTE, the conflict with its shortfall, and Unknown capacity as Unknown (never 0)  1665ms
   ✓ capacity (en) > committing a demand POSTs with If-Match; a 409 shows the conflict notice and reloads  1059ms
   ✓ capacity (ar) > the role × month grid shows decimal FTE, the conflict with its shortfall, and Unknown capacity as Unknown (never 0)  456ms
   ✓ capacity (ar) > committing a demand POSTs with If-Match; a 409 shows the conflict notice and reloads  328ms
   ✓ capacity (ar) > the read-only auditor sees the grid and no commit or release control  308ms
 ✓ |unit-web| src/test/harness-config.test.ts (2 tests) 3ms
 ✓ |unit-web| src/pages/business-cases/problem-codes.test.ts (4 tests) 53ms
 ✓ |unit-node| packages/shared/src/formula/formula.test.ts (140 tests) 443ms
 ✓ |unit-node| packages/db/src/seed.test.ts (34 tests) 195ms
 ✓ |unit-node| packages/shared/src/schemas/schemas.test.ts (69 tests) 534ms
 ✓ |unit-node| apps/api/src/modules/platform/media-types.test.ts (57 tests) 828ms
 ✓ |unit-node| apps/api/src/modules/reporting/dashboards/areas.test.ts (19 tests) 768ms
   ✓ combine (ADR-0037 §3 precedence) > property: Unknown or Stale inputs never combine to green, and the result is one of the inputs' ranks (2000 seeded sets)  551ms
 ✓ |unit-node| packages/shared/src/formula/fuzz.test.ts (111 tests) 27473ms
   ✓ fuzz: no uncaught exception, no code execution > 10 000 random byte strings (0–255, up to 80 bytes)  5253ms
   ✓ fuzz: no uncaught exception, no code execution > 10 000 random UTF-16 strings including astral code points and lone surrogates  3731ms
   ✓ fuzz: no uncaught exception, no code execution > 20 000 random strings over the grammar alphabet reach parser, type checker and evaluator  11652ms
   ✓ source scan: no dynamic code in packages/shared/src/formula (ADR-0024 §6) > every file of the engine's import closure gets the engine-source lint rules (eslint.config.js)  4445ms
   ✓ source scan: no dynamic code in packages/shared/src/formula (ADR-0024 §6) > flags const EvalError = RangeError; as EvalError outside instanceof  339ms
   ✓ source scan: no dynamic code in packages/shared/src/formula (ADR-0024 §6) > ESLint refuses the round-5 handler forms (G1, G2, A1, A2), F1 and every lintable probe-table row in an engine source  1886ms
 ✓ |unit-node| packages/shared/src/value.test.ts (29 tests) 323ms
 ✓ |unit-node| apps/api/src/modules/kpi/rules.test.ts (30 tests) 44ms
 ✓ |unit-node| apps/api/src/modules/kpi/totals.test.ts (20 tests) 28ms
 ✓ |unit-node| packages/shared/src/scoring.test.ts (36 tests) 1617ms
   ✓ property: all 5^5 integer score combinations under v1 equal an independent BigInt rational computation > stored value, 2-digit display and 0–100 view all match for 3125 combinations  1473ms
 ✓ |unit-node| packages/shared/src/kpi/rag.test.ts (38 tests) 66ms
 ✓ |unit-node| apps/api/src/modules/workflows/workflows.test.ts (14 tests) 3835ms
   ✓ workflows module (P2) > its declared boundary holds, and an undeclared dependency would be caught  3692ms
 ✓ |unit-node| apps/api/src/architecture.test.ts (138 tests) 40359ms
   ✓ API module boundaries (ADR-0002) > every import respects dependsOn, public surfaces and allowed packages  24570ms
   ✓ package dependency direction (ADR-0002 rule 5) > packages/db imports only @mth/config and @mth/shared  459ms
   ✓ package dependency direction (ADR-0002 rule 5) > packages/shared imports no workspace package  2989ms
   ✓ package dependency direction (ADR-0002 rule 5) > apps/web never imports @mth/db or @mth/config (browser bundle, no secrets)  10125ms
   ✓ package dependency direction (ADR-0002 rule 5) > apps/worker imports no API code  851ms
 ✓ |unit-node| apps/api/src/modules/benefits/totals.test.ts (14 tests) 88ms
 ✓ |unit-node| packages/shared/src/kpi/property.test.ts (11 tests) 1684ms
 ✓ |unit-node| apps/api/src/modules/benefits/register-rules.test.ts (45 tests) 92ms
 ✓ |unit-node| apps/api/src/modules/reporting/dashboards/k1-value-class.test.ts (7 tests) 28ms
 ✓ |unit-node| packages/shared/src/kpi/a05.test.ts (17 tests) 44ms
 ✓ |unit-node| apps/api/src/modules/benefits/d2-rules.test.ts (15 tests) 184ms
 ✓ |unit-node| apps/api/src/modules/platform/platform.test.ts (19 tests) 877ms
   ✓ invalid characters (U+0000): SQLSTATE mapping and the central request check (F-DG2-231) > a deeply nested body is scanned without recursion (no stack overflow)  673ms
 ✓ |unit-node| packages/shared/src/adoption/measures.test.ts (24 tests) 955ms
   ✓ properties (seeded) > never 0 for an empty denominator: Unknown with value null exactly when the denominator is 0  485ms
 ✓ |unit-node| packages/shared/src/kpi/formula-binding.test.ts (26 tests) 39ms
 ✓ |unit-node| packages/shared/src/kpi/status.test.ts (25 tests) 29ms
 ✓ |unit-node| packages/shared/src/kpi/periods.test.ts (26 tests) 21ms
 ✓ |unit-node| tests/qa/unit/a05-calc-units.test.ts (15 tests) 39ms
 ✓ |unit-node| apps/api/src/modules/kpi/formulas.test.ts (10 tests) 115ms
 ✓ |unit-node| apps/api/src/modules/evidence/evidence.test.ts (13 tests) 1709ms
   ✓ evidence module (P2) > its declared boundary holds  1395ms
 ✓ |unit-node| packages/shared/src/adoption/form-schema.test.ts (8 tests) 18ms
 ✓ |unit-node| apps/api/src/modules/kpi/kpi.test.ts (39 tests) 5277ms
   ✓ kpi module (P2) > its declared boundary holds, and a planted bypass or undeclared dependency would be caught  5046ms
 ✓ |unit-node| packages/shared/src/governance/recurrence.test.ts (19 tests) 17ms
 ✓ |unit-node| packages/shared/src/schemas/missing-links.test.ts (10 tests) 28ms
 ✓ |unit-node| apps/api/src/modules/portfolio/schedule.test.ts (14 tests) 7ms
 ✓ |unit-node| packages/shared/src/time/working-days.test.ts (19 tests) 176ms
 ✓ |unit-node| packages/shared/src/kpi/aggregate.test.ts (20 tests) 16ms
 ✓ |unit-node| apps/api/src/modules/kpi/kbe-c.test.ts (9 tests) 82ms
 ✓ |unit-node| apps/api/src/modules/reporting/dashboards/finance.test.ts (12 tests) 34ms
 ✓ |unit-node| apps/api/src/request-encoding.test.ts (11 tests) 235ms
 ✓ |unit-node| apps/api/src/modules/access/rules.test.ts (12 tests) 8ms
 ✓ |unit-node| apps/api/src/modules/workflows/g4.test.ts (5 tests) 14ms
 ✓ |unit-node| packages/shared/src/schedule/critical-path.test.ts (13 tests) 20ms
 ✓ |unit-node| apps/api/src/modules/platform/incomplete-body.test.ts (10 tests) 342ms
 ✓ |unit-node| apps/api/src/modules/kpi/p3-gate-facts.test.ts (9 tests) 59ms
 ✓ |unit-node| apps/api/src/modules/platform/db-errors.test.ts (7 tests) 27ms
 ✓ |unit-node| packages/config/src/load.test.ts (17 tests) 103ms
 ✓ |unit-node| apps/api/src/modules/raid/raid.test.ts (7 tests) 85ms
 ✓ |unit-node| packages/shared/src/kpi/change.test.ts (22 tests) 217ms
 ✓ |unit-node| packages/design-tokens/src/tokens.test.ts (15 tests) 92ms
 ✓ |unit-node| apps/api/src/modules/portfolio/sequencing.test.ts (9 tests) 11ms
 ✓ |unit-node| packages/shared/src/kpi/types.test.ts (40 tests) 17ms
 ✓ |unit-node| packages/shared/src/kpi/measures.test.ts (30 tests) 29ms
 ✓ |unit-node| apps/api/src/server.test.ts (6 tests) 3604ms
   ✓ route registration > declares access on every /api route and on the health endpoints  1177ms
   ✓ route registration > registers dev login only in AUTH_MODE=dev; production configuration refuses dev mode entirely  1414ms
   ✓ session cookie security in production (F-DG1-112) > an https production origin starts  514ms
   ✓ module composition (D-048, P2) > wires the P2 business modules (each registering routes) and keeps reporting a route-free scaffold until P5  428ms
 ✓ |unit-node| apps/api/src/modules/portfolio/budget.test.ts (13 tests) 57ms
 ✓ |unit-node| packages/shared/src/kpi/trajectory.test.ts (14 tests) 33ms
 ✓ |unit-node| apps/api/src/modules/platform/db-errors-p4.test.ts (5 tests) 48ms
 ✓ |unit-node| apps/api/src/modules/transformations/good-outcome.test.ts (7 tests) 46ms
(node:2352) [FSTDEP022] FastifyWarning: The router options for constraints property access is deprecated. Please use "options.routerOptions" instead for accessing router options. The router options will be removed in `fastify@6`.
(Use `node --trace-warnings ...` to show where the warning was created)
 ✓ |unit-node| apps/api/src/modules/platform/framework-errors.test.ts (6 tests) 79ms
 ✓ |unit-node| apps/api/src/modules/platform/connection-hygiene.test.ts (6 tests) 141ms
 ✓ |unit-node| packages/shared/src/schemas/corrective.test.ts (10 tests) 34ms
 ✓ |unit-node| packages/shared/src/schedule/working-day-slip.test.ts (11 tests) 27ms
 ✓ |unit-node| apps/api/src/modules/raid/corrective.test.ts (4 tests) 51ms
 ✓ |unit-node| apps/api/src/modules/admin/branding.test.ts (4 tests) 260ms
 ✓ |unit-node| apps/api/src/modules/platform/advisory-locks.test.ts (3 tests) 75ms
 ✓ |unit-node| apps/api/src/modules/tasks/tasks.test.ts (5 tests) 77ms
 ✓ |unit-node| packages/shared/src/schemas/roadmap.test.ts (6 tests) 19ms
 ✓ |unit-node| apps/api/src/modules/reporting/reporting.test.ts (4 tests) 3075ms
   ✓ reporting module (P1 scaffold, D-048) > its declared boundary holds, and a planted bypass or undeclared dependency would be caught  2955ms
 ✓ |unit-node| apps/api/src/modules/platform/request-encoding.test.ts (7 tests) 17ms
 ✓ |unit-node| apps/api/src/modules/platform/db-errors-p4-meetings.test.ts (4 tests) 23ms
 ✓ |unit-node| apps/api/src/modules/platform/in-flight.test.ts (4 tests) 340ms
 ✓ |unit-node| apps/api/src/modules/portfolio/readiness-transform.test.ts (4 tests) 12ms
 ✓ |unit-node| apps/api/src/modules/transformations/thesis.test.ts (4 tests) 6ms
 ✓ |unit-node| packages/shared/src/kpi/purity.test.ts (14 tests) 106ms
 ✓ |unit-node| apps/api/src/modules/methodology/methodology.test.ts (4 tests) 565ms
   ✓ methodology module (P2) > its declared boundary holds, and an undeclared dependency would be caught  510ms
 ✓ |unit-node| apps/api/src/modules/platform/health.test.ts (2 tests) 54ms
 ✓ |unit-node| apps/api/src/modules/identity/oidc-claims.test.ts (5 tests) 48ms
 ✓ |unit-node| apps/api/src/modules/workflows/t08-cycle-problem.test.ts (2 tests) 17ms
 ✓ |unit-node| apps/api/src/modules/portfolio/capacity.test.ts (4 tests) 15ms
 ✓ |unit-node| apps/api/src/modules/sustainment/sustainment.test.ts (2 tests) 146ms
 ✓ |unit-node| apps/api/src/modules/governance/raci.test.ts (2 tests) 12ms
 ✓ |unit-node| apps/api/src/modules/governance/governance.test.ts (2 tests) 72ms
 ✓ |unit-node| apps/api/src/modules/transformations/exclusions.test.ts (19 tests) 12ms
 ✓ |unit-node| apps/api/src/modules/benefits/benefits.test.ts (2 tests) 134ms
 ✓ |unit-node| apps/api/src/modules/transformations/transitions.test.ts (2 tests) 4ms
 ✓ |unit-node| apps/api/src/modules/adoption/adoption.test.ts (2 tests) 108ms

 Test Files  144 passed (144)
      Tests  2726 passed (2726)
   Start at  13:41:36
   Duration  564.15s (transform 25.27s, setup 28.27s, collect 480.12s, tests 944.74s, environment 97.07s, prepare 31.41s)


 RUN  v3.2.4 /home/user/wt/dg4-kbe-r4

 ✓ |unit-formula-nocodegen| packages/shared/src/formula/codegen.nocodegen.test.ts (10 tests) 20ms
 ✓ |unit-formula-nocodegen| packages/shared/src/formula/formula.test.ts (140 tests) 243ms
 ✓ |unit-formula-nocodegen| packages/shared/src/formula/fuzz.test.ts (111 tests | 2 skipped) 9452ms
   ✓ fuzz: no uncaught exception, no code execution > 10 000 random byte strings (0–255, up to 80 bytes)  2996ms
   ✓ fuzz: no uncaught exception, no code execution > 10 000 random UTF-16 strings including astral code points and lone surrogates  2825ms
   ✓ fuzz: no uncaught exception, no code execution > 20 000 random strings over the grammar alphabet reach parser, type checker and evaluator  3536ms

 Test Files  3 passed (3)
      Tests  259 passed | 2 skipped (261)
   Start at  13:51:01
   Duration  11.42s (transform 881ms, setup 0ms, collect 2.24s, tests 9.71s, environment 1ms, prepare 596ms)

EXIT=0
