
 RUN  v3.2.4 /home/user/My-owns/apps/web

 ❯ |unit-web| src/components/RecordForm.alerts.test.tsx (16 tests | 12 failed) 61173ms
   × record form: one alert per distinct form error (en) > dialog > a 400 whose only field error has pointer "" says its message once, in one live region 5236ms
     → expected 2 to be 1 // Object.is equality

Ignored nodes: comments, script, style
[36m<html[39m
  [33mdir[39m=[32m"ltr"[39m
  [33mlang[39m=[32m"en"[39m
[36m>[39m
  [36m<head />[39m
  [36m<body>[39m
    [36m<div>[39m
      [36m<div[39m
        [33mclass[39m=[32m"dialog-backdrop"[39m
      [36m>[39m
        [36m<div[39m
          [33maria-labelledby[39m=[32m"_r_0_"[39m
          [33maria-modal[39m=[32m"true"[39m
          [33mclass[39m=[32m"dialog"[39m
          [33mrole[39m=[32m"dialog"[39m
        [36m>[39m
          [36m<h2[39m
            [33mclass[39m=[32m"dialog__title"[39m
            [33mid[39m=[32m"_r_0_"[39m
          [36m>[39m
            [0mSynthetic record[0m
          [36m</h2>[39m
          [36m<div[39m
            [33mclass[39m=[32m"dialog__body"[39m
          [36m>[39m
            [36m<form[39m
              [33mclass[39m=[32m"form form--dialog"[39m
              [33mnovalidate[39m=[32m""[39m
            [36m>[39m
              [36m<div[39m
                [33mclass[39m=[32m"field"[39m
              [36m>[39m
                [36m<label[39m
                  [33mclass[39m=[32m"field__label"[39m
                  [33mfor[39m=[32m"_r_2_"[39m
                [36m>[39m
                  [0mName (synthetic)[0m
                  [36m<span[39m
                    [33mclass[39m=[32m"field__required"[39m
                  [36m>[39m
                    [0m ([0m
                    [0mrequired[0m
                    [0m)[0m
                  [36m</span>[39m
                [36m</label>[39m
                [36m<input[39m
                  [33maria-required[39m=[32m"true"[39m
                  [33mid[39m=[32m"_r_2_"[39m
                  [33mname[39m=[32m"name"[39m
                  [33mtype[39m=[32m"text"[39m
                  [33mvalue[39m=[32m"Synthetic name"[39m
                [36m/>[39m
              [36m</div>[39m
              [36m<div[39m
                [33mclass[39m=[32m"field"[39m
              [36m>[39m
                [36m<label[39m
                  [33mclass[39m=[32m"field__label"[39m
                  [33mfor[39m=[32m"_r_4_"[39m
                [36m>[39m
                  [0mNotes (synthetic)[0m
                [36m</label>[39m
                [36m<textarea[39m
                  [33mid[39m=[32m"_r_4_"[39m
                  [33mname[39m=[32m"notes"[39m
                  [33mrows[39m=[32m"3"[39m
                [36m/>[39m
              [36m</div>[39m
              [36m<div[39m
                [33mclass[39m=[32m"banner banner--error"[39m
                [33mdata-state[39m=[32m"form-errors"[39m
                [33mrole[39m=[32m"alert"[39m
              [36m>[39m
                [36m<ul[39m
                  [33mclass[39m=[32m"plain-list"[39m
                [36m>[39m
                  [36m<li>[39m
                    [36m<svg[39m
                      [33maria-hidden[39m=[32m"true"[39m
                      [33mclass[39m=[32m"icon"[39m
                      [33mfill[39m=[32m"none"[39m
                      [33mfocusable[39m=[32m"false"[39m
                      [33mheight[39m=[32m"16"[39m
                      [33mstroke[39m=[32m"currentColor"[39m
                      [33mstroke-linecap[39m=[32m"round"[39m
                      [33mstroke-linejoin[39m=[32m"round"[39m
                      [33mstroke-width[39m=[32m"1.8"[39m
                      [33mviewBox[39m=[32m"0 0 20 20"[39m
                      [33mwidth[39m=[32m"16"[39m
                    [36m>[39m
                      [36m<path[39m
                        [33md[39m=[32m"M10 3l8 14H2L10 3zm0 5v4m0 3v.5"[39m
                      [36m/>[39m
                    [36m</svg>[39m
                    [0m [0m
                    [0mThe request was not valid JSON.[0m
                  [36m</li>[39m
                [36m</ul>[39m
              [36m</div>[39m
              [36m<p[39m
                [33mclass[39m=[32m"banner banner--error"[39m
                [33mdata-state[39m=[32m"error"[39m
                [33mrole[39m=[32m"alert"[39m
              [36m>[39m
                [36m<svg[39m
                  [33maria-hidden[39m=[32m"true"[39m
                  [33mclass[39m=[32m"icon"[39m
                  [33mfill[39m=[32m"none"[39m
                  [33mfocusable[39m=[32m"false"[39m
                  [33mheight[39m=[32m"16"[39m
                  [33mstroke[39m=[32m"currentColor"[39m
                  [33mstroke-linecap[39m=[32m"round"[39m
                  [33mstroke-linejoin[39m=[32m"round"[39m
                  [33mstroke-width[39m=[32m"1.8"[39m
                  [33mviewBox[39m=[32m"0 0 20 20"[39m
                  [33mwidth[39m=[32m"16"[39m
                [36m>[39m
                  [36m<path[39m
                    [33md[39m=[32m"M10 3l8 14H2L10 3zm0 5v4m0 3v.5"[39m
                  [36m/>[39m
                [36m</svg>[39m
                [0m [0m
                [0mThe request was not valid JSON.[0m
              [36m</p>[39m
            [36m</form>[39m
          [36m</div>[39m
          [36m<div[39m
            [33mclass[39m=[32m"dialog__footer"[39m
          [36m>[39m
            [36m<button[39m
              [33mclass[39m=[32m"button button--secondary"[39m
              [33mtype[39m=[32m"button"[39m
            [36m>[39m
              [0mCancel[0m
            [36m</button>[39m
            [36m<button[39m
              [33mclass[39m=[32m"button button--primary"[39m
              [33mtype[39m=[32m"button"[39m
            [36m>[39m
              [0mSave (synthetic)[0m
            [36m</button>[39m
          [36m</div>[39m
        [36m</div>[39m
      [36m</div>[39m
    [36m</div>[39m
  [36m</body>[39m
[36m</html>[39m
   × record form: one alert per distinct form error (en) > dialog > the same pointer-"" code twice is still said once 5096ms
     → expected 2 to be 1 // Object.is equality

Ignored nodes: comments, script, style
[36m<html[39m
  [33mdir[39m=[32m"ltr"[39m
  [33mlang[39m=[32m"en"[39m
[36m>[39m
  [36m<head />[39m
  [36m<body>[39m
    [36m<div>[39m
      [36m<div[39m
        [33mclass[39m=[32m"dialog-backdrop"[39m
      [36m>[39m
        [36m<div[39m
          [33maria-labelledby[39m=[32m"_r_5_"[39m
          [33maria-modal[39m=[32m"true"[39m
          [33mclass[39m=[32m"dialog"[39m
          [33mrole[39m=[32m"dialog"[39m
        [36m>[39m
          [36m<h2[39m
            [33mclass[39m=[32m"dialog__title"[39m
            [33mid[39m=[32m"_r_5_"[39m
          [36m>[39m
            [0mSynthetic record[0m
          [36m</h2>[39m
          [36m<div[39m
            [33mclass[39m=[32m"dialog__body"[39m
          [36m>[39m
            [36m<form[39m
              [33mclass[39m=[32m"form form--dialog"[39m
              [33mnovalidate[39m=[32m""[39m
            [36m>[39m
              [36m<div[39m
                [33mclass[39m=[32m"field"[39m
              [36m>[39m
                [36m<label[39m
                  [33mclass[39m=[32m"field__label"[39m
                  [33mfor[39m=[32m"_r_7_"[39m
                [36m>[39m
                  [0mName (synthetic)[0m
                  [36m<span[39m
                    [33mclass[39m=[32m"field__required"[39m
                  [36m>[39m
                    [0m ([0m
                    [0mrequired[0m
                    [0m)[0m
                  [36m</span>[39m
                [36m</label>[39m
                [36m<input[39m
                  [33maria-required[39m=[32m"true"[39m
                  [33mid[39m=[32m"_r_7_"[39m
                  [33mname[39m=[32m"name"[39m
                  [33mtype[39m=[32m"text"[39m
                  [33mvalue[39m=[32m"Synthetic name"[39m
                [36m/>[39m
              [36m</div>[39m
              [36m<div[39m
                [33mclass[39m=[32m"field"[39m
              [36m>[39m
                [36m<label[39m
                  [33mclass[39m=[32m"field__label"[39m
                  [33mfor[39m=[32m"_r_9_"[39m
                [36m>[39m
                  [0mNotes (synthetic)[0m
                [36m</label>[39m
                [36m<textarea[39m
                  [33mid[39m=[32m"_r_9_"[39m
                  [33mname[39m=[32m"notes"[39m
                  [33mrows[39m=[32m"3"[39m
                [36m/>[39m
              [36m</div>[39m
              [36m<div[39m
                [33mclass[39m=[32m"banner banner--error"[39m
                [33mdata-state[39m=[32m"form-errors"[39m
                [33mrole[39m=[32m"alert"[39m
              [36m>[39m
                [36m<ul[39m
                  [33mclass[39m=[32m"plain-list"[39m
                [36m>[39m
                  [36m<li>[39m
                    [36m<svg[39m
                      [33maria-hidden[39m=[32m"true"[39m
                      [33mclass[39m=[32m"icon"[39m
                      [33mfill[39m=[32m"none"[39m
                      [33mfocusable[39m=[32m"false"[39m
                      [33mheight[39m=[32m"16"[39m
                      [33mstroke[39m=[32m"currentColor"[39m
                      [33mstroke-linecap[39m=[32m"round"[39m
                      [33mstroke-linejoin[39m=[32m"round"[39m
                      [33mstroke-width[39m=[32m"1.8"[39m
                      [33mviewBox[39m=[32m"0 0 20 20"[39m
                      [33mwidth[39m=[32m"16"[39m
                    [36m>[39m
                      [36m<path[39m
                        [33md[39m=[32m"M10 3l8 14H2L10 3zm0 5v4m0 3v.5"[39m
                      [36m/>[39m
                    [36m</svg>[39m
                    [0m [0m
                    [0mThe request was not valid JSON.[0m
                  [36m</li>[39m
                [36m</ul>[39m
              [36m</div>[39m
              [36m<p[39m
                [33mclass[39m=[32m"banner banner--error"[39m
                [33mdata-state[39m=[32m"error"[39m
                [33mrole[39m=[32m"alert"[39m
              [36m>[39m
                [36m<svg[39m
                  [33maria-hidden[39m=[32m"true"[39m
                  [33mclass[39m=[32m"icon"[39m
                  [33mfill[39m=[32m"none"[39m
                  [33mfocusable[39m=[32m"false"[39m
                  [33mheight[39m=[32m"16"[39m
                  [33mstroke[39m=[32m"currentColor"[39m
                  [33mstroke-linecap[39m=[32m"round"[39m
                  [33mstroke-linejoin[39m=[32m"round"[39m
                  [33mstroke-width[39m=[32m"1.8"[39m
                  [33mviewBox[39m=[32m"0 0 20 20"[39m
                  [33mwidth[39m=[32m"16"[39m
                [36m>[39m
                  [36m<path[39m
                    [33md[39m=[32m"M10 3l8 14H2L10 3zm0 5v4m0 3v.5"[39m
                  [36m/>[39m
                [36m</svg>[39m
                [0m [0m
                [0mThe request was not valid JSON.[0m
              [36m</p>[39m
            [36m</form>[39m
          [36m</div>[39m
          [36m<div[39m
            [33mclass[39m=[32m"dialog__footer"[39m
          [36m>[39m
            [36m<button[39m
              [33mclass[39m=[32m"button button--secondary"[39m
              [33mtype[39m=[32m"button"[39m
            [36m>[39m
              [0mCancel[0m
            [36m</button>[39m
            [36m<button[39m
              [33mclass[39m=[32m"button button--primary"[39m
              [33mtype[39m=[32m"button"[39m
            [36m>[39m
              [0mSave (synthetic)[0m
            [36m</button>[39m
          [36m</div>[39m
        [36m</div>[39m
      [36m</div>[39m
    [36m</div>[39m
  [36m</body>[39m
[36m</html>[39m
   × record form: one alert per distinct form error (en) > dialog > two distinct form-level messages: each is said exactly once, one live region each 5069ms
     → expected 2 to be 1 // Object.is equality

Ignored nodes: comments, script, style
[36m<html[39m
  [33mdir[39m=[32m"ltr"[39m
  [33mlang[39m=[32m"en"[39m
[36m>[39m
  [36m<head />[39m
  [36m<body>[39m
    [36m<div>[39m
      [36m<div[39m
        [33mclass[39m=[32m"dialog-backdrop"[39m
      [36m>[39m
        [36m<div[39m
          [33maria-labelledby[39m=[32m"_r_a_"[39m
          [33maria-modal[39m=[32m"true"[39m
          [33mclass[39m=[32m"dialog"[39m
          [33mrole[39m=[32m"dialog"[39m
        [36m>[39m
          [36m<h2[39m
            [33mclass[39m=[32m"dialog__title"[39m
            [33mid[39m=[32m"_r_a_"[39m
          [36m>[39m
            [0mSynthetic record[0m
          [36m</h2>[39m
          [36m<div[39m
            [33mclass[39m=[32m"dialog__body"[39m
          [36m>[39m
            [36m<form[39m
              [33mclass[39m=[32m"form form--dialog"[39m
              [33mnovalidate[39m=[32m""[39m
            [36m>[39m
              [36m<div[39m
                [33mclass[39m=[32m"field"[39m
              [36m>[39m
                [36m<label[39m
                  [33mclass[39m=[32m"field__label"[39m
                  [33mfor[39m=[32m"_r_c_"[39m
                [36m>[39m
                  [0mName (synthetic)[0m
                  [36m<span[39m
                    [33mclass[39m=[32m"field__required"[39m
                  [36m>[39m
                    [0m ([0m
                    [0mrequired[0m
                    [0m)[0m
                  [36m</span>[39m
                [36m</label>[39m
                [36m<input[39m
                  [33maria-required[39m=[32m"true"[39m
                  [33mid[39m=[32m"_r_c_"[39m
                  [33mname[39m=[32m"name"[39m
                  [33mtype[39m=[32m"text"[39m
                  [33mvalue[39m=[32m"Synthetic name"[39m
                [36m/>[39m
              [36m</div>[39m
              [36m<div[39m
                [33mclass[39m=[32m"field"[39m
              [36m>[39m
                [36m<label[39m
                  [33mclass[39m=[32m"field__label"[39m
                  [33mfor[39m=[32m"_r_e_"[39m
                [36m>[39m
                  [0mNotes (synthetic)[0m
                [36m</label>[39m
                [36m<textarea[39m
                  [33mid[39m=[32m"_r_e_"[39m
                  [33mname[39m=[32m"notes"[39m
                  [33mrows[39m=[32m"3"[39m
                [36m/>[39m
              [36m</div>[39m
              [36m<div[39m
                [33mclass[39m=[32m"banner banner--error"[39m
                [33mdata-state[39m=[32m"form-errors"[39m
                [33mrole[39m=[32m"alert"[39m
              [36m>[39m
                [36m<ul[39m
                  [33mclass[39m=[32m"plain-list"[39m
                [36m>[39m
                  [36m<li>[39m
                    [36m<svg[39m
                      [33maria-hidden[39m=[32m"true"[39m
                      [33mclass[39m=[32m"icon"[39m
                      [33mfill[39m=[32m"none"[39m
                      [33mfocusable[39m=[32m"false"[39m
                      [33mheight[39m=[32m"16"[39m
                      [33mstroke[39m=[32m"currentColor"[39m
                      [33mstroke-linecap[39m=[32m"round"[39m
                      [33mstroke-linejoin[39m=[32m"round"[39m
                      [33mstroke-width[39m=[32m"1.8"[39m
                      [33mviewBox[39m=[32m"0 0 20 20"[39m
                      [33mwidth[39m=[32m"16"[39m
                    [36m>[39m
                      [36m<path[39m
                        [33md[39m=[32m"M10 3l8 14H2L10 3zm0 5v4m0 3v.5"[39m
                      [36m/>[39m
                    [36m</svg>[39m
                    [0m [0m
                    [0mThe request was not valid JSON.[0m
                  [36m</li>[39m
                  [36m<li>[39m
                    [36m<svg[39m
                      [33maria-hidden[39m=[32m"true"[39m
                      [33mclass[39m=[32m"icon"[39m
                      [33mfill[39m=[32m"none"[39m
                      [33mfocusable[39m=[32m"false"[39m
                      [33mheight[39m=[32m"16"[39m
                      [33mstroke[39m=[32m"currentColor"[39m
                      [33mstroke-linecap[39m=[32m"round"[39m
                      [33mstroke-linejoin[39m=[32m"round"[39m
                      [33mstroke-width[39m=[32m"1.8"[39m
                      [33mviewBox[39m=[32m"0 0 20 20"[39m
                      [33mwidth[39m=[32m"16"[39m
                    [36m>[39m
                      [36m<path[39m
                        [33md[39m=[32m"M10 3l8 14H2L10 3zm0 5v4m0 3v.5"[39m
                      [36m/>[39m
                    [36m</svg>[39m
                    [0m [0m
                    [0mThe request format is not supported.[0m
                  [36m</li>[39m
                [36m</ul>[39m
              [36m</div>[39m
              [36m<p[39m
                [33mclass[39m=[32m"banner banner--error"[39m
                [33mdata-state[39m=[32m"error"[39m
                [33mrole[39m=[32m"alert"[39m
              [36m>[39m
                [36m<svg[39m
                  [33maria-hidden[39m=[32m"true"[39m
                  [33mclass[39m=[32m"icon"[39m
                  [33mfill[39m=[32m"none"[39m
                  [33mfocusable[39m=[32m"false"[39m
                  [33mheight[39m=[32m"16"[39m
                  [33mstroke[39m=[32m"currentColor"[39m
                  [33mstroke-linecap[39m=[32m"round"[39m
                  [33mstroke-linejoin[39m=[32m"round"[39m
                  [33mstroke-width[39m=[32m"1.8"[39m
                  [33mviewBox[39m=[32m"0 0 20 20"[39m
                  [33mwidth[39m=[32m"16"[39m
                [36m>[39m
                  [36m<path[39m
                    [33md[39m=[32m"M10 3l8 14H2L10 3zm0 5v4m0 3v.5"[39m
                  [36m/>[39m
                [36m</svg>[39m
                [0m [0m
                [0mThe request was not valid JSON.[0m
              [36m</p>[39m
            [36m</form>[39m
          [36m</div>[39m
          [36m<div[39m
            [33mclass[39m=[32m"dialog__footer"[39m
          [36m>[39m
            [36m<button[39m
              [33mclass[39m=[32m"button button--secondary"[39m
              [33mtype[39m=[32m"button"[39m
            [36m>[39m
              [0mCancel[0m
            [36m</button>[39m
            [36m<button[39m
              [33mclass[39m=[32m"button button--primary"[39m
              [33mtype[39m=[32m"button"[39m
            [36m>[39m
              [0mSave (synthetic)[0m
            [36m</button>[39m
          [36m</div>[39m
        [36m</div>[39m
      [36m</div>[39m
    [36m</div>[39m
  [36m</body>[39m
[36m</html>[39m
   ✓ record form: one alert per distinct form error (en) > dialog > a field-pointer error stays on its field; the generic banner is said once 96ms
   × record form: one alert per distinct form error (en) > inline-sections > a 400 whose only field error has pointer "" says its message once, in one live region 5067ms
     → expected 2 to be 1 // Object.is equality

Ignored nodes: comments, script, style
[36m<html[39m
  [33mdir[39m=[32m"ltr"[39m
  [33mlang[39m=[32m"en"[39m
[36m>[39m
  [36m<head />[39m
  [36m<body>[39m
    [36m<div>[39m
      [36m<form[39m
        [33mclass[39m=[32m"form"[39m
        [33mnovalidate[39m=[32m""[39m
      [36m>[39m
        [36m<fieldset[39m
          [33mclass[39m=[32m"plain-fieldset form-section"[39m
        [36m>[39m
          [36m<legend[39m
            [33mclass[39m=[32m"card__subtitle"[39m
          [36m>[39m
            [0mSynthetic section[0m
          [36m</legend>[39m
          [36m<div[39m
            [33mclass[39m=[32m"field"[39m
          [36m>[39m
            [36m<label[39m
              [33mclass[39m=[32m"field__label"[39m
              [33mfor[39m=[32m"_r_l_"[39m
            [36m>[39m
              [0mName (synthetic)[0m
              [36m<span[39m
                [33mclass[39m=[32m"field__required"[39m
              [36m>[39m
                [0m ([0m
                [0mrequired[0m
                [0m)[0m
              [36m</span>[39m
            [36m</label>[39m
            [36m<input[39m
              [33maria-required[39m=[32m"true"[39m
              [33mid[39m=[32m"_r_l_"[39m
              [33mname[39m=[32m"name"[39m
              [33mtype[39m=[32m"text"[39m
              [33mvalue[39m=[32m"Synthetic name"[39m
            [36m/>[39m
          [36m</div>[39m
          [36m<div[39m
            [33mclass[39m=[32m"field"[39m
          [36m>[39m
            [36m<label[39m
              [33mclass[39m=[32m"field__label"[39m
              [33mfor[39m=[32m"_r_n_"[39m
            [36m>[39m
              [0mNotes (synthetic)[0m
            [36m</label>[39m
            [36m<textarea[39m
              [33mid[39m=[32m"_r_n_"[39m
              [33mname[39m=[32m"notes"[39m
              [33mrows[39m=[32m"3"[39m
            [36m/>[39m
          [36m</div>[39m
        [36m</fieldset>[39m
        [36m<div[39m
          [33mclass[39m=[32m"banner banner--error"[39m
          [33mdata-state[39m=[32m"form-errors"[39m
          [33mrole[39m=[32m"alert"[39m
        [36m>[39m
          [36m<ul[39m
            [33mclass[39m=[32m"plain-list"[39m
          [36m>[39m
            [36m<li>[39m
              [36m<svg[39m
                [33maria-hidden[39m=[32m"true"[39m
                [33mclass[39m=[32m"icon"[39m
                [33mfill[39m=[32m"none"[39m
                [33mfocusable[39m=[32m"false"[39m
                [33mheight[39m=[32m"16"[39m
                [33mstroke[39m=[32m"currentColor"[39m
                [33mstroke-linecap[39m=[32m"round"[39m
                [33mstroke-linejoin[39m=[32m"round"[39m
                [33mstroke-width[39m=[32m"1.8"[39m
                [33mviewBox[39m=[32m"0 0 20 20"[39m
                [33mwidth[39m=[32m"16"[39m
              [36m>[39m
                [36m<path[39m
                  [33md[39m=[32m"M10 3l8 14H2L10 3zm0 5v4m0 3v.5"[39m
                [36m/>[39m
              [36m</svg>[39m
              [0m [0m
              [0mThe request was not valid JSON.[0m
            [36m</li>[39m
          [36m</ul>[39m
        [36m</div>[39m
        [36m<p[39m
          [33mclass[39m=[32m"banner banner--error"[39m
          [33mdata-state[39m=[32m"error"[39m
          [33mrole[39m=[32m"alert"[39m
        [36m>[39m
          [36m<svg[39m
            [33maria-hidden[39m=[32m"true"[39m
            [33mclass[39m=[32m"icon"[39m
            [33mfill[39m=[32m"none"[39m
            [33mfocusable[39m=[32m"false"[39m
            [33mheight[39m=[32m"16"[39m
            [33mstroke[39m=[32m"currentColor"[39m
            [33mstroke-linecap[39m=[32m"round"[39m
            [33mstroke-linejoin[39m=[32m"round"[39m
            [33mstroke-width[39m=[32m"1.8"[39m
            [33mviewBox[39m=[32m"0 0 20 20"[39m
            [33mwidth[39m=[32m"16"[39m
          [36m>[39m
            [36m<path[39m
              [33md[39m=[32m"M10 3l8 14H2L10 3zm0 5v4m0 3v.5"[39m
            [36m/>[39m
          [36m</svg>[39m
          [0m [0m
          [0mThe request was not valid JSON.[0m
        [36m</p>[39m
        [36m<div[39m
          [33mclass[39m=[32m"form__actions"[39m
        [36m>[39m
          [36m<button[39m
            [33mclass[39m=[32m"button button--primary"[39m
            [33mtype[39m=[32m"submit"[39m
          [36m>[39m
            [0mSave (synthetic)[0m
          [36m</button>[39m
        [36m</div>[39m
      [36m</form>[39m
    [36m</div>[39m
  [36m</body>[39m
[36m</html>[39m
   × record form: one alert per distinct form error (en) > inline-sections > the same pointer-"" code twice is still said once 5059ms
     → expected 2 to be 1 // Object.is equality

Ignored nodes: comments, script, style
[36m<html[39m
  [33mdir[39m=[32m"ltr"[39m
  [33mlang[39m=[32m"en"[39m
[36m>[39m
  [36m<head />[39m
  [36m<body>[39m
    [36m<div>[39m
      [36m<form[39m
        [33mclass[39m=[32m"form"[39m
        [33mnovalidate[39m=[32m""[39m
      [36m>[39m
        [36m<fieldset[39m
          [33mclass[39m=[32m"plain-fieldset form-section"[39m
        [36m>[39m
          [36m<legend[39m
            [33mclass[39m=[32m"card__subtitle"[39m
          [36m>[39m
            [0mSynthetic section[0m
          [36m</legend>[39m
          [36m<div[39m
            [33mclass[39m=[32m"field"[39m
          [36m>[39m
            [36m<label[39m
              [33mclass[39m=[32m"field__label"[39m
              [33mfor[39m=[32m"_r_p_"[39m
            [36m>[39m
              [0mName (synthetic)[0m
              [36m<span[39m
                [33mclass[39m=[32m"field__required"[39m
              [36m>[39m
                [0m ([0m
                [0mrequired[0m
                [0m)[0m
              [36m</span>[39m
            [36m</label>[39m
            [36m<input[39m
              [33maria-required[39m=[32m"true"[39m
              [33mid[39m=[32m"_r_p_"[39m
              [33mname[39m=[32m"name"[39m
              [33mtype[39m=[32m"text"[39m
              [33mvalue[39m=[32m"Synthetic name"[39m
            [36m/>[39m
          [36m</div>[39m
          [36m<div[39m
            [33mclass[39m=[32m"field"[39m
          [36m>[39m
            [36m<label[39m
              [33mclass[39m=[32m"field__label"[39m
              [33mfor[39m=[32m"_r_r_"[39m
            [36m>[39m
              [0mNotes (synthetic)[0m
            [36m</label>[39m
            [36m<textarea[39m
              [33mid[39m=[32m"_r_r_"[39m
              [33mname[39m=[32m"notes"[39m
              [33mrows[39m=[32m"3"[39m
            [36m/>[39m
          [36m</div>[39m
        [36m</fieldset>[39m
        [36m<div[39m
          [33mclass[39m=[32m"banner banner--error"[39m
          [33mdata-state[39m=[32m"form-errors"[39m
          [33mrole[39m=[32m"alert"[39m
        [36m>[39m
          [36m<ul[39m
            [33mclass[39m=[32m"plain-list"[39m
          [36m>[39m
            [36m<li>[39m
              [36m<svg[39m
                [33maria-hidden[39m=[32m"true"[39m
                [33mclass[39m=[32m"icon"[39m
                [33mfill[39m=[32m"none"[39m
                [33mfocusable[39m=[32m"false"[39m
                [33mheight[39m=[32m"16"[39m
                [33mstroke[39m=[32m"currentColor"[39m
                [33mstroke-linecap[39m=[32m"round"[39m
                [33mstroke-linejoin[39m=[32m"round"[39m
                [33mstroke-width[39m=[32m"1.8"[39m
                [33mviewBox[39m=[32m"0 0 20 20"[39m
                [33mwidth[39m=[32m"16"[39m
              [36m>[39m
                [36m<path[39m
                  [33md[39m=[32m"M10 3l8 14H2L10 3zm0 5v4m0 3v.5"[39m
                [36m/>[39m
              [36m</svg>[39m
              [0m [0m
              [0mThe request was not valid JSON.[0m
            [36m</li>[39m
          [36m</ul>[39m
        [36m</div>[39m
        [36m<p[39m
          [33mclass[39m=[32m"banner banner--error"[39m
          [33mdata-state[39m=[32m"error"[39m
          [33mrole[39m=[32m"alert"[39m
        [36m>[39m
          [36m<svg[39m
            [33maria-hidden[39m=[32m"true"[39m
            [33mclass[39m=[32m"icon"[39m
            [33mfill[39m=[32m"none"[39m
            [33mfocusable[39m=[32m"false"[39m
            [33mheight[39m=[32m"16"[39m
            [33mstroke[39m=[32m"currentColor"[39m
            [33mstroke-linecap[39m=[32m"round"[39m
            [33mstroke-linejoin[39m=[32m"round"[39m
            [33mstroke-width[39m=[32m"1.8"[39m
            [33mviewBox[39m=[32m"0 0 20 20"[39m
            [33mwidth[39m=[32m"16"[39m
          [36m>[39m
            [36m<path[39m
              [33md[39m=[32m"M10 3l8 14H2L10 3zm0 5v4m0 3v.5"[39m
            [36m/>[39m
          [36m</svg>[39m
          [0m [0m
          [0mThe request was not valid JSON.[0m
        [36m</p>[39m
        [36m<div[39m
          [33mclass[39m=[32m"form__actions"[39m
        [36m>[39m
          [36m<button[39m
            [33mclass[39m=[32m"button button--primary"[39m
            [33mtype[39m=[32m"submit"[39m
          [36m>[39m
            [0mSave (synthetic)[0m
          [36m</button>[39m
        [36m</div>[39m
      [36m</form>[39m
    [36m</div>[39m
  [36m</body>[39m
[36m</html>[39m
   × record form: one alert per distinct form error (en) > inline-sections > two distinct form-level messages: each is said exactly once, one live region each 5062ms
     → expected 2 to be 1 // Object.is equality

Ignored nodes: comments, script, style
[36m<html[39m
  [33mdir[39m=[32m"ltr"[39m
  [33mlang[39m=[32m"en"[39m
[36m>[39m
  [36m<head />[39m
  [36m<body>[39m
    [36m<div>[39m
      [36m<form[39m
        [33mclass[39m=[32m"form"[39m
        [33mnovalidate[39m=[32m""[39m
      [36m>[39m
        [36m<fieldset[39m
          [33mclass[39m=[32m"plain-fieldset form-section"[39m
        [36m>[39m
          [36m<legend[39m
            [33mclass[39m=[32m"card__subtitle"[39m
          [36m>[39m
            [0mSynthetic section[0m
          [36m</legend>[39m
          [36m<div[39m
            [33mclass[39m=[32m"field"[39m
          [36m>[39m
            [36m<label[39m
              [33mclass[39m=[32m"field__label"[39m
              [33mfor[39m=[32m"_r_t_"[39m
            [36m>[39m
              [0mName (synthetic)[0m
              [36m<span[39m
                [33mclass[39m=[32m"field__required"[39m
              [36m>[39m
                [0m ([0m
                [0mrequired[0m
                [0m)[0m
              [36m</span>[39m
            [36m</label>[39m
            [36m<input[39m
              [33maria-required[39m=[32m"true"[39m
              [33mid[39m=[32m"_r_t_"[39m
              [33mname[39m=[32m"name"[39m
              [33mtype[39m=[32m"text"[39m
              [33mvalue[39m=[32m"Synthetic name"[39m
            [36m/>[39m
          [36m</div>[39m
          [36m<div[39m
            [33mclass[39m=[32m"field"[39m
          [36m>[39m
            [36m<label[39m
              [33mclass[39m=[32m"field__label"[39m
              [33mfor[39m=[32m"_r_v_"[39m
            [36m>[39m
              [0mNotes (synthetic)[0m
            [36m</label>[39m
            [36m<textarea[39m
              [33mid[39m=[32m"_r_v_"[39m
              [33mname[39m=[32m"notes"[39m
              [33mrows[39m=[32m"3"[39m
            [36m/>[39m
          [36m</div>[39m
        [36m</fieldset>[39m
        [36m<div[39m
          [33mclass[39m=[32m"banner banner--error"[39m
          [33mdata-state[39m=[32m"form-errors"[39m
          [33mrole[39m=[32m"alert"[39m
        [36m>[39m
          [36m<ul[39m
            [33mclass[39m=[32m"plain-list"[39m
          [36m>[39m
            [36m<li>[39m
              [36m<svg[39m
                [33maria-hidden[39m=[32m"true"[39m
                [33mclass[39m=[32m"icon"[39m
                [33mfill[39m=[32m"none"[39m
                [33mfocusable[39m=[32m"false"[39m
                [33mheight[39m=[32m"16"[39m
                [33mstroke[39m=[32m"currentColor"[39m
                [33mstroke-linecap[39m=[32m"round"[39m
                [33mstroke-linejoin[39m=[32m"round"[39m
                [33mstroke-width[39m=[32m"1.8"[39m
                [33mviewBox[39m=[32m"0 0 20 20"[39m
                [33mwidth[39m=[32m"16"[39m
              [36m>[39m
                [36m<path[39m
                  [33md[39m=[32m"M10 3l8 14H2L10 3zm0 5v4m0 3v.5"[39m
                [36m/>[39m
              [36m</svg>[39m
              [0m [0m
              [0mThe request was not valid JSON.[0m
            [36m</li>[39m
            [36m<li>[39m
              [36m<svg[39m
                [33maria-hidden[39m=[32m"true"[39m
                [33mclass[39m=[32m"icon"[39m
                [33mfill[39m=[32m"none"[39m
                [33mfocusable[39m=[32m"false"[39m
                [33mheight[39m=[32m"16"[39m
                [33mstroke[39m=[32m"currentColor"[39m
                [33mstroke-linecap[39m=[32m"round"[39m
                [33mstroke-linejoin[39m=[32m"round"[39m
                [33mstroke-width[39m=[32m"1.8"[39m
                [33mviewBox[39m=[32m"0 0 20 20"[39m
                [33mwidth[39m=[32m"16"[39m
              [36m>[39m
                [36m<path[39m
                  [33md[39m=[32m"M10 3l8 14H2L10 3zm0 5v4m0 3v.5"[39m
                [36m/>[39m
              [36m</svg>[39m
              [0m [0m
              [0mThe request format is not supported.[0m
            [36m</li>[39m
          [36m</ul>[39m
        [36m</div>[39m
        [36m<p[39m
          [33mclass[39m=[32m"banner banner--error"[39m
          [33mdata-state[39m=[32m"error"[39m
          [33mrole[39m=[32m"alert"[39m
        [36m>[39m
          [36m<svg[39m
            [33maria-hidden[39m=[32m"true"[39m
            [33mclass[39m=[32m"icon"[39m
            [33mfill[39m=[32m"none"[39m
            [33mfocusable[39m=[32m"false"[39m
            [33mheight[39m=[32m"16"[39m
            [33mstroke[39m=[32m"currentColor"[39m
            [33mstroke-linecap[39m=[32m"round"[39m
            [33mstroke-linejoin[39m=[32m"round"[39m
            [33mstroke-width[39m=[32m"1.8"[39m
            [33mviewBox[39m=[32m"0 0 20 20"[39m
            [33mwidth[39m=[32m"16"[39m
          [36m>[39m
            [36m<path[39m
              [33md[39m=[32m"M10 3l8 14H2L10 3zm0 5v4m0 3v.5"[39m
            [36m/>[39m
          [36m</svg>[39m
          [0m [0m
          [0mThe request was not valid JSON.[0m
        [36m</p>[39m
        [36m<div[39m
          [33mclass[39m=[32m"form__actions"[39m
        [36m>[39m
          [36m<button[39m
            [33mclass[39m=[32m"button button--primary"[39m
            [33mtype[39m=[32m"submit"[39m
          [36m>[39m
            [0mSave (synthetic)[0m
          [36m</button>[39m
        [36m</div>[39m
      [36m</form>[39m
    [36m</div>[39m
  [36m</body>[39m
[36m</html>[39m
   ✓ record form: one alert per distinct form error (en) > inline-sections > a field-pointer error stays on its field; the generic banner is said once 67ms
   × record form: one alert per distinct form error (ar) > dialog > a 400 whose only field error has pointer "" says its message once, in one live region 5056ms
     → expected 2 to be 1 // Object.is equality

Ignored nodes: comments, script, style
[36m<html[39m
  [33mdir[39m=[32m"rtl"[39m
  [33mlang[39m=[32m"ar"[39m
[36m>[39m
  [36m<head />[39m
  [36m<body>[39m
    [36m<div>[39m
      [36m<div[39m
        [33mclass[39m=[32m"dialog-backdrop"[39m
      [36m>[39m
        [36m<div[39m
          [33maria-labelledby[39m=[32m"_r_14_"[39m
          [33maria-modal[39m=[32m"true"[39m
          [33mclass[39m=[32m"dialog"[39m
          [33mrole[39m=[32m"dialog"[39m
        [36m>[39m
          [36m<h2[39m
            [33mclass[39m=[32m"dialog__title"[39m
            [33mid[39m=[32m"_r_14_"[39m
          [36m>[39m
            [0mSynthetic record[0m
          [36m</h2>[39m
          [36m<div[39m
            [33mclass[39m=[32m"dialog__body"[39m
          [36m>[39m
            [36m<form[39m
              [33mclass[39m=[32m"form form--dialog"[39m
              [33mnovalidate[39m=[32m""[39m
            [36m>[39m
              [36m<div[39m
                [33mclass[39m=[32m"field"[39m
              [36m>[39m
                [36m<label[39m
                  [33mclass[39m=[32m"field__label"[39m
                  [33mfor[39m=[32m"_r_16_"[39m
                [36m>[39m
                  [0mName (synthetic)[0m
                  [36m<span[39m
                    [33mclass[39m=[32m"field__required"[39m
                  [36m>[39m
                    [0m ([0m
                    [0mمطلوب[0m
                    [0m)[0m
                  [36m</span>[39m
                [36m</label>[39m
                [36m<input[39m
                  [33maria-required[39m=[32m"true"[39m
                  [33mid[39m=[32m"_r_16_"[39m
                  [33mname[39m=[32m"name"[39m
                  [33mtype[39m=[32m"text"[39m
                  [33mvalue[39m=[32m"Synthetic name"[39m
                [36m/>[39m
              [36m</div>[39m
              [36m<div[39m
                [33mclass[39m=[32m"field"[39m
              [36m>[39m
                [36m<label[39m
                  [33mclass[39m=[32m"field__label"[39m
                  [33mfor[39m=[32m"_r_18_"[39m
                [36m>[39m
                  [0mNotes (synthetic)[0m
                [36m</label>[39m
                [36m<textarea[39m
                  [33mid[39m=[32m"_r_18_"[39m
                  [33mname[39m=[32m"notes"[39m
                  [33mrows[39m=[32m"3"[39m
                [36m/>[39m
              [36m</div>[39m
              [36m<div[39m
                [33mclass[39m=[32m"banner banner--error"[39m
                [33mdata-state[39m=[32m"form-errors"[39m
                [33mrole[39m=[32m"alert"[39m
              [36m>[39m
                [36m<ul[39m
                  [33mclass[39m=[32m"plain-list"[39m
                [36m>[39m
                  [36m<li>[39m
                    [36m<svg[39m
                      [33maria-hidden[39m=[32m"true"[39m
                      [33mclass[39m=[32m"icon"[39m
                      [33mfill[39m=[32m"none"[39m
                      [33mfocusable[39m=[32m"false"[39m
                      [33mheight[39m=[32m"16"[39m
                      [33mstroke[39m=[32m"currentColor"[39m
                      [33mstroke-linecap[39m=[32m"round"[39m
                      [33mstroke-linejoin[39m=[32m"round"[39m
                      [33mstroke-width[39m=[32m"1.8"[39m
                      [33mviewBox[39m=[32m"0 0 20 20"[39m
                      [33mwidth[39m=[32m"16"[39m
                    [36m>[39m
                      [36m<path[39m
                        [33md[39m=[32m"M10 3l8 14H2L10 3zm0 5v4m0 3v.5"[39m
                      [36m/>[39m
                    [36m</svg>[39m
                    [0m [0m
                    [0mالطلب ليس بصيغة JSON صالحة.[0m
                  [36m</li>[39m
                [36m</ul>[39m
              [36m</div>[39m
              [36m<p[39m
                [33mclass[39m=[32m"banner banner--error"[39m
                [33mdata-state[39m=[32m"error"[39m
                [33mrole[39m=[32m"alert"[39m
              [36m>[39m
                [36m<svg[39m
                  [33maria-hidden[39m=[32m"true"[39m
                  [33mclass[39m=[32m"icon"[39m
                  [33mfill[39m=[32m"none"[39m
                  [33mfocusable[39m=[32m"false"[39m
                  [33mheight[39m=[32m"16"[39m
                  [33mstroke[39m=[32m"currentColor"[39m
                  [33mstroke-linecap[39m=[32m"round"[39m
                  [33mstroke-linejoin[39m=[32m"round"[39m
                  [33mstroke-width[39m=[32m"1.8"[39m
                  [33mviewBox[39m=[32m"0 0 20 20"[39m
                  [33mwidth[39m=[32m"16"[39m
                [36m>[39m
                  [36m<path[39m
                    [33md[39m=[32m"M10 3l8 14H2L10 3zm0 5v4m0 3v.5"[39m
                  [36m/>[39m
                [36m</svg>[39m
                [0m [0m
                [0mالطلب ليس بصيغة JSON صالحة.[0m
              [36m</p>[39m
            [36m</form>[39m
          [36m</div>[39m
          [36m<div[39m
            [33mclass[39m=[32m"dialog__footer"[39m
          [36m>[39m
            [36m<button[39m
              [33mclass[39m=[32m"button button--secondary"[39m
              [33mtype[39m=[32m"button"[39m
            [36m>[39m
              [0mإلغاء[0m
            [36m</button>[39m
            [36m<button[39m
              [33mclass[39m=[32m"button button--primary"[39m
              [33mtype[39m=[32m"button"[39m
            [36m>[39m
              [0mSave (synthetic)[0m
            [36m</button>[39m
          [36m</div>[39m
        [36m</div>[39m
      [36m</div>[39m
    [36m</div>[39m
  [36m</body>[39m
[36m</html>[39m
   × record form: one alert per distinct form error (ar) > dialog > the same pointer-"" code twice is still said once 5056ms
     → expected 2 to be 1 // Object.is equality

Ignored nodes: comments, script, style
[36m<html[39m
  [33mdir[39m=[32m"rtl"[39m
  [33mlang[39m=[32m"ar"[39m
[36m>[39m
  [36m<head />[39m
  [36m<body>[39m
    [36m<div>[39m
      [36m<div[39m
        [33mclass[39m=[32m"dialog-backdrop"[39m
      [36m>[39m
        [36m<div[39m
          [33maria-labelledby[39m=[32m"_r_19_"[39m
          [33maria-modal[39m=[32m"true"[39m
          [33mclass[39m=[32m"dialog"[39m
          [33mrole[39m=[32m"dialog"[39m
        [36m>[39m
          [36m<h2[39m
            [33mclass[39m=[32m"dialog__title"[39m
            [33mid[39m=[32m"_r_19_"[39m
          [36m>[39m
            [0mSynthetic record[0m
          [36m</h2>[39m
          [36m<div[39m
            [33mclass[39m=[32m"dialog__body"[39m
          [36m>[39m
            [36m<form[39m
              [33mclass[39m=[32m"form form--dialog"[39m
              [33mnovalidate[39m=[32m""[39m
            [36m>[39m
              [36m<div[39m
                [33mclass[39m=[32m"field"[39m
              [36m>[39m
                [36m<label[39m
                  [33mclass[39m=[32m"field__label"[39m
                  [33mfor[39m=[32m"_r_1b_"[39m
                [36m>[39m
                  [0mName (synthetic)[0m
                  [36m<span[39m
                    [33mclass[39m=[32m"field__required"[39m
                  [36m>[39m
                    [0m ([0m
                    [0mمطلوب[0m
                    [0m)[0m
                  [36m</span>[39m
                [36m</label>[39m
                [36m<input[39m
                  [33maria-required[39m=[32m"true"[39m
                  [33mid[39m=[32m"_r_1b_"[39m
                  [33mname[39m=[32m"name"[39m
                  [33mtype[39m=[32m"text"[39m
                  [33mvalue[39m=[32m"Synthetic name"[39m
                [36m/>[39m
              [36m</div>[39m
              [36m<div[39m
                [33mclass[39m=[32m"field"[39m
              [36m>[39m
                [36m<label[39m
                  [33mclass[39m=[32m"field__label"[39m
                  [33mfor[39m=[32m"_r_1d_"[39m
                [36m>[39m
                  [0mNotes (synthetic)[0m
                [36m</label>[39m
                [36m<textarea[39m
                  [33mid[39m=[32m"_r_1d_"[39m
                  [33mname[39m=[32m"notes"[39m
                  [33mrows[39m=[32m"3"[39m
                [36m/>[39m
              [36m</div>[39m
              [36m<div[39m
                [33mclass[39m=[32m"banner banner--error"[39m
                [33mdata-state[39m=[32m"form-errors"[39m
                [33mrole[39m=[32m"alert"[39m
              [36m>[39m
                [36m<ul[39m
                  [33mclass[39m=[32m"plain-list"[39m
                [36m>[39m
                  [36m<li>[39m
                    [36m<svg[39m
                      [33maria-hidden[39m=[32m"true"[39m
                      [33mclass[39m=[32m"icon"[39m
                      [33mfill[39m=[32m"none"[39m
                      [33mfocusable[39m=[32m"false"[39m
                      [33mheight[39m=[32m"16"[39m
                      [33mstroke[39m=[32m"currentColor"[39m
                      [33mstroke-linecap[39m=[32m"round"[39m
                      [33mstroke-linejoin[39m=[32m"round"[39m
                      [33mstroke-width[39m=[32m"1.8"[39m
                      [33mviewBox[39m=[32m"0 0 20 20"[39m
                      [33mwidth[39m=[32m"16"[39m
                    [36m>[39m
                      [36m<path[39m
                        [33md[39m=[32m"M10 3l8 14H2L10 3zm0 5v4m0 3v.5"[39m
                      [36m/>[39m
                    [36m</svg>[39m
                    [0m [0m
                    [0mالطلب ليس بصيغة JSON صالحة.[0m
                  [36m</li>[39m
                [36m</ul>[39m
              [36m</div>[39m
              [36m<p[39m
                [33mclass[39m=[32m"banner banner--error"[39m
                [33mdata-state[39m=[32m"error"[39m
                [33mrole[39m=[32m"alert"[39m
              [36m>[39m
                [36m<svg[39m
                  [33maria-hidden[39m=[32m"true"[39m
                  [33mclass[39m=[32m"icon"[39m
                  [33mfill[39m=[32m"none"[39m
                  [33mfocusable[39m=[32m"false"[39m
                  [33mheight[39m=[32m"16"[39m
                  [33mstroke[39m=[32m"currentColor"[39m
                  [33mstroke-linecap[39m=[32m"round"[39m
                  [33mstroke-linejoin[39m=[32m"round"[39m
                  [33mstroke-width[39m=[32m"1.8"[39m
                  [33mviewBox[39m=[32m"0 0 20 20"[39m
                  [33mwidth[39m=[32m"16"[39m
                [36m>[39m
                  [36m<path[39m
                    [33md[39m=[32m"M10 3l8 14H2L10 3zm0 5v4m0 3v.5"[39m
                  [36m/>[39m
                [36m</svg>[39m
                [0m [0m
                [0mالطلب ليس بصيغة JSON صالحة.[0m
              [36m</p>[39m
            [36m</form>[39m
          [36m</div>[39m
          [36m<div[39m
            [33mclass[39m=[32m"dialog__footer"[39m
          [36m>[39m
            [36m<button[39m
              [33mclass[39m=[32m"button button--secondary"[39m
              [33mtype[39m=[32m"button"[39m
            [36m>[39m
              [0mإلغاء[0m
            [36m</button>[39m
            [36m<button[39m
              [33mclass[39m=[32m"button button--primary"[39m
              [33mtype[39m=[32m"button"[39m
            [36m>[39m
              [0mSave (synthetic)[0m
            [36m</button>[39m
          [36m</div>[39m
        [36m</div>[39m
      [36m</div>[39m
    [36m</div>[39m
  [36m</body>[39m
[36m</html>[39m
   × record form: one alert per distinct form error (ar) > dialog > two distinct form-level messages: each is said exactly once, one live region each 5053ms
     → expected 2 to be 1 // Object.is equality

Ignored nodes: comments, script, style
[36m<html[39m
  [33mdir[39m=[32m"rtl"[39m
  [33mlang[39m=[32m"ar"[39m
[36m>[39m
  [36m<head />[39m
  [36m<body>[39m
    [36m<div>[39m
      [36m<div[39m
        [33mclass[39m=[32m"dialog-backdrop"[39m
      [36m>[39m
        [36m<div[39m
          [33maria-labelledby[39m=[32m"_r_1e_"[39m
          [33maria-modal[39m=[32m"true"[39m
          [33mclass[39m=[32m"dialog"[39m
          [33mrole[39m=[32m"dialog"[39m
        [36m>[39m
          [36m<h2[39m
            [33mclass[39m=[32m"dialog__title"[39m
            [33mid[39m=[32m"_r_1e_"[39m
          [36m>[39m
            [0mSynthetic record[0m
          [36m</h2>[39m
          [36m<div[39m
            [33mclass[39m=[32m"dialog__body"[39m
          [36m>[39m
            [36m<form[39m
              [33mclass[39m=[32m"form form--dialog"[39m
              [33mnovalidate[39m=[32m""[39m
            [36m>[39m
              [36m<div[39m
                [33mclass[39m=[32m"field"[39m
              [36m>[39m
                [36m<label[39m
                  [33mclass[39m=[32m"field__label"[39m
                  [33mfor[39m=[32m"_r_1g_"[39m
                [36m>[39m
                  [0mName (synthetic)[0m
                  [36m<span[39m
                    [33mclass[39m=[32m"field__required"[39m
                  [36m>[39m
                    [0m ([0m
                    [0mمطلوب[0m
                    [0m)[0m
                  [36m</span>[39m
                [36m</label>[39m
                [36m<input[39m
                  [33maria-required[39m=[32m"true"[39m
                  [33mid[39m=[32m"_r_1g_"[39m
                  [33mname[39m=[32m"name"[39m
                  [33mtype[39m=[32m"text"[39m
                  [33mvalue[39m=[32m"Synthetic name"[39m
                [36m/>[39m
              [36m</div>[39m
              [36m<div[39m
                [33mclass[39m=[32m"field"[39m
              [36m>[39m
                [36m<label[39m
                  [33mclass[39m=[32m"field__label"[39m
                  [33mfor[39m=[32m"_r_1i_"[39m
                [36m>[39m
                  [0mNotes (synthetic)[0m
                [36m</label>[39m
                [36m<textarea[39m
                  [33mid[39m=[32m"_r_1i_"[39m
                  [33mname[39m=[32m"notes"[39m
                  [33mrows[39m=[32m"3"[39m
                [36m/>[39m
              [36m</div>[39m
              [36m<div[39m
                [33mclass[39m=[32m"banner banner--error"[39m
                [33mdata-state[39m=[32m"form-errors"[39m
                [33mrole[39m=[32m"alert"[39m
              [36m>[39m
                [36m<ul[39m
                  [33mclass[39m=[32m"plain-list"[39m
                [36m>[39m
                  [36m<li>[39m
                    [36m<svg[39m
                      [33maria-hidden[39m=[32m"true"[39m
                      [33mclass[39m=[32m"icon"[39m
                      [33mfill[39m=[32m"none"[39m
                      [33mfocusable[39m=[32m"false"[39m
                      [33mheight[39m=[32m"16"[39m
                      [33mstroke[39m=[32m"currentColor"[39m
                      [33mstroke-linecap[39m=[32m"round"[39m
                      [33mstroke-linejoin[39m=[32m"round"[39m
                      [33mstroke-width[39m=[32m"1.8"[39m
                      [33mviewBox[39m=[32m"0 0 20 20"[39m
                      [33mwidth[39m=[32m"16"[39m
                    [36m>[39m
                      [36m<path[39m
                        [33md[39m=[32m"M10 3l8 14H2L10 3zm0 5v4m0 3v.5"[39m
                      [36m/>[39m
                    [36m</svg>[39m
                    [0m [0m
                    [0mالطلب ليس بصيغة JSON صالحة.[0m
                  [36m</li>[39m
                  [36m<li>[39m
                    [36m<svg[39m
                      [33maria-hidden[39m=[32m"true"[39m
                      [33mclass[39m=[32m"icon"[39m
                      [33mfill[39m=[32m"none"[39m
                      [33mfocusable[39m=[32m"false"[39m
                      [33mheight[39m=[32m"16"[39m
                      [33mstroke[39m=[32m"currentColor"[39m
                      [33mstroke-linecap[39m=[32m"round"[39m
                      [33mstroke-linejoin[39m=[32m"round"[39m
                      [33mstroke-width[39m=[32m"1.8"[39m
                      [33mviewBox[39m=[32m"0 0 20 20"[39m
                      [33mwidth[39m=[32m"16"[39m
                    [36m>[39m
                      [36m<path[39m
                        [33md[39m=[32m"M10 3l8 14H2L10 3zm0 5v4m0 3v.5"[39m
                      [36m/>[39m
                    [36m</svg>[39m
                    [0m [0m
                    [0mصيغة الطلب غير مدعومة.[0m
                  [36m</li>[39m
                [36m</ul>[39m
              [36m</div>[39m
              [36m<p[39m
                [33mclass[39m=[32m"banner banner--error"[39m
                [33mdata-state[39m=[32m"error"[39m
                [33mrole[39m=[32m"alert"[39m
              [36m>[39m
                [36m<svg[39m
                  [33maria-hidden[39m=[32m"true"[39m
                  [33mclass[39m=[32m"icon"[39m
                  [33mfill[39m=[32m"none"[39m
                  [33mfocusable[39m=[32m"false"[39m
                  [33mheight[39m=[32m"16"[39m
                  [33mstroke[39m=[32m"currentColor"[39m
                  [33mstroke-linecap[39m=[32m"round"[39m
                  [33mstroke-linejoin[39m=[32m"round"[39m
                  [33mstroke-width[39m=[32m"1.8"[39m
                  [33mviewBox[39m=[32m"0 0 20 20"[39m
                  [33mwidth[39m=[32m"16"[39m
                [36m>[39m
                  [36m<path[39m
                    [33md[39m=[32m"M10 3l8 14H2L10 3zm0 5v4m0 3v.5"[39m
                  [36m/>[39m
                [36m</svg>[39m
                [0m [0m
                [0mالطلب ليس بصيغة JSON صالحة.[0m
              [36m</p>[39m
            [36m</form>[39m
          [36m</div>[39m
          [36m<div[39m
            [33mclass[39m=[32m"dialog__footer"[39m
          [36m>[39m
            [36m<button[39m
              [33mclass[39m=[32m"button button--secondary"[39m
              [33mtype[39m=[32m"button"[39m
            [36m>[39m
              [0mإلغاء[0m
            [36m</button>[39m
            [36m<button[39m
              [33mclass[39m=[32m"button button--primary"[39m
              [33mtype[39m=[32m"button"[39m
            [36m>[39m
              [0mSave (synthetic)[0m
            [36m</button>[39m
          [36m</div>[39m
        [36m</div>[39m
      [36m</div>[39m
    [36m</div>[39m
  [36m</body>[39m
[36m</html>[39m
   ✓ record form: one alert per distinct form error (ar) > dialog > a field-pointer error stays on its field; the generic banner is said once 56ms
   × record form: one alert per distinct form error (ar) > inline-sections > a 400 whose only field error has pointer "" says its message once, in one live region 5045ms
     → expected 2 to be 1 // Object.is equality

Ignored nodes: comments, script, style
[36m<html[39m
  [33mdir[39m=[32m"rtl"[39m
  [33mlang[39m=[32m"ar"[39m
[36m>[39m
  [36m<head />[39m
  [36m<body>[39m
    [36m<div>[39m
      [36m<form[39m
        [33mclass[39m=[32m"form"[39m
        [33mnovalidate[39m=[32m""[39m
      [36m>[39m
        [36m<fieldset[39m
          [33mclass[39m=[32m"plain-fieldset form-section"[39m
        [36m>[39m
          [36m<legend[39m
            [33mclass[39m=[32m"card__subtitle"[39m
          [36m>[39m
            [0mSynthetic section[0m
          [36m</legend>[39m
          [36m<div[39m
            [33mclass[39m=[32m"field"[39m
          [36m>[39m
            [36m<label[39m
              [33mclass[39m=[32m"field__label"[39m
              [33mfor[39m=[32m"_r_1p_"[39m
            [36m>[39m
              [0mName (synthetic)[0m
              [36m<span[39m
                [33mclass[39m=[32m"field__required"[39m
              [36m>[39m
                [0m ([0m
                [0mمطلوب[0m
                [0m)[0m
              [36m</span>[39m
            [36m</label>[39m
            [36m<input[39m
              [33maria-required[39m=[32m"true"[39m
              [33mid[39m=[32m"_r_1p_"[39m
              [33mname[39m=[32m"name"[39m
              [33mtype[39m=[32m"text"[39m
              [33mvalue[39m=[32m"Synthetic name"[39m
            [36m/>[39m
          [36m</div>[39m
          [36m<div[39m
            [33mclass[39m=[32m"field"[39m
          [36m>[39m
            [36m<label[39m
              [33mclass[39m=[32m"field__label"[39m
              [33mfor[39m=[32m"_r_1r_"[39m
            [36m>[39m
              [0mNotes (synthetic)[0m
            [36m</label>[39m
            [36m<textarea[39m
              [33mid[39m=[32m"_r_1r_"[39m
              [33mname[39m=[32m"notes"[39m
              [33mrows[39m=[32m"3"[39m
            [36m/>[39m
          [36m</div>[39m
        [36m</fieldset>[39m
        [36m<div[39m
          [33mclass[39m=[32m"banner banner--error"[39m
          [33mdata-state[39m=[32m"form-errors"[39m
          [33mrole[39m=[32m"alert"[39m
        [36m>[39m
          [36m<ul[39m
            [33mclass[39m=[32m"plain-list"[39m
          [36m>[39m
            [36m<li>[39m
              [36m<svg[39m
                [33maria-hidden[39m=[32m"true"[39m
                [33mclass[39m=[32m"icon"[39m
                [33mfill[39m=[32m"none"[39m
                [33mfocusable[39m=[32m"false"[39m
                [33mheight[39m=[32m"16"[39m
                [33mstroke[39m=[32m"currentColor"[39m
                [33mstroke-linecap[39m=[32m"round"[39m
                [33mstroke-linejoin[39m=[32m"round"[39m
                [33mstroke-width[39m=[32m"1.8"[39m
                [33mviewBox[39m=[32m"0 0 20 20"[39m
                [33mwidth[39m=[32m"16"[39m
              [36m>[39m
                [36m<path[39m
                  [33md[39m=[32m"M10 3l8 14H2L10 3zm0 5v4m0 3v.5"[39m
                [36m/>[39m
              [36m</svg>[39m
              [0m [0m
              [0mالطلب ليس بصيغة JSON صالحة.[0m
            [36m</li>[39m
          [36m</ul>[39m
        [36m</div>[39m
        [36m<p[39m
          [33mclass[39m=[32m"banner banner--error"[39m
          [33mdata-state[39m=[32m"error"[39m
          [33mrole[39m=[32m"alert"[39m
        [36m>[39m
          [36m<svg[39m
            [33maria-hidden[39m=[32m"true"[39m
            [33mclass[39m=[32m"icon"[39m
            [33mfill[39m=[32m"none"[39m
            [33mfocusable[39m=[32m"false"[39m
            [33mheight[39m=[32m"16"[39m
            [33mstroke[39m=[32m"currentColor"[39m
            [33mstroke-linecap[39m=[32m"round"[39m
            [33mstroke-linejoin[39m=[32m"round"[39m
            [33mstroke-width[39m=[32m"1.8"[39m
            [33mviewBox[39m=[32m"0 0 20 20"[39m
            [33mwidth[39m=[32m"16"[39m
          [36m>[39m
            [36m<path[39m
              [33md[39m=[32m"M10 3l8 14H2L10 3zm0 5v4m0 3v.5"[39m
            [36m/>[39m
          [36m</svg>[39m
          [0m [0m
          [0mالطلب ليس بصيغة JSON صالحة.[0m
        [36m</p>[39m
        [36m<div[39m
          [33mclass[39m=[32m"form__actions"[39m
        [36m>[39m
          [36m<button[39m
            [33mclass[39m=[32m"button button--primary"[39m
            [33mtype[39m=[32m"submit"[39m
          [36m>[39m
            [0mSave (synthetic)[0m
          [36m</button>[39m
        [36m</div>[39m
      [36m</form>[39m
    [36m</div>[39m
  [36m</body>[39m
[36m</html>[39m
   × record form: one alert per distinct form error (ar) > inline-sections > the same pointer-"" code twice is still said once 5048ms
     → expected 2 to be 1 // Object.is equality

Ignored nodes: comments, script, style
[36m<html[39m
  [33mdir[39m=[32m"rtl"[39m
  [33mlang[39m=[32m"ar"[39m
[36m>[39m
  [36m<head />[39m
  [36m<body>[39m
    [36m<div>[39m
      [36m<form[39m
        [33mclass[39m=[32m"form"[39m
        [33mnovalidate[39m=[32m""[39m
      [36m>[39m
        [36m<fieldset[39m
          [33mclass[39m=[32m"plain-fieldset form-section"[39m
        [36m>[39m
          [36m<legend[39m
            [33mclass[39m=[32m"card__subtitle"[39m
          [36m>[39m
            [0mSynthetic section[0m
          [36m</legend>[39m
          [36m<div[39m
            [33mclass[39m=[32m"field"[39m
          [36m>[39m
            [36m<label[39m
              [33mclass[39m=[32m"field__label"[39m
              [33mfor[39m=[32m"_r_1t_"[39m
            [36m>[39m
              [0mName (synthetic)[0m
              [36m<span[39m
                [33mclass[39m=[32m"field__required"[39m
              [36m>[39m
                [0m ([0m
                [0mمطلوب[0m
                [0m)[0m
              [36m</span>[39m
            [36m</label>[39m
            [36m<input[39m
              [33maria-required[39m=[32m"true"[39m
              [33mid[39m=[32m"_r_1t_"[39m
              [33mname[39m=[32m"name"[39m
              [33mtype[39m=[32m"text"[39m
              [33mvalue[39m=[32m"Synthetic name"[39m
            [36m/>[39m
          [36m</div>[39m
          [36m<div[39m
            [33mclass[39m=[32m"field"[39m
          [36m>[39m
            [36m<label[39m
              [33mclass[39m=[32m"field__label"[39m
              [33mfor[39m=[32m"_r_1v_"[39m
            [36m>[39m
              [0mNotes (synthetic)[0m
            [36m</label>[39m
            [36m<textarea[39m
              [33mid[39m=[32m"_r_1v_"[39m
              [33mname[39m=[32m"notes"[39m
              [33mrows[39m=[32m"3"[39m
            [36m/>[39m
          [36m</div>[39m
        [36m</fieldset>[39m
        [36m<div[39m
          [33mclass[39m=[32m"banner banner--error"[39m
          [33mdata-state[39m=[32m"form-errors"[39m
          [33mrole[39m=[32m"alert"[39m
        [36m>[39m
          [36m<ul[39m
            [33mclass[39m=[32m"plain-list"[39m
          [36m>[39m
            [36m<li>[39m
              [36m<svg[39m
                [33maria-hidden[39m=[32m"true"[39m
                [33mclass[39m=[32m"icon"[39m
                [33mfill[39m=[32m"none"[39m
                [33mfocusable[39m=[32m"false"[39m
                [33mheight[39m=[32m"16"[39m
                [33mstroke[39m=[32m"currentColor"[39m
                [33mstroke-linecap[39m=[32m"round"[39m
                [33mstroke-linejoin[39m=[32m"round"[39m
                [33mstroke-width[39m=[32m"1.8"[39m
                [33mviewBox[39m=[32m"0 0 20 20"[39m
                [33mwidth[39m=[32m"16"[39m
              [36m>[39m
                [36m<path[39m
                  [33md[39m=[32m"M10 3l8 14H2L10 3zm0 5v4m0 3v.5"[39m
                [36m/>[39m
              [36m</svg>[39m
              [0m [0m
              [0mالطلب ليس بصيغة JSON صالحة.[0m
            [36m</li>[39m
          [36m</ul>[39m
        [36m</div>[39m
        [36m<p[39m
          [33mclass[39m=[32m"banner banner--error"[39m
          [33mdata-state[39m=[32m"error"[39m
          [33mrole[39m=[32m"alert"[39m
        [36m>[39m
          [36m<svg[39m
            [33maria-hidden[39m=[32m"true"[39m
            [33mclass[39m=[32m"icon"[39m
            [33mfill[39m=[32m"none"[39m
            [33mfocusable[39m=[32m"false"[39m
            [33mheight[39m=[32m"16"[39m
            [33mstroke[39m=[32m"currentColor"[39m
            [33mstroke-linecap[39m=[32m"round"[39m
            [33mstroke-linejoin[39m=[32m"round"[39m
            [33mstroke-width[39m=[32m"1.8"[39m
            [33mviewBox[39m=[32m"0 0 20 20"[39m
            [33mwidth[39m=[32m"16"[39m
          [36m>[39m
            [36m<path[39m
              [33md[39m=[32m"M10 3l8 14H2L10 3zm0 5v4m0 3v.5"[39m
            [36m/>[39m
          [36m</svg>[39m
          [0m [0m
          [0mالطلب ليس بصيغة JSON صالحة.[0m
        [36m</p>[39m
        [36m<div[39m
          [33mclass[39m=[32m"form__actions"[39m
        [36m>[39m
          [36m<button[39m
            [33mclass[39m=[32m"button button--primary"[39m
            [33mtype[39m=[32m"submit"[39m
          [36m>[39m
            [0mSave (synthetic)[0m
          [36m</button>[39m
        [36m</div>[39m
      [36m</form>[39m
    [36m</div>[39m
  [36m</body>[39m
[36m</html>[39m
   × record form: one alert per distinct form error (ar) > inline-sections > two distinct form-level messages: each is said exactly once, one live region each 5048ms
     → expected 2 to be 1 // Object.is equality

Ignored nodes: comments, script, style
[36m<html[39m
  [33mdir[39m=[32m"rtl"[39m
  [33mlang[39m=[32m"ar"[39m
[36m>[39m
  [36m<head />[39m
  [36m<body>[39m
    [36m<div>[39m
      [36m<form[39m
        [33mclass[39m=[32m"form"[39m
        [33mnovalidate[39m=[32m""[39m
      [36m>[39m
        [36m<fieldset[39m
          [33mclass[39m=[32m"plain-fieldset form-section"[39m
        [36m>[39m
          [36m<legend[39m
            [33mclass[39m=[32m"card__subtitle"[39m
          [36m>[39m
            [0mSynthetic section[0m
          [36m</legend>[39m
          [36m<div[39m
            [33mclass[39m=[32m"field"[39m
          [36m>[39m
            [36m<label[39m
              [33mclass[39m=[32m"field__label"[39m
              [33mfor[39m=[32m"_r_21_"[39m
            [36m>[39m
              [0mName (synthetic)[0m
              [36m<span[39m
                [33mclass[39m=[32m"field__required"[39m
              [36m>[39m
                [0m ([0m
                [0mمطلوب[0m
                [0m)[0m
              [36m</span>[39m
            [36m</label>[39m
            [36m<input[39m
              [33maria-required[39m=[32m"true"[39m
              [33mid[39m=[32m"_r_21_"[39m
              [33mname[39m=[32m"name"[39m
              [33mtype[39m=[32m"text"[39m
              [33mvalue[39m=[32m"Synthetic name"[39m
            [36m/>[39m
          [36m</div>[39m
          [36m<div[39m
            [33mclass[39m=[32m"field"[39m
          [36m>[39m
            [36m<label[39m
              [33mclass[39m=[32m"field__label"[39m
              [33mfor[39m=[32m"_r_23_"[39m
            [36m>[39m
              [0mNotes (synthetic)[0m
            [36m</label>[39m
            [36m<textarea[39m
              [33mid[39m=[32m"_r_23_"[39m
              [33mname[39m=[32m"notes"[39m
              [33mrows[39m=[32m"3"[39m
            [36m/>[39m
          [36m</div>[39m
        [36m</fieldset>[39m
        [36m<div[39m
          [33mclass[39m=[32m"banner banner--error"[39m
          [33mdata-state[39m=[32m"form-errors"[39m
          [33mrole[39m=[32m"alert"[39m
        [36m>[39m
          [36m<ul[39m
            [33mclass[39m=[32m"plain-list"[39m
          [36m>[39m
            [36m<li>[39m
              [36m<svg[39m
                [33maria-hidden[39m=[32m"true"[39m
                [33mclass[39m=[32m"icon"[39m
                [33mfill[39m=[32m"none"[39m
                [33mfocusable[39m=[32m"false"[39m
                [33mheight[39m=[32m"16"[39m
                [33mstroke[39m=[32m"currentColor"[39m
                [33mstroke-linecap[39m=[32m"round"[39m
                [33mstroke-linejoin[39m=[32m"round"[39m
                [33mstroke-width[39m=[32m"1.8"[39m
                [33mviewBox[39m=[32m"0 0 20 20"[39m
                [33mwidth[39m=[32m"16"[39m
              [36m>[39m
                [36m<path[39m
                  [33md[39m=[32m"M10 3l8 14H2L10 3zm0 5v4m0 3v.5"[39m
                [36m/>[39m
              [36m</svg>[39m
              [0m [0m
              [0mالطلب ليس بصيغة JSON صالحة.[0m
            [36m</li>[39m
            [36m<li>[39m
              [36m<svg[39m
                [33maria-hidden[39m=[32m"true"[39m
                [33mclass[39m=[32m"icon"[39m
                [33mfill[39m=[32m"none"[39m
                [33mfocusable[39m=[32m"false"[39m
                [33mheight[39m=[32m"16"[39m
                [33mstroke[39m=[32m"currentColor"[39m
                [33mstroke-linecap[39m=[32m"round"[39m
                [33mstroke-linejoin[39m=[32m"round"[39m
                [33mstroke-width[39m=[32m"1.8"[39m
                [33mviewBox[39m=[32m"0 0 20 20"[39m
                [33mwidth[39m=[32m"16"[39m
              [36m>[39m
                [36m<path[39m
                  [33md[39m=[32m"M10 3l8 14H2L10 3zm0 5v4m0 3v.5"[39m
                [36m/>[39m
              [36m</svg>[39m
              [0m [0m
              [0mصيغة الطلب غير مدعومة.[0m
            [36m</li>[39m
          [36m</ul>[39m
        [36m</div>[39m
        [36m<p[39m
          [33mclass[39m=[32m"banner banner--error"[39m
          [33mdata-state[39m=[32m"error"[39m
          [33mrole[39m=[32m"alert"[39m
        [36m>[39m
          [36m<svg[39m
            [33maria-hidden[39m=[32m"true"[39m
            [33mclass[39m=[32m"icon"[39m
            [33mfill[39m=[32m"none"[39m
            [33mfocusable[39m=[32m"false"[39m
            [33mheight[39m=[32m"16"[39m
            [33mstroke[39m=[32m"currentColor"[39m
            [33mstroke-linecap[39m=[32m"round"[39m
            [33mstroke-linejoin[39m=[32m"round"[39m
            [33mstroke-width[39m=[32m"1.8"[39m
            [33mviewBox[39m=[32m"0 0 20 20"[39m
            [33mwidth[39m=[32m"16"[39m
          [36m>[39m
            [36m<path[39m
              [33md[39m=[32m"M10 3l8 14H2L10 3zm0 5v4m0 3v.5"[39m
            [36m/>[39m
          [36m</svg>[39m
          [0m [0m
          [0mالطلب ليس بصيغة JSON صالحة.[0m
        [36m</p>[39m
        [36m<div[39m
          [33mclass[39m=[32m"form__actions"[39m
        [36m>[39m
          [36m<button[39m
            [33mclass[39m=[32m"button button--primary"[39m
            [33mtype[39m=[32m"submit"[39m
          [36m>[39m
            [0mSave (synthetic)[0m
          [36m</button>[39m
        [36m</div>[39m
      [36m</form>[39m
    [36m</div>[39m
  [36m</body>[39m
[36m</html>[39m
   ✓ record form: one alert per distinct form error (ar) > inline-sections > a field-pointer error stays on its field; the generic banner is said once 56ms

⎯⎯⎯⎯⎯⎯ Failed Tests 12 ⎯⎯⎯⎯⎯⎯⎯

 FAIL  |unit-web| src/components/RecordForm.alerts.test.tsx > record form: one alert per distinct form error (en) > dialog > a 400 whose only field error has pointer "" says its message once, in one live region
AssertionError: expected 2 to be 1 // Object.is equality

Ignored nodes: comments, script, style
[36m<html[39m
  [33mdir[39m=[32m"ltr"[39m
  [33mlang[39m=[32m"en"[39m
[36m>[39m
  [36m<head />[39m
  [36m<body>[39m
    [36m<div>[39m
      [36m<div[39m
        [33mclass[39m=[32m"dialog-backdrop"[39m
      [36m>[39m
        [36m<div[39m
          [33maria-labelledby[39m=[32m"_r_0_"[39m
          [33maria-modal[39m=[32m"true"[39m
          [33mclass[39m=[32m"dialog"[39m
          [33mrole[39m=[32m"dialog"[39m
        [36m>[39m
          [36m<h2[39m
            [33mclass[39m=[32m"dialog__title"[39m
            [33mid[39m=[32m"_r_0_"[39m
          [36m>[39m
            [0mSynthetic record[0m
          [36m</h2>[39m
          [36m<div[39m
            [33mclass[39m=[32m"dialog__body"[39m
          [36m>[39m
            [36m<form[39m
              [33mclass[39m=[32m"form form--dialog"[39m
              [33mnovalidate[39m=[32m""[39m
            [36m>[39m
              [36m<div[39m
                [33mclass[39m=[32m"field"[39m
              [36m>[39m
                [36m<label[39m
                  [33mclass[39m=[32m"field__label"[39m
                  [33mfor[39m=[32m"_r_2_"[39m
                [36m>[39m
                  [0mName (synthetic)[0m
                  [36m<span[39m
                    [33mclass[39m=[32m"field__required"[39m
                  [36m>[39m
                    [0m ([0m
                    [0mrequired[0m
                    [0m)[0m
                  [36m</span>[39m
                [36m</label>[39m
                [36m<input[39m
                  [33maria-required[39m=[32m"true"[39m
                  [33mid[39m=[32m"_r_2_"[39m
                  [33mname[39m=[32m"name"[39m
                  [33mtype[39m=[32m"text"[39m
                  [33mvalue[39m=[32m"Synthetic name"[39m
                [36m/>[39m
              [36m</div>[39m
              [36m<div[39m
                [33mclass[39m=[32m"field"[39m
              [36m>[39m
                [36m<label[39m
                  [33mclass[39m=[32m"field__label"[39m
                  [33mfor[39m=[32m"_r_4_"[39m
                [36m>[39m
                  [0mNotes (synthetic)[0m
                [36m</label>[39m
                [36m<textarea[39m
                  [33mid[39m=[32m"_r_4_"[39m
                  [33mname[39m=[32m"notes"[39m
                  [33mrows[39m=[32m"3"[39m
                [36m/>[39m
              [36m</div>[39m
              [36m<div[39m
                [33mclass[39m=[32m"banner banner--error"[39m
                [33mdata-state[39m=[32m"form-errors"[39m
                [33mrole[39m=[32m"alert"[39m
              [36m>[39m
                [36m<ul[39m
                  [33mclass[39m=[32m"plain-list"[39m
                [36m>[39m
                  [36m<li>[39m
                    [36m<svg[39m
                      [33maria-hidden[39m=[32m"true"[39m
                      [33mclass[39m=[32m"icon"[39m
                      [33mfill[39m=[32m"none"[39m
                      [33mfocusable[39m=[32m"false"[39m
                      [33mheight[39m=[32m"16"[39m
                      [33mstroke[39m=[32m"currentColor"[39m
                      [33mstroke-linecap[39m=[32m"round"[39m
                      [33mstroke-linejoin[39m=[32m"round"[39m
                      [33mstroke-width[39m=[32m"1.8"[39m
                      [33mviewBox[39m=[32m"0 0 20 20"[39m
                      [33mwidth[39m=[32m"16"[39m
                    [36m>[39m
                      [36m<path[39m
                        [33md[39m=[32m"M10 3l8 14H2L10 3zm0 5v4m0 3v.5"[39m
                      [36m/>[39m
                    [36m</svg>[39m
                    [0m [0m
                    [0mThe request was not valid JSON.[0m
                  [36m</li>[39m
                [36m</ul>[39m
              [36m</div>[39m
              [36m<p[39m
                [33mclass[39m=[32m"banner banner--error"[39m
                [33mdata-state[39m=[32m"error"[39m
                [33mrole[39m=[32m"alert"[39m
              [36m>[39m
                [36m<svg[39m
                  [33maria-hidden[39m=[32m"true"[39m
                  [33mclass[39m=[32m"icon"[39m
                  [33mfill[39m=[32m"none"[39m
                  [33mfocusable[39m=[32m"false"[39m
                  [33mheight[39m=[32m"16"[39m
                  [33mstroke[39m=[32m"currentColor"[39m
                  [33mstroke-linecap[39m=[32m"round"[39m
                  [33mstroke-linejoin[39m=[32m"round"[39m
                  [33mstroke-width[39m=[32m"1.8"[39m
                  [33mviewBox[39m=[32m"0 0 20 20"[39m
                  [33mwidth[39m=[32m"16"[39m
                [36m>[39m
                  [36m<path[39m
                    [33md[39m=[32m"M10 3l8 14H2L10 3zm0 5v4m0 3v.5"[39m
                  [36m/>[39m
                [36m</svg>[39m
                [0m [0m
                [0mThe request was not valid JSON.[0m
              [36m</p>[39m
            [36m</form>[39m
          [36m</div>[39m
          [36m<div[39m
            [33mclass[39m=[32m"dialog__footer"[39m
          [36m>[39m
            [36m<button[39m
              [33mclass[39m=[32m"button button--secondary"[39m
              [33mtype[39m=[32m"button"[39m
            [36m>[39m
              [0mCancel[0m
            [36m</button>[39m
            [36m<button[39m
              [33mclass[39m=[32m"button button--primary"[39m
              [33mtype[39m=[32m"button"[39m
            [36m>[39m
              [0mSave (synthetic)[0m
            [36m</button>[39m
          [36m</div>[39m
        [36m</div>[39m
      [36m</div>[39m
    [36m</div>[39m
  [36m</body>[39m
[36m</html>[39m

[32m- Expected[39m
[31m+ Received[39m

[32m- 1[39m
[31m+ 2[39m

 ❯ src/components/RecordForm.alerts.test.tsx:78:56
     76|       const message = t("problems.validation__json");
     77|       expect(message).not.toBe("problems.validation__json");
     78|       await waitFor(() => expect(occurrences(message)).toBe(1));
       |                                                        ^
     79|       const alerts = screen.getAllByRole("alert");
     80|       expect(alerts).toHaveLength(1);
 ❯ runWithExpensiveErrorDiagnosticsDisabled ../../node_modules/.pnpm/@testing-library+dom@10.4.1/node_modules/@testing-library/dom/dist/config.js:47:12
 ❯ checkCallback ../../node_modules/.pnpm/@testing-library+dom@10.4.1/node_modules/@testing-library/dom/dist/wait-for.js:124:77
 ❯ Timeout.checkRealTimersCallback ../../node_modules/.pnpm/@testing-library+dom@10.4.1/node_modules/@testing-library/dom/dist/wait-for.js:118:16

⎯⎯⎯⎯⎯⎯⎯⎯⎯⎯⎯⎯⎯⎯⎯⎯⎯⎯⎯⎯⎯⎯⎯[1/12]⎯

 FAIL  |unit-web| src/components/RecordForm.alerts.test.tsx > record form: one alert per distinct form error (en) > dialog > the same pointer-"" code twice is still said once
AssertionError: expected 2 to be 1 // Object.is equality

Ignored nodes: comments, script, style
[36m<html[39m
  [33mdir[39m=[32m"ltr"[39m
  [33mlang[39m=[32m"en"[39m
[36m>[39m
  [36m<head />[39m
  [36m<body>[39m
    [36m<div>[39m
      [36m<div[39m
        [33mclass[39m=[32m"dialog-backdrop"[39m
      [36m>[39m
        [36m<div[39m
          [33maria-labelledby[39m=[32m"_r_5_"[39m
          [33maria-modal[39m=[32m"true"[39m
          [33mclass[39m=[32m"dialog"[39m
          [33mrole[39m=[32m"dialog"[39m
        [36m>[39m
          [36m<h2[39m
            [33mclass[39m=[32m"dialog__title"[39m
            [33mid[39m=[32m"_r_5_"[39m
          [36m>[39m
            [0mSynthetic record[0m
          [36m</h2>[39m
          [36m<div[39m
            [33mclass[39m=[32m"dialog__body"[39m
          [36m>[39m
            [36m<form[39m
              [33mclass[39m=[32m"form form--dialog"[39m
              [33mnovalidate[39m=[32m""[39m
            [36m>[39m
              [36m<div[39m
                [33mclass[39m=[32m"field"[39m
              [36m>[39m
                [36m<label[39m
                  [33mclass[39m=[32m"field__label"[39m
                  [33mfor[39m=[32m"_r_7_"[39m
                [36m>[39m
                  [0mName (synthetic)[0m
                  [36m<span[39m
                    [33mclass[39m=[32m"field__required"[39m
                  [36m>[39m
                    [0m ([0m
                    [0mrequired[0m
                    [0m)[0m
                  [36m</span>[39m
                [36m</label>[39m
                [36m<input[39m
                  [33maria-required[39m=[32m"true"[39m
                  [33mid[39m=[32m"_r_7_"[39m
                  [33mname[39m=[32m"name"[39m
                  [33mtype[39m=[32m"text"[39m
                  [33mvalue[39m=[32m"Synthetic name"[39m
                [36m/>[39m
              [36m</div>[39m
              [36m<div[39m
                [33mclass[39m=[32m"field"[39m
              [36m>[39m
                [36m<label[39m
                  [33mclass[39m=[32m"field__label"[39m
                  [33mfor[39m=[32m"_r_9_"[39m
                [36m>[39m
                  [0mNotes (synthetic)[0m
                [36m</label>[39m
                [36m<textarea[39m
                  [33mid[39m=[32m"_r_9_"[39m
                  [33mname[39m=[32m"notes"[39m
                  [33mrows[39m=[32m"3"[39m
                [36m/>[39m
              [36m</div>[39m
              [36m<div[39m
                [33mclass[39m=[32m"banner banner--error"[39m
                [33mdata-state[39m=[32m"form-errors"[39m
                [33mrole[39m=[32m"alert"[39m
              [36m>[39m
                [36m<ul[39m
                  [33mclass[39m=[32m"plain-list"[39m
                [36m>[39m
                  [36m<li>[39m
                    [36m<svg[39m
                      [33maria-hidden[39m=[32m"true"[39m
                      [33mclass[39m=[32m"icon"[39m
                      [33mfill[39m=[32m"none"[39m
                      [33mfocusable[39m=[32m"false"[39m
                      [33mheight[39m=[32m"16"[39m
                      [33mstroke[39m=[32m"currentColor"[39m
                      [33mstroke-linecap[39m=[32m"round"[39m
                      [33mstroke-linejoin[39m=[32m"round"[39m
                      [33mstroke-width[39m=[32m"1.8"[39m
                      [33mviewBox[39m=[32m"0 0 20 20"[39m
                      [33mwidth[39m=[32m"16"[39m
                    [36m>[39m
                      [36m<path[39m
                        [33md[39m=[32m"M10 3l8 14H2L10 3zm0 5v4m0 3v.5"[39m
                      [36m/>[39m
                    [36m</svg>[39m
                    [0m [0m
                    [0mThe request was not valid JSON.[0m
                  [36m</li>[39m
                [36m</ul>[39m
              [36m</div>[39m
              [36m<p[39m
                [33mclass[39m=[32m"banner banner--error"[39m
                [33mdata-state[39m=[32m"error"[39m
                [33mrole[39m=[32m"alert"[39m
              [36m>[39m
                [36m<svg[39m
                  [33maria-hidden[39m=[32m"true"[39m
                  [33mclass[39m=[32m"icon"[39m
                  [33mfill[39m=[32m"none"[39m
                  [33mfocusable[39m=[32m"false"[39m
                  [33mheight[39m=[32m"16"[39m
                  [33mstroke[39m=[32m"currentColor"[39m
                  [33mstroke-linecap[39m=[32m"round"[39m
                  [33mstroke-linejoin[39m=[32m"round"[39m
                  [33mstroke-width[39m=[32m"1.8"[39m
                  [33mviewBox[39m=[32m"0 0 20 20"[39m
                  [33mwidth[39m=[32m"16"[39m
                [36m>[39m
                  [36m<path[39m
                    [33md[39m=[32m"M10 3l8 14H2L10 3zm0 5v4m0 3v.5"[39m
                  [36m/>[39m
                [36m</svg>[39m
                [0m [0m
                [0mThe request was not valid JSON.[0m
              [36m</p>[39m
            [36m</form>[39m
          [36m</div>[39m
          [36m<div[39m
            [33mclass[39m=[32m"dialog__footer"[39m
          [36m>[39m
            [36m<button[39m
              [33mclass[39m=[32m"button button--secondary"[39m
              [33mtype[39m=[32m"button"[39m
            [36m>[39m
              [0mCancel[0m
            [36m</button>[39m
            [36m<button[39m
              [33mclass[39m=[32m"button button--primary"[39m
              [33mtype[39m=[32m"button"[39m
            [36m>[39m
              [0mSave (synthetic)[0m
            [36m</button>[39m
          [36m</div>[39m
        [36m</div>[39m
      [36m</div>[39m
    [36m</div>[39m
  [36m</body>[39m
[36m</html>[39m

[32m- Expected[39m
[31m+ Received[39m

[32m- 1[39m
[31m+ 2[39m

 ❯ src/components/RecordForm.alerts.test.tsx:90:79
     88|         { pointer: "", code: "validation.json" },
     89|       ]);
     90|       await waitFor(() => expect(occurrences(t("problems.validation__j…
       |                                                                               ^
     91|       expect(screen.getAllByRole("alert")).toHaveLength(1);
     92|     });
 ❯ runWithExpensiveErrorDiagnosticsDisabled ../../node_modules/.pnpm/@testing-library+dom@10.4.1/node_modules/@testing-library/dom/dist/config.js:47:12
 ❯ checkCallback ../../node_modules/.pnpm/@testing-library+dom@10.4.1/node_modules/@testing-library/dom/dist/wait-for.js:124:77
 ❯ Timeout.checkRealTimersCallback ../../node_modules/.pnpm/@testing-library+dom@10.4.1/node_modules/@testing-library/dom/dist/wait-for.js:118:16

⎯⎯⎯⎯⎯⎯⎯⎯⎯⎯⎯⎯⎯⎯⎯⎯⎯⎯⎯⎯⎯⎯⎯[2/12]⎯

 FAIL  |unit-web| src/components/RecordForm.alerts.test.tsx > record form: one alert per distinct form error (en) > dialog > two distinct form-level messages: each is said exactly once, one live region each
AssertionError: expected 2 to be 1 // Object.is equality

Ignored nodes: comments, script, style
[36m<html[39m
  [33mdir[39m=[32m"ltr"[39m
  [33mlang[39m=[32m"en"[39m
[36m>[39m
  [36m<head />[39m
  [36m<body>[39m
    [36m<div>[39m
      [36m<div[39m
        [33mclass[39m=[32m"dialog-backdrop"[39m
      [36m>[39m
        [36m<div[39m
          [33maria-labelledby[39m=[32m"_r_a_"[39m
          [33maria-modal[39m=[32m"true"[39m
          [33mclass[39m=[32m"dialog"[39m
          [33mrole[39m=[32m"dialog"[39m
        [36m>[39m
          [36m<h2[39m
            [33mclass[39m=[32m"dialog__title"[39m
            [33mid[39m=[32m"_r_a_"[39m
          [36m>[39m
            [0mSynthetic record[0m
          [36m</h2>[39m
          [36m<div[39m
            [33mclass[39m=[32m"dialog__body"[39m
          [36m>[39m
            [36m<form[39m
              [33mclass[39m=[32m"form form--dialog"[39m
              [33mnovalidate[39m=[32m""[39m
            [36m>[39m
              [36m<div[39m
                [33mclass[39m=[32m"field"[39m
              [36m>[39m
                [36m<label[39m
                  [33mclass[39m=[32m"field__label"[39m
                  [33mfor[39m=[32m"_r_c_"[39m
                [36m>[39m
                  [0mName (synthetic)[0m
                  [36m<span[39m
                    [33mclass[39m=[32m"field__required"[39m
                  [36m>[39m
                    [0m ([0m
                    [0mrequired[0m
                    [0m)[0m
                  [36m</span>[39m
                [36m</label>[39m
                [36m<input[39m
                  [33maria-required[39m=[32m"true"[39m
                  [33mid[39m=[32m"_r_c_"[39m
                  [33mname[39m=[32m"name"[39m
                  [33mtype[39m=[32m"text"[39m
                  [33mvalue[39m=[32m"Synthetic name"[39m
                [36m/>[39m
              [36m</div>[39m
              [36m<div[39m
                [33mclass[39m=[32m"field"[39m
              [36m>[39m
                [36m<label[39m
                  [33mclass[39m=[32m"field__label"[39m
                  [33mfor[39m=[32m"_r_e_"[39m
                [36m>[39m
                  [0mNotes (synthetic)[0m
                [36m</label>[39m
                [36m<textarea[39m
                  [33mid[39m=[32m"_r_e_"[39m
                  [33mname[39m=[32m"notes"[39m
                  [33mrows[39m=[32m"3"[39m
                [36m/>[39m
              [36m</div>[39m
              [36m<div[39m
                [33mclass[39m=[32m"banner banner--error"[39m
                [33mdata-state[39m=[32m"form-errors"[39m
                [33mrole[39m=[32m"alert"[39m
              [36m>[39m
                [36m<ul[39m
                  [33mclass[39m=[32m"plain-list"[39m
                [36m>[39m
                  [36m<li>[39m
                    [36m<svg[39m
                      [33maria-hidden[39m=[32m"true"[39m
                      [33mclass[39m=[32m"icon"[39m
                      [33mfill[39m=[32m"none"[39m
                      [33mfocusable[39m=[32m"false"[39m
                      [33mheight[39m=[32m"16"[39m
                      [33mstroke[39m=[32m"currentColor"[39m
                      [33mstroke-linecap[39m=[32m"round"[39m
                      [33mstroke-linejoin[39m=[32m"round"[39m
                      [33mstroke-width[39m=[32m"1.8"[39m
                      [33mviewBox[39m=[32m"0 0 20 20"[39m
                      [33mwidth[39m=[32m"16"[39m
                    [36m>[39m
                      [36m<path[39m
                        [33md[39m=[32m"M10 3l8 14H2L10 3zm0 5v4m0 3v.5"[39m
                      [36m/>[39m
                    [36m</svg>[39m
                    [0m [0m
                    [0mThe request was not valid JSON.[0m
                  [36m</li>[39m
                  [36m<li>[39m
                    [36m<svg[39m
                      [33maria-hidden[39m=[32m"true"[39m
                      [33mclass[39m=[32m"icon"[39m
                      [33mfill[39m=[32m"none"[39m
                      [33mfocusable[39m=[32m"false"[39m
                      [33mheight[39m=[32m"16"[39m
                      [33mstroke[39m=[32m"currentColor"[39m
                      [33mstroke-linecap[39m=[32m"round"[39m
                      [33mstroke-linejoin[39m=[32m"round"[39m
                      [33mstroke-width[39m=[32m"1.8"[39m
                      [33mviewBox[39m=[32m"0 0 20 20"[39m
                      [33mwidth[39m=[32m"16"[39m
                    [36m>[39m
                      [36m<path[39m
                        [33md[39m=[32m"M10 3l8 14H2L10 3zm0 5v4m0 3v.5"[39m
                      [36m/>[39m
                    [36m</svg>[39m
                    [0m [0m
                    [0mThe request format is not supported.[0m
                  [36m</li>[39m
                [36m</ul>[39m
              [36m</div>[39m
              [36m<p[39m
                [33mclass[39m=[32m"banner banner--error"[39m
                [33mdata-state[39m=[32m"error"[39m
                [33mrole[39m=[32m"alert"[39m
              [36m>[39m
                [36m<svg[39m
                  [33maria-hidden[39m=[32m"true"[39m
                  [33mclass[39m=[32m"icon"[39m
                  [33mfill[39m=[32m"none"[39m
                  [33mfocusable[39m=[32m"false"[39m
                  [33mheight[39m=[32m"16"[39m
                  [33mstroke[39m=[32m"currentColor"[39m
                  [33mstroke-linecap[39m=[32m"round"[39m
                  [33mstroke-linejoin[39m=[32m"round"[39m
                  [33mstroke-width[39m=[32m"1.8"[39m
                  [33mviewBox[39m=[32m"0 0 20 20"[39m
                  [33mwidth[39m=[32m"16"[39m
                [36m>[39m
                  [36m<path[39m
                    [33md[39m=[32m"M10 3l8 14H2L10 3zm0 5v4m0 3v.5"[39m
                  [36m/>[39m
                [36m</svg>[39m
                [0m [0m
                [0mThe request was not valid JSON.[0m
              [36m</p>[39m
            [36m</form>[39m
          [36m</div>[39m
          [36m<div[39m
            [33mclass[39m=[32m"dialog__footer"[39m
          [36m>[39m
            [36m<button[39m
              [33mclass[39m=[32m"button button--secondary"[39m
              [33mtype[39m=[32m"button"[39m
            [36m>[39m
              [0mCancel[0m
            [36m</button>[39m
            [36m<button[39m
              [33mclass[39m=[32m"button button--primary"[39m
              [33mtype[39m=[32m"button"[39m
            [36m>[39m
              [0mSave (synthetic)[0m
            [36m</button>[39m
          [36m</div>[39m
        [36m</div>[39m
      [36m</div>[39m
    [36m</div>[39m
  [36m</body>[39m
[36m</html>[39m

[32m- Expected[39m
[31m+ Received[39m

[32m- 1[39m
[31m+ 2[39m

 ❯ src/components/RecordForm.alerts.test.tsx:102:54
    100|       const second = t("problems.validation__content_type");
    101|       expect(first).not.toBe(second);
    102|       await waitFor(() => expect(occurrences(first)).toBe(1));
       |                                                      ^
    103|       expect(occurrences(second)).toBe(1);
    104|       const alerts = screen.getAllByRole("alert");
 ❯ runWithExpensiveErrorDiagnosticsDisabled ../../node_modules/.pnpm/@testing-library+dom@10.4.1/node_modules/@testing-library/dom/dist/config.js:47:12
 ❯ checkCallback ../../node_modules/.pnpm/@testing-library+dom@10.4.1/node_modules/@testing-library/dom/dist/wait-for.js:124:77
 ❯ Timeout.checkRealTimersCallback ../../node_modules/.pnpm/@testing-library+dom@10.4.1/node_modules/@testing-library/dom/dist/wait-for.js:118:16

⎯⎯⎯⎯⎯⎯⎯⎯⎯⎯⎯⎯⎯⎯⎯⎯⎯⎯⎯⎯⎯⎯⎯[3/12]⎯

 FAIL  |unit-web| src/components/RecordForm.alerts.test.tsx > record form: one alert per distinct form error (en) > inline-sections > a 400 whose only field error has pointer "" says its message once, in one live region
AssertionError: expected 2 to be 1 // Object.is equality

Ignored nodes: comments, script, style
[36m<html[39m
  [33mdir[39m=[32m"ltr"[39m
  [33mlang[39m=[32m"en"[39m
[36m>[39m
  [36m<head />[39m
  [36m<body>[39m
    [36m<div>[39m
      [36m<form[39m
        [33mclass[39m=[32m"form"[39m
        [33mnovalidate[39m=[32m""[39m
      [36m>[39m
        [36m<fieldset[39m
          [33mclass[39m=[32m"plain-fieldset form-section"[39m
        [36m>[39m
          [36m<legend[39m
            [33mclass[39m=[32m"card__subtitle"[39m
          [36m>[39m
            [0mSynthetic section[0m
          [36m</legend>[39m
          [36m<div[39m
            [33mclass[39m=[32m"field"[39m
          [36m>[39m
            [36m<label[39m
              [33mclass[39m=[32m"field__label"[39m
              [33mfor[39m=[32m"_r_l_"[39m
            [36m>[39m
              [0mName (synthetic)[0m
              [36m<span[39m
                [33mclass[39m=[32m"field__required"[39m
              [36m>[39m
                [0m ([0m
                [0mrequired[0m
                [0m)[0m
              [36m</span>[39m
            [36m</label>[39m
            [36m<input[39m
              [33maria-required[39m=[32m"true"[39m
              [33mid[39m=[32m"_r_l_"[39m
              [33mname[39m=[32m"name"[39m
              [33mtype[39m=[32m"text"[39m
              [33mvalue[39m=[32m"Synthetic name"[39m
            [36m/>[39m
          [36m</div>[39m
          [36m<div[39m
            [33mclass[39m=[32m"field"[39m
          [36m>[39m
            [36m<label[39m
              [33mclass[39m=[32m"field__label"[39m
              [33mfor[39m=[32m"_r_n_"[39m
            [36m>[39m
              [0mNotes (synthetic)[0m
            [36m</label>[39m
            [36m<textarea[39m
              [33mid[39m=[32m"_r_n_"[39m
              [33mname[39m=[32m"notes"[39m
              [33mrows[39m=[32m"3"[39m
            [36m/>[39m
          [36m</div>[39m
        [36m</fieldset>[39m
        [36m<div[39m
          [33mclass[39m=[32m"banner banner--error"[39m
          [33mdata-state[39m=[32m"form-errors"[39m
          [33mrole[39m=[32m"alert"[39m
        [36m>[39m
          [36m<ul[39m
            [33mclass[39m=[32m"plain-list"[39m
          [36m>[39m
            [36m<li>[39m
              [36m<svg[39m
                [33maria-hidden[39m=[32m"true"[39m
                [33mclass[39m=[32m"icon"[39m
                [33mfill[39m=[32m"none"[39m
                [33mfocusable[39m=[32m"false"[39m
                [33mheight[39m=[32m"16"[39m
                [33mstroke[39m=[32m"currentColor"[39m
                [33mstroke-linecap[39m=[32m"round"[39m
                [33mstroke-linejoin[39m=[32m"round"[39m
                [33mstroke-width[39m=[32m"1.8"[39m
                [33mviewBox[39m=[32m"0 0 20 20"[39m
                [33mwidth[39m=[32m"16"[39m
              [36m>[39m
                [36m<path[39m
                  [33md[39m=[32m"M10 3l8 14H2L10 3zm0 5v4m0 3v.5"[39m
                [36m/>[39m
              [36m</svg>[39m
              [0m [0m
              [0mThe request was not valid JSON.[0m
            [36m</li>[39m
          [36m</ul>[39m
        [36m</div>[39m
        [36m<p[39m
          [33mclass[39m=[32m"banner banner--error"[39m
          [33mdata-state[39m=[32m"error"[39m
          [33mrole[39m=[32m"alert"[39m
        [36m>[39m
          [36m<svg[39m
            [33maria-hidden[39m=[32m"true"[39m
            [33mclass[39m=[32m"icon"[39m
            [33mfill[39m=[32m"none"[39m
            [33mfocusable[39m=[32m"false"[39m
            [33mheight[39m=[32m"16"[39m
            [33mstroke[39m=[32m"currentColor"[39m
            [33mstroke-linecap[39m=[32m"round"[39m
            [33mstroke-linejoin[39m=[32m"round"[39m
            [33mstroke-width[39m=[32m"1.8"[39m
            [33mviewBox[39m=[32m"0 0 20 20"[39m
            [33mwidth[39m=[32m"16"[39m
          [36m>[39m
            [36m<path[39m
              [33md[39m=[32m"M10 3l8 14H2L10 3zm0 5v4m0 3v.5"[39m
            [36m/>[39m
          [36m</svg>[39m
          [0m [0m
          [0mThe request was not valid JSON.[0m
        [36m</p>[39m
        [36m<div[39m
          [33mclass[39m=[32m"form__actions"[39m
        [36m>[39m
          [36m<button[39m
            [33mclass[39m=[32m"button button--primary"[39m
            [33mtype[39m=[32m"submit"[39m
          [36m>[39m
            [0mSave (synthetic)[0m
          [36m</button>[39m
        [36m</div>[39m
      [36m</form>[39m
    [36m</div>[39m
  [36m</body>[39m
[36m</html>[39m

[32m- Expected[39m
[31m+ Received[39m

[32m- 1[39m
[31m+ 2[39m

 ❯ src/components/RecordForm.alerts.test.tsx:78:56
     76|       const message = t("problems.validation__json");
     77|       expect(message).not.toBe("problems.validation__json");
     78|       await waitFor(() => expect(occurrences(message)).toBe(1));
       |                                                        ^
     79|       const alerts = screen.getAllByRole("alert");
     80|       expect(alerts).toHaveLength(1);
 ❯ runWithExpensiveErrorDiagnosticsDisabled ../../node_modules/.pnpm/@testing-library+dom@10.4.1/node_modules/@testing-library/dom/dist/config.js:47:12
 ❯ checkCallback ../../node_modules/.pnpm/@testing-library+dom@10.4.1/node_modules/@testing-library/dom/dist/wait-for.js:124:77
 ❯ Timeout.checkRealTimersCallback ../../node_modules/.pnpm/@testing-library+dom@10.4.1/node_modules/@testing-library/dom/dist/wait-for.js:118:16

⎯⎯⎯⎯⎯⎯⎯⎯⎯⎯⎯⎯⎯⎯⎯⎯⎯⎯⎯⎯⎯⎯⎯[4/12]⎯

 FAIL  |unit-web| src/components/RecordForm.alerts.test.tsx > record form: one alert per distinct form error (en) > inline-sections > the same pointer-"" code twice is still said once
AssertionError: expected 2 to be 1 // Object.is equality

Ignored nodes: comments, script, style
[36m<html[39m
  [33mdir[39m=[32m"ltr"[39m
  [33mlang[39m=[32m"en"[39m
[36m>[39m
  [36m<head />[39m
  [36m<body>[39m
    [36m<div>[39m
      [36m<form[39m
        [33mclass[39m=[32m"form"[39m
        [33mnovalidate[39m=[32m""[39m
      [36m>[39m
        [36m<fieldset[39m
          [33mclass[39m=[32m"plain-fieldset form-section"[39m
        [36m>[39m
          [36m<legend[39m
            [33mclass[39m=[32m"card__subtitle"[39m
          [36m>[39m
            [0mSynthetic section[0m
          [36m</legend>[39m
          [36m<div[39m
            [33mclass[39m=[32m"field"[39m
          [36m>[39m
            [36m<label[39m
              [33mclass[39m=[32m"field__label"[39m
              [33mfor[39m=[32m"_r_p_"[39m
            [36m>[39m
              [0mName (synthetic)[0m
              [36m<span[39m
                [33mclass[39m=[32m"field__required"[39m
              [36m>[39m
                [0m ([0m
                [0mrequired[0m
                [0m)[0m
              [36m</span>[39m
            [36m</label>[39m
            [36m<input[39m
              [33maria-required[39m=[32m"true"[39m
              [33mid[39m=[32m"_r_p_"[39m
              [33mname[39m=[32m"name"[39m
              [33mtype[39m=[32m"text"[39m
              [33mvalue[39m=[32m"Synthetic name"[39m
            [36m/>[39m
          [36m</div>[39m
          [36m<div[39m
            [33mclass[39m=[32m"field"[39m
          [36m>[39m
            [36m<label[39m
              [33mclass[39m=[32m"field__label"[39m
              [33mfor[39m=[32m"_r_r_"[39m
            [36m>[39m
              [0mNotes (synthetic)[0m
            [36m</label>[39m
            [36m<textarea[39m
              [33mid[39m=[32m"_r_r_"[39m
              [33mname[39m=[32m"notes"[39m
              [33mrows[39m=[32m"3"[39m
            [36m/>[39m
          [36m</div>[39m
        [36m</fieldset>[39m
        [36m<div[39m
          [33mclass[39m=[32m"banner banner--error"[39m
          [33mdata-state[39m=[32m"form-errors"[39m
          [33mrole[39m=[32m"alert"[39m
        [36m>[39m
          [36m<ul[39m
            [33mclass[39m=[32m"plain-list"[39m
          [36m>[39m
            [36m<li>[39m
              [36m<svg[39m
                [33maria-hidden[39m=[32m"true"[39m
                [33mclass[39m=[32m"icon"[39m
                [33mfill[39m=[32m"none"[39m
                [33mfocusable[39m=[32m"false"[39m
                [33mheight[39m=[32m"16"[39m
                [33mstroke[39m=[32m"currentColor"[39m
                [33mstroke-linecap[39m=[32m"round"[39m
                [33mstroke-linejoin[39m=[32m"round"[39m
                [33mstroke-width[39m=[32m"1.8"[39m
                [33mviewBox[39m=[32m"0 0 20 20"[39m
                [33mwidth[39m=[32m"16"[39m
              [36m>[39m
                [36m<path[39m
                  [33md[39m=[32m"M10 3l8 14H2L10 3zm0 5v4m0 3v.5"[39m
                [36m/>[39m
              [36m</svg>[39m
              [0m [0m
              [0mThe request was not valid JSON.[0m
            [36m</li>[39m
          [36m</ul>[39m
        [36m</div>[39m
        [36m<p[39m
          [33mclass[39m=[32m"banner banner--error"[39m
          [33mdata-state[39m=[32m"error"[39m
          [33mrole[39m=[32m"alert"[39m
        [36m>[39m
          [36m<svg[39m
            [33maria-hidden[39m=[32m"true"[39m
            [33mclass[39m=[32m"icon"[39m
            [33mfill[39m=[32m"none"[39m
            [33mfocusable[39m=[32m"false"[39m
            [33mheight[39m=[32m"16"[39m
            [33mstroke[39m=[32m"currentColor"[39m
            [33mstroke-linecap[39m=[32m"round"[39m
            [33mstroke-linejoin[39m=[32m"round"[39m
            [33mstroke-width[39m=[32m"1.8"[39m
            [33mviewBox[39m=[32m"0 0 20 20"[39m
            [33mwidth[39m=[32m"16"[39m
          [36m>[39m
            [36m<path[39m
              [33md[39m=[32m"M10 3l8 14H2L10 3zm0 5v4m0 3v.5"[39m
            [36m/>[39m
          [36m</svg>[39m
          [0m [0m
          [0mThe request was not valid JSON.[0m
        [36m</p>[39m
        [36m<div[39m
          [33mclass[39m=[32m"form__actions"[39m
        [36m>[39m
          [36m<button[39m
            [33mclass[39m=[32m"button button--primary"[39m
            [33mtype[39m=[32m"submit"[39m
          [36m>[39m
            [0mSave (synthetic)[0m
          [36m</button>[39m
        [36m</div>[39m
      [36m</form>[39m
    [36m</div>[39m
  [36m</body>[39m
[36m</html>[39m

[32m- Expected[39m
[31m+ Received[39m

[32m- 1[39m
[31m+ 2[39m

 ❯ src/components/RecordForm.alerts.test.tsx:90:79
     88|         { pointer: "", code: "validation.json" },
     89|       ]);
     90|       await waitFor(() => expect(occurrences(t("problems.validation__j…
       |                                                                               ^
     91|       expect(screen.getAllByRole("alert")).toHaveLength(1);
     92|     });
 ❯ runWithExpensiveErrorDiagnosticsDisabled ../../node_modules/.pnpm/@testing-library+dom@10.4.1/node_modules/@testing-library/dom/dist/config.js:47:12
 ❯ checkCallback ../../node_modules/.pnpm/@testing-library+dom@10.4.1/node_modules/@testing-library/dom/dist/wait-for.js:124:77
 ❯ Timeout.checkRealTimersCallback ../../node_modules/.pnpm/@testing-library+dom@10.4.1/node_modules/@testing-library/dom/dist/wait-for.js:118:16

⎯⎯⎯⎯⎯⎯⎯⎯⎯⎯⎯⎯⎯⎯⎯⎯⎯⎯⎯⎯⎯⎯⎯[5/12]⎯

 FAIL  |unit-web| src/components/RecordForm.alerts.test.tsx > record form: one alert per distinct form error (en) > inline-sections > two distinct form-level messages: each is said exactly once, one live region each
AssertionError: expected 2 to be 1 // Object.is equality

Ignored nodes: comments, script, style
[36m<html[39m
  [33mdir[39m=[32m"ltr"[39m
  [33mlang[39m=[32m"en"[39m
[36m>[39m
  [36m<head />[39m
  [36m<body>[39m
    [36m<div>[39m
      [36m<form[39m
        [33mclass[39m=[32m"form"[39m
        [33mnovalidate[39m=[32m""[39m
      [36m>[39m
        [36m<fieldset[39m
          [33mclass[39m=[32m"plain-fieldset form-section"[39m
        [36m>[39m
          [36m<legend[39m
            [33mclass[39m=[32m"card__subtitle"[39m
          [36m>[39m
            [0mSynthetic section[0m
          [36m</legend>[39m
          [36m<div[39m
            [33mclass[39m=[32m"field"[39m
          [36m>[39m
            [36m<label[39m
              [33mclass[39m=[32m"field__label"[39m
              [33mfor[39m=[32m"_r_t_"[39m
            [36m>[39m
              [0mName (synthetic)[0m
              [36m<span[39m
                [33mclass[39m=[32m"field__required"[39m
              [36m>[39m
                [0m ([0m
                [0mrequired[0m
                [0m)[0m
              [36m</span>[39m
            [36m</label>[39m
            [36m<input[39m
              [33maria-required[39m=[32m"true"[39m
              [33mid[39m=[32m"_r_t_"[39m
              [33mname[39m=[32m"name"[39m
              [33mtype[39m=[32m"text"[39m
              [33mvalue[39m=[32m"Synthetic name"[39m
            [36m/>[39m
          [36m</div>[39m
          [36m<div[39m
            [33mclass[39m=[32m"field"[39m
          [36m>[39m
            [36m<label[39m
              [33mclass[39m=[32m"field__label"[39m
              [33mfor[39m=[32m"_r_v_"[39m
            [36m>[39m
              [0mNotes (synthetic)[0m
            [36m</label>[39m
            [36m<textarea[39m
              [33mid[39m=[32m"_r_v_"[39m
              [33mname[39m=[32m"notes"[39m
              [33mrows[39m=[32m"3"[39m
            [36m/>[39m
          [36m</div>[39m
        [36m</fieldset>[39m
        [36m<div[39m
          [33mclass[39m=[32m"banner banner--error"[39m
          [33mdata-state[39m=[32m"form-errors"[39m
          [33mrole[39m=[32m"alert"[39m
        [36m>[39m
          [36m<ul[39m
            [33mclass[39m=[32m"plain-list"[39m
          [36m>[39m
            [36m<li>[39m
              [36m<svg[39m
                [33maria-hidden[39m=[32m"true"[39m
                [33mclass[39m=[32m"icon"[39m
                [33mfill[39m=[32m"none"[39m
                [33mfocusable[39m=[32m"false"[39m
                [33mheight[39m=[32m"16"[39m
                [33mstroke[39m=[32m"currentColor"[39m
                [33mstroke-linecap[39m=[32m"round"[39m
                [33mstroke-linejoin[39m=[32m"round"[39m
                [33mstroke-width[39m=[32m"1.8"[39m
                [33mviewBox[39m=[32m"0 0 20 20"[39m
                [33mwidth[39m=[32m"16"[39m
              [36m>[39m
                [36m<path[39m
                  [33md[39m=[32m"M10 3l8 14H2L10 3zm0 5v4m0 3v.5"[39m
                [36m/>[39m
              [36m</svg>[39m
              [0m [0m
              [0mThe request was not valid JSON.[0m
            [36m</li>[39m
            [36m<li>[39m
              [36m<svg[39m
                [33maria-hidden[39m=[32m"true"[39m
                [33mclass[39m=[32m"icon"[39m
                [33mfill[39m=[32m"none"[39m
                [33mfocusable[39m=[32m"false"[39m
                [33mheight[39m=[32m"16"[39m
                [33mstroke[39m=[32m"currentColor"[39m
                [33mstroke-linecap[39m=[32m"round"[39m
                [33mstroke-linejoin[39m=[32m"round"[39m
                [33mstroke-width[39m=[32m"1.8"[39m
                [33mviewBox[39m=[32m"0 0 20 20"[39m
                [33mwidth[39m=[32m"16"[39m
              [36m>[39m
                [36m<path[39m
                  [33md[39m=[32m"M10 3l8 14H2L10 3zm0 5v4m0 3v.5"[39m
                [36m/>[39m
              [36m</svg>[39m
              [0m [0m
              [0mThe request format is not supported.[0m
            [36m</li>[39m
          [36m</ul>[39m
        [36m</div>[39m
        [36m<p[39m
          [33mclass[39m=[32m"banner banner--error"[39m
          [33mdata-state[39m=[32m"error"[39m
          [33mrole[39m=[32m"alert"[39m
        [36m>[39m
          [36m<svg[39m
            [33maria-hidden[39m=[32m"true"[39m
            [33mclass[39m=[32m"icon"[39m
            [33mfill[39m=[32m"none"[39m
            [33mfocusable[39m=[32m"false"[39m
            [33mheight[39m=[32m"16"[39m
            [33mstroke[39m=[32m"currentColor"[39m
            [33mstroke-linecap[39m=[32m"round"[39m
            [33mstroke-linejoin[39m=[32m"round"[39m
            [33mstroke-width[39m=[32m"1.8"[39m
            [33mviewBox[39m=[32m"0 0 20 20"[39m
            [33mwidth[39m=[32m"16"[39m
          [36m>[39m
            [36m<path[39m
              [33md[39m=[32m"M10 3l8 14H2L10 3zm0 5v4m0 3v.5"[39m
            [36m/>[39m
          [36m</svg>[39m
          [0m [0m
          [0mThe request was not valid JSON.[0m
        [36m</p>[39m
        [36m<div[39m
          [33mclass[39m=[32m"form__actions"[39m
        [36m>[39m
          [36m<button[39m
            [33mclass[39m=[32m"button button--primary"[39m
            [33mtype[39m=[32m"submit"[39m
          [36m>[39m
            [0mSave (synthetic)[0m
          [36m</button>[39m
        [36m</div>[39m
      [36m</form>[39m
    [36m</div>[39m
  [36m</body>[39m
[36m</html>[39m

[32m- Expected[39m
[31m+ Received[39m

[32m- 1[39m
[31m+ 2[39m

 ❯ src/components/RecordForm.alerts.test.tsx:102:54
    100|       const second = t("problems.validation__content_type");
    101|       expect(first).not.toBe(second);
    102|       await waitFor(() => expect(occurrences(first)).toBe(1));
       |                                                      ^
    103|       expect(occurrences(second)).toBe(1);
    104|       const alerts = screen.getAllByRole("alert");
 ❯ runWithExpensiveErrorDiagnosticsDisabled ../../node_modules/.pnpm/@testing-library+dom@10.4.1/node_modules/@testing-library/dom/dist/config.js:47:12
 ❯ checkCallback ../../node_modules/.pnpm/@testing-library+dom@10.4.1/node_modules/@testing-library/dom/dist/wait-for.js:124:77
 ❯ Timeout.checkRealTimersCallback ../../node_modules/.pnpm/@testing-library+dom@10.4.1/node_modules/@testing-library/dom/dist/wait-for.js:118:16

⎯⎯⎯⎯⎯⎯⎯⎯⎯⎯⎯⎯⎯⎯⎯⎯⎯⎯⎯⎯⎯⎯⎯[6/12]⎯

 FAIL  |unit-web| src/components/RecordForm.alerts.test.tsx > record form: one alert per distinct form error (ar) > dialog > a 400 whose only field error has pointer "" says its message once, in one live region
AssertionError: expected 2 to be 1 // Object.is equality

Ignored nodes: comments, script, style
[36m<html[39m
  [33mdir[39m=[32m"rtl"[39m
  [33mlang[39m=[32m"ar"[39m
[36m>[39m
  [36m<head />[39m
  [36m<body>[39m
    [36m<div>[39m
      [36m<div[39m
        [33mclass[39m=[32m"dialog-backdrop"[39m
      [36m>[39m
        [36m<div[39m
          [33maria-labelledby[39m=[32m"_r_14_"[39m
          [33maria-modal[39m=[32m"true"[39m
          [33mclass[39m=[32m"dialog"[39m
          [33mrole[39m=[32m"dialog"[39m
        [36m>[39m
          [36m<h2[39m
            [33mclass[39m=[32m"dialog__title"[39m
            [33mid[39m=[32m"_r_14_"[39m
          [36m>[39m
            [0mSynthetic record[0m
          [36m</h2>[39m
          [36m<div[39m
            [33mclass[39m=[32m"dialog__body"[39m
          [36m>[39m
            [36m<form[39m
              [33mclass[39m=[32m"form form--dialog"[39m
              [33mnovalidate[39m=[32m""[39m
            [36m>[39m
              [36m<div[39m
                [33mclass[39m=[32m"field"[39m
              [36m>[39m
                [36m<label[39m
                  [33mclass[39m=[32m"field__label"[39m
                  [33mfor[39m=[32m"_r_16_"[39m
                [36m>[39m
                  [0mName (synthetic)[0m
                  [36m<span[39m
                    [33mclass[39m=[32m"field__required"[39m
                  [36m>[39m
                    [0m ([0m
                    [0mمطلوب[0m
                    [0m)[0m
                  [36m</span>[39m
                [36m</label>[39m
                [36m<input[39m
                  [33maria-required[39m=[32m"true"[39m
                  [33mid[39m=[32m"_r_16_"[39m
                  [33mname[39m=[32m"name"[39m
                  [33mtype[39m=[32m"text"[39m
                  [33mvalue[39m=[32m"Synthetic name"[39m
                [36m/>[39m
              [36m</div>[39m
              [36m<div[39m
                [33mclass[39m=[32m"field"[39m
              [36m>[39m
                [36m<label[39m
                  [33mclass[39m=[32m"field__label"[39m
                  [33mfor[39m=[32m"_r_18_"[39m
                [36m>[39m
                  [0mNotes (synthetic)[0m
                [36m</label>[39m
                [36m<textarea[39m
                  [33mid[39m=[32m"_r_18_"[39m
                  [33mname[39m=[32m"notes"[39m
                  [33mrows[39m=[32m"3"[39m
                [36m/>[39m
              [36m</div>[39m
              [36m<div[39m
                [33mclass[39m=[32m"banner banner--error"[39m
                [33mdata-state[39m=[32m"form-errors"[39m
                [33mrole[39m=[32m"alert"[39m
              [36m>[39m
                [36m<ul[39m
                  [33mclass[39m=[32m"plain-list"[39m
                [36m>[39m
                  [36m<li>[39m
                    [36m<svg[39m
                      [33maria-hidden[39m=[32m"true"[39m
                      [33mclass[39m=[32m"icon"[39m
                      [33mfill[39m=[32m"none"[39m
                      [33mfocusable[39m=[32m"false"[39m
                      [33mheight[39m=[32m"16"[39m
                      [33mstroke[39m=[32m"currentColor"[39m
                      [33mstroke-linecap[39m=[32m"round"[39m
                      [33mstroke-linejoin[39m=[32m"round"[39m
                      [33mstroke-width[39m=[32m"1.8"[39m
                      [33mviewBox[39m=[32m"0 0 20 20"[39m
                      [33mwidth[39m=[32m"16"[39m
                    [36m>[39m
                      [36m<path[39m
                        [33md[39m=[32m"M10 3l8 14H2L10 3zm0 5v4m0 3v.5"[39m
                      [36m/>[39m
                    [36m</svg>[39m
                    [0m [0m
                    [0mالطلب ليس بصيغة JSON صالحة.[0m
                  [36m</li>[39m
                [36m</ul>[39m
              [36m</div>[39m
              [36m<p[39m
                [33mclass[39m=[32m"banner banner--error"[39m
                [33mdata-state[39m=[32m"error"[39m
                [33mrole[39m=[32m"alert"[39m
              [36m>[39m
                [36m<svg[39m
                  [33maria-hidden[39m=[32m"true"[39m
                  [33mclass[39m=[32m"icon"[39m
                  [33mfill[39m=[32m"none"[39m
                  [33mfocusable[39m=[32m"false"[39m
                  [33mheight[39m=[32m"16"[39m
                  [33mstroke[39m=[32m"currentColor"[39m
                  [33mstroke-linecap[39m=[32m"round"[39m
                  [33mstroke-linejoin[39m=[32m"round"[39m
                  [33mstroke-width[39m=[32m"1.8"[39m
                  [33mviewBox[39m=[32m"0 0 20 20"[39m
                  [33mwidth[39m=[32m"16"[39m
                [36m>[39m
                  [36m<path[39m
                    [33md[39m=[32m"M10 3l8 14H2L10 3zm0 5v4m0 3v.5"[39m
                  [36m/>[39m
                [36m</svg>[39m
                [0m [0m
                [0mالطلب ليس بصيغة JSON صالحة.[0m
              [36m</p>[39m
            [36m</form>[39m
          [36m</div>[39m
          [36m<div[39m
            [33mclass[39m=[32m"dialog__footer"[39m
          [36m>[39m
            [36m<button[39m
              [33mclass[39m=[32m"button button--secondary"[39m
              [33mtype[39m=[32m"button"[39m
            [36m>[39m
              [0mإلغاء[0m
            [36m</button>[39m
            [36m<button[39m
              [33mclass[39m=[32m"button button--primary"[39m
              [33mtype[39m=[32m"button"[39m
            [36m>[39m
              [0mSave (synthetic)[0m
            [36m</button>[39m
          [36m</div>[39m
        [36m</div>[39m
      [36m</div>[39m
    [36m</div>[39m
  [36m</body>[39m
[36m</html>[39m

[32m- Expected[39m
[31m+ Received[39m

[32m- 1[39m
[31m+ 2[39m

 ❯ src/components/RecordForm.alerts.test.tsx:78:56
     76|       const message = t("problems.validation__json");
     77|       expect(message).not.toBe("problems.validation__json");
     78|       await waitFor(() => expect(occurrences(message)).toBe(1));
       |                                                        ^
     79|       const alerts = screen.getAllByRole("alert");
     80|       expect(alerts).toHaveLength(1);
 ❯ runWithExpensiveErrorDiagnosticsDisabled ../../node_modules/.pnpm/@testing-library+dom@10.4.1/node_modules/@testing-library/dom/dist/config.js:47:12
 ❯ checkCallback ../../node_modules/.pnpm/@testing-library+dom@10.4.1/node_modules/@testing-library/dom/dist/wait-for.js:124:77
 ❯ Timeout.checkRealTimersCallback ../../node_modules/.pnpm/@testing-library+dom@10.4.1/node_modules/@testing-library/dom/dist/wait-for.js:118:16

⎯⎯⎯⎯⎯⎯⎯⎯⎯⎯⎯⎯⎯⎯⎯⎯⎯⎯⎯⎯⎯⎯⎯[7/12]⎯

 FAIL  |unit-web| src/components/RecordForm.alerts.test.tsx > record form: one alert per distinct form error (ar) > dialog > the same pointer-"" code twice is still said once
AssertionError: expected 2 to be 1 // Object.is equality

Ignored nodes: comments, script, style
[36m<html[39m
  [33mdir[39m=[32m"rtl"[39m
  [33mlang[39m=[32m"ar"[39m
[36m>[39m
  [36m<head />[39m
  [36m<body>[39m
    [36m<div>[39m
      [36m<div[39m
        [33mclass[39m=[32m"dialog-backdrop"[39m
      [36m>[39m
        [36m<div[39m
          [33maria-labelledby[39m=[32m"_r_19_"[39m
          [33maria-modal[39m=[32m"true"[39m
          [33mclass[39m=[32m"dialog"[39m
          [33mrole[39m=[32m"dialog"[39m
        [36m>[39m
          [36m<h2[39m
            [33mclass[39m=[32m"dialog__title"[39m
            [33mid[39m=[32m"_r_19_"[39m
          [36m>[39m
            [0mSynthetic record[0m
          [36m</h2>[39m
          [36m<div[39m
            [33mclass[39m=[32m"dialog__body"[39m
          [36m>[39m
            [36m<form[39m
              [33mclass[39m=[32m"form form--dialog"[39m
              [33mnovalidate[39m=[32m""[39m
            [36m>[39m
              [36m<div[39m
                [33mclass[39m=[32m"field"[39m
              [36m>[39m
                [36m<label[39m
                  [33mclass[39m=[32m"field__label"[39m
                  [33mfor[39m=[32m"_r_1b_"[39m
                [36m>[39m
                  [0mName (synthetic)[0m
                  [36m<span[39m
                    [33mclass[39m=[32m"field__required"[39m
                  [36m>[39m
                    [0m ([0m
                    [0mمطلوب[0m
                    [0m)[0m
                  [36m</span>[39m
                [36m</label>[39m
                [36m<input[39m
                  [33maria-required[39m=[32m"true"[39m
                  [33mid[39m=[32m"_r_1b_"[39m
                  [33mname[39m=[32m"name"[39m
                  [33mtype[39m=[32m"text"[39m
                  [33mvalue[39m=[32m"Synthetic name"[39m
                [36m/>[39m
              [36m</div>[39m
              [36m<div[39m
                [33mclass[39m=[32m"field"[39m
              [36m>[39m
                [36m<label[39m
                  [33mclass[39m=[32m"field__label"[39m
                  [33mfor[39m=[32m"_r_1d_"[39m
                [36m>[39m
                  [0mNotes (synthetic)[0m
                [36m</label>[39m
                [36m<textarea[39m
                  [33mid[39m=[32m"_r_1d_"[39m
                  [33mname[39m=[32m"notes"[39m
                  [33mrows[39m=[32m"3"[39m
                [36m/>[39m
              [36m</div>[39m
              [36m<div[39m
                [33mclass[39m=[32m"banner banner--error"[39m
                [33mdata-state[39m=[32m"form-errors"[39m
                [33mrole[39m=[32m"alert"[39m
              [36m>[39m
                [36m<ul[39m
                  [33mclass[39m=[32m"plain-list"[39m
                [36m>[39m
                  [36m<li>[39m
                    [36m<svg[39m
                      [33maria-hidden[39m=[32m"true"[39m
                      [33mclass[39m=[32m"icon"[39m
                      [33mfill[39m=[32m"none"[39m
                      [33mfocusable[39m=[32m"false"[39m
                      [33mheight[39m=[32m"16"[39m
                      [33mstroke[39m=[32m"currentColor"[39m
                      [33mstroke-linecap[39m=[32m"round"[39m
                      [33mstroke-linejoin[39m=[32m"round"[39m
                      [33mstroke-width[39m=[32m"1.8"[39m
                      [33mviewBox[39m=[32m"0 0 20 20"[39m
                      [33mwidth[39m=[32m"16"[39m
                    [36m>[39m
                      [36m<path[39m
                        [33md[39m=[32m"M10 3l8 14H2L10 3zm0 5v4m0 3v.5"[39m
                      [36m/>[39m
                    [36m</svg>[39m
                    [0m [0m
                    [0mالطلب ليس بصيغة JSON صالحة.[0m
                  [36m</li>[39m
                [36m</ul>[39m
              [36m</div>[39m
              [36m<p[39m
                [33mclass[39m=[32m"banner banner--error"[39m
                [33mdata-state[39m=[32m"error"[39m
                [33mrole[39m=[32m"alert"[39m
              [36m>[39m
                [36m<svg[39m
                  [33maria-hidden[39m=[32m"true"[39m
                  [33mclass[39m=[32m"icon"[39m
                  [33mfill[39m=[32m"none"[39m
                  [33mfocusable[39m=[32m"false"[39m
                  [33mheight[39m=[32m"16"[39m
                  [33mstroke[39m=[32m"currentColor"[39m
                  [33mstroke-linecap[39m=[32m"round"[39m
                  [33mstroke-linejoin[39m=[32m"round"[39m
                  [33mstroke-width[39m=[32m"1.8"[39m
                  [33mviewBox[39m=[32m"0 0 20 20"[39m
                  [33mwidth[39m=[32m"16"[39m
                [36m>[39m
                  [36m<path[39m
                    [33md[39m=[32m"M10 3l8 14H2L10 3zm0 5v4m0 3v.5"[39m
                  [36m/>[39m
                [36m</svg>[39m
                [0m [0m
                [0mالطلب ليس بصيغة JSON صالحة.[0m
              [36m</p>[39m
            [36m</form>[39m
          [36m</div>[39m
          [36m<div[39m
            [33mclass[39m=[32m"dialog__footer"[39m
          [36m>[39m
            [36m<button[39m
              [33mclass[39m=[32m"button button--secondary"[39m
              [33mtype[39m=[32m"button"[39m
            [36m>[39m
              [0mإلغاء[0m
            [36m</button>[39m
            [36m<button[39m
              [33mclass[39m=[32m"button button--primary"[39m
              [33mtype[39m=[32m"button"[39m
            [36m>[39m
              [0mSave (synthetic)[0m
            [36m</button>[39m
          [36m</div>[39m
        [36m</div>[39m
      [36m</div>[39m
    [36m</div>[39m
  [36m</body>[39m
[36m</html>[39m

[32m- Expected[39m
[31m+ Received[39m

[32m- 1[39m
[31m+ 2[39m

 ❯ src/components/RecordForm.alerts.test.tsx:90:79
     88|         { pointer: "", code: "validation.json" },
     89|       ]);
     90|       await waitFor(() => expect(occurrences(t("problems.validation__j…
       |                                                                               ^
     91|       expect(screen.getAllByRole("alert")).toHaveLength(1);
     92|     });
 ❯ runWithExpensiveErrorDiagnosticsDisabled ../../node_modules/.pnpm/@testing-library+dom@10.4.1/node_modules/@testing-library/dom/dist/config.js:47:12
 ❯ checkCallback ../../node_modules/.pnpm/@testing-library+dom@10.4.1/node_modules/@testing-library/dom/dist/wait-for.js:124:77
 ❯ Timeout.checkRealTimersCallback ../../node_modules/.pnpm/@testing-library+dom@10.4.1/node_modules/@testing-library/dom/dist/wait-for.js:118:16

⎯⎯⎯⎯⎯⎯⎯⎯⎯⎯⎯⎯⎯⎯⎯⎯⎯⎯⎯⎯⎯⎯⎯[8/12]⎯

 FAIL  |unit-web| src/components/RecordForm.alerts.test.tsx > record form: one alert per distinct form error (ar) > dialog > two distinct form-level messages: each is said exactly once, one live region each
AssertionError: expected 2 to be 1 // Object.is equality

Ignored nodes: comments, script, style
[36m<html[39m
  [33mdir[39m=[32m"rtl"[39m
  [33mlang[39m=[32m"ar"[39m
[36m>[39m
  [36m<head />[39m
  [36m<body>[39m
    [36m<div>[39m
      [36m<div[39m
        [33mclass[39m=[32m"dialog-backdrop"[39m
      [36m>[39m
        [36m<div[39m
          [33maria-labelledby[39m=[32m"_r_1e_"[39m
          [33maria-modal[39m=[32m"true"[39m
          [33mclass[39m=[32m"dialog"[39m
          [33mrole[39m=[32m"dialog"[39m
        [36m>[39m
          [36m<h2[39m
            [33mclass[39m=[32m"dialog__title"[39m
            [33mid[39m=[32m"_r_1e_"[39m
          [36m>[39m
            [0mSynthetic record[0m
          [36m</h2>[39m
          [36m<div[39m
            [33mclass[39m=[32m"dialog__body"[39m
          [36m>[39m
            [36m<form[39m
              [33mclass[39m=[32m"form form--dialog"[39m
              [33mnovalidate[39m=[32m""[39m
            [36m>[39m
              [36m<div[39m
                [33mclass[39m=[32m"field"[39m
              [36m>[39m
                [36m<label[39m
                  [33mclass[39m=[32m"field__label"[39m
                  [33mfor[39m=[32m"_r_1g_"[39m
                [36m>[39m
                  [0mName (synthetic)[0m
                  [36m<span[39m
                    [33mclass[39m=[32m"field__required"[39m
                  [36m>[39m
                    [0m ([0m
                    [0mمطلوب[0m
                    [0m)[0m
                  [36m</span>[39m
                [36m</label>[39m
                [36m<input[39m
                  [33maria-required[39m=[32m"true"[39m
                  [33mid[39m=[32m"_r_1g_"[39m
                  [33mname[39m=[32m"name"[39m
                  [33mtype[39m=[32m"text"[39m
                  [33mvalue[39m=[32m"Synthetic name"[39m
                [36m/>[39m
              [36m</div>[39m
              [36m<div[39m
                [33mclass[39m=[32m"field"[39m
              [36m>[39m
                [36m<label[39m
                  [33mclass[39m=[32m"field__label"[39m
                  [33mfor[39m=[32m"_r_1i_"[39m
                [36m>[39m
                  [0mNotes (synthetic)[0m
                [36m</label>[39m
                [36m<textarea[39m
                  [33mid[39m=[32m"_r_1i_"[39m
                  [33mname[39m=[32m"notes"[39m
                  [33mrows[39m=[32m"3"[39m
                [36m/>[39m
              [36m</div>[39m
              [36m<div[39m
                [33mclass[39m=[32m"banner banner--error"[39m
                [33mdata-state[39m=[32m"form-errors"[39m
                [33mrole[39m=[32m"alert"[39m
              [36m>[39m
                [36m<ul[39m
                  [33mclass[39m=[32m"plain-list"[39m
                [36m>[39m
                  [36m<li>[39m
                    [36m<svg[39m
                      [33maria-hidden[39m=[32m"true"[39m
                      [33mclass[39m=[32m"icon"[39m
                      [33mfill[39m=[32m"none"[39m
                      [33mfocusable[39m=[32m"false"[39m
                      [33mheight[39m=[32m"16"[39m
                      [33mstroke[39m=[32m"currentColor"[39m
                      [33mstroke-linecap[39m=[32m"round"[39m
                      [33mstroke-linejoin[39m=[32m"round"[39m
                      [33mstroke-width[39m=[32m"1.8"[39m
                      [33mviewBox[39m=[32m"0 0 20 20"[39m
                      [33mwidth[39m=[32m"16"[39m
                    [36m>[39m
                      [36m<path[39m
                        [33md[39m=[32m"M10 3l8 14H2L10 3zm0 5v4m0 3v.5"[39m
                      [36m/>[39m
                    [36m</svg>[39m
                    [0m [0m
                    [0mالطلب ليس بصيغة JSON صالحة.[0m
                  [36m</li>[39m
                  [36m<li>[39m
                    [36m<svg[39m
                      [33maria-hidden[39m=[32m"true"[39m
                      [33mclass[39m=[32m"icon"[39m
                      [33mfill[39m=[32m"none"[39m
                      [33mfocusable[39m=[32m"false"[39m
                      [33mheight[39m=[32m"16"[39m
                      [33mstroke[39m=[32m"currentColor"[39m
                      [33mstroke-linecap[39m=[32m"round"[39m
                      [33mstroke-linejoin[39m=[32m"round"[39m
                      [33mstroke-width[39m=[32m"1.8"[39m
                      [33mviewBox[39m=[32m"0 0 20 20"[39m
                      [33mwidth[39m=[32m"16"[39m
                    [36m>[39m
                      [36m<path[39m
                        [33md[39m=[32m"M10 3l8 14H2L10 3zm0 5v4m0 3v.5"[39m
                      [36m/>[39m
                    [36m</svg>[39m
                    [0m [0m
                    [0mصيغة الطلب غير مدعومة.[0m
                  [36m</li>[39m
                [36m</ul>[39m
              [36m</div>[39m
              [36m<p[39m
                [33mclass[39m=[32m"banner banner--error"[39m
                [33mdata-state[39m=[32m"error"[39m
                [33mrole[39m=[32m"alert"[39m
              [36m>[39m
                [36m<svg[39m
                  [33maria-hidden[39m=[32m"true"[39m
                  [33mclass[39m=[32m"icon"[39m
                  [33mfill[39m=[32m"none"[39m
                  [33mfocusable[39m=[32m"false"[39m
                  [33mheight[39m=[32m"16"[39m
                  [33mstroke[39m=[32m"currentColor"[39m
                  [33mstroke-linecap[39m=[32m"round"[39m
                  [33mstroke-linejoin[39m=[32m"round"[39m
                  [33mstroke-width[39m=[32m"1.8"[39m
                  [33mviewBox[39m=[32m"0 0 20 20"[39m
                  [33mwidth[39m=[32m"16"[39m
                [36m>[39m
                  [36m<path[39m
                    [33md[39m=[32m"M10 3l8 14H2L10 3zm0 5v4m0 3v.5"[39m
                  [36m/>[39m
                [36m</svg>[39m
                [0m [0m
                [0mالطلب ليس بصيغة JSON صالحة.[0m
              [36m</p>[39m
            [36m</form>[39m
          [36m</div>[39m
          [36m<div[39m
            [33mclass[39m=[32m"dialog__footer"[39m
          [36m>[39m
            [36m<button[39m
              [33mclass[39m=[32m"button button--secondary"[39m
              [33mtype[39m=[32m"button"[39m
            [36m>[39m
              [0mإلغاء[0m
            [36m</button>[39m
            [36m<button[39m
              [33mclass[39m=[32m"button button--primary"[39m
              [33mtype[39m=[32m"button"[39m
            [36m>[39m
              [0mSave (synthetic)[0m
            [36m</button>[39m
          [36m</div>[39m
        [36m</div>[39m
      [36m</div>[39m
    [36m</div>[39m
  [36m</body>[39m
[36m</html>[39m

[32m- Expected[39m
[31m+ Received[39m

[32m- 1[39m
[31m+ 2[39m

 ❯ src/components/RecordForm.alerts.test.tsx:102:54
    100|       const second = t("problems.validation__content_type");
    101|       expect(first).not.toBe(second);
    102|       await waitFor(() => expect(occurrences(first)).toBe(1));
       |                                                      ^
    103|       expect(occurrences(second)).toBe(1);
    104|       const alerts = screen.getAllByRole("alert");
 ❯ runWithExpensiveErrorDiagnosticsDisabled ../../node_modules/.pnpm/@testing-library+dom@10.4.1/node_modules/@testing-library/dom/dist/config.js:47:12
 ❯ checkCallback ../../node_modules/.pnpm/@testing-library+dom@10.4.1/node_modules/@testing-library/dom/dist/wait-for.js:124:77
 ❯ Timeout.checkRealTimersCallback ../../node_modules/.pnpm/@testing-library+dom@10.4.1/node_modules/@testing-library/dom/dist/wait-for.js:118:16

⎯⎯⎯⎯⎯⎯⎯⎯⎯⎯⎯⎯⎯⎯⎯⎯⎯⎯⎯⎯⎯⎯⎯[9/12]⎯

 FAIL  |unit-web| src/components/RecordForm.alerts.test.tsx > record form: one alert per distinct form error (ar) > inline-sections > a 400 whose only field error has pointer "" says its message once, in one live region
AssertionError: expected 2 to be 1 // Object.is equality

Ignored nodes: comments, script, style
[36m<html[39m
  [33mdir[39m=[32m"rtl"[39m
  [33mlang[39m=[32m"ar"[39m
[36m>[39m
  [36m<head />[39m
  [36m<body>[39m
    [36m<div>[39m
      [36m<form[39m
        [33mclass[39m=[32m"form"[39m
        [33mnovalidate[39m=[32m""[39m
      [36m>[39m
        [36m<fieldset[39m
          [33mclass[39m=[32m"plain-fieldset form-section"[39m
        [36m>[39m
          [36m<legend[39m
            [33mclass[39m=[32m"card__subtitle"[39m
          [36m>[39m
            [0mSynthetic section[0m
          [36m</legend>[39m
          [36m<div[39m
            [33mclass[39m=[32m"field"[39m
          [36m>[39m
            [36m<label[39m
              [33mclass[39m=[32m"field__label"[39m
              [33mfor[39m=[32m"_r_1p_"[39m
            [36m>[39m
              [0mName (synthetic)[0m
              [36m<span[39m
                [33mclass[39m=[32m"field__required"[39m
              [36m>[39m
                [0m ([0m
                [0mمطلوب[0m
                [0m)[0m
              [36m</span>[39m
            [36m</label>[39m
            [36m<input[39m
              [33maria-required[39m=[32m"true"[39m
              [33mid[39m=[32m"_r_1p_"[39m
              [33mname[39m=[32m"name"[39m
              [33mtype[39m=[32m"text"[39m
              [33mvalue[39m=[32m"Synthetic name"[39m
            [36m/>[39m
          [36m</div>[39m
          [36m<div[39m
            [33mclass[39m=[32m"field"[39m
          [36m>[39m
            [36m<label[39m
              [33mclass[39m=[32m"field__label"[39m
              [33mfor[39m=[32m"_r_1r_"[39m
            [36m>[39m
              [0mNotes (synthetic)[0m
            [36m</label>[39m
            [36m<textarea[39m
              [33mid[39m=[32m"_r_1r_"[39m
              [33mname[39m=[32m"notes"[39m
              [33mrows[39m=[32m"3"[39m
            [36m/>[39m
          [36m</div>[39m
        [36m</fieldset>[39m
        [36m<div[39m
          [33mclass[39m=[32m"banner banner--error"[39m
          [33mdata-state[39m=[32m"form-errors"[39m
          [33mrole[39m=[32m"alert"[39m
        [36m>[39m
          [36m<ul[39m
            [33mclass[39m=[32m"plain-list"[39m
          [36m>[39m
            [36m<li>[39m
              [36m<svg[39m
                [33maria-hidden[39m=[32m"true"[39m
                [33mclass[39m=[32m"icon"[39m
                [33mfill[39m=[32m"none"[39m
                [33mfocusable[39m=[32m"false"[39m
                [33mheight[39m=[32m"16"[39m
                [33mstroke[39m=[32m"currentColor"[39m
                [33mstroke-linecap[39m=[32m"round"[39m
                [33mstroke-linejoin[39m=[32m"round"[39m
                [33mstroke-width[39m=[32m"1.8"[39m
                [33mviewBox[39m=[32m"0 0 20 20"[39m
                [33mwidth[39m=[32m"16"[39m
              [36m>[39m
                [36m<path[39m
                  [33md[39m=[32m"M10 3l8 14H2L10 3zm0 5v4m0 3v.5"[39m
                [36m/>[39m
              [36m</svg>[39m
              [0m [0m
              [0mالطلب ليس بصيغة JSON صالحة.[0m
            [36m</li>[39m
          [36m</ul>[39m
        [36m</div>[39m
        [36m<p[39m
          [33mclass[39m=[32m"banner banner--error"[39m
          [33mdata-state[39m=[32m"error"[39m
          [33mrole[39m=[32m"alert"[39m
        [36m>[39m
          [36m<svg[39m
            [33maria-hidden[39m=[32m"true"[39m
            [33mclass[39m=[32m"icon"[39m
            [33mfill[39m=[32m"none"[39m
            [33mfocusable[39m=[32m"false"[39m
            [33mheight[39m=[32m"16"[39m
            [33mstroke[39m=[32m"currentColor"[39m
            [33mstroke-linecap[39m=[32m"round"[39m
            [33mstroke-linejoin[39m=[32m"round"[39m
            [33mstroke-width[39m=[32m"1.8"[39m
            [33mviewBox[39m=[32m"0 0 20 20"[39m
            [33mwidth[39m=[32m"16"[39m
          [36m>[39m
            [36m<path[39m
              [33md[39m=[32m"M10 3l8 14H2L10 3zm0 5v4m0 3v.5"[39m
            [36m/>[39m
          [36m</svg>[39m
          [0m [0m
          [0mالطلب ليس بصيغة JSON صالحة.[0m
        [36m</p>[39m
        [36m<div[39m
          [33mclass[39m=[32m"form__actions"[39m
        [36m>[39m
          [36m<button[39m
            [33mclass[39m=[32m"button button--primary"[39m
            [33mtype[39m=[32m"submit"[39m
          [36m>[39m
            [0mSave (synthetic)[0m
          [36m</button>[39m
        [36m</div>[39m
      [36m</form>[39m
    [36m</div>[39m
  [36m</body>[39m
[36m</html>[39m

[32m- Expected[39m
[31m+ Received[39m

[32m- 1[39m
[31m+ 2[39m

 ❯ src/components/RecordForm.alerts.test.tsx:78:56
     76|       const message = t("problems.validation__json");
     77|       expect(message).not.toBe("problems.validation__json");
     78|       await waitFor(() => expect(occurrences(message)).toBe(1));
       |                                                        ^
     79|       const alerts = screen.getAllByRole("alert");
     80|       expect(alerts).toHaveLength(1);
 ❯ runWithExpensiveErrorDiagnosticsDisabled ../../node_modules/.pnpm/@testing-library+dom@10.4.1/node_modules/@testing-library/dom/dist/config.js:47:12
 ❯ checkCallback ../../node_modules/.pnpm/@testing-library+dom@10.4.1/node_modules/@testing-library/dom/dist/wait-for.js:124:77
 ❯ Timeout.checkRealTimersCallback ../../node_modules/.pnpm/@testing-library+dom@10.4.1/node_modules/@testing-library/dom/dist/wait-for.js:118:16

⎯⎯⎯⎯⎯⎯⎯⎯⎯⎯⎯⎯⎯⎯⎯⎯⎯⎯⎯⎯⎯⎯[10/12]⎯

 FAIL  |unit-web| src/components/RecordForm.alerts.test.tsx > record form: one alert per distinct form error (ar) > inline-sections > the same pointer-"" code twice is still said once
AssertionError: expected 2 to be 1 // Object.is equality

Ignored nodes: comments, script, style
[36m<html[39m
  [33mdir[39m=[32m"rtl"[39m
  [33mlang[39m=[32m"ar"[39m
[36m>[39m
  [36m<head />[39m
  [36m<body>[39m
    [36m<div>[39m
      [36m<form[39m
        [33mclass[39m=[32m"form"[39m
        [33mnovalidate[39m=[32m""[39m
      [36m>[39m
        [36m<fieldset[39m
          [33mclass[39m=[32m"plain-fieldset form-section"[39m
        [36m>[39m
          [36m<legend[39m
            [33mclass[39m=[32m"card__subtitle"[39m
          [36m>[39m
            [0mSynthetic section[0m
          [36m</legend>[39m
          [36m<div[39m
            [33mclass[39m=[32m"field"[39m
          [36m>[39m
            [36m<label[39m
              [33mclass[39m=[32m"field__label"[39m
              [33mfor[39m=[32m"_r_1t_"[39m
            [36m>[39m
              [0mName (synthetic)[0m
              [36m<span[39m
                [33mclass[39m=[32m"field__required"[39m
              [36m>[39m
                [0m ([0m
                [0mمطلوب[0m
                [0m)[0m
              [36m</span>[39m
            [36m</label>[39m
            [36m<input[39m
              [33maria-required[39m=[32m"true"[39m
              [33mid[39m=[32m"_r_1t_"[39m
              [33mname[39m=[32m"name"[39m
              [33mtype[39m=[32m"text"[39m
              [33mvalue[39m=[32m"Synthetic name"[39m
            [36m/>[39m
          [36m</div>[39m
          [36m<div[39m
            [33mclass[39m=[32m"field"[39m
          [36m>[39m
            [36m<label[39m
              [33mclass[39m=[32m"field__label"[39m
              [33mfor[39m=[32m"_r_1v_"[39m
            [36m>[39m
              [0mNotes (synthetic)[0m
            [36m</label>[39m
            [36m<textarea[39m
              [33mid[39m=[32m"_r_1v_"[39m
              [33mname[39m=[32m"notes"[39m
              [33mrows[39m=[32m"3"[39m
            [36m/>[39m
          [36m</div>[39m
        [36m</fieldset>[39m
        [36m<div[39m
          [33mclass[39m=[32m"banner banner--error"[39m
          [33mdata-state[39m=[32m"form-errors"[39m
          [33mrole[39m=[32m"alert"[39m
        [36m>[39m
          [36m<ul[39m
            [33mclass[39m=[32m"plain-list"[39m
          [36m>[39m
            [36m<li>[39m
              [36m<svg[39m
                [33maria-hidden[39m=[32m"true"[39m
                [33mclass[39m=[32m"icon"[39m
                [33mfill[39m=[32m"none"[39m
                [33mfocusable[39m=[32m"false"[39m
                [33mheight[39m=[32m"16"[39m
                [33mstroke[39m=[32m"currentColor"[39m
                [33mstroke-linecap[39m=[32m"round"[39m
                [33mstroke-linejoin[39m=[32m"round"[39m
                [33mstroke-width[39m=[32m"1.8"[39m
                [33mviewBox[39m=[32m"0 0 20 20"[39m
                [33mwidth[39m=[32m"16"[39m
              [36m>[39m
                [36m<path[39m
                  [33md[39m=[32m"M10 3l8 14H2L10 3zm0 5v4m0 3v.5"[39m
                [36m/>[39m
              [36m</svg>[39m
              [0m [0m
              [0mالطلب ليس بصيغة JSON صالحة.[0m
            [36m</li>[39m
          [36m</ul>[39m
        [36m</div>[39m
        [36m<p[39m
          [33mclass[39m=[32m"banner banner--error"[39m
          [33mdata-state[39m=[32m"error"[39m
          [33mrole[39m=[32m"alert"[39m
        [36m>[39m
          [36m<svg[39m
            [33maria-hidden[39m=[32m"true"[39m
            [33mclass[39m=[32m"icon"[39m
            [33mfill[39m=[32m"none"[39m
            [33mfocusable[39m=[32m"false"[39m
            [33mheight[39m=[32m"16"[39m
            [33mstroke[39m=[32m"currentColor"[39m
            [33mstroke-linecap[39m=[32m"round"[39m
            [33mstroke-linejoin[39m=[32m"round"[39m
            [33mstroke-width[39m=[32m"1.8"[39m
            [33mviewBox[39m=[32m"0 0 20 20"[39m
            [33mwidth[39m=[32m"16"[39m
          [36m>[39m
            [36m<path[39m
              [33md[39m=[32m"M10 3l8 14H2L10 3zm0 5v4m0 3v.5"[39m
            [36m/>[39m
          [36m</svg>[39m
          [0m [0m
          [0mالطلب ليس بصيغة JSON صالحة.[0m
        [36m</p>[39m
        [36m<div[39m
          [33mclass[39m=[32m"form__actions"[39m
        [36m>[39m
          [36m<button[39m
            [33mclass[39m=[32m"button button--primary"[39m
            [33mtype[39m=[32m"submit"[39m
          [36m>[39m
            [0mSave (synthetic)[0m
          [36m</button>[39m
        [36m</div>[39m
      [36m</form>[39m
    [36m</div>[39m
  [36m</body>[39m
[36m</html>[39m

[32m- Expected[39m
[31m+ Received[39m

[32m- 1[39m
[31m+ 2[39m

 ❯ src/components/RecordForm.alerts.test.tsx:90:79
     88|         { pointer: "", code: "validation.json" },
     89|       ]);
     90|       await waitFor(() => expect(occurrences(t("problems.validation__j…
       |                                                                               ^
     91|       expect(screen.getAllByRole("alert")).toHaveLength(1);
     92|     });
 ❯ runWithExpensiveErrorDiagnosticsDisabled ../../node_modules/.pnpm/@testing-library+dom@10.4.1/node_modules/@testing-library/dom/dist/config.js:47:12
 ❯ checkCallback ../../node_modules/.pnpm/@testing-library+dom@10.4.1/node_modules/@testing-library/dom/dist/wait-for.js:124:77
 ❯ Timeout.checkRealTimersCallback ../../node_modules/.pnpm/@testing-library+dom@10.4.1/node_modules/@testing-library/dom/dist/wait-for.js:118:16

⎯⎯⎯⎯⎯⎯⎯⎯⎯⎯⎯⎯⎯⎯⎯⎯⎯⎯⎯⎯⎯⎯[11/12]⎯

 FAIL  |unit-web| src/components/RecordForm.alerts.test.tsx > record form: one alert per distinct form error (ar) > inline-sections > two distinct form-level messages: each is said exactly once, one live region each
AssertionError: expected 2 to be 1 // Object.is equality

Ignored nodes: comments, script, style
[36m<html[39m
  [33mdir[39m=[32m"rtl"[39m
  [33mlang[39m=[32m"ar"[39m
[36m>[39m
  [36m<head />[39m
  [36m<body>[39m
    [36m<div>[39m
      [36m<form[39m
        [33mclass[39m=[32m"form"[39m
        [33mnovalidate[39m=[32m""[39m
      [36m>[39m
        [36m<fieldset[39m
          [33mclass[39m=[32m"plain-fieldset form-section"[39m
        [36m>[39m
          [36m<legend[39m
            [33mclass[39m=[32m"card__subtitle"[39m
          [36m>[39m
            [0mSynthetic section[0m
          [36m</legend>[39m
          [36m<div[39m
            [33mclass[39m=[32m"field"[39m
          [36m>[39m
            [36m<label[39m
              [33mclass[39m=[32m"field__label"[39m
              [33mfor[39m=[32m"_r_21_"[39m
            [36m>[39m
              [0mName (synthetic)[0m
              [36m<span[39m
                [33mclass[39m=[32m"field__required"[39m
              [36m>[39m
                [0m ([0m
                [0mمطلوب[0m
                [0m)[0m
              [36m</span>[39m
            [36m</label>[39m
            [36m<input[39m
              [33maria-required[39m=[32m"true"[39m
              [33mid[39m=[32m"_r_21_"[39m
              [33mname[39m=[32m"name"[39m
              [33mtype[39m=[32m"text"[39m
              [33mvalue[39m=[32m"Synthetic name"[39m
            [36m/>[39m
          [36m</div>[39m
          [36m<div[39m
            [33mclass[39m=[32m"field"[39m
          [36m>[39m
            [36m<label[39m
              [33mclass[39m=[32m"field__label"[39m
              [33mfor[39m=[32m"_r_23_"[39m
            [36m>[39m
              [0mNotes (synthetic)[0m
            [36m</label>[39m
            [36m<textarea[39m
              [33mid[39m=[32m"_r_23_"[39m
              [33mname[39m=[32m"notes"[39m
              [33mrows[39m=[32m"3"[39m
            [36m/>[39m
          [36m</div>[39m
        [36m</fieldset>[39m
        [36m<div[39m
          [33mclass[39m=[32m"banner banner--error"[39m
          [33mdata-state[39m=[32m"form-errors"[39m
          [33mrole[39m=[32m"alert"[39m
        [36m>[39m
          [36m<ul[39m
            [33mclass[39m=[32m"plain-list"[39m
          [36m>[39m
            [36m<li>[39m
              [36m<svg[39m
                [33maria-hidden[39m=[32m"true"[39m
                [33mclass[39m=[32m"icon"[39m
                [33mfill[39m=[32m"none"[39m
                [33mfocusable[39m=[32m"false"[39m
                [33mheight[39m=[32m"16"[39m
                [33mstroke[39m=[32m"currentColor"[39m
                [33mstroke-linecap[39m=[32m"round"[39m
                [33mstroke-linejoin[39m=[32m"round"[39m
                [33mstroke-width[39m=[32m"1.8"[39m
                [33mviewBox[39m=[32m"0 0 20 20"[39m
                [33mwidth[39m=[32m"16"[39m
              [36m>[39m
                [36m<path[39m
                  [33md[39m=[32m"M10 3l8 14H2L10 3zm0 5v4m0 3v.5"[39m
                [36m/>[39m
              [36m</svg>[39m
              [0m [0m
              [0mالطلب ليس بصيغة JSON صالحة.[0m
            [36m</li>[39m
            [36m<li>[39m
              [36m<svg[39m
                [33maria-hidden[39m=[32m"true"[39m
                [33mclass[39m=[32m"icon"[39m
                [33mfill[39m=[32m"none"[39m
                [33mfocusable[39m=[32m"false"[39m
                [33mheight[39m=[32m"16"[39m
                [33mstroke[39m=[32m"currentColor"[39m
                [33mstroke-linecap[39m=[32m"round"[39m
                [33mstroke-linejoin[39m=[32m"round"[39m
                [33mstroke-width[39m=[32m"1.8"[39m
                [33mviewBox[39m=[32m"0 0 20 20"[39m
                [33mwidth[39m=[32m"16"[39m
              [36m>[39m
                [36m<path[39m
                  [33md[39m=[32m"M10 3l8 14H2L10 3zm0 5v4m0 3v.5"[39m
                [36m/>[39m
              [36m</svg>[39m
              [0m [0m
              [0mصيغة الطلب غير مدعومة.[0m
            [36m</li>[39m
          [36m</ul>[39m
        [36m</div>[39m
        [36m<p[39m
          [33mclass[39m=[32m"banner banner--error"[39m
          [33mdata-state[39m=[32m"error"[39m
          [33mrole[39m=[32m"alert"[39m
        [36m>[39m
          [36m<svg[39m
            [33maria-hidden[39m=[32m"true"[39m
            [33mclass[39m=[32m"icon"[39m
            [33mfill[39m=[32m"none"[39m
            [33mfocusable[39m=[32m"false"[39m
            [33mheight[39m=[32m"16"[39m
            [33mstroke[39m=[32m"currentColor"[39m
            [33mstroke-linecap[39m=[32m"round"[39m
            [33mstroke-linejoin[39m=[32m"round"[39m
            [33mstroke-width[39m=[32m"1.8"[39m
            [33mviewBox[39m=[32m"0 0 20 20"[39m
            [33mwidth[39m=[32m"16"[39m
          [36m>[39m
            [36m<path[39m
              [33md[39m=[32m"M10 3l8 14H2L10 3zm0 5v4m0 3v.5"[39m
            [36m/>[39m
          [36m</svg>[39m
          [0m [0m
          [0mالطلب ليس بصيغة JSON صالحة.[0m
        [36m</p>[39m
        [36m<div[39m
          [33mclass[39m=[32m"form__actions"[39m
        [36m>[39m
          [36m<button[39m
            [33mclass[39m=[32m"button button--primary"[39m
            [33mtype[39m=[32m"submit"[39m
          [36m>[39m
            [0mSave (synthetic)[0m
          [36m</button>[39m
        [36m</div>[39m
      [36m</form>[39m
    [36m</div>[39m
  [36m</body>[39m
[36m</html>[39m

[32m- Expected[39m
[31m+ Received[39m

[32m- 1[39m
[31m+ 2[39m

 ❯ src/components/RecordForm.alerts.test.tsx:102:54
    100|       const second = t("problems.validation__content_type");
    101|       expect(first).not.toBe(second);
    102|       await waitFor(() => expect(occurrences(first)).toBe(1));
       |                                                      ^
    103|       expect(occurrences(second)).toBe(1);
    104|       const alerts = screen.getAllByRole("alert");
 ❯ runWithExpensiveErrorDiagnosticsDisabled ../../node_modules/.pnpm/@testing-library+dom@10.4.1/node_modules/@testing-library/dom/dist/config.js:47:12
 ❯ checkCallback ../../node_modules/.pnpm/@testing-library+dom@10.4.1/node_modules/@testing-library/dom/dist/wait-for.js:124:77
 ❯ Timeout.checkRealTimersCallback ../../node_modules/.pnpm/@testing-library+dom@10.4.1/node_modules/@testing-library/dom/dist/wait-for.js:118:16

⎯⎯⎯⎯⎯⎯⎯⎯⎯⎯⎯⎯⎯⎯⎯⎯⎯⎯⎯⎯⎯⎯[12/12]⎯


 Test Files  1 failed (1)
      Tests  12 failed | 4 passed (16)
   Start at  20:16:45
   Duration  63.62s (transform 1.02s, setup 94ms, collect 1.54s, tests 61.17s, environment 474ms, prepare 135ms)

