port-policy: PostgreSQL listening on port 24970 (attempt 1)
qa disposable cluster: PostgreSQL 16.13 (Ubuntu 16.13-0ubuntu0.24.04.1) on x86_64-pc-linux-gnu, compiled by gcc (Ubuntu 13.3.0-6ubuntu2~24.04.1) 13.3.0, 64-bit; server_encoding UTF8, lc_collate C, lc_ctype C

> mobily-transformation-hub@0.1.0 test:integration /home/user/wt/dg4-be-r2
> vitest run --project integration


 RUN  v3.2.4 /home/user/wt/dg4-be-r2

[integration] PostgreSQL 16.13 (Ubuntu 16.13-0ubuntu0.24.04.1); database mth_test_mv1mxg89_1b3ce0b1 (server_encoding UTF8); applied 60 migrations to a fresh database
 ✓ |integration| packages/db/test/integration/catalogue.test.ts (20 tests) 121ms
 ✓ |integration| apps/api/test/integration/kpi/benefit-formulas.test.ts (16 tests) 4478ms
   ✓ T09 register (REQ-PB-056) > the six T09 columns persist; BF-nn codes; the formula is the current version's expression  483ms
   ✓ calculations and lineage > records inputs with kind/unit/currency/period/source, assumptions and period; Unknown never 0; append-only  306ms
   ✓ Finance validation of the benefit logic (REQ-PB-055) > FIN validates or rejects with a note; the author gets 403; final once recorded; If-Match 428/409  326ms
   ✓ every mutation: AUD 403, If-Match, audit, archive > If-Match: 428 without, 409 stale on PATCH, archive and new version; archive guards; audit events  366ms
 ✓ |integration| apps/api/test/integration/portfolio/prioritization.test.ts (17 tests) 7801ms
   ✓ scores (REQ-PB-047, REQ-PB-048, REQ-S09-001) > score 6 -> 400; 0, 2.5 and '4' -> 400; a weightedScore property -> 400 (read-only); nothing written  458ms
   ✓ scores (REQ-PB-047, REQ-PB-048, REQ-S09-001) > 5,4,3,2,1 under v1 -> stored 3.3000, shown 3.30, 0-100 view 57.5 with its label; appended with its cause; audited  509ms
   ✓ scores (REQ-PB-047, REQ-PB-048, REQ-S09-001) > a missing score -> 'incomplete' with weightedScore null (never a number, never 0)  319ms
   ✓ scores (REQ-PB-047, REQ-PB-048, REQ-S09-001) > PATCH: If-Match 428/409; clearing (null) makes it incomplete again; duplicate POST 409; AUD 403 on POST and PATCH  395ms
   ✓ weight sets (REQ-PB-049) > the v2 set is used for rescoring; v1 results keep v1; a set is immutable (DB guard)  332ms
   ✓ rankings and history (REQ-S09-005, REQ-S09-003) > snapshot: deterministic tie-break, incomplete unranked, submitted -> ranked with audit; v2 activation -> history shows 'weight version 2' as the cause of the rank change  820ms
   ✓ rankings and history (REQ-S09-005, REQ-S09-003) > score cause lists the criteria; relative cause when another initiative moved  356ms
   ✓ overrides (REQ-S09-005) > an override without a reason is rejected (missing/empty -> 400 at /reason; blank/invisible -> 422); the proposer cannot approve; approved applies with 'override: <reason>'; revoke; AUD 403; If-Match  461ms
   ✓ every BE-D mutation re-authorises inside its transaction (BE18A) > weight sets, scores, rankings and overrides: 403 at commit and nothing changes  741ms
   ✓ comparison view (REQ-S09-004) > more than 500 initiatives -> 422 prioritization.portfolio_too_large  1675ms
 ✓ |integration| apps/api/test/integration/portfolio/roadmap.test.ts (12 tests) 4503ms
   ✓ roadmap waves (T07, REQ-PB-050) > a new transformation shows the four B0079 waves verbatim, bilingual, source-seeded  322ms
   ✓ roadmap waves (T07, REQ-PB-050) > editable columns only: dates, owner, notes with If-Match (428/409), audited; source text 400 and DB-immutable; AUD 403; seeded not archivable  356ms
   ✓ deliverables: submit and acceptance (ADR-0023 §2) > create (version 1, audited, AUD 403), list with the 3-7 count warning, read, edit with If-Match, archive  426ms
   ✓ deliverables: submit and acceptance (ADR-0023 §2) > submit (initiative.edit, If-Match, audited) then acceptance by the executive owner; never the submitter; not-owner 403; AUD 403  557ms
   ✓ deliverables: submit and acceptance (ADR-0023 §2) > commit-time authorisation on deliverable create, update, submit and acceptance  482ms
   ✓ milestones: approved vs forecast (ADR-0023 §2-§3, REQ-S09-006) > create (initiative.edit or roadmap.edit; no approved date), approve-date (roadmap.approve, reason), re-approval audited, variance computed  504ms
   ✓ GET /transformations/{id}/roadmap: one read model (REQ-S09-006) > waves, initiatives, milestones, deliverables and initiative dependencies with versions and flags; a moved milestone shows at once  350ms
 ✓ |integration| apps/api/test/integration/workflows/change-requests.test.ts (10 tests) 3558ms
   ✓ change requests: create, read, edit, withdraw (S-4) > draft CR-nn with ETag 1; AUD 403; outside and ADM-only 404; exact 400/409/422 refusals; one audit event per mutation  357ms
   ✓ REQ-S09-010: schedule rebaseline through change control > with no policy the DG3 re-approval is unchanged; beyond a configured threshold it is 422, within it 200; budget likewise  342ms
   ✓ REQ-S07-015: a KPI target change (preview, refusal, approval, the old version readable) > the preview lists the bound benefit and the approved G2 decision; a direct second activation is 422; after BO's approval v2 is active and v1 readable  826ms
   ✓ REQ-S04-014: a new version of an approved G4 benefit formula creates one change request > one automatic benefit_logic request routed to Finance; the DG3 response unchanged; G4 decision and snapshot byte-identical  466ms
   ✓ S-4 commit-time authorization and S-1 free text > raise, edit, submit, withdraw and the policy: a TL revoked mid-request gets 403 and nothing is written  331ms
 ✓ |integration| apps/api/test/integration/contract/contract.test.ts (45 tests) 40771ms
   ✓ every operation, validated against the contract and the zod mirrors > kpi module operations (P2; kpi-exercises.ts, owned by kpi-benefits-engineer)  930ms
   ✓ every operation, validated against the contract and the zod mirrors > P2 backend operations (p2-exercises.ts): every routed operation exercised with a success  2839ms
   ✓ every operation, validated against the contract and the zod mirrors > P3 BE-A operations (p3-exercises-be-a.ts): readiness, outcome hierarchy, gate dispensations  401ms
   ✓ every operation, validated against the contract and the zod mirrors > P3 BE-B operations (p3-exercises-be-b.ts)  916ms
   ✓ every operation, validated against the contract and the zod mirrors > P3 BE-C operations (p3-exercises-be-c.ts)  590ms
   ✓ every operation, validated against the contract and the zod mirrors > P3 BE-D operations (p3-exercises-be-d.ts)  1077ms
   ✓ every operation, validated against the contract and the zod mirrors > P3 BE-E operations (p3-exercises-be-e.ts)  627ms
   ✓ every operation, validated against the contract and the zod mirrors > P3 KBE-B operations (p3-exercises-kbe-b.ts)  388ms
   ✓ every operation, validated against the contract and the zod mirrors > P3 KBE-C operations (p3-exercises-kbe-c.ts)  427ms
   ✓ every operation, validated against the contract and the zod mirrors > P4 BE-A operations (p4-exercises-be-a.ts)  324ms
   ✓ every operation, validated against the contract and the zod mirrors > P4 BE-B operations (p4-exercises-be-b.ts)  829ms
   ✓ every operation, validated against the contract and the zod mirrors > P4 BE-C operations (p4-exercises-be-c.ts)  696ms
   ✓ every operation, validated against the contract and the zod mirrors > P4 BE-D operations (p4-exercises-be-d.ts)  882ms
   ✓ every operation, validated against the contract and the zod mirrors > P4 BE-E operations (p4-exercises-be-e.ts)  412ms
   ✓ every operation, validated against the contract and the zod mirrors > P4 BE-F operations (p4-exercises-be-f.ts)  1066ms
   ✓ every operation, validated against the contract and the zod mirrors > P4 BE-G operations (p4-exercises-be-g.ts)  688ms
   ✓ every operation, validated against the contract and the zod mirrors > P4 BE-H operations (p4-exercises-be-h.ts)  976ms
   ✓ every operation, validated against the contract and the zod mirrors > P4 BE-I operations (p4-exercises-be-i.ts)  1112ms
   ✓ every operation, validated against the contract and the zod mirrors > P4 BE-J operations (p4-exercises-be-j.ts)  600ms
   ✓ every operation, validated against the contract and the zod mirrors > P4 BE-K operations (p4-exercises-be-k.ts)  1304ms
   ✓ every operation, validated against the contract and the zod mirrors > P4 BE-L operations (p4-exercises-be-l.ts)  1092ms
   ✓ every operation, validated against the contract and the zod mirrors > P4 BE-M operations (p4-exercises-be-m.ts)  440ms
   ✓ every operation, validated against the contract and the zod mirrors > P4 KBE-B operations (p4-exercises-kbe-b.ts)  577ms
   ✓ every operation, validated against the contract and the zod mirrors > P4 KBE-C operations (p4-exercises-kbe-c.ts)  893ms
   ✓ every operation, validated against the contract and the zod mirrors > P4 KBE-D operations (p4-exercises-kbe-d.ts)  590ms
   ✓ every operation, validated against the contract and the zod mirrors > P4 KBE-D2 operations (p4-exercises-kbe-d2.ts)  590ms
   ✓ every operation, validated against the contract and the zod mirrors > P4 KBE-E operations (p4-exercises-kbe-e.ts)  998ms
   ✓ every operation, validated against the contract and the zod mirrors > P4 KBE-G operations (p4-exercises-kbe-g.ts)  436ms
   ✓ every operation, validated against the contract and the zod mirrors > every GET operation with a path parameter: a malformed id is a declared 400 at /params/<name>; nothing written  1839ms
   ✓ every operation, validated against the contract and the zod mirrors > every operation but the OIDC callback: U+0000 in the query is a declared 400 invalid_character  3536ms
   ✓ every operation, validated against the contract and the zod mirrors > every operation: an undeclared request media type is a declared 400 validation.content_type; nothing written  8367ms
   ✓ every operation, validated against the contract and the zod mirrors > every operation: the rate limiter's 429 is a declared RateLimited problem (live, limits of 1 per minute)  2783ms
stdout | apps/api/test/integration/connection-hygiene.test.ts > an over-limit upload (413 evidence.too_large) closes its connection and never stalls app.close() > 30 MiB chunked, written without backpressure like the audit repro: 413, Connection: close, server closes, 0 connections, app.close() prompt
SWEEP {"path":"upload 30 MiB chunked over the limit","status":413,"code":"evidence.too_large","connection":"close","serverCloseMs":0,"connectionsZeroMs":519}

stdout | apps/api/test/integration/connection-hygiene.test.ts > an over-limit upload (413 evidence.too_large) closes its connection and never stalls app.close() > 30 MiB chunked, written without backpressure like the audit repro: 413, Connection: close, server closes, 0 connections, app.close() prompt
SWEEP-CLOSE {"label":"after upload 30 MiB chunked over the limit","ms":0,"completed":true}

stdout | apps/api/test/integration/connection-hygiene.test.ts > an over-limit upload (413 evidence.too_large) closes its connection and never stalls app.close() > 30 MiB content-length, written without backpressure like the audit repro: 413, Connection: close, server closes, 0 connections, app.close() prompt
SWEEP {"path":"upload 30 MiB content-length over the limit","status":413,"code":"evidence.too_large","connection":"close","serverCloseMs":0,"connectionsZeroMs":505}

stdout | apps/api/test/integration/connection-hygiene.test.ts > an over-limit upload (413 evidence.too_large) closes its connection and never stalls app.close() > 30 MiB content-length, written without backpressure like the audit repro: 413, Connection: close, server closes, 0 connections, app.close() prompt
SWEEP-CLOSE {"label":"after upload 30 MiB content-length over the limit","ms":0,"completed":true}

stdout | apps/api/test/integration/connection-hygiene.test.ts > a response sent before the body is read closes the connection and never drains the (unbounded) body > upload route 401/403/404/409/428/400/422, JSON bodyLimit (CL and chunked), media type, unmatched 404, bad URL; then app.close() is prompt
SWEEP {"path":"upload 401 no session","status":401,"code":"unauthenticated","connection":"close","serverCloseMs":0,"connectionsZeroMs":0}

stdout | apps/api/test/integration/connection-hygiene.test.ts > a response sent before the body is read closes the connection and never drains the (unbounded) body > upload route 401/403/404/409/428/400/422, JSON bodyLimit (CL and chunked), media type, unmatched 404, bad URL; then app.close() is prompt
SWEEP {"path":"upload 403 no CSRF token","status":403,"code":"csrf","connection":"close","serverCloseMs":0,"connectionsZeroMs":0}

stdout | apps/api/test/integration/connection-hygiene.test.ts > a response sent before the body is read closes the connection and never drains the (unbounded) body > upload route 401/403/404/409/428/400/422, JSON bodyLimit (CL and chunked), media type, unmatched 404, bad URL; then app.close() is prompt
SWEEP {"path":"upload 404 unknown evidence","status":404,"code":"not_found","connection":"close","serverCloseMs":0,"connectionsZeroMs":0}

stdout | apps/api/test/integration/connection-hygiene.test.ts > a response sent before the body is read closes the connection and never drains the (unbounded) body > upload route 401/403/404/409/428/400/422, JSON bodyLimit (CL and chunked), media type, unmatched 404, bad URL; then app.close() is prompt
SWEEP {"path":"upload 409 stale If-Match","status":409,"code":"version_conflict","connection":"close","serverCloseMs":1,"connectionsZeroMs":0}

stdout | apps/api/test/integration/connection-hygiene.test.ts > a response sent before the body is read closes the connection and never drains the (unbounded) body > upload route 401/403/404/409/428/400/422, JSON bodyLimit (CL and chunked), media type, unmatched 404, bad URL; then app.close() is prompt
SWEEP {"path":"upload 428 no If-Match","status":428,"code":"precondition_required","connection":"close","serverCloseMs":0,"connectionsZeroMs":0}

stdout | apps/api/test/integration/connection-hygiene.test.ts > a response sent before the body is read closes the connection and never drains the (unbounded) body > upload route 401/403/404/409/428/400/422, JSON bodyLimit (CL and chunked), media type, unmatched 404, bad URL; then app.close() is prompt
SWEEP {"path":"upload 400 bad X-File-Name","status":400,"code":"validation.file_name","connection":"close","serverCloseMs":1,"connectionsZeroMs":0}

stdout | apps/api/test/integration/connection-hygiene.test.ts > a response sent before the body is read closes the connection and never drains the (unbounded) body > upload route 401/403/404/409/428/400/422, JSON bodyLimit (CL and chunked), media type, unmatched 404, bad URL; then app.close() is prompt
SWEEP {"path":"upload 422 not a file","status":422,"code":"validation.evidence.not_a_file","connection":"close","serverCloseMs":0,"connectionsZeroMs":0}

stdout | apps/api/test/integration/connection-hygiene.test.ts > a response sent before the body is read closes the connection and never drains the (unbounded) body > upload route 401/403/404/409/428/400/422, JSON bodyLimit (CL and chunked), media type, unmatched 404, bad URL; then app.close() is prompt
SWEEP {"path":"upload 400 undeclared media type (text/plain)","status":400,"code":"validation.content_type","connection":"close","serverCloseMs":0,"connectionsZeroMs":0}

stdout | apps/api/test/integration/connection-hygiene.test.ts > a response sent before the body is read closes the connection and never drains the (unbounded) body > upload route 401/403/404/409/428/400/422, JSON bodyLimit (CL and chunked), media type, unmatched 404, bad URL; then app.close() is prompt
SWEEP {"path":"upload 401 Content-Length 30 MiB","status":401,"code":"unauthenticated","connection":"close","serverCloseMs":0,"connectionsZeroMs":0}

stdout | apps/api/test/integration/connection-hygiene.test.ts > a response sent before the body is read closes the connection and never drains the (unbounded) body > upload route 401/403/404/409/428/400/422, JSON bodyLimit (CL and chunked), media type, unmatched 404, bad URL; then app.close() is prompt
SWEEP {"path":"upload 428 Content-Length 30 MiB","status":428,"code":"precondition_required","connection":"close","serverCloseMs":0,"connectionsZeroMs":0}

stdout | apps/api/test/integration/connection-hygiene.test.ts > a response sent before the body is read closes the connection and never drains the (unbounded) body > upload route 401/403/404/409/428/400/422, JSON bodyLimit (CL and chunked), media type, unmatched 404, bad URL; then app.close() is prompt
SWEEP {"path":"JSON over bodyLimit, chunked","status":400,"code":"validation.body_too_large","connection":"close","serverCloseMs":0,"connectionsZeroMs":0}

stdout | apps/api/test/integration/connection-hygiene.test.ts > a response sent before the body is read closes the connection and never drains the (unbounded) body > upload route 401/403/404/409/428/400/422, JSON bodyLimit (CL and chunked), media type, unmatched 404, bad URL; then app.close() is prompt
SWEEP {"path":"JSON over bodyLimit, Content-Length","status":400,"code":"validation.body_too_large","connection":"close","serverCloseMs":0,"connectionsZeroMs":0}

stdout | apps/api/test/integration/connection-hygiene.test.ts > a response sent before the body is read closes the connection and never drains the (unbounded) body > upload route 401/403/404/409/428/400/422, JSON bodyLimit (CL and chunked), media type, unmatched 404, bad URL; then app.close() is prompt
SWEEP {"path":"unmatched route 404, chunked","status":404,"code":"not_found","connection":"close","serverCloseMs":0,"connectionsZeroMs":0}

stdout | apps/api/test/integration/connection-hygiene.test.ts > a response sent before the body is read closes the connection and never drains the (unbounded) body > upload route 401/403/404/409/428/400/422, JSON bodyLimit (CL and chunked), media type, unmatched 404, bad URL; then app.close() is prompt
SWEEP {"path":"unmatched route 404, Content-Length 30 MiB","status":404,"code":"not_found","connection":"close","serverCloseMs":0,"connectionsZeroMs":0}

stdout | apps/api/test/integration/connection-hygiene.test.ts > a response sent before the body is read closes the connection and never drains the (unbounded) body > upload route 401/403/404/409/428/400/422, JSON bodyLimit (CL and chunked), media type, unmatched 404, bad URL; then app.close() is prompt
SWEEP {"path":"router-level 400 bad URL (FST_ERR_BAD_URL), chunked","status":400,"code":"validation.format","connection":"close","serverCloseMs":0,"connectionsZeroMs":0}

stdout | apps/api/test/integration/connection-hygiene.test.ts > a response sent before the body is read closes the connection and never drains the (unbounded) body > upload route 401/403/404/409/428/400/422, JSON bodyLimit (CL and chunked), media type, unmatched 404, bad URL; then app.close() is prompt
SWEEP-CLOSE {"label":"after the refusals sweep","ms":0,"completed":true}

stdout | apps/api/test/integration/connection-hygiene.test.ts > a response sent before the body is read closes the connection and never drains the (unbounded) body > app.close() while a refused client (403, no CSRF token) KEEPS SENDING its body completes promptly
SWEEP-CLOSE {"label":"while a refused (403) client keeps sending its body","ms":1,"completed":true}

stdout | apps/api/test/integration/connection-hygiene.test.ts > a client that aborts mid-upload leaves no partial object and no leaked socket > content-length: 2 MiB of a 10 MiB upload, then the client destroys the socket
SWEEP {"path":"client abort mid-upload content-length","connectionsZeroMs":25,"partialFilesGoneMs":0}

stdout | apps/api/test/integration/connection-hygiene.test.ts > a client that aborts mid-upload leaves no partial object and no leaked socket > chunked: 2 MiB of a 10 MiB upload, then the client destroys the socket
SWEEP {"path":"client abort mid-upload chunked","connectionsZeroMs":25,"partialFilesGoneMs":0}

stdout | apps/api/test/integration/connection-hygiene.test.ts > shutdown is bounded > app.close() with a STALLED upload in flight completes within the grace period (default 5 s); the stalled socket is closed by the server
SWEEP-CLOSE {"label":"stalled upload in flight (default grace 5 s)","ms":5000,"completed":true}

stdout | apps/api/test/integration/connection-hygiene.test.ts > shutdown is bounded > an in-flight upload that finishes within the grace period completes normally (200, stored byte-exact, Connection: close), then app.close() returns
SWEEP-CLOSE {"label":"in-flight upload finishing during shutdown","ms":478,"completed":true}

stdout | apps/api/test/integration/connection-hygiene.test.ts > shutdown is bounded > a body that stalls outside shutdown is cut by Node's requestTimeout (408, connection closed), nothing stored, no error log
SWEEP {"path":"stalled body, requestTimeout 1.5 s","status":["HTTP/1.1 408"],"closedMs":1751}

stdout | apps/api/test/integration/connection-hygiene.test.ts > shutdown is bounded > SIGTERM: the API process (src/main.ts) exits 0 within the grace period with a stalled upload in flight
SWEEP-CLOSE {"label":"SIGTERM with a stalled upload (main.ts)","ms":5042,"exitCode":0}

stdout | apps/api/test/integration/connection-hygiene.test.ts > unmatched-route 404s are rate limited (audit round 10 observation P3) > a flood on unmatched routes gets 429 rate_limited after the limit (same key and limit as the routes); the SPA fallback still serves index.html
SWEEP {"path":"unmatched-route flood, limit 4/min","statuses":[404,404,404,429]}

 ✓ |integration| apps/api/test/integration/connection-hygiene.test.ts (13 tests) 22227ms
   ✓ an over-limit upload (413 evidence.too_large) closes its connection and never stalls app.close() > 30 MiB chunked, written without backpressure like the audit repro: 413, Connection: close, server closes, 0 connections, app.close() prompt  847ms
   ✓ an over-limit upload (413 evidence.too_large) closes its connection and never stalls app.close() > 30 MiB content-length, written without backpressure like the audit repro: 413, Connection: close, server closes, 0 connections, app.close() prompt  1323ms
   ✓ a response sent before the body is read closes the connection and never drains the (unbounded) body > upload route 401/403/404/409/428/400/422, JSON bodyLimit (CL and chunked), media type, unmatched 404, bad URL; then app.close() is prompt  926ms
   ✓ a response sent before the body is read closes the connection and never drains the (unbounded) body > app.close() while a refused client (403, no CSRF token) KEEPS SENDING its body completes promptly  346ms
   ✓ a client that aborts mid-upload leaves no partial object and no leaked socket > content-length: 2 MiB of a 10 MiB upload, then the client destroys the socket  399ms
   ✓ a client that aborts mid-upload leaves no partial object and no leaked socket > chunked: 2 MiB of a 10 MiB upload, then the client destroys the socket  375ms
   ✓ normal traffic is unchanged > a valid 3 MiB upload over a real socket is stored byte-exact with its sha256, and the keep-alive connection serves the next request  1064ms
   ✓ shutdown is bounded > app.close() with a STALLED upload in flight completes within the grace period (default 5 s); the stalled socket is closed by the server  5621ms
   ✓ shutdown is bounded > an in-flight upload that finishes within the grace period completes normally (200, stored byte-exact, Connection: close), then app.close() returns  780ms
   ✓ shutdown is bounded > a body that stalls outside shutdown is cut by Node's requestTimeout (408, connection closed), nothing stored, no error log  1873ms
   ✓ shutdown is bounded > SIGTERM: the API process (src/main.ts) exits 0 within the grace period with a stalled upload in flight  7486ms
 ✓ |integration| apps/api/test/integration/adoption/indicators.test.ts (14 tests) 1643ms
 ✓ |integration| apps/api/test/integration/registers.test.ts (23 tests) 3195ms
   ✓ starter structure (ADR-0016 §4; REQ-S12-004, REQ-PB-003) > both End-to-End and Modular creates get the pin, six T01 rows, ten canvas boxes and six gates, each audited  384ms
 ✓ |integration| apps/api/test/integration/workflows/phases.test.ts (14 tests) 4596ms
   ✓ the phase catalogue (REQ-PB-014) > the workspace shows the current phase with its purpose, objective and key outputs, and each phase's gate status  425ms
   ✓ guided phase steps (REQ-S04-001) > each of the six phases shows steps, required evidence, owners (Unknown when unassigned) and a review queue  452ms
   ✓ guided phase steps (REQ-S04-001) > the owner cannot accept their own step (403); a non-owner cannot progress it (403); an owner is required (422)  307ms
   ✓ guided phase steps (REQ-S04-001) > the review queue: one task per reviewer-role holder (never the owner); accept closes them and enables the next owned step once  458ms
   ✓ guided phase steps (REQ-S04-001) > return with a note, then back to review; a return without a note is 400; invalid transitions are 422  433ms
   ✓ steps never move a gate (REQ-S04-002: completing every phase task leaves the gate Draft) > completing all five Diagnose steps leaves G1 draft, with no submission and an unchanged gate instance  651ms
   ✓ authorization, If-Match and audit on every write (S-4) > AUD (read-only) gets 403 on every write and nothing is written; an outsider gets 404  310ms
 ✓ |integration| apps/api/test/integration/media-types.test.ts (21 tests) 1980ms
   ✓ the media-type check and the parser lookup agree for every spelling (F-DG2-351) > every OWS/whitespace spelling of octet-stream reaches the octet parser: stored byte-exact (sha256), downloadable  534ms
 ✓ |integration| apps/api/test/integration/kpi/business-cases.test.ts (17 tests) 5448ms
   ✓ transformation case: the ten B0085 sections (REQ-PB-053) > all ten sections persist and read back; missingSections clears once lines and owners exist  845ms
   ✓ initiative cases and the roll-up (REQ-PB-054, REQ-S05-005) > the total equals the distinct lines once; editing an initiative line changes the roll-up without duplication  304ms
   ✓ Finance validation of the baseline (REQ-PB-055 part) > FIN validates; the author is refused 403; the hash is stored; a baseline change shows Stale  528ms
   ✓ every mutation: AUD 403, If-Match 428/409, audit, WL record-level > the read-only auditor gets 403 (audited) on all seven mutations, whatever the body  303ms
   ✓ every mutation: AUD 403, If-Match 428/409, audit, WL record-level > If-Match: 428 without, 409 stale, on update/archive of cases and lines; each success audited  317ms
   ✓ every mutation: AUD 403, If-Match 428/409, audit, WL record-level > authorization is re-checked at commit time (archive line): a grant revoked after authentication -> 403, nothing written  302ms
 ✓ |integration| apps/api/test/integration/dependencies/t08.test.ts (19 tests) 5654ms
   ✓ T08 columns, From external, types > the seven T08 columns round-trip; version 1, ETag and Location; audited; listed and read  393ms
   ✓ T08 columns, From external, types > a self-dependency is 422; an initiative of another transformation is 422; From initiative needs its id (400)  453ms
   ✓ dependency types (REQ-PB-052) > add, relabel, retire a custom type: configure only (AUD and TL 403), If-Match 428/409, audited, duplicate 409  396ms
   ✓ cycles (REQ-S09-008, REQ-PB-051) > A→B→A is reported the same way ('INI-01 → INI-02 → INI-01'); an archived edge no longer counts  317ms
   ✓ cycles (REQ-S09-008, REQ-PB-051) > PATCH re-runs the check when an endpoint changes (422, nothing written); other edits pass  344ms
   ✓ authorisation, concurrency and audit of every T08 mutation > AUD 403 on create, update, archive (audited as authorization.denied); 428/409 on update and archive  368ms
   ✓ authorisation, concurrency and audit of every T08 mutation > commit-time authorisation: a grant revoked while the create waits for the graph lock is 403; nothing written  332ms
   ✓ authorisation, concurrency and audit of every T08 mutation > commit-time authorisation on update and archive: the row lock wait, then 403 on reloaded grants  341ms
   ✓ schedule flags on T08 (ADR-0023 §5) > a predecessor finishing after the needed-by date is flagged; moving its milestone earlier clears it  345ms
   ✓ the DG2 paths stay stable (ADR-0023 §4) > a custom type is shown as 'other' on the DG2 path; a DG2 PATCH of the kinds is 422 dependency.managed_by_t08  300ms
 ✓ |integration| apps/api/test/integration/oidc.test.ts (33 tests) 2834ms
 ✓ |integration| apps/api/test/integration/kpi/kpi-resources.test.ts (23 tests) 1836ms
 ✓ |integration| apps/api/test/integration/portfolio/transitions.test.ts (21 tests) 10329ms
   ✓ submit (draft -> submitted) > REQ-PB-007/REQ-PB-022: before G1 -> 422 invalid-transition with the exact G1 text; errors[] lists every failing precondition; nothing written  613ms
   ✓ submit (draft -> submitted) > REQ-PB-006: without an outcome/KPI link -> 'Outcome before activity' validation error at /outcomeContributions; accepted once a link exists  538ms
   ✓ submit (draft -> submitted) > Modular: an accepted inherited approval of G1 with verified evidence satisfies submit (never a gate decision)  523ms
   ✓ withdraw and cancel > withdraw: submitted or ranked -> draft with a reason; draft -> 422 not_withdrawable; no reason -> 400  384ms
   ✓ withdraw and cancel > cancel: any non-terminal status -> cancelled with reason and stamps; launched or cancelled -> 422 not_cancellable  796ms
   ✓ selection (REQ-S09-003): a recorded business approval; ranking never selects; selection never funds > ranking never selects; select writes a portfolio_selection row and shows 'Selected - unfunded'  371ms
   ✓ selection (REQ-S09-003): a recorded business approval; ranking never selects; selection never funds > deselect: selected or funded -> ranked with a rationale; ranked or launched -> 422 not_deselectable  695ms
   ✓ selection (REQ-S09-003): a recorded business approval; ranking never selects; selection never funds > ADR-0021 §6 (T-DG3-ARCH-03): select/deselect on someone's behalf -> 422 selection.on_behalf_not_supported, even under an active delegation; nothing written  588ms
   ✓ launch (funded -> launched) > REQ-PB-004 (acceptance): End-to-End launch -> 422 'North Star, outcomes and target state not yet approved'; after G2 and G3 approval the same call succeeds  594ms
   ✓ launch (funded -> launched) > direction is checked BEFORE funding: a selected-unfunded End-to-End initiative gets the sequencing reason, errors[] lists both  458ms
   ✓ launch (funded -> launched) > 'Selected - unfunded' cannot launch (also after a rejected/deferred or revoked funding decision); other statuses are not launchable  658ms
   ✓ launch (funded -> launched) > a draft launched before G1 reports G1 first (precondition 1)  350ms
   ✓ launch (funded -> launched) > End-to-End: an accepted waiver of G3 (G2 approved) satisfies the direction rule for launch; the gate stays unapproved  550ms
   ✓ launch (funded -> launched) > Modular: a funded initiative launches without G2/G3 (not held to the End-to-End rule); WL (no initiative.launch) gets 403  378ms
   ✓ every transition: If-Match 428/409 and AUD 403 (audited denial, nothing written) > submit: 428 without If-Match, 409 stale, 403 for AUD, 404 for an unknown id  428ms
   ✓ every transition: If-Match 428/409 and AUD 403 (audited denial, nothing written) > withdraw: 428 without If-Match, 409 stale, 403 for AUD, 404 for an unknown id  419ms
   ✓ every transition: If-Match 428/409 and AUD 403 (audited denial, nothing written) > select: 428 without If-Match, 409 stale, 403 for AUD, 404 for an unknown id  368ms
   ✓ every transition: If-Match 428/409 and AUD 403 (audited denial, nothing written) > deselect: 428 without If-Match, 409 stale, 403 for AUD, 404 for an unknown id  362ms
   ✓ every transition: If-Match 428/409 and AUD 403 (audited denial, nothing written) > launch: 428 without If-Match, 409 stale, 403 for AUD, 404 for an unknown id  343ms
   ✓ every transition: If-Match 428/409 and AUD 403 (audited denial, nothing written) > cancel: 428 without If-Match, 409 stale, 403 for AUD, 404 for an unknown id  409ms
   ✓ latestFundingState() (ADR-0023 §7): the latest funding decision decides, fail closed > none -> unfunded; approved -> funded; deferred after approved -> unfunded; revoked -> revoked  379ms
 ✓ |integration| apps/api/test/integration/raid/corrective-cases.test.ts (15 tests) 1914ms
 ✓ |integration| apps/api/test/integration/workflows/gate-exceptions.test.ts (14 tests) 10952ms
   ✓ submission with missing mandatory evidence (REQ-S04-012) > the gate page lists the missing items; one missing item -> 422 listing exactly it (DG2 form); nothing written  1034ms
   ✓ submission with missing mandatory evidence (REQ-S04-012) > with accepted unexpired exceptions -> 201; the snapshot and the frozen criterion rows record each exception  912ms
   ✓ submission with missing mandatory evidence (REQ-S04-012) > a pending, rejected or other-criterion exception does not cover (422 as in DG2)  779ms
   ✓ the waiver record (REQ-S04-013) > a waiver without expiry or compensating action -> 400; past expiry and a non-mandatory key -> 422; nothing written  459ms
   ✓ the waiver record (REQ-S04-013) > the requester cannot decide (403); a non-approver cannot (403); ADM-only 403; AUD 403 on every write  567ms
   ✓ the waiver record (REQ-S04-013) > one hop of delegation: a delegate holding gate_exception.decide decides for the approver (recorded on behalf)  602ms
   ✓ expiry (REQ-S04-013; clock injected) > after expires_on the exception no longer covers: the live view and the submission report the criterion missing again  820ms
   ✓ expiry (REQ-S04-013; clock injected) > approving a submission whose recorded exception has expired -> 422 gate.exception_expired; changes requested is allowed  858ms
   ✓ expiry (REQ-S04-013; clock injected) > approving a submission whose recorded exception was revoked -> 422 gate.exception_revoked (exact text); nothing written; reject allowed  837ms
   ✓ expiry (REQ-S04-013; clock injected) > revoked AND expired reports the revoke; an unrevoked, unexpired exception still lets the approver approve  1611ms
   ✓ expiry (REQ-S04-013; clock injected) > the injected clock also moves the create check: an expiry before the injected business date -> 422  407ms
   ✓ revoke, withdraw and concurrency (ADR-0035 §4, §11) > revoke needs a reason (400) and an accepted exception (422); after revoke the criterion is missing again  892ms
   ✓ revoke, withdraw and concurrency (ADR-0035 §4, §11) > withdraw: the requester only, pending only, If-Match 428/409; decision If-Match 428/409  482ms
   ✓ revoke, withdraw and concurrency (ADR-0035 §4, §11) > the approver gets one gate_exception_to_decide item on request; it is done once decided; list filters  523ms
 ✓ |integration| apps/api/test/integration/sustainment/controls.test.ts (15 tests) 3000ms
   ✓ control checks: a failed check emits one control_check.failed (REQ-S11-008) > an ownerless control's check goes to the BAU owner; its failure event carries ownerUserId null  368ms
 ✓ |integration| apps/api/test/integration/sustainment/transition-decisions.test.ts (10 tests) 2907ms
   ✓ create (ADR-0034 §3, §12) > 422 monitoring_after_end, benefit_validated and validation.reference (exact texts); nothing written  362ms
   ✓ REQ-S11-007: forecast stays forecast; monitoring tasks for the residual owner (ADR-0034 §3, §6) > parity (D-102 (2)): the worker's runMonitoringScan writes the same rows as the API's scheduleMonitoringReviews  373ms
 ✓ |integration| apps/api/test/integration/sustainment/handovers.test.ts (11 tests) 1950ms
 ✓ |integration| apps/api/test/integration/governance/executive-decisions.test.ts (17 tests) 2147ms
 ✓ |integration| apps/api/test/integration/approvals/approvals.test.ts (17 tests) 3326ms
   ✓ routing (REQ-S10-008; ADR-0026 §2, §8) > a mapped person without a business-approver role is refused (422 routing.assignee_not_approver)  427ms
   ✓ request (ADR-0026 §4, §5) > SLA types: next SteerCo is Unknown (never guessed); urgent needs a reason and a configured route; release plan without a milestone is Unknown  451ms
   ✓ decide (REQ-S10-014, REQ-S10-016, REQ-S10-017, REQ-S10-018) > commit-time authorization: a decide right revoked (or a session ended) while the request waits is refused  450ms
 ✓ |integration| apps/api/test/integration/blank-text.test.ts (29 tests) 8360ms
   ✓ blank free text is rejected (400 + pointer), nothing is written and nothing is audited > charter create with a blank field writes no charter  309ms
   ✓ valid text still succeeds (stored as entered) and null still clears > charter: text with surrounding spaces is kept verbatim; null clears; each change is audited once  325ms
   ✓ defense in depth: blank text already in the database is never 'present' (G1 readiness, pre-checks, thesis) > blank In scope, Case for change, thesis part and T01 texts read as missing  428ms
   ✓ invisible-only free text is blank (F-DG2-160) > Out of scope "‏" is 400 validation.blank at /outOfScope; nothing written, no audit  315ms
   ✓ invisible-only free text is blank (F-DG2-160) > Out of scope "" is 400 validation.blank at /outOfScope; nothing written, no audit  310ms
   ✓ invisible-only free text is blank (F-DG2-160) > Out of scope "⁠⁠⁠" is 400 validation.blank at /outOfScope; nothing written, no audit  329ms
   ✓ invisible-only free text is blank (F-DG2-160) > Out of scope "؜" is 400 validation.blank at /outOfScope; nothing written, no audit  318ms
   ✓ invisible-only free text is blank (F-DG2-160) > Out of scope "️͏" is 400 validation.blank at /outOfScope; nothing written, no audit  330ms
   ✓ invisible-only free text is blank (F-DG2-160) > Out of scope "᠋᠏" is 400 validation.blank at /outOfScope; nothing written, no audit  342ms
   ✓ invisible-only free text is blank (F-DG2-160) > Out of scope "\u0001" is 400 validation.blank at /outOfScope; nothing written, no audit  310ms
   ✓ invisible-only free text is blank (F-DG2-160) > Out of scope "󠄀 ឴឵" is 400 validation.blank at /outOfScope; nothing written, no audit  304ms
   ✓ invisible-only free text is blank (F-DG2-160) > Out of scope "𖿤" is 400 validation.blank at /outOfScope; nothing written, no audit  356ms
   ✓ invisible-only free text is blank (F-DG2-160) > Out of scope "𝅙" is 400 validation.blank at /outOfScope; nothing written, no audit  383ms
   ✓ invisible-only free text is blank (F-DG2-160) > Out of scope "𝅙𝅙" is 400 validation.blank at /outOfScope; nothing written, no audit  365ms
   ✓ invisible-only free text is blank (F-DG2-160) > Out of scope " 𖿤\t𝅙 " is 400 validation.blank at /outOfScope; nothing written, no audit  423ms
   ✓ invisible-only free text is blank (F-DG2-160) > visible text that contains U+16FE4 or U+1D159 is accepted verbatim and counts as documented (F-DG2-230)  841ms
   ✓ invisible-only free text is blank (F-DG2-160) > an Arabic Out of scope with RLM marks is accepted verbatim, the pre-check reads pass and G1 does not list it  599ms
   ✓ invisible-only reasons are blank on every reason endpoint (F-DG2-160, T-DG2-BE7) > P1 transformation archive (reasonRequest): invisible reason is 400 at /reason; a valid reason archives  509ms
stdout | apps/api/test/integration/request-io.test.ts > F-DG2-411: a stalled upload holds no pooled connection and no row lock > reviewer's R8: N stalled uploads (N = pool size) leave /me and /readyz answering promptly; nothing is stored
BE17 R8: {"poolSize":5,"stalledUploads":5,"sessions":{"sessions":5,"visible":5,"idleInTx":0,"nonIdle":0},"me":{"status":200,"ms":8},"ready":{"status":200,"ms":2},"patch":{"status":200,"ms":15},"leftovers":[],"rows":0,"closeMs":0,"errors":[]}

stdout | apps/api/test/integration/request-io.test.ts > F-DG2-411: a stalled upload holds no pooled connection and no row lock > an upload whose If-Match goes stale during the body: 409 version_conflict, no content row, no object
BE17 stale-if-match: {"patchDuringBody":{"status":200,"ms":39},"patch":{"status":200,"ms":39},"upload":{"status":409,"type":"urn:mth:problem:version-conflict","title":"Version conflict","detail":"The record was changed by someone else. Review the current version and re-apply your change.","code":"version_conflict","requestId":"01a12325-f092-74bf-86b3-4660d81b32c9","currentVersion":2},"rows":0,"files":[],"version":2,"closeMs":0}

stdout | apps/api/test/integration/request-io.test.ts > F-DG2-411: a stalled upload holds no pooled connection and no row lock > valid uploads stay byte-exact with their sha256 (stored, recorded and downloaded), no temporary object left
BE17 valid-uploads: {"out":[{"size":1,"status":200,"rows":1,"sha":true,"files":["/var/tmp/mth-run.w0iffb/claude-0/mth-evidence-it-2mDcDQ/01a12325-e6ec-722a-8a3d-a9c72673535e/01a12325-e75d-769c-a389-f8d42a1e3759/01a12325-f241-7473-83ce-e5ba71138196/01a12325-f259-735c-950e-9b3d51d5061b"]},{"size":65536,"status":200,"rows":1,"sha":true,"files":["/var/tmp/mth-run.w0iffb/claude-0/mth-evidence-it-2mDcDQ/01a12325-e6ec-722a-8a3d-a9c72673535e/01a12325-e75d-769c-a389-f8d42a1e3759/01a12325-f29e-7299-b200-3d9d9a2b2812/01a12325-f2aa-7309-a977-91269d5f6fe5"]},{"size":3145728,"status":200,"rows":1,"sha":true,"files":["/var/tmp/mth-run.w0iffb/claude-0/mth-evidence-it-2mDcDQ/01a12325-e6ec-722a-8a3d-a9c72673535e/01a12325-e75d-769c-a389-f8d42a1e3759/01a12325-f2cb-76ed-9b3d-a76e537e86db/01a12325-f2d9-723c-aadd-67adc5239324"]}],"closeMs":4}

stdout | apps/api/test/integration/request-io.test.ts > F-DG2-411: a stalled upload holds no pooled connection and no row lock > sweep: downloads to slow readers (N+1 paused readers, pool size N) hold no pooled connection
BE17 slow-readers: {"poolSize":2,"readers":3,"bytesReceivedWhilePaused":[65536,65536,65536],"fileBytes":25165824,"me":{"status":200,"ms":6},"ready":{"status":200,"ms":1},"sessions":{"sessions":2,"visible":2,"idleInTx":0,"nonIdle":0},"closeMs":1}

stdout | apps/api/test/integration/request-io.test.ts > F-DG2-411: a stalled upload holds no pooled connection and no row lock > defence in depth: an exhausted pool answers 503 after the bounded checkout wait (and /readyz 503), never a hang
BE17 pool-exhausted: {"me":{"status":503,"ms":405},"meCode":"unavailable","ready":{"status":503,"ms":401},"meAfter":{"status":200,"ms":10},"closeMs":0}

stdout | apps/api/test/integration/request-io.test.ts > F-DG2-412: an aborted or stalled body is never a 500 and never an error-level log > R6a stalled JSON body, requestTimeout 408: answered (if at all) below 500, logged below error level, nothing stored
BE17 R6a: {"status":408,"classified":0,"completed":[],"errors":[],"rows":0,"files":[],"closeMs":0}

stdout | apps/api/test/integration/request-io.test.ts > F-DG2-412: an aborted or stalled body is never a 500 and never an error-level log > R6d JSON body aborted by the client: answered (if at all) below 500, logged below error level, nothing stored
BE17 R6d: {"status":null,"classified":25,"completed":[],"errors":[],"rows":0,"files":[],"closeMs":0}

stdout | apps/api/test/integration/request-io.test.ts > F-DG2-412: an aborted or stalled body is never a 500 and never an error-level log > R6c stalled upload body, requestTimeout 408: answered (if at all) below 500, logged below error level, nothing stored
BE17 R6c: {"status":408,"classified":0,"completed":[],"errors":[],"rows":0,"files":[],"closeMs":0}

stdout | apps/api/test/integration/request-io.test.ts > F-DG2-412: an aborted or stalled body is never a 500 and never an error-level log > R6e upload body aborted by the client: answered (if at all) below 500, logged below error level, nothing stored
BE17 R6e: {"status":null,"classified":25,"completed":[],"errors":[],"rows":0,"files":[],"closeMs":1}

stdout | apps/api/test/integration/request-io.test.ts > F-DG2-412: an aborted or stalled body is never a 500 and never an error-level log > no over-match: a database-side ECONNRESET while the request body is still arriving is a 500 with an error log
BE17 db-econnreset: {"status":500,"resets":4,"errors":[{"msg":"unhandled error","code":"ECONNRESET","message":"read ECONNRESET"}]}

 ✓ |integration| apps/api/test/integration/request-io.test.ts (10 tests) 12262ms
   ✓ F-DG2-411: a stalled upload holds no pooled connection and no row lock > reviewer's R8: N stalled uploads (N = pool size) leave /me and /readyz answering promptly; nothing is stored  1807ms
   ✓ F-DG2-411: a stalled upload holds no pooled connection and no row lock > an upload whose If-Match goes stale during the body: 409 version_conflict, no content row, no object  490ms
   ✓ F-DG2-411: a stalled upload holds no pooled connection and no row lock > valid uploads stay byte-exact with their sha256 (stored, recorded and downloaded), no temporary object left  341ms
   ✓ F-DG2-411: a stalled upload holds no pooled connection and no row lock > sweep: downloads to slow readers (N+1 paused readers, pool size N) hold no pooled connection  1340ms
   ✓ F-DG2-411: a stalled upload holds no pooled connection and no row lock > defence in depth: an exhausted pool answers 503 after the bounded checkout wait (and /readyz 503), never a hang  1533ms
   ✓ F-DG2-412: an aborted or stalled body is never a 500 and never an error-level log > R6a stalled JSON body, requestTimeout 408: answered (if at all) below 500, logged below error level, nothing stored  1992ms
   ✓ F-DG2-412: an aborted or stalled body is never a 500 and never an error-level log > R6d JSON body aborted by the client: answered (if at all) below 500, logged below error level, nothing stored  741ms
   ✓ F-DG2-412: an aborted or stalled body is never a 500 and never an error-level log > R6c stalled upload body, requestTimeout 408: answered (if at all) below 500, logged below error level, nothing stored  1974ms
   ✓ F-DG2-412: an aborted or stalled body is never a 500 and never an error-level log > R6e upload body aborted by the client: answered (if at all) below 500, logged below error level, nothing stored  758ms
   ✓ F-DG2-412: an aborted or stalled body is never a 500 and never an error-level log > no over-match: a database-side ECONNRESET while the request body is still arriving is a 500 with an error log  625ms
 ✓ |integration| apps/api/test/integration/gates/g4.test.ts (5 tests) 5226ms
   ✓ G4 submission refused with the missing items named (ADR-0021 §7) > 422 gate_criteria_incomplete names 'Owners', 'Finance validation', the initiative without a gap link, the missing funding and capacity commitment; nothing written  964ms
   ✓ G4 submission refused with the missing items named (ADR-0021 §7) > an empty portfolio is 'Initiative cards' (g4.portfolio_empty); a capacity over-allocation and Unknown are conflicts  917ms
   ✓ G4 treats an Unknown schedule as a missing item (D-079; ADR-0021 §7, §11 item 3) > 'Schedule unknown: DEP-nn' refuses the submission; a mitigation or the missing date clears it  899ms
   ✓ G4 end to end with distinct synthetic TL, FIN, SP and capacity-owner users > TL submits; FIN validates and funds; the capacity owner commits; 403/403/409 hold; SP approves -> phase transform  1487ms
   ✓ G4 end to end with distinct synthetic TL, FIN, SP and capacity-owner users > the submitter cannot decide G4, even holding the approver role (403 gate.submitter_cannot_decide)  847ms
 ✓ |integration| apps/api/test/integration/workflows/g5-g6.test.ts (13 tests) 14352ms
   ✓ G5 Scale (REQ-PB-020, REQ-PB-015) > an open High-impact risk without an approved disposition: 422 whose detail and errors list 'Risk closure'; nothing written  563ms
   ✓ G5 Scale (REQ-PB-020, REQ-PB-015) > an approved disposition completes Risk closure (a pending one does not; a medium risk never counts)  689ms
   ✓ G5 Scale (REQ-PB-020, REQ-PB-015) > G5 configured to BO: an SP decision is 403 gate.not_approver, a BO decision with the scale scope is 201  554ms
   ✓ G5 Scale (REQ-PB-020, REQ-PB-015) > the scale-scope rules (ADR-0035 §5): required with a G5 approval, refused elsewhere, items inside the organization  960ms
   ✓ G5 decision rights (D-094; ADR-0035 §8) > AUD 403 on the G5 submission and decision; an ADM-only caller 403 on the decision (D-094); nothing written  450ms
   ✓ G1-G4 refusals keep the DG2 key form (ADR-0035 §2: the label form is G5/G6 only) > a G4 submission with gaps names the criterion keys in its detail, as in DG3  434ms
   ✓ G6 Sustain (REQ-PB-021, REQ-S04-008, REQ-S04-002) > without an accepted BAU handover: 422 listing 'Ownership transfer'; nothing written  487ms
   ✓ G6 Sustain (REQ-PB-021, REQ-S04-008, REQ-S04-002) > with every fact: 201 with a frozen g6 snapshot; an edit afterwards leaves it unchanged; the SP approval changes no phase, closes nothing and writes nothing under docs/delivery/  9689ms
   ✓ G6 Sustain (REQ-PB-021, REQ-S04-008, REQ-S04-002) > G6 allows SP only: a BO cannot be configured as its approver (DG2 422 gate.approver_role_not_allowed)  409ms
 ✓ |integration| apps/api/test/integration/adoption/assessment-records.test.ts (10 tests) 1593ms
 ✓ |integration| apps/worker/test/integration/adoption-below-trajectory.test.ts (14 tests) 2045ms
   ✓ the outbox relay fans kpi.deviation_evaluated out (D-102) > one event reaches both consumers exactly once; a relay retry and a replayed send duplicate nothing  361ms
 ✓ |integration| apps/api/test/integration/adoption/assessment-forms.test.ts (10 tests) 1898ms
   ✓ authorisation (ADR-0033 §9) > AUD, TL and FIN 403 on writes; ADM-only and outsiders 404; another transformation 404; commit-time 403  331ms
   ✓ authorisation (ADR-0033 §9) > commit-time 403 on create, edit, retire, invite and cancel; nothing written  382ms
 ✓ |integration| apps/api/test/integration/adoption/interventions.test.ts (8 tests) 2149ms
 ✓ |integration| apps/api/test/integration/tasks/work-items.test.ts (15 tests) 958ms
 ✓ |integration| apps/api/test/integration/benefits/measurements.test.ts (12 tests) 3305ms
   ✓ create, read, list (ADR-0030 §2) > BO records a draft: 201, Location, ETag, basis, one audit event; list newest first; AUD reads  340ms
   ✓ create, read, list (ADR-0030 §2) > the §11 refusals: step, value shape, unmonetised, period taken, period range, unknown evidence  341ms
   ✓ submission (REQ-S08-016, REQ-S12-014 API half) > submit needs the period and evidence; If-Match 428/409; one audit event and one outbox event; pending only  370ms
 ✓ |integration| apps/api/test/integration/transformations.test.ts (30 tests) 5631ms
   ✓ create > persists a draft End-to-End record in Diagnose with organization defaults (Asia/Riyadh, SAR) and a generated code  595ms
   ✓ Idempotency-Key on create > replays the original 201 for the same key and body, creating one record, one audit event and one outbox event  301ms
   ✓ Idempotency-Key on create > rejects the same key with a different body (422) and a malformed key (400)  323ms
   ✓ closure is not a status edit (F-DG1-001: closure needs the G6 business approval, absent in P1) > refuses active -> closed with 422 invalid-transition; the record keeps its state, version and audit trail  365ms
   ✓ closure is not a status edit (F-DG1-001: closure needs the G6 business approval, absent in P1) > refuses on_hold -> closed with 422 invalid-transition; the record keeps its state, version and audit trail  373ms
   ✓ archive > needs a reason, If-Match and transformation.archive; archived records are read-only and hidden by default  384ms
   ✓ list: filters, sorting and cursor pagination > pages through a stable order without duplicates or gaps  1416ms
   ✓ audit trail endpoint > lists events newest first with actor names, paginated; needs audit.read (TO yes, others 403/404)  323ms
 ✓ |integration| apps/worker/test/integration/raid-corrective.test.ts (10 tests) 3249ms
   ✓ raid.corrective_control and raid.corrective_adoption through the production worker (REQ-S12-016) > a failed control check opens one owned case with a 5-working-day follow-up and one work item; replay and restart create none  917ms
 ✓ |integration| apps/api/test/integration/dg2-repairs.test.ts (13 tests) 4169ms
   ✓ F-DG2-142 evidence-link removal needs edit rights on the record (REQ-S10-001) > repro: a WL cannot remove the TL's link on a T01 row they may not edit (403 + denial audit); the TL can  446ms
   ✓ F-DG2-205 sequential product gates (REQ-S04-005, B0009, B0023) > End-to-End: G2 and G3 cannot be submitted before their predecessor is approved (422 gate.out_of_sequence), nothing written  519ms
   ✓ F-DG2-205 sequential product gates (REQ-S04-005, B0009, B0023) > repro: a pending G3 cannot be APPROVED while G2 is unapproved (422), the phase does not jump, nothing is written  411ms
   ✓ F-DG2-205 sequential product gates (REQ-S04-005, B0009, B0023) > an approval advances exactly one step from the gate's own phase; it never skips (define -> mobilize refused)  339ms
   ✓ F-DG2-205 sequential product gates (REQ-S04-005, B0009, B0023) > Modular entry stays valid: entering at design, G3 is not blocked by the earlier gates (only by its own criteria)  624ms
 ✓ |integration| apps/api/test/integration/adoption/stakeholder-groups.test.ts (11 tests) 1902ms
   ✓ authorization (ADR-0033 §9; S-4) > AUD is 403 on every write; ADM-only and outsiders 404 on every read and write; nothing is written  381ms
 ✓ |integration| apps/api/test/integration/calendar/calendar.test.ts (13 tests) 1989ms
   ✓ REQ-S15-008: time semantics and per-row currency > changing the organization's default currency affects only new records  782ms
 ✓ |integration| apps/api/test/integration/governance/raci-matrices.test.ts (12 tests) 4875ms
   ✓ REQ-S10-007: independent copies; edits are authorized, versioned and audited > changing one transformation's RACI changes neither the template nor another transformation  521ms
   ✓ REQ-S10-007: independent copies; edits are authorized, versioned and audited > commit-time authorization: a raci.edit right revoked while the request waits is refused, nothing written  475ms
   ✓ governance matrix approval (REQ-S10-007 'versioned, approved changes'; REQ-PB-067 'approve: SP') > submit freezes the version and routes it to the Sponsor; the Sponsor approves it; a later edit returns it to draft  712ms
   ✓ governance matrix approval (REQ-S10-007 'versioned, approved changes'; REQ-PB-067 'approve: SP') > T11: TL submits (decision_right.configure); a rejection returns the matrix to draft and unfreezes the rows  510ms
   ✓ governance matrix approval (REQ-S10-007 'versioned, approved changes'; REQ-PB-067 'approve: SP') > an unmapped Sponsor blocks the submit with a visible routing error; nothing is written  537ms
   ✓ REQ-PB-008: Transform readiness (operating model before execution) > not ready when the charter decision rights or T11 are empty; ready once they are completed; DG3 readiness unchanged  621ms
 ✓ |integration| apps/api/test/integration/kpi-p4/versions.test.ts (10 tests) 1765ms
 ✓ |integration| apps/worker/test/integration/kpi-recalculate.test.ts (5 tests) 4154ms
   ✓ kpi.recalculate through the relay and the production worker (REQ-S07-013, REQ-S12-006) > writes one run; a redelivery and a restarted worker write no second run  974ms
   ✓ kpi.recalculate: a failure on the last attempt is recorded as a failed run (ADR-0027 §8 step 4; T-DG4-KBE-R1) > through the production worker: the attempt that pg-boss retries records nothing, the final attempt records the failed run and the job dead-letters  1344ms
 ✓ |integration| apps/api/test/integration/sustainment/status-model.test.ts (9 tests) 1632ms
   ✓ labels (ADR-0034 §2; REQ-PB-009, REQ-S11-006) > REQ-PB-009: delivery Complete without a validated benefit is 'Delivered — value validation pending'  430ms
 ✓ |integration| apps/api/test/integration/governance/meetings.test.ts (12 tests) 2419ms
   ✓ createMeeting and getMeeting (REQ-S16-019 Meeting) > without a business calendar the cut-off is Unknown (calendar_not_configured), never guessed  436ms
 ✓ |integration| apps/api/test/integration/groups/groups.test.ts (9 tests) 1820ms
 ✓ |integration| apps/api/test/integration/gates.test.ts (12 tests) 6094ms
   ✓ starter structure and live readiness > a new transformation has six gate instances (G1-G6), draft, approver SP; G5-G6 are enabled (0059) but out of sequence  670ms
   ✓ starter structure and live readiness > G1 submission without an initial charter is refused (422 gate_criteria_incomplete) and writes nothing  515ms
   ✓ starter structure and live readiness > REQ-S13-012: evidence that is only a filename (or an inaccessible link) leaves g1.diagnostic incomplete  762ms
   ✓ submission and decision (business approval by a person) > the submitter cannot decide, even when they hold the approver role (403 gate.submitter_cannot_decide)  740ms
   ✓ submission and decision (business approval by a person) > configuring the approver: allowed roles only, refused while a submission is pending, needs gate.configure  393ms
   ✓ G2 Direction readiness (REQ-PB-036 failing outcomes, REQ-PB-037 guardrails) > lists every outcome whose good outcome test is not passing (ids + criteria); zero guardrails blocks submission  977ms
   ✓ decision outcome text is cut on a code-point boundary (F-DG2-260) > a rationale with an emoji at the 8000 boundary: the decision is recorded and outcome_text has no U+FFFD  632ms
 ✓ |integration| apps/api/test/integration/governance/decision-rights.test.ts (11 tests) 2762ms
   ✓ REQ-PB-065: the four T11 rows, seeded verbatim (B0099) > POST /transformations copies the four rows verbatim, both matrix headers and the six T12 deliverables (36 cells)  362ms
   ✓ REQ-PB-065: the four T11 rows, seeded verbatim (B0099) > an unmapped Approve party is a visible routing error (422 routing.role_unmapped), never a fallback  499ms
   ✓ T11 edits (ADR-0026 §5; S-4) > commit-time authorization: a configure right revoked while the request waits is refused, nothing written  454ms
 ✓ |integration| apps/api/test/integration/governance/meeting-series.test.ts (11 tests) 2219ms
   ✓ working days come from the business calendar (ADR-0025 §1) > without a business calendar a daily series generates nothing (calendar_not_configured); a 'keep' weekly series generates with an Unknown cut-off  382ms
   ✓ createMeetingSeries authorization and validation > negative: AUD, TL 403; ADM-only, another organization 404; a forum of another transformation is 400  385ms
 ✓ |integration| apps/api/test/integration/invalid-utf8.test.ts (14 tests) 4074ms
   ✓ a JSON body with invalid UTF-8 is 400 validation.json, the same with Content-Length and chunked > charter create: 400 for every invalid sequence and framing; no charter, no audit row, no U+FFFD stored  1118ms
   ✓ a JSON body with invalid UTF-8 is 400 validation.json, the same with Content-Length and chunked > charter update (PATCH, If-Match): version, value and audit trail unchanged  391ms
   ✓ over a real socket (the framing the reviewer probed), unauthenticated and authenticated > 400 validation.json for both framings, with and without a session; nothing stored  364ms
   ✓ valid UTF-8 round-trips verbatim; one BOM is accepted and stripped > Arabic and emoji text, with Content-Length and chunked: stored and audited byte for byte  754ms
   ✓ valid UTF-8 round-trips verbatim; one BOM is accepted and stripped > a leading BOM (EF BB BF) is stripped: the charter is created with the exact text  706ms
 ✓ |integration| apps/api/test/integration/portfolio/capacity.test.ts (7 tests) 5353ms
   ✓ the conflict rule (ADR-0023 §6) > over-allocated with the decimal shortfall; Unknown without a capacity row; a cancelled initiative's demand does not count  775ms
   ✓ the conflict rule (ADR-0023 §6) > the prioritization view carries the capacity flags (DEFAULT_FLAG_SOURCES wired), on the item and its initiative  719ms
   ✓ validation, authorization, If-Match and audit of every capacity mutation > roles: create/update with 400, 403 (AUD, no capacity.edit), 409 duplicate code, 428/409 If-Match, audit  520ms
   ✓ validation, authorization, If-Match and audit of every capacity mutation > capacity: FTE is a decimal string (numbers, 3 decimals, negatives -> 400), month is YYYY-MM-01, one active row per role and month  946ms
   ✓ validation, authorization, If-Match and audit of every capacity mutation > demand: planned -> committed -> released; 422s for the wrong state; commit needs capacity.commit (TL 403, TO 200); audit  671ms
   ✓ validation, authorization, If-Match and audit of every capacity mutation > a cancelled initiative's demand is read-only: create, update, commit and release -> 422 initiative.read_only  495ms
   ✓ validation, authorization, If-Match and audit of every capacity mutation > BE18A: every capacity mutation re-authorises at commit - a grant revoked while the request waits is 403, nothing written  1108ms
 ✓ |integration| apps/api/test/integration/raid/register.test.ts (15 tests) 1295ms
 ✓ |integration| apps/worker/test/integration/gates.test.ts (8 tests) 5581ms
   ✓ gate.submitted -> approver tasks (REQ-S12-009) > one task per required approver referencing the snapshot; redelivery none; supersession cancels; the decider's task is done  1173ms
   ✓ gate.submitted -> approver tasks (REQ-S12-009) > no approver on the transformation: one routing.role_unmapped notice to the submitter, never a silent skip  459ms
   ✓ gate.decided -> enable the next phase and the approved scope (REQ-S12-010) > G2 approval creates the four Design steps and their tasks once; a redelivery creates none  739ms
   ✓ gate.decided -> enable the next phase and the approved scope (REQ-S12-010) > a G5 approval creates tasks only for its approved scope item and condition (a second initiative gets none)  640ms
   ✓ parity and wiring (D-102) > the worker's approver resolution equals the API's canDecide for the same people  671ms
   ✓ gate.exception_expiry_scan (REQ-S04-013) > notifies the requester and the approver exactly once after expiry; a second scan none; status and gate unchanged  1792ms
 ✓ |integration| apps/api/test/integration/invalid-character.test.ts (20 tests) 5135ms
   ✓ U+0000 in a JSON body string is 400 validation.invalid_character; nothing is written or audited > charter create (outOfScope, freeText): no charter is created  404ms
   ✓ U+0000 in a JSON body string is 400 validation.invalid_character; nothing is written or audited > charter update (inScope): version, value and audit trail unchanged  557ms
   ✓ U+0000 in a JSON body string is 400 validation.invalid_character; nothing is written or audited > a NUL in an object key is reported at that key's pointer  458ms
   ✓ text without NUL is unaffected > visible text with other control-like marks (U+0001 inside, RLM) is accepted verbatim  393ms
   ✓ a lone UTF-16 surrogate in a JSON body string is 400 validation.invalid_character (F-DG2-260) > charter create (outOfScope, text column): no charter is created, nothing is stored as U+FFFD  388ms
   ✓ a lone UTF-16 surrogate in a JSON body string is 400 validation.invalid_character (F-DG2-260) > charter update (inScope): version, value and audit trail unchanged  427ms
   ✓ a lone UTF-16 surrogate in a JSON body string is 400 validation.invalid_character (F-DG2-260) > journey step name (reaches jsonb directly): 400 at /steps/0/name, not validation.format at ''  522ms
   ✓ a lone UTF-16 surrogate in a JSON body string is 400 validation.invalid_character (F-DG2-260) > a lone surrogate in an object key is reported at that key's pointer  526ms
   ✓ a lone UTF-16 surrogate in a JSON body string is 400 validation.invalid_character (F-DG2-260) > emoji (valid surrogate pairs) and Arabic are accepted and stored verbatim, in text and in jsonb  530ms
stdout | apps/api/test/integration/commit-time-auth.test.ts > F-DG2-440: an upload is authorised again at commit time (session re-resolved, grants reloaded) > Q1 the uploader's only grant is revoked while the body streams: 403 forbidden, audited as authorization.denied, nothing committed or stored
BE18 Q1 {"during":["01a12328-42f0-730d-bd38-86cbe075a0e8.part"],"revoked":1,"response":{"status":403,"code":"forbidden"},"after":{"rows":[],"version":1,"current":null,"files":[],"uploads":0},"denials":[{"record_type":"transformation","record_id":"01a12328-40d3-738c-81ad-e80a8362521b","reason":"POST /api/v1/transformations/:transformationId/evidence/:evidenceId/content requires transformation.read"}]}

stdout | apps/api/test/integration/commit-time-auth.test.ts > F-DG2-440: an upload is authorised again at commit time (session re-resolved, grants reloaded) > Q1b the uploading session is logged out while the body streams: 401 unauthenticated, nothing committed or stored
BE18 Q1b {"logout":200,"me":401,"response":{"status":401,"code":"unauthenticated"},"after":{"rows":[],"version":1,"current":null,"files":[],"uploads":0}}

stdout | apps/api/test/integration/commit-time-auth.test.ts > F-DG2-440: an upload is authorised again at commit time (session re-resolved, grants reloaded) > the uploading session reaches its idle expiry while the body streams: 401 unauthenticated, nothing committed or stored
BE18 idle-expiry {"expired":1,"response":{"status":401,"code":"unauthenticated"},"after":{"rows":[],"version":1,"current":null,"files":[],"uploads":0}}

stdout | apps/api/test/integration/commit-time-auth.test.ts > F-DG2-440: an upload is authorised again at commit time (session re-resolved, grants reloaded) > the uploading session reaches its absolute expiry while the body streams: 401 unauthenticated, nothing committed or stored
BE18 absolute-expiry {"expired":1,"response":{"status":401,"code":"unauthenticated"},"after":{"rows":[],"version":1,"current":null,"files":[],"uploads":0}}

stdout | apps/api/test/integration/commit-time-auth.test.ts > F-DG2-441: no transaction is open while the API waits on the IdP > Q7 never-answering IdP, pool max 3: three concurrent logins hold no connection or transaction; a signed-in user's /me stays prompt; the logins end in 302 idp_unavailable
BE18 Q7 {"pgActivityAt1s":[{"state":"idle","n":3}],"me":200,"meMs":8,"logins":[{"status":302,"location":"/login?error=idp_unavailable","ms":4004},{"status":302,"location":"/login?error=idp_unavailable","ms":4004},{"status":302,"location":"/login?error=idp_unavailable","ms":4004}]}

 ✓ |integration| apps/api/test/integration/commit-time-auth.test.ts (8 tests) 8369ms
   ✓ F-DG2-440: an upload is authorised again at commit time (session re-resolved, grants reloaded) > Q1 the uploader's only grant is revoked while the body streams: 403 forbidden, audited as authorization.denied, nothing committed or stored  580ms
   ✓ F-DG2-440: an upload is authorised again at commit time (session re-resolved, grants reloaded) > Q1b the uploading session is logged out while the body streams: 401 unauthenticated, nothing committed or stored  551ms
   ✓ F-DG2-440: an upload is authorised again at commit time (session re-resolved, grants reloaded) > the uploading session reaches its idle expiry while the body streams: 401 unauthenticated, nothing committed or stored  556ms
   ✓ F-DG2-440: an upload is authorised again at commit time (session re-resolved, grants reloaded) > the uploading session reaches its absolute expiry while the body streams: 401 unauthenticated, nothing committed or stored  538ms
   ✓ F-DG2-440: an upload is authorised again at commit time (session re-resolved, grants reloaded) > the uploader's user account is disabled while the body streams: 401, nothing committed  560ms
   ✓ F-DG2-440: an upload is authorised again at commit time (session re-resolved, grants reloaded) > positive control: an upload whose session and grant stay valid commits (200), byte-exact, audited once  446ms
   ✓ F-DG2-440: an upload is authorised again at commit time (session re-resolved, grants reloaded) > a grant revoked and granted again (a new assignment) while the body streams: the commit sees the CURRENT grants and succeeds  452ms
   ✓ F-DG2-441: no transaction is open while the API waits on the IdP > Q7 never-answering IdP, pool max 3: three concurrent logins hold no connection or transaction; a signed-in user's /me stays prompt; the logins end in 302 idp_unavailable  4125ms
 ✓ |integration| apps/api/test/integration/benefits/finance-validation.test.ts (9 tests) 2492ms
   ✓ REQ-PB-013: only Finance decides, and the audit names the validator > BO, AUD and ADM-only get 403; FIN approves; two audit events by FIN; the task is done; validated +amount  414ms
 ✓ |integration| apps/api/test/integration/benefits/overlaps.test.ts (11 tests) 1624ms
 ✓ |integration| apps/api/test/integration/portfolio/dispensations.test.ts (7 tests) 4165ms
   ✓ waivers (End-to-End launch sequencing) > create: 201 pending, version 1, audited; reason/expiry required, G1 never waived, no past expiry, AUD 403  630ms
   ✓ waivers (End-to-End launch sequencing) > decide: 428/409, AUD 403, not the recorder (403), only the gate's approver (403); accepted unblocks launch  607ms
   ✓ waivers (End-to-End launch sequencing) > separation of duties: the recorder can never accept their own dispensation (403), even holding gate.decide  438ms
   ✓ waivers (End-to-End launch sequencing) > revoke: only accepted ones, by the approver with a reason; If-Match; AUD 403; the blocker returns  514ms
   ✓ inherited approvals (Modular entry) > need body, date and evidence; count only when the evidence is VERIFIED and another person accepted them  527ms
   ✓ the gate list and gate view inheritedApproval annotation (ADR-0021 §5; F-DG3-120) > pending_verification → accepted (counts) → revoked; G1 stays draft and no gate decision is ever written  860ms
   ✓ the gate list and gate view inheritedApproval annotation (ADR-0021 §5; F-DG3-120) > an End-to-End transformation's gates carry inheritedApproval null (the DG2 shape otherwise unchanged)  466ms
 ✓ |integration| apps/api/test/integration/delegations/delegations.test.ts (13 tests) 5775ms
   ✓ delegated approvals (REQ-S10-010; ADR-0026 §3 rules 6-9) > after expiry B loses the capability (at once, before any sweep); the sweep then marks it expired, once  2576ms
   ✓ delegated approvals (REQ-S10-010; ADR-0026 §3 rules 6-9) > capability is the delegator's: a delegator who lost approval.decide gives the delegate nothing  739ms
   ✓ delegated approvals (REQ-S10-010; ADR-0026 §3 rules 6-9) > never to the requester of an approval pending with the delegator (422 delegation.delegate_is_requester)  535ms
   ✓ delegated approvals (REQ-S10-010; ADR-0026 §3 rules 6-9) > the requester cannot approve through a delegation either (SoD: on behalf of the requester is 403)  511ms
 ✓ |integration| apps/api/test/integration/benefits/register.test.ts (17 tests) 1520ms
 ✓ |integration| apps/api/test/integration/kpi-p4/actuals.test.ts (11 tests) 1762ms
 ✓ |integration| apps/api/test/integration/governance/forums.test.ts (12 tests) 1582ms
 ✓ |integration| apps/worker/test/integration/sustainment-scans.test.ts (5 tests) 1792ms
   ✓ sustainment.review_scan after closure (REQ-S11-004, REQ-S03-002, REQ-PB-083) > the closed transformation's BAU area gets its next review on time, once; its linked KPI accepts an actual  652ms
   ✓ sustainment.control_check_scan (REQ-S11-008) > end to end: a failed check emits one control_check.failed and slice E opens ONE recovery case (owner, follow-up)  370ms
 ✓ |integration| apps/api/test/integration/portfolio/budget.test.ts (13 tests) 975ms
 ✓ |integration| apps/api/test/integration/raid/actions.test.ts (9 tests) 1509ms
 ✓ |integration| apps/api/test/integration/portfolio/links.test.ts (12 tests) 2898ms
   ✓ gap links (REQ-PB-040, REQ-PB-046) > G3 completeness is identical with and without initiatives and gap links (TOM is not the portfolio)  516ms
   ✓ decision links (T05 'Required decisions', one decision model) > links a canonical decision of the transformation; foreign 422, duplicate 409; removable  568ms
 ✓ |integration| apps/api/test/integration/access-scope.test.ts (18 tests) 3196ms
   ✓ cross-scope WRITE is denied (404 when unreadable, 403 when readable but not permitted) > TL at BU a1 may create in a1 but not in the sibling a2 (BU unreadable -> 404) nor in org B  407ms
   ✓ a business-unit-scoped creator can work on what it created, and nothing more (F-DG1-106) > TL @ BU a1: create -> read -> list -> update -> audit -> archive all succeed (explicit, audited assignment)  509ms
   ✓ a business-unit-scoped creator can work on what it created, and nothing more (F-DG1-106) > still denies the BU-scoped creator every OTHER transformation, cross-BU and cross-organization  534ms
   ✓ a business-unit-scoped creator can work on what it created, and nothing more (F-DG1-106) > adds no assignment when the creator can already read the record (TO inherits downward)  387ms
   ✓ a business-unit-scoped creator can work on what it created, and nothing more (F-DG1-106) > never carries over a role that holds an approval permission (no approver is manufactured by a create)  453ms
   ✓ a business-unit-scoped creator can work on what it created, and nothing more (F-DG1-106) > revoking the source BU grant also revokes the derived assignment (same transaction, audited)  478ms
 ✓ |integration| apps/api/test/integration/raid/dependency-entries.test.ts (9 tests) 1004ms
 ✓ |integration| apps/api/test/integration/admin.test.ts (11 tests) 596ms
 ✓ |integration| apps/api/test/integration/approvals/adm-not-approver.test.ts (4 tests) 2323ms
   ✓ REQ-S10-003: an ADM-only user is never a business approver > decideApproval: 403, also as a member of the assignee group; nothing written  807ms
   ✓ REQ-S10-003: an ADM-only user is never a business approver > unchanged: a reader without the approval right, AUD, a non-member, a user with no grant, and a mixed-grant user  323ms
 ✓ |integration| apps/api/test/integration/reporting/allocation.test.ts (8 tests) 1470ms
   ✓ REQ-S03-006: the 100 % rule > two concurrent writes into one target cannot both commit above 100 %  335ms
 ✓ |integration| apps/api/test/integration/sustainment/closure.test.ts (9 tests) 2738ms
   ✓ closeInitiative (ADR-0034 §7; REQ-PB-009) > a validated benefit needs a BAU owner; then closed (basis validated_value, snapshot), audited; 409 again  426ms
   ✓ closeTransformation (ADR-0034 §7; REQ-S03-003; D-089 Q4) > in order: not open, G6 not approved, value pending, BAU pending; then closed (status closed, never archived)  866ms
 ✓ |integration| apps/api/test/integration/benefits/scenarios.test.ts (7 tests) 1128ms
 ✓ |integration| apps/api/test/integration/kpi-p4/trajectories.test.ts (8 tests) 1073ms
 ✓ |integration| apps/api/test/integration/portfolio/funding.test.ts (8 tests) 6364ms
   ✓ recording a funding decision (business approval) > approved: decision (executive, DEC-nn) + funding_decision + selected -> funded in one transaction, each audited  1166ms
   ✓ recording a funding decision (business approval) > rejected / deferred leave 'Selected - unfunded'; revoked returns funded -> selected; revoking unfunded or launched -> 422  907ms
   ✓ recording a funding decision (business approval) > an initiative that is not selected -> 422 funding.not_selected with the exact text; nothing written  514ms
   ✓ delegation is refused (ADR-0021 §6) > onBehalfOfUserId -> 422 funding.on_behalf_not_supported at /onBehalfOfUserId, before the business preconditions; nothing written  702ms
   ✓ the deselect rule: deselecting voids funding > funded -> deselected -> re-selected is 'Selected - unfunded' and cannot launch; a new approved decision funds it  864ms
   ✓ validation, authorization and idempotency > 400 for malformed bodies; 422 for amounts numeric(20,4) cannot hold; unknown business case 422  684ms
   ✓ validation, authorization and idempotency > FIN and SP may record; TL, WL, TO and AUD get 403 (audited as authorization.denied); BE18A at commit  754ms
   ✓ validation, authorization and idempotency > Idempotency-Key: the same key and body replays the first response and writes once  664ms
 ✓ |integration| apps/api/test/integration/bu-hierarchy-guard.test.ts (7 tests) 1807ms
stdout | apps/api/test/integration/shutdown-cleanup.test.ts > F-DG2-460: SIGTERM with an upload in flight leaves no temporary and no final object > R12-07: 2 MiB of a declared 10 MiB upload, then the client stalls; SIGTERM -> exit 0 within grace + backstop; the store is empty
BE18A R12-07 {"during":["01a12329-a18f-721f-9e4a-3659d20c7d75/01a12329-a1fa-72b8-b2e1-f75b45689954/01a12329-ac46-76be-96b8-8399e661b0f6/01a12329-acbb-77f1-9324-df7fe2d0f347.part (2097152 B)"],"exitCode":0,"signal":null,"ms":5032,"after":[],"rows":0,"serverClosed":true,"response":""}

stdout | apps/api/test/integration/shutdown-cleanup.test.ts > F-DG2-460: SIGTERM with an upload in flight leaves no temporary and no final object > an upload that is ACTIVELY streaming through the whole grace period: SIGTERM -> exit 0 within grace + backstop; the store is empty
BE18A streaming {"sentAtSignal":786432,"sentTotal":7208960,"exitCode":0,"ms":5048,"after":[],"rows":0,"serverClosed":true}

stdout | apps/api/test/integration/shutdown-cleanup.test.ts > F-DG2-460 defence in depth: the start-up sweep of stale temporaries > removes a .part last written over an hour ago, logs it at info (no content), and keeps a fresh .part and every final object
BE18A sweep {"after":["01a12329-ea7d-70ea-b602-2de54fb6456a/01a12329-ea7d-70ea-b602-3088160a0dd4/01a12329-ea7d-70ea-b602-34fd9459b71d/01a12329-ea7d-70ea-b602-3d69f722a1aa.part (46 B)","01a12329-ea7d-70ea-b602-2de54fb6456a/01a12329-ea7d-70ea-b602-3088160a0dd4/01a12329-ea7d-70ea-b602-34fd9459b71d/01a12329-ea7e-7696-873f-cf29ba5d9c85 (46 B)","01a12329-ea7d-70ea-b602-2de54fb6456a/01a12329-ea7d-70ea-b602-3088160a0dd4/01a12329-ea7d-70ea-b602-34fd9459b71d/01a12329-ea7e-7696-873f-d394dd2ec272 (46 B)","01a12329-ea7d-70ea-b602-2de54fb6456a/01a12329-ea7d-70ea-b602-3088160a0dd4/01a12329-ea7d-70ea-b602-34fd9459b71d/notes.part (46 B)","01a12329-ea7e-7696-873f-d47c6d18e868/01a12329-ea7e-7696-873f-d9015b868ce6.part (46 B)"],"removals":[{"level":30,"time":1791591314774,"pid":742,"hostname":"vm","key":"01a12329-ea7d-70ea-b602-2de54fb6456a/01a12329-ea7d-70ea-b602-3088160a0dd4/01a12329-ea7d-70ea-b602-34fd9459b71d/01a12329-ea7d-70ea-b602-3ab436aca253.part","sizeBytes":46,"ageMs":7202776,"msg":"evidence store: stale temporary object removed"}],"summary":{"level":30,"time":1791591314774,"pid":742,"hostname":"vm","removed":1,"keptFresh":1,"olderThanMs":3600000,"msg":"evidence store: start-up sweep of stale temporary objects finished"}}

 ✓ |integration| apps/api/test/integration/shutdown-cleanup.test.ts (4 tests) 21680ms
   ✓ F-DG2-460: SIGTERM with an upload in flight leaves no temporary and no final object > R12-07: 2 MiB of a declared 10 MiB upload, then the client stalls; SIGTERM -> exit 0 within grace + backstop; the store is empty  7200ms
   ✓ F-DG2-460: SIGTERM with an upload in flight leaves no temporary and no final object > an upload that is ACTIVELY streaming through the whole grace period: SIGTERM -> exit 0 within grace + backstop; the store is empty  7720ms
   ✓ F-DG2-460: SIGTERM with an upload in flight leaves no temporary and no final object > positive control: an upload that completes before SIGTERM is kept (one final object, its content row), then shutdown is prompt  3025ms
   ✓ F-DG2-460 defence in depth: the start-up sweep of stale temporaries > removes a .part last written over an hour ago, logs it at info (no content), and keeps a fresh .part and every final object  2869ms
 ✓ |integration| apps/api/test/integration/reporting/traceability.test.ts (9 tests) 2191ms
   ✓ S-4: every mutation > If-Match: 428 when missing, 409 when stale; one audit event per mutation; a removed link is never deleted  477ms
 ✓ |integration| apps/api/test/integration/workflows/gate-reviews.test.ts (6 tests) 7422ms
   ✓ the criteria review table (REQ-S04-009) > each criterion row returns all nine fields; unreviewed rows show the six review fields as 'not reviewed' (null)  1616ms
   ✓ the criteria review table (REQ-S04-009) > the latest review is shown; the review list is oldest first; a criterion outside the submission is 404  1321ms
   ✓ Under Review and the enforced transitions (REQ-S04-010) > the first review moves Submitted -> Under Review (one audit event); the approver decides from Under Review  1103ms
   ✓ Under Review and the enforced transitions (REQ-S04-010) > a direct Draft -> Approved is refused (409, nothing written); all seven statuses exist  618ms
   ✓ Under Review and the enforced transitions (REQ-S04-010) > refusals: submitter 403, condition 422, foreign risk 422, AUD 403, If-Match 428; nothing written  1681ms
   ✓ Under Review and the enforced transitions (REQ-S04-010) > the submitter holding a reviewer role is refused with 403 gate.reviewer_is_submitter (SoD)  931ms
 ✓ |integration| apps/api/test/integration/kpi/kpi-dg2-repairs.test.ts (11 tests) 1753ms
 ✓ |integration| apps/api/test/integration/benefits/lifecycle.test.ts (10 tests) 2027ms
   ✓ advanceBenefitLifecycle (REQ-PB-074) > Correct needs a recovery plan; Sustain requires a BAU owner and a control cadence  316ms
   ✓ enablers (REQ-S08-002) > an initiative completed without a deliverable is a delivered enabler; the deliverable must belong to the initiative  363ms
 ✓ |integration| apps/api/test/integration/sustainment/performance-areas.test.ts (7 tests) 1851ms
   ✓ links: the area's KPIs and benefits > links a KPI and a benefit of the transformation once; exactly one target; removal is final  302ms
   ✓ areas outlive their transformation (REQ-S03-002, areas half) > after the transformation is closed, its area takes edits, links and a BAU handover with its review  463ms
 ✓ |integration| apps/api/test/integration/portfolio/initiatives.test.ts (12 tests) 2908ms
   ✓ validation (nothing written on a refusal) > 422 for a named person outside the organization and for a wave of another transformation  589ms
   ✓ authorization on every initiative mutation > BE18A: the write gate is re-checked at commit - a grant revoked while the request waits is 403, nothing written  863ms
 ✓ |integration| apps/worker/test/integration/kpi-period-open-restart.test.ts (1 test) 9321ms
   ✓ kill the worker partway through kpi.reporting_period_open and restart it (T-DG4-KBE-R1 item 4) > the restart opens the remaining period once and creates no duplicate period or task  7599ms
 ✓ |integration| apps/api/test/integration/approvals/reminders.test.ts (7 tests) 3040ms
   ✓ approval_overdue: the escalation timer's reminders (ADR-0026 §6 step 3) > a group assignee: the group's current approvers get the reminder, a non-approver member does not  848ms
 ✓ |integration| apps/worker/test/integration/meeting-series.test.ts (5 tests) 3914ms
   ✓ governance.meeting_series_generate (REQ-PB-060 A01) > through the production worker: a sent job generates the meetings once  1779ms
 ✓ |integration| apps/api/test/integration/access-derived-race.test.ts (4 tests) 2589ms
 ✓ |integration| apps/worker/test/integration/blocker-escalation.test.ts (4 tests) 2515ms
   ✓ REQ-PB-082: a blocker red for N consecutive cycles gets exactly one open executive ask > an amber cycle, or a cycle without an observation, in between ends the run  559ms
   ✓ REQ-PB-082: a blocker red for N consecutive cycles gets exactly one open executive ask > a decided ask lets a new red run create a new one; a disabled rule creates nothing  397ms
   ✓ REQ-PB-082: a blocker red for N consecutive cycles gets exactly one open executive ask > an owner party that maps to no executive gives an unassigned ask and a notice to the lead; the scan skips a blocker whose latest cycle is not red  331ms
 ✓ |integration| apps/api/test/integration/kpi-p4/create-service.test.ts (3 tests) 498ms
 ✓ |integration| apps/api/test/integration/governance/blocker-status.test.ts (6 tests) 1543ms
 ✓ |integration| apps/api/test/integration/sustainment/lessons.test.ts (7 tests) 1831ms
   ✓ lesson lifecycle (ADR-0034 §8, §12) > after the transformation is closed, its lessons are still edited, published and found  524ms
 ✓ |integration| apps/api/test/integration/identity.test.ts (13 tests) 817ms
 ✓ |integration| apps/api/test/integration/adoption/training.test.ts (5 tests) 1216ms
   ✓ authorisation (ADR-0033 §9) > AUD and TL 403; ADM-only and outsiders 404; archived group 422; commit-time 403  339ms
 ✓ |integration| apps/api/test/integration/sustainment/improvement.test.ts (8 tests) 1566ms
   ✓ create (ADR-0034 §8) > BO and TO create with CI-nn and version 1, audited; a handover-sourced item names its handover  380ms
   ✓ REQ-PB-084 A11: the backlog stays visible and editable after the transformation is closed > after closure: listed, edited, closed and created as before; the transformation is closed, not archived  307ms
 ✓ |integration| apps/api/test/integration/framework-errors.test.ts (11 tests) 1496ms
   ✓ the non-API SPA fallback with a bad URL > answers a problem+json 400 with the security headers (not a plain JSON body), and still serves good paths  322ms
 ✓ |integration| apps/api/test/integration/reporting/dashboards.test.ts (8 tests) 2895ms
   ✓ the workstream dashboard (REQ-S13-001 workstream; ADR-0037 §2) > covers its initiatives; Decisions and People & adoption are not_applicable; archived is 422; foreign 404  693ms
 ✓ |integration| apps/api/test/integration/portfolio/schedule-network.test.ts (10 tests) 1161ms
 ✓ |integration| apps/worker/test/integration/decision-sla-escalation.test.ts (5 tests) 1795ms
 ✓ |integration| apps/api/test/integration/kpi-p4/version-approval.test.ts (6 tests) 1469ms
   ✓ requestKpiVersionApproval (business approval of a KPI version) > requests through the approval service at the draft version; approving does not activate; activation does  353ms
 ✓ |integration| apps/api/test/integration/portfolio/execution.test.ts (10 tests) 1493ms
 ✓ |integration| apps/api/test/integration/portfolio/g1-agreements.test.ts (7 tests) 6292ms
   ✓ G1 approval needs the three B0032 leadership agreements (ADR-0021 §8) > approve without agreements -> 422 gate.g1_agreements_required with the three pointers; nothing written  747ms
   ✓ G1 approval needs the three B0032 leadership agreements (ADR-0021 §8) > partial or false confirmations -> 422 naming only the missing ones; nothing written  649ms
   ✓ G1 approval needs the three B0032 leadership agreements (ADR-0021 §8) > with all three -> 201, three agreement rows confirmed by the decider, agreements in the response and audit diff  710ms
   ✓ G1 approval needs the three B0032 leadership agreements (ADR-0021 §8) > agreements on G2, or with a non-approve G1 outcome -> 422 gate.agreements_not_applicable; nothing written  1234ms
   ✓ G1 approval needs the three B0032 leadership agreements (ADR-0021 §8) > 403 not-approver, 403 submitter and 409 superseded keep their precedence over the agreement rule  1174ms
   ✓ migration 0025: the deferred guard refuses an approved G1 decision without three agreements at COMMIT > no agreement rows -> the COMMIT fails with gate_decision_g1_agreements and nothing persists  489ms
   ✓ migration 0025: the deferred guard refuses an approved G1 decision without three agreements at COMMIT > two of three -> refused at COMMIT; all three -> commits  1091ms
 ✓ |integration| apps/api/test/integration/kpi-p4/formulas.test.ts (8 tests) 1183ms
 ✓ |integration| apps/api/test/integration/kpi-p4/pipeline.test.ts (6 tests) 1939ms
   ✓ the accept pipeline (REQ-S07-013, REQ-S12-006) > one accept -> one audit event, one run (also after a redelivery), one values_recalculated; RAG from the trajectory  403ms
   ✓ the accept pipeline (REQ-S07-013, REQ-S12-006) > review route: no run and Unknown until a reviewer accepts; then one run and the value  328ms
   ✓ roll-up across scopes (REQ-S07-006, REQ-S07-010) > a scope missing in the current period makes the roll-up Unknown (no zero), with a scope_missing finding  326ms
 ✓ |integration| apps/api/test/integration/governance/matrix-resubmit.test.ts (5 tests) 4908ms
   ✓ (a) round 2 through submitGovernanceMatrix (ADR-0026 amendment A4) > one open approval, round 2, on the new header version; rows frozen again; stale round-1 decision 409; approve succeeds  1183ms
   ✓ (a) round 2 through submitGovernanceMatrix (ADR-0026 amendment A4) > another lead (not the approval's requester) submitting round 2 gets 403 approval.not_requester; nothing is written  874ms
   ✓ (b) withdrawing a matrix's approval returns the header to draft in the same transaction > round 1 pending and round 2 pending: approval withdrawn, header draft, both audited by one transaction  1103ms
   ✓ (c) POST /approvals/{id}/resubmit refuses governance_matrix_change approvals > 422 approval.resubmit_through_record with the exact text; the approval and the header are unchanged  834ms
   ✓ (d) commit-time authorization (S-4) > the requester revoked between the request and its commit: round-2 submit is 403; nothing is written  757ms
 ✓ |integration| apps/api/test/integration/workflows/change-requests-in-tx.test.ts (6 tests) 2716ms
   ✓ (a) round-2 resubmission through submitChangeRequest (ADR-0026 amendment A4) > one open approval, round 2, bound to the request's new version; the Sponsor's decision succeeds; round-1 version is 409  515ms
   ✓ (d) commit-time authorization (S-4) > the requester revoked between the request and its commit: resubmit and withdraw are 403; nothing is written  488ms
 ✓ |integration| apps/api/test/integration/benefits/totals.test.ts (6 tests) 2299ms
   ✓ counted once (REQ-PB-058) and the initiative view > a 10 M SAR benefit allocated 60 % / 40 % to two initiatives is 10000000.0000 once; the view shows 60 %  483ms
   ✓ classes, states, n/a (REQ-S08-009, REQ-S08-016, REQ-PB-076) > cash saving and avoided cost are separate lines; pending is not validated; CX is counted, never 0  552ms
   ✓ open overlaps (REQ-S08-014) and the portfolio > a validated value of a benefit with an open overlap is on pendingOverlap, not in validated  581ms
 ✓ |integration| apps/api/test/integration/benefits/valuation-methods.test.ts (6 tests) 1920ms
   ✓ separation of duties and authorization (ADR-0029 §8, §9) > decision: BO, TL, AUD, ADM-only 403; proposal: AUD, ADM-only, FIN 403; If-Match 428/409; 400; 404  364ms
 ✓ |integration| apps/api/test/integration/adoption/champion-constraints.test.ts (6 tests) 1554ms
 ✓ |integration| apps/api/test/integration/workflows/impact.test.ts (3 tests) 2752ms
   ✓ TOM change after G3: preview, T11 routing, a returned request with one assessment per submitted version > lists the gap, the preserved G3 decision and T10 Portfolio; changes requested -> edit -> submit -> resubmit -> approve  644ms
   ✓ charter scope change after G1: a new charter version; the earlier one stays readable > SP approves; charter version + 1 with its charter_version snapshot; reads are scoped  1069ms
 ✓ |integration| apps/api/test/integration/sustainment/transition-decisions-in-tx.test.ts (6 tests) 2540ms
   ✓ (a) round 2 through submitTransitionDecision (ADR-0026 amendment A4) > one open approval, round 2, on the draft's current version; stale round-1 decision 409; the Sponsor approves  470ms
   ✓ (b) withdrawing a decision in approval withdraws its approval (ADR-0026 amendment A3, A4) > pending and changes requested: approval and decision withdrawn, audited by one transaction; nothing undecidable  384ms
   ✓ (b) withdrawing a decision in approval withdraws its approval (ADR-0026 amendment A3, A4) > another BO withdrawing a decision in approval gets 403 approval.not_requester; nothing is written  347ms
   ✓ (d) commit-time authorization (S-4) > the requester revoked between the request and its commit: resubmit and withdraw are 403; nothing is written  408ms
 ✓ |integration| apps/api/test/integration/governance/escalation-rules.test.ts (6 tests) 1410ms
 ✓ |integration| apps/api/test/integration/platform.test.ts (12 tests) 1076ms
 ✓ |integration| tests/qa/integration/a12-cross-scope.test.ts (14 tests) 1259ms
   ✓ A12 cross-scope write is denied and writes nothing; in-scope write succeeds > create is denied outside the caller's scope (no row), allowed inside it  505ms
 ✓ |integration| apps/worker/test/integration/benefits-queue.test.ts (2 tests) 13845ms
   ✓ benefits.finance_queue through the relay and the production worker (REQ-S12-014) > one queue item; a redelivery and a restarted worker write no second item  12799ms
   ✓ benefits.recalculate_pending (REQ-S07-014, REQ-S12-006) > an accepted KPI actual gives one pending value per benefit and run; replay none; a newer value supersedes  884ms
 ✓ |integration| tests/qa/integration/a13-job-idempotency.test.ts (5 tests) 4660ms
   ✓ A13 running worker: a duplicate delivery is a no-op > consumes the event once; an extra job with the same message completes as 'duplicate'  2685ms
 ✓ |integration| apps/api/test/integration/raid/corrective-rules.test.ts (5 tests) 739ms
 ✓ |integration| apps/worker/test/integration/outbox.test.ts (10 tests) 6307ms
   ✓ worker runtime: end to end, restarts and the dead-letter queue > relays and handles a created transformation, and survives a restart without losing the job  3690ms
   ✓ worker runtime: end to end, restarts and the dead-letter queue > moves a job that keeps failing to ops.failed after the bounded retries  1101ms
 ✓ |integration| apps/api/test/integration/evidence.test.ts (6 tests) 1814ms
   ✓ links > links only to a record of the same transformation (422 otherwise); duplicate active link 409; remove keeps the row  643ms
 ✓ |integration| apps/api/test/integration/organizations.test.ts (10 tests) 596ms
 ✓ |integration| apps/api/test/integration/approvals/escalation.test.ts (4 tests) 2816ms
   ✓ approval.escalation_scan (REQ-S10-019) > an unmapped next party is recorded as party_unmapped; a deferral to a new date allows one more escalation  879ms
   ✓ approval.escalation_scan (REQ-S10-019) > an approval with an Unknown due date is never selected  706ms
 ✓ |integration| apps/api/test/integration/sustainment/reopen.test.ts (3 tests) 1599ms
   ✓ reopening preserves the original handover acceptance and closure date (REQ-S11-009) > after the transformation closed, reopen -> cycle 2 linked to the prior handover and closure; nothing overwritten  787ms
   ✓ reopen refusals and gates > a reopened area cannot be reopened again; AUD and TO 403, ADM 404; If-Match 428/409  401ms
 ✓ |integration| apps/api/test/integration/aud-write-deny.test.ts (128 tests) 3476ms
 ✓ |integration| apps/api/test/integration/benefits/values.test.ts (5 tests) 1251ms
   ✓ REQ-S08-001: seven states kept apart > planned, forecast, measured, submitted, validated, rejected each with its own total; forecast never validated  420ms
 ✓ |integration| apps/api/test/integration/kpi-p4/thresholds.test.ts (5 tests) 753ms
 ✓ |integration| apps/api/test/integration/raid/entity-group.test.ts (7 tests) 1678ms
 ✓ |integration| apps/api/test/integration/kpi-p4/status.test.ts (5 tests) 3106ms
   ✓ the KPI panel (REQ-S07-008) > Stale data shows Stale with its reason, never green; a band outside its bounds is adverse  305ms
   ✓ override display (REQ-S07-009) > an override in force changes displayedRag only; after expiry the calculated RAG displays again  1929ms
 ✓ |integration| apps/api/test/integration/portfolio/hierarchy.test.ts (3 tests) 1251ms
 ✓ |integration| tests/qa/integration/a14-concurrency.test.ts (5 tests) 2122ms
   ✓ A14 transformation PATCH > create returns version 1 with a strong ETag  454ms
   ✓ A14 transformation PATCH > fresh If-Match succeeds and bumps version; stale If-Match is 409 with currentVersion; missing is 428  496ms
   ✓ A14 transformation PATCH > two writers racing on the same version: exactly one 200, the rest 409, version bumped once  495ms
   ✓ A14 transformation archive > stale If-Match is 409, missing is 428, fresh archives and bumps version  474ms
 ✓ |integration| apps/api/test/integration/portfolio/readiness.test.ts (6 tests) 3976ms
   ✓ POST /transformations uses p3_instantiate_transformation (T-DG3-BE-A) > a new transformation gets the four B0079 waves and the T06 weight set v1 at the source defaults, audited  576ms
   ✓ GET /transformations/{id}/readiness (REQ-PB-007) > a fresh transformation: every B0012 area missing, both blockers with the exact §3 texts, gates G1-G4 draft  526ms
   ✓ GET /transformations/{id}/readiness (REQ-PB-007) > T01 content covers areas (content half of g1.diagnostic; technology needs technology AND data)  704ms
   ✓ GET /transformations/{id}/readiness (REQ-PB-007) > G1 approved clears the submit blocker; G2+G3 approved clear the launch blocker (End-to-End)  581ms
   ✓ GET /transformations/{id}/readiness (REQ-PB-007) > read access only: the auditor reads it; a user outside the transformation gets 404; a malformed id 400  498ms
   ✓ GET /transformations/{id}/outcome-hierarchy (REQ-PB-032) > returns North Star -> outcomes -> KPIs -> targets -> contributions as one tree (read only)  968ms
 ✓ |integration| apps/api/test/integration/adoption/entity-group.test.ts (4 tests) 774ms
 ✓ |integration| apps/api/test/integration/reporting/filters.test.ts (3 tests) 2204ms
 ✓ |integration| apps/api/test/integration/benefits/allocations.test.ts (6 tests) 888ms
 ✓ |integration| apps/api/test/integration/reporting/drilldown.test.ts (4 tests) 2675ms
 ✓ |integration| apps/api/test/integration/kpi-p4/data-quality.test.ts (5 tests) 795ms
 ✓ |integration| apps/api/test/integration/reporting/rag-policy.test.ts (5 tests) 1117ms
 ✓ |integration| apps/api/test/integration/benefits/corrections.test.ts (2 tests) 1098ms
   ✓ REQ-S08-017: corrections are linked rows; the original stays visible > amend 240000.5 -> 239500 (delta -500.5); reverse -> 0.0000; three validated rows; nothing more after  454ms
   ✓ REQ-S08-017: corrections are linked rows; the original stays visible > only an approved validation is corrected; FIN only; If-Match 428/409; a reason is required  397ms
 ✓ |integration| apps/worker/test/integration/restart.test.ts (1 test) 7792ms
   ✓ kill the worker mid-job and restart it (REQ-S16-005, A13) > completes the job exactly once, with one task and one reminder  6239ms
 ✓ |integration| apps/api/test/integration/reporting/impact.test.ts (3 tests) 842ms
 ✓ |integration| apps/api/test/integration/benefits/groups.test.ts (4 tests) 870ms
 ✓ |integration| apps/api/test/integration/kpi-p4/periods.test.ts (4 tests) 531ms
 ✓ |integration| apps/api/test/integration/kpi-p4/formula-recalc.test.ts (1 test) 855ms
   ✓ a formula KPI recalculated from accepted input actuals (T-DG4-KBE-R1 item 4) > is Unknown until every input is accepted, then a + b of the accepted values, re-evaluated on each acceptance  522ms
 ✓ |integration| apps/api/test/integration/sustainment/transition-decisions-server-wiring.test.ts (3 tests) 785ms
 ✓ |integration| apps/api/test/integration/workflows/risk-dispositions.test.ts (3 tests) 2909ms
   ✓ risk dispositions (REQ-PB-020) > creates the row, its audit event and one pending risk_disposition approval routed to SP  885ms
   ✓ risk dispositions (REQ-PB-020) > only an open risk: a closed risk or an issue is 422 risk_disposition.not_open_risk; AUD 403; nothing written  950ms
   ✓ risk dispositions (REQ-PB-020) > G5 configured to BO: routed to the T11 Go-live / scale party BO; unmapped BO -> 422 routing.role_unmapped, nothing written  978ms
 ✓ |integration| apps/api/test/integration/kpi-p4/entity-group.test.ts (1 test) 996ms
   ✓ REQ-S16-014: the KPI entity group through the API > creates and reads each entity with authorization enforced (AUD 403 on writes, 200 on reads)  734ms
 ✓ |integration| apps/api/test/integration/kpi-p4/overrides.test.ts (4 tests) 2909ms
   ✓ RAG overrides (REQ-S07-009) > is no longer in force after its expiry, with no job (the read compares the expiry with the current time)  1826ms
 ✓ |integration| apps/api/test/integration/reporting/scope.test.ts (3 tests) 3229ms
 ✓ |integration| apps/api/test/integration/jobs/job-schedules.test.ts (3 tests) 428ms
 ✓ |integration| packages/db/test/integration/protection.test.ts (17 tests) 171ms
 ✓ |integration| packages/db/test/integration/pool-bounds.test.ts (7 tests) 2892ms
   ✓ bounded checkout (connectionTimeoutMillis) > a checkout from an exhausted pool fails after the timeout (never hangs) and is recognised  313ms
   ✓ bounded checkout (connectionTimeoutMillis) > through Kysely the same error reaches the caller  307ms
   ✓ bounded idle-in-transaction time (idle_in_transaction_session_timeout) > PostgreSQL ends a transaction left idle past the limit, releasing its row lock; the pool recovers  1245ms
   ✓ bounded idle-in-transaction time (idle_in_transaction_session_timeout) > a transaction that keeps running statements is not affected  1014ms
 ✓ |integration| apps/api/test/integration/kpi/kpi-aud-write-deny.test.ts (18 tests) 769ms
 ✓ |integration| apps/api/test/integration/benefits/entity-group.test.ts (1 test) 841ms
   ✓ REQ-S16-017: the benefits entity group through the API > creates and reads each of the seven entities; AUD is refused every mutation and reads every record  572ms
 ✓ |integration| packages/db/test/integration/encoding.test.ts (8 tests) 3507ms
   ✓ a SQL_ASCII database is refused before anything is created > mth-db migrate: exit 1, the message on stderr, nothing applied, no schema_migration table  392ms
   ✓ a SQL_ASCII database is refused before anything is created > mth-db status: exit 1 with the same message, nothing written  364ms
   ✓ a SQL_ASCII database is refused before anything is created > mth-db seed-dev: exit 1 with the same message, nothing written  419ms
   ✓ a SQL_ASCII database is refused before anything is created > mth-db bootstrap: exit 1 with the same message (checked before the arguments are used)  353ms
   ✓ a SQL_ASCII database is refused before anything is created > control: the same CLI migrates a UTF8 scratch database created the same way  1789ms
 ✓ |integration| apps/api/test/integration/workflows/gate-events.test.ts (2 tests) 2657ms
   ✓ gate.submitted / gate.decided (ADR-0035 §7) > submission, supersession and decision each write exactly one event in their transaction; refusals write none  1736ms
   ✓ gate.submitted / gate.decided (ADR-0035 §7) > a G5 approval's event names its scope item and condition ids and the next phase realize  776ms
 ✓ |integration| packages/db/test/integration/bootstrap.test.ts (5 tests) 5146ms
   ✓ mth-db bootstrap > creates the first organization and a technical/access admin with no business permission, fully audited  1286ms
   ✓ mth-db bootstrap > refuses to run twice  1278ms
   ✓ mth-db bootstrap > validates its input and refuses the dev-login issuer  1100ms
   ✓ mth-db seed-dev (synthetic, development only) > seeds synthetic users bound to urn:mth:dev-local once, idempotently  1262ms
 ✓ |integration| apps/api/test/integration/workflows/scale.test.ts (2 tests) 1912ms
   ✓ scale transitions (REQ-S03-004, REQ-S04-007) > before G5: 422 invalid-transition naming G5; the scope reads approved = false; nothing written  806ms
   ✓ scale transitions (REQ-S03-004, REQ-S04-007) > after the G5 approval: inside the scope 201 with its audit event; outside 422; a repeat 409; AUD/ADM 403  951ms
 ✓ |integration| apps/worker/test/integration/schedules.test.ts (2 tests) 1539ms
 ✓ |integration| apps/api/test/integration/reporting/one-source-of-truth.test.ts (2 tests) 635ms
 ✓ |integration| apps/api/test/integration/portfolio/closed-initiatives.test.ts (1 test) 1038ms
   ✓ a cancelled initiative's scores, deliverables and milestones are read-only (422 initiative.read_only) > every write is refused after cancellation and nothing is written; the same writes succeed while open  902ms
 ✓ |integration| apps/api/test/integration/reporting/orphans.test.ts (3 tests) 603ms
 ✓ |integration| packages/db/test/integration/migrate.test.ts (7 tests) 1963ms
   ✓ mth-db migrate on a fresh database > applies every shipped migration, then reports up to date  1487ms
 ✓ |integration| apps/worker/test/integration/maintenance.test.ts (2 tests) 1745ms
 ✓ |integration| apps/api/test/integration/kpi-p4/fixture-dates.test.ts (3 tests) 761ms
 ✓ |integration| apps/worker/test/integration/worker-attempt.test.ts (1 test) 3168ms
   ✓ worker.ts passes the job's attempt to its handler (T-DG4-BE-R2) > first attempt {retryCount 0, retryLimit 1} fails and is retried; the retry sees {1, 1}, the final attempt  1092ms
 ✓ |integration| packages/db/test/integration/scratch-drop.test.ts (3 tests) 9920ms
   ✓ dropScratchDatabase never terminates a live client (F-DG1-009) > a drop right after pool.end() raises no 57P01 on the closing pool (40 rounds, 8 clients each)  9381ms
   ✓ dropScratchDatabase never terminates a live client (F-DG1-009) > a client that is still connected is NOT terminated: the drop refuses, names it, and succeeds once it ends  538ms
 ✓ |integration| apps/api/test/integration/contract/benefit-register-mirror.test.ts (1 test) 559ms
 ✓ |integration| apps/api/test/integration/adoption/entity-group-metric-link.test.ts (1 test) 577ms
 ✓ |integration| apps/api/test/integration/portfolio/unpaged-lists.test.ts (1 test) 804ms
   ✓ unpaged P3 lists refuse limit; paged lists accept it (ADR-0021 §11 item 6) > 400 on limit for every unpaged list; 200 with {items} and no nextCursor without it  683ms

 Test Files  165 passed (165)
      Tests  1609 passed (1609)
   Start at  00:07:20
   Duration  821.95s (transform 7.87s, setup 0ms, collect 260.93s, tests 555.33s, environment 0ms, prepare 88ms)

exit=0
